time,gt_x,gt_y,noisy_gps_x,noisy_gps_y,est_x,est_y,in_blackout
0.032,-1.1095238011074482e-05,1.0834412181866289e-05,0.026638706465907273,-0.03435076098760176,-1.1095238011074482e-05,1.0834412181866289e-05,0
0.064,-0.00014417235857686723,3.47176218385436e-05,-0.025329122205299003,-0.0074503424770350594,-0.014211209495365336,-0.002986922257520745,0
0.096,-0.0004058234955806038,0.00016978488723741293,0.02597410763049913,-0.020922205757552638,-0.002223006060861855,-0.010200978160621538,0
0.128,-0.0007950129778508133,0.00043393808114657636,-0.02143083131876628,-0.017116625611784304,-0.014017650298009972,-0.013047431436569015,0
0.16,-0.0013195707291324499,0.0008317671182570536,0.075998402165316,0.021899363351699154,0.017839905005895884,0.0007968877140784227,0
0.192,-0.0019920061203695335,0.001365549194433127,-0.03715612391061642,-0.03139497529347262,-0.00835532632526104,-0.01228288717647698,0
0.224,-0.002826516034213292,0.0020377132118646227,0.03448781139865285,-0.014688852576289848,0.0045280382470398155,-0.013531945565225653,0
0.256,-0.0038368894683477126,0.002849675989594218,0.015203959109028614,0.023166351034593448,0.0044801001406434456,0.0007613584622141577,0
0.28800000000000003,-0.0050355501940845485,0.0038012856369972754,0.0074621059473637934,0.021199897564128198,0.001284855703267702,0.008434951727931574,0
0.32,-0.006433325735357017,0.004890712268062754,0.008355822790191402,0.03177957843698533,-0.00034761030835516946,0.017137905650880764,0
0.352,-0.008039719159602922,0.0061145489306577505,-0.06254610476118508,0.039467608618564805,-0.029761228918211226,0.025283768965708622,0
0.384,-0.00986341449226182,0.007468132931212015,-0.02389894033275696,0.03373887158018211,-0.0320216965170797,0.02770993507641406,0
0.41600000000000004,-0.011912760755297897,0.008945961213252963,0.02969547634732017,0.03574956151646531,-0.012006115796389483,0.029780799073942467,0
0.448,-0.014196088473287419,0.010542082753368603,0.01899167237259828,0.024814120627248186,-0.004335591133884612,0.026440514020186063,0
0.48,-0.016721819701551205,0.01225040157112152,0.004578644717645092,-0.025041911065207055,-0.0055435460876232,0.004265877583724896,0
0.512,-0.019498406211066924,0.014064873879096782,0.01610354664157903,0.03326891530450122,-0.001687257933928367,0.014038486361419614,0
0.544,-0.022534162815945485,0.01597961349270544,-0.05103732567852419,0.06673074504627685,-0.026238421978440108,0.033022046085664114,0
0.5760000000000001,-0.0258370623676826,0.01798892730626271,-0.04946575285903784,-0.013801020760378147,-0.04032443851442405,0.011918688049615175,0
0.608,-0.030014579446547285,0.01859271771177416,-0.021610860861975195,0.0593087907194771,-0.03759290518757791,0.028213275890987172,0
0.64,-0.035067139087400584,0.01744559424883583,-0.08614785540632422,0.024529180151826785,-0.061698015936843015,0.023789320019819416,0
0.672,-0.04091642246976239,0.01443063333148739,-0.010157019067847689,0.07757404747686913,-0.04566282732636826,0.04206600825054339,0
0.704,-0.047473984749395876,0.009459563879076094,-0.054698930797374014,-0.005618653327956904,-0.05372443224181758,0.01947382904154858,0
0.736,-0.05431976134811739,0.003952009445563306,-0.03182509965566002,0.05688045129016436,-0.04927075259230191,0.03067607647469179,0
0.768,-0.06624054741906375,-0.006826574270702178,-0.11089437990966411,-0.017160755372494375,-0.0822170980164078,0.0035949285696221193,0
0.8,-0.07934267430462359,-0.01966789876453564,-0.11808486109264509,-0.03571553415990852,-0.10455267219745595,-0.020423172259075518,0
0.8320000000000001,-0.09274986314514597,-0.033059670748401215,-0.16581768776092434,-0.05240336080661745,-0.1367702793623755,-0.04177225256009409,0
0.864,-0.10597286425124129,-0.04634023460491486,-0.1274825258017967,-0.0448450926454776,-0.14053013777021398,-0.051751503873439145,0
0.896,-0.1188372182822278,-0.05962863194937205,-0.11891169307518316,-0.07121609207278977,-0.1391400007180969,-0.06844587169722434,0
0.928,-0.12683878590382489,-0.07038745492229471,-0.11505080502798719,-0.015828728238899616,-0.13304083777066095,-0.051912506678264,0
0.96,-0.13404178888707532,-0.08137443871677373,-0.16807328236653235,-0.07005055405870532,-0.15051217337253384,-0.0637268204988374,0
0.992,-0.14085410475212506,-0.0923654700489829,-0.17270036774132785,-0.08742115855394683,-0.16278251504510893,-0.07779691844178449,0
1.024,-0.14738303674732117,-0.10333024349799017,-0.14724706253396438,-0.11085314383698436,-0.1599158721743265,-0.09563409418602277,0
1.056,-0.15366273359812024,-0.1142617400288084,-0.1233878786123008,-0.11508920427853171,-0.1486210764370002,-0.10804329715263297,0
1.088,-0.15970800019975429,-0.12515851395317024,-0.18444590879010492,-0.11910154527659889,-0.16625304765065685,-0.1170971672515167,0
1.12,-0.16552729038714048,-0.13602191621875556,-0.13368536882147497,-0.09421030122307283,-0.1565306018174436,-0.11256780846888892,0
1.1520000000000001,-0.17112608022521636,-0.14685531136441918,-0.16184765201852186,-0.12945076623506346,-0.16198157899485116,-0.12393273731042485,0
1.184,-0.17650796890089257,-0.15766365573855992,-0.15763868096279587,-0.18565200500097112,-0.16360487125572126,-0.15320989528707785,0
1.216,-0.18167523778782999,-0.16845317132413273,-0.19286276554354986,-0.19850583403867744,-0.17872118235416773,-0.17588625458409152,0
1.248,-0.18662927248525343,-0.17923106872205405,-0.20474959432747514,-0.17722379880300204,-0.19261426895089728,-0.1809377841861079,0
1.28,-0.1914450187631013,-0.1894862168228341,-0.2214457035690151,-0.2199926889262847,-0.20771097161931634,-0.20102467571293195,0
1.312,-0.19612667899476147,-0.19907973721663078,-0.1255779359429093,-0.1595325784389862,-0.17851673190046866,-0.1888299673489579,0
1.344,-0.20085016736388236,-0.2079541217514318,-0.19629781389777684,-0.19934560183050656,-0.1893935892454783,-0.1973634627923253,0
1.3760000000000001,-0.21095792249648204,-0.22064172723053546,-0.1654642505016191,-0.22293394417196485,-0.18754452043676753,-0.2161014488959688,0
1.408,-0.22368835199707512,-0.2341902841625767,-0.23177724191702023,-0.22193523697096776,-0.21315700279473998,-0.2267816762205268,0
1.44,-0.23696831760151146,-0.2480176674757148,-0.2540725927220656,-0.2539696920887979,-0.2376093184634554,-0.24585599367501781,0
1.472,-0.25039965549440735,-0.2616764923323909,-0.2923228864512587,-0.2748681781570509,-0.2676835851986172,-0.2655629844913182,0
1.504,-0.2641311270291564,-0.2752799724749991,-0.22399791672554942,-0.28097517623149026,-0.2584437345997674,-0.27978408004980054,0
1.536,-0.2780128281714341,-0.2887189880127344,-0.2640026595144649,-0.24811220459980796,-0.2689124379656178,-0.2751599487370301,0
1.568,-0.29194235096026566,-0.3021147628313729,-0.30646451619936405,-0.3166937384220607,-0.292165856059482,-0.2998306814313383,0
1.6,-0.30575711492555796,-0.3155427104724766,-0.341409696742575,-0.3648674109333165,-0.3200724600103164,-0.3339268020576941,0
1.6320000000000001,-0.3194554516850425,-0.3290245018161197,-0.2782044936902161,-0.3248942135536276,-0.31151095689592767,-0.3384192640580148,0
1.6640000000000001,-0.33310038026547517,-0.34255865529810015,-0.35877857003466873,-0.3374962597555479,-0.3385881090254004,-0.3461715068663238,0
1.696,-0.3467168966469107,-0.35612366307928456,-0.37414095300773553,-0.31083764031792305,-0.3609688280254826,-0.3401700680115929,0
1.728,-0.36031144033150364,-0.36970500275634177,-0.4203947344927523,-0.37199991472409244,-0.39289126635942245,-0.36104166396736653,0
1.76,-0.37389241784746174,-0.3832950408675206,-0.3086763635180459,-0.3796485730412498,-0.3673524439305507,-0.3766290277929987,0
1.792,-0.38746621235539097,-0.3968883762453514,-0.3650859282253687,-0.39708888861678865,-0.3745902666365945,-0.39296027521786836,0
1.824,-0.4010375783263016,-0.41048109528319,-0.4122105711367191,-0.39224092629120616,-0.3977819140746987,-0.40082073531342,0
1.856,-0.4146098132339082,-0.42407056871701443,-0.4315915072609974,-0.3781775643454205,-0.41944971198355196,-0.3999112291917591,0
1.8880000000000001,-0.4281849403876755,-0.43765528828866457,-0.38165425941265024,-0.43120892180923576,-0.41247680703262796,-0.42057675456088883,0
1.92,-0.4417639418058507,-0.45123466533254536,-0.4085290207449016,-0.4576055466776977,-0.41904476045492006,-0.4435329310818974,0
1.952,-0.45534701564771907,-0.4648088043382824,-0.4355658449141832,-0.486381823466545,-0.43380220545477466,-0.46881520736167215,0
1.984,-0.4689338269619432,-0.4783782774685351,-0.4786828957465643,-0.42975685718424367,-0.4599053504242351,-0.46133273058647484,0
2.016,-0.4825237289814244,-0.4919439213347889,-0.492972561154461,-0.5224221010799376,-0.4812847231861208,-0.4939077226263501,0
2.048,-0.4961159422690388,-0.5055066695660144,-0.49547662238350215,-0.4945685993018433,-0.49511527406518485,-0.5023100135634764,0
2.08,-0.5097096874053254,-0.5190674273324491,-0.5268775740884291,-0.4858186791181207,-0.5159749504084433,-0.5038504536555679,0
2.112,-0.5233042729759273,-0.5326269879579587,-0.5772424906436517,-0.5493305673486393,-0.5486373712626111,-0.5301788233825602,0
2.144,-0.5368991445077831,-0.546185987376727,-0.569951688317643,-0.5352385689564795,-0.5653188814196094,-0.5403386664369181,0
2.176,-0.5504939020816294,-0.559744889499103,-0.5478960512434468,-0.5318689159418775,-0.5665057008758196,-0.5450865424421756,0
2.208,-0.5640882950171319,-0.5733039943872302,-0.5759225375856555,-0.5826730641069615,-0.5784284065683449,-0.5682569077619978,0
2.24,-0.5776822016707074,-0.5868634612038032,-0.6196327953356239,-0.6254592548740491,-0.6030660604317536,-0.5992736760895732,0
2.2720000000000002,-0.5912756013522402,-0.600423338818738,-0.6111944370615444,-0.6110793146884403,-0.6144731917136557,-0.6121318790361054,0
2.3040000000000003,-0.6048685439564727,-0.6139835983719459,-0.5998869782416794,-0.5623088730783695,-0.61679435971368,-0.6003387517216621,0
2.336,-0.6184611213658615,-0.627544163681471,-0.6247333792366584,-0.54494824753401,-0.6281255081045682,-0.5863187382018991,0
2.368,-0.6320534432041598,-0.6411049369195742,-0.6407421812491898,-0.6342923453924134,-0.6413276330880777,-0.6136444542956659,0
2.4,-0.6456456182343847,-0.6546658183031803,-0.6487576689935514,-0.6758023482873636,-0.6524550512913219,-0.6466439371184239,0
2.432,-0.6592377416751369,-0.6682267195819617,-0.6443831708622434,-0.7086453028018175,-0.6573816828151351,-0.6795808288109513,0
2.464,-0.6728298879804926,-0.6817875718376055,-0.6858544944215972,-0.6636500092753181,-0.676926197474997,-0.6813448400791666,0
2.496,-0.6864221081779073,-0.6953483285519715,-0.716235648785335,-0.7351417348246838,-0.7008053934490954,-0.7109999115675573,0
2.528,-0.7000144306470648,-0.7089089651043411,-0.6987401065933785,-0.7164905613112008,-0.7081347308235898,-0.7213324483021686,0
2.56,-0.7136068641978992,-0.7224694758743304,-0.7063965897329875,-0.7018798797338345,-0.7155949671365834,-0.7216876569833482,0
2.592,-0.7271994024118621,-0.7360298700143902,-0.6994905158077802,-0.7490716199126733,-0.7173087179980706,-0.7407774395275362,0
2.624,-0.7407920283943227,-0.7495901667664706,-0.8025002121932366,-0.7674918355793545,-0.7595408794225227,-0.7595993628893418,0
2.656,-0.7543847193034667,-0.7631503909751304,-0.7746334247251947,-0.7422463069887281,-0.7737334847517294,-0.7607942819512865,0
2.688,-0.7679774502384121,-0.7767105692275639,-0.7304656960162901,-0.7902196293378139,-0.7645819699765282,-0.7807005487839378,0
2.72,-0.7815701972634673,-0.790270726852681,-0.8021360004560164,-0.8177706313599543,-0.7877591866449325,-0.8036647059250951,0
2.7520000000000002,-0.7951629395032778,-0.8038308858498965,-0.7998587567014049,-0.8319002691205832,-0.8007546142608274,-0.8230950602088098,0
2.7840000000000003,-0.8087556603598495,-0.8173910636990693,-0.8148168193314013,-0.8220061844292457,-0.8145350840388693,-0.830795650774518,0
2.816,-0.8223483479779145,-0.8309512729253977,-0.769334901298421,-0.8197631393788452,-0.8046105818263055,-0.8345188040007717,0
2.848,-0.8359409951246283,-0.8445115212522154,-0.805098732817296,-0.806458725108104,-0.8129613931571721,-0.8314309502256203,0
2.88,-0.8495335986602038,-0.8580718121633989,-0.8537855978892382,-0.8671548421405996,-0.8374466047073655,-0.853856706101989,0
2.912,-0.8631261587656185,-0.8716321457074871,-0.8579280633839311,-0.9015245203740443,-0.8537946966811802,-0.8810600521262747,0
2.944,-0.8767186780695325,-0.8851925193998761,-0.8716540496950034,-0.8289219760923408,-0.8690939264470825,-0.8683410620188061,0
2.976,-0.8903111607856107,-0.8987529291108393,-0.8923046864685712,-0.8808437392433058,-0.8865337010024033,-0.8814783912714024,0
3.008,-0.9039036119387778,-0.9123133698602613,-0.8921274325454089,-0.9175379470618447,-0.8969266484582962,-0.904038487695814,0
3.04,-0.9174960367283316,-0.9258738364710115,-0.9323126953584056,-0.8977017972879624,-0.9192365087437049,-0.9096400989858332,0
3.072,-0.9310884400496652,-0.9394343240593932,-0.9148459198998272,-0.9240730318125561,-0.9256357036818728,-0.92354957064548,0
3.104,-0.9446808261757966,-0.9529948283619073,-0.9233748830723125,-0.9667710176768157,-0.93288679684751,-0.9489744570746341,0
3.136,-0.9582731985852122,-0.9665553459123978,-0.9568884825647969,-0.9821995764495255,-0.9506428850986591,-0.9704008199039779,0
3.168,-0.9718655599132922,-0.9801158740929579,-0.9950420847660428,-0.9703361066311202,-0.9765579727197179,-0.9785112558989556,0
3.2,-0.9854579119999742,-0.9936764110865917,-1.0617181237388085,-0.9772449387731084,-1.0187774355437353,-0.9861410557029959,0
3.232,-0.9990502560053308,-1.0072369557605714,-0.967358826193709,-0.9729563011343794,-1.0063653894492284,-0.9890034853119954,0
3.2640000000000002,-1.0126425925663494,-1.020797507507753,-1.062372059693763,-1.02715942202539,-1.036923450761164,-1.0124021958755631,0
3.2960000000000003,-1.0262349219714846,-1.0343580660697516,-1.0310326479104657,-1.0054950032264252,-1.0427225186032938,-1.0177756589357352,0
3.3280000000000003,-1.0398272443337155,-1.0479186313616187,-1.0556138534860589,-1.0746320693356586,-1.0560344374537034,-1.0486545673101901,0
3.36,-1.0534195597473022,-1.0614792033131217,-1.070455006079372,-1.0479149701709365,-1.069958045887671,-1.0564950765917211,0
3.392,-1.0670118684177698,-1.0750397817372843,-1.0365192420268188,-1.1071650313379926,-1.0647379016730598,-1.0848994102899616,0
3.424,-1.080604170758616,-1.0886003662328134,-1.0596281278767923,-1.1122813063465502,-1.0708493662227823,-1.1039885237814355,0
3.456,-1.0941964674516804,-1.1021609561235044,-1.1306801191102387,-1.0709850919496984,-1.1029370387341118,-1.0989235088357796,0
3.488,-1.1077887594710234,-1.115721550434758,-1.1046972306712963,-1.108006496082757,-1.1117964848640038,-1.1106930635275956,0
3.52,-1.1213810480725073,-1.1292821479049349,-1.160227008089972,-1.1378419214755084,-1.139324062364177,-1.1296889676476782,0
3.552,-1.1349733347531323,-1.1428427470273892,-1.077758286835729,-1.108587300892501,-1.1228531201869605,-1.1293846620625483,0
3.584,-1.1485656211855675,-1.156403346117603,-1.0906217631369424,-1.1580587718730635,-1.118115946263409,-1.1489906662393856,0
3.616,-1.1621579091342933,-1.1699639433988636,-1.1748927757269947,-1.1557624668746713,-1.1489820488595226,-1.1598357448274408,0
3.648,-1.1757502003603637,-1.1835245370993317,-1.203087924933391,-1.2021452093477298,-1.178779773020985,-1.1848958860414482,0
3.68,-1.189342496522018,-1.1970851255531454,-1.1782865199742572,-1.2327754318846056,-1.1867378493584884,-1.2121840559514023,0
3.712,-1.202934799078243,-1.2106457072983372,-1.209184425480196,-1.1469378364291438,-1.2038718619319053,-1.1942219151359883,0
3.744,-1.2165271092019279,-1.2242062811648369,-1.2457149768002809,-1.240334537738988,-1.2287644951113554,-1.220803306051383,0
3.7760000000000002,-1.2301194277084646,-1.2377668463466334,-1.2661773855996936,-1.254538152042381,-1.2518850439443772,-1.242433580903754,0
3.8080000000000003,-1.2437117550045853,-1.2513274024532677,-1.2961498726057625,-1.209665058688733,-1.2777463734886276,-1.2374625030189734,0
3.84,-1.2573040910609068,-1.2648879495371605,-1.2152755911910345,-1.2753528781100554,-1.2609134638602846,-1.260754978833429,0
3.872,-1.2708964354101608,-1.278448488094807,-1.259835666301817,-1.2577641192642515,-1.268637752850616,-1.2676949560496797,0
3.904,-1.2844887871714847,-1.2920090190414935,-1.2819023406070345,-1.2807686151992514,-1.2820989999710948,-1.2810607367398372,0
3.936,-1.2980811450995133,-1.3055695436608454,-1.2722106027390983,-1.2643124819583877,-1.2862990561909555,-1.282497748755565,0
3.968,-1.3116735076554669,-1.3191300635320928,-1.2945107588581302,-1.317169976262142,-1.2977391544171728,-1.3045029516350006,0
4.0,-1.3252658730960294,-1.3326905804393485,-1.2910522229732608,-1.3572729085064839,-1.3032197999195616,-1.333747245337623,0
4.032,-1.338858239574675,-1.3462510962683565,-1.3654851076835612,-1.3525222508811063,-1.3362813408870953,-1.3493935587275727,0
4.064,-1.3524506052492866,-1.3598116128969873,-1.391378859829819,-1.3683746177150977,-1.3664757650232482,-1.3651222948010693,0
4.096,-1.366042968389471,-1.3733721320861962,-1.3468490967023103,-1.366602891176921,-1.3667805119830352,-1.3738508481061342,0
4.128,-1.3796353274769602,-1.386932655378179,-1.2957352389339998,-1.4171717880649488,-1.3465178139853102,-1.399315541917862,0
4.16,-1.393227681292876,-1.4004931840080406,-1.3511594867979702,-1.346838051600651,-1.3565298906884244,-1.3864608672715768,0
4.192,-1.4068200289864392,-1.4140537188344846,-1.3680266181984402,-1.4314276983628842,-1.3692839852985044,-1.4125839251699985,0
4.224,-1.4204123701208329,-1.4276142602938475,-1.3947384677578283,-1.5137754872271916,-1.3876211778537413,-1.461196879498804,0
4.256,-1.4340047046933653,-1.4411748083803515,-1.421144008755307,-1.4843513414171352,-1.4091857059538726,-1.478594997613048,0
4.288,-1.4475970331286758,-1.4547353626538,-1.4277492694885316,-1.5006848329249132,-1.4247665237260854,-1.4955672684737786,0
4.32,-1.461189356245432,-1.4682959222742076,-1.4651407375338685,-1.4817946633976689,-1.4490715988932539,-1.4981945658999638,0
4.352,-1.4747816751986353,-1.4818564860611543,-1.4588272438662169,-1.4598273126540242,-1.461129244649468,-1.490984005939631,0
4.384,-1.488373991401206,-1.4954170525740846,-1.4798146432470995,-1.518863647247068,-1.4767587909301503,-1.5102722047282091,0
4.416,-1.5019663064298239,-1.508977620208446,-1.519382947853603,-1.4657690072901772,-1.5019638406188336,-1.5006072679407416,0
4.448,-1.5155586219210175,-1.5225381873015529,-1.5496980083420875,-1.5137201578799317,-1.5292128956938489,-1.5139887650352553,0
4.48,-1.5291509394641045,-1.5360987522414493,-1.4842543128820078,-1.5790093111494754,-1.5193848525311897,-1.5481333226187939,0
4.5120000000000005,-1.5427432604977955,-1.5496593135718524,-1.5505835907996177,-1.539295950624696,-1.5400197405491358,-1.552734710204077,0
4.5440000000000005,-1.556335586217038,-1.5632198700865134,-1.5566471883550224,-1.6040272466927499,-1.5548261157150245,-1.5813880578417079,0
4.5760000000000005,-1.569927917496021,-1.576780420907006,-1.593250360942791,-1.5824043130380143,-1.578351213541898,-1.5899308892615127,0
4.6080000000000005,-1.5835202548322267,-1.5903409655390144,-1.5896093641445144,-1.5339034324385201,-1.5910098773222248,-1.5756562320611702,0
4.64,-1.5971125983150678,-1.603901503903569,-1.6352695186955548,-1.6311368722594612,-1.6168691410709735,-1.6059848100006202,0
4.672,-1.610704947621067,-1.6174620363412742,-1.5844065543107575,-1.6286786942539955,-1.612039516838271,-1.6231986822824567,0
4.704,-1.6242973020358356,-1.6310225635893145,-1.6425611564671128,-1.6631809528745132,-1.6324035858259278,-1.6473279064287691,0
4.736,-1.6378896605013802,-1.6445830867327593,-1.6291070200150288,-1.6068393695284544,-1.6392403745160395,-1.6392688056953653,0
4.768,-1.6514820216856454,-1.6581436071333473,-1.6492362881487297,-1.6313590100955186,-1.6513941559478869,-1.6442412005155786,0
4.8,-1.6650743840697653,-1.671704126340376,-1.6636075293174235,-1.643711674002089,-1.6644349212567837,-1.6521657029880614,0
4.832,-1.6786667460473632,-1.6852646459894742,-1.6815332525060982,-1.667060629513817,-1.679429668714077,-1.6662599876821127,0
4.864,-1.6922591060294685,-1.6988251676958166,-1.664866248131462,-1.717477221340002,-1.6817597135097464,-1.694883197162401,0
4.896,-1.705851462548257,-1.7123856929486951,-1.6923902698056328,-1.7146605099880703,-1.6941673463235025,-1.7109304410495358,0
4.928,-1.7194438143529105,-1.7259462230142755,-1.7568370625900813,-1.7723557236315015,-1.7273906397611842,-1.7436368762114407,0
4.96,-1.7330361604913975,-1.7395067588528286,-1.7327243246573185,-1.675157776838246,-1.737679516870033,-1.7243815623808092,0
4.992,-1.7466285003728934,-1.7530673010557947,-1.7502922485040489,-1.7777399678594294,-1.750880008719213,-1.7538612544550005,0
5.024,-1.7602208338068108,-1.7666278498067443,-1.7786143552433689,-1.7298908277740834,-1.7701291426493242,-1.7524094175495826,0
5.056,-1.773813161015921,-1.7801884048687568,-1.7379171525752792,-1.796686065177127,-1.7653997383938815,-1.7782564139221266,0
5.088,-1.7874054826227184,-1.7937489655990282,-1.8083193745207868,-1.8229328805469804,-1.790722981629711,-1.8042633408896958,0
5.12,-1.8009977996099118,-1.8073095309897527,-1.8253324269584692,-1.8224237523724285,-1.8127221463070293,-1.819663848044903,0
5.152,-1.8145901132575868,-1.820870099732638,-1.8420442775842774,-1.8013615769453915,-1.8326063840189284,-1.8204792835151677,0
5.184,-1.8281824250610967,-1.83443067030288,-1.833478543778595,-1.8239765449197343,-1.8411106327605111,-1.8300145323511927,0
5.216,-1.8417747366349766,-1.8479912410571793,-1.8336821015046734,-1.855694508083709,-1.8462946057380774,-1.8484228662747082,0
5.248,-1.8553670496090775,-1.8615518103394704,-1.8595586902691899,-1.8900133395244987,-1.8597556266372686,-1.8731953975945295,0
5.28,-1.868959365523627,-1.8751123765875533,-1.8875211261533786,-1.8944631529446718,-1.8790172159989933,-1.8898388392801837,0
5.312,-1.8825516857299853,-1.8886729384337428,-1.888804974500238,-1.8737529373905506,-1.8910877121264638,-1.8915408148908157,0
5.344,-1.896144011303507,-1.9022334947930546,-1.9192256720334087,-1.8575606538135983,-1.9104982924871572,-1.8860850831468792,0
5.376,-1.9097363429741379,-1.915794044933231,-1.9161887037489453,-1.8576493143568986,-1.9209298573238154,-1.882847104374596,0
5.408,-1.923328681079235,-1.9293545885220895,-1.9049241762206304,-1.9869892061667456,-1.9226829891583754,-1.9326402698820297,0
5.44,-1.9369210255416662,-1.9429151256491255,-1.9353737180102513,-1.9251596150898678,-1.9359146886747471,-1.9377843290472727,0
5.472,-1.9505133758746134,-1.95647565681996,-1.8818617205266737,-1.978143949872702,-1.922448912608473,-1.9620644952346644,0
5.5040000000000004,-1.964105731212784,-1.970036182923972,-1.9800115515135919,-1.967819622788308,-1.9536293818909896,-1.972502861579889,0
5.5360000000000005,-1.9776980903680255,-1.9835967051771852,-1.9638345756863589,-2.022972884615479,-1.9658668748042896,-2.0008271844392698,0
5.5680000000000005,-1.9912904519057673,-1.9971572250440703,-1.9712461962153112,-1.9886675584158442,-1.9761740194775679,-2.004099646959645,0
5.6000000000000005,-2.0048828142373645,-2.0107177441433017,-2.0426416901253712,-1.9554888495491312,-2.010916503552036,-1.9927916412193942,0
5.632,-2.018475175722392,-2.024278264143533,-2.062484324655879,-2.0210513685952978,-2.039699046526743,-2.0122318466788984,0
5.664,-2.0320675347742987,-2.037838786655916,-2.026836086963797,-2.0681365633159787,-2.042709275046166,-2.0427300500365826,0
5.696,-2.045659889962599,-2.0513993131302977,-2.0520171674984766,-2.0258576483033597,-2.0545878414173875,-2.0441174090073897,0
5.728,-2.0592522401050295,-2.0649598447617996,-2.0830935950968437,-2.040181380189927,-2.0741455487494154,-2.050679320682841,0
5.76,-2.0728445843437138,-2.078520382413806,-2.064203648383412,-2.0667480983305757,-2.0783241905845458,-2.0652431588321862,0
5.792,-2.0864369222004306,-2.092080926562339,-2.0687044885709485,-2.0893736588226473,-2.0826317077828156,-2.0830316899057726,0
5.824,-2.100029253607424,-2.105641477265405,-2.0625247012918173,-2.133409180487689,-2.082744299369124,-2.111319021045894,0
5.856,-2.1136215789117636,-2.1192020341592923,-2.066251098891195,-2.1552384062189693,-2.0843024099422998,-2.1370231134488424,0
5.888,-2.1272138988529736,-2.1327625964820562,-2.1264970434083734,-2.1562815207252157,-2.1093356512972106,-2.1528628174955156,0
5.92,-2.1408062145153672,-2.1463231631226667,-2.1421647329741136,-2.112585765714371,-2.130622669942802,-2.144888339917492,0
5.952,-2.1543985272581576,-2.1598837326926543,-2.1308399978671027,-2.178689731410131,-2.1388649860239126,-2.1665452407149033,0
5.984,-2.167990838627843,-2.173444303615631,-2.178074914732253,-2.1218760364944425,-2.1627043423534307,-2.1568139032924316,0
6.016,-2.1815831502585064,-2.187004874228913,-2.186243474058179,-2.1864781213395807,-2.1802753808181885,-2.1768159338381343,0
6.048,-2.19517546376646,-2.2005654428907113,-2.1664711358102835,-2.1705218624563525,-2.1829090704754943,-2.1824346467302638,0
6.08,-2.2087677806460118,-2.214126008085972,-2.169409162281195,-2.2289388628655153,-2.1856644975551482,-2.2091726719259928,0
6.112,-2.2223601021730848,-2.2276865685240708,-2.1967815755854168,-2.282124897661934,-2.1982667224663475,-2.2464898976124608,0
6.144,-2.2359524293228925,-2.2412471232220517,-2.262358267541432,-2.213211900764365,-2.2320587379659136,-2.2413150304860476,0
6.176,-2.2495447627069938,-2.254807671568064,-2.2654954873978435,-2.2268730887532158,-2.2535888391636067,-2.243674581441085,0
6.208,-2.2631371025337814,-2.268368213360893,-2.2915219140796177,-2.2539179064624637,-2.2769174744395273,-2.255908235204104,0
6.24,-2.2767294485949656,-2.2819287488230393,-2.3322450565721877,-2.2841622581685486,-2.307203916164682,-2.275346164573416,0
6.272,-2.290321800278925,-2.2954892785864796,-2.2542358080128038,-2.294564806860277,-2.2941720847860623,-2.2911699386545847,0
6.304,-2.3039141566100763,-2.309049803652029,-2.293496386805068,-2.347049728706735,-2.302057219738377,-2.3216581695739706,0
6.336,-2.317506516311726,-2.322610325324896,-2.29906386719687,-2.355300356947702,-2.309015294234837,-2.3432513580504186,0
6.368,-2.331098877888353,-2.3361708451305847,-2.3315388542539726,-2.362154373906062,-2.326180134140542,-2.358948877533734,0
6.4,-2.34469123972202,-2.3497313647165567,-2.355003313617245,-2.328598616156861,-2.345864821205165,-2.3549450867496153,0
6.432,-2.358283600176698,-2.3632918857459924,-2.359100357820384,-2.389797025637162,-2.359314449531323,-2.377022177668879,0
6.464,-2.3718759577037716,-2.376852409790509,-2.368739310159793,-2.375894852602203,-2.3712398050010353,-2.384707565473983,0
6.496,-2.3854683109419272,-2.390412938228759,-2.396862033027492,-2.3762333581850927,-2.389644104258198,-2.389454203569395,0
6.5280000000000005,-2.399060658804973,-2.403973472157459,-2.4137871744827546,-2.4498396798989543,-2.407456736716559,-2.4217447187988626,0
6.5600000000000005,-2.4126530005519387,-2.4175340123205937,-2.4206071851532323,-2.4138299852443734,-2.420872316511823,-2.4267151540319163,0
6.5920000000000005,-2.4262453358349196,-2.431094559061369,-2.476324999684386,-2.4106568417912104,-2.451208786237446,-2.4284281617637724,0
6.6240000000000006,-2.439837664721594,-2.4446551123000138,-2.4203191625742453,-2.490848826201054,-2.4470083295036513,-2.461532763900661,0
6.656000000000001,-2.4534299876909436,-2.4582156715388614,-2.5035402594815515,-2.4570160909835135,-2.477776490979652,-2.4678624343500206,0
6.688,-2.467022305602462,-2.471776235894382,-2.5005440124184837,-2.4647160642801142,-2.4950388864806263,-2.47474022850366,0
6.72,-2.480614619640822,-2.485336804154095,-2.4498566339548526,-2.404122383376577,-2.485121370688109,-2.454629434346068,0
6.752,-2.4942069312395687,-2.4988973748546943,-2.4930271762899694,-2.483108542868857,-2.4964390774003586,-2.474157422396452,0
6.784,-2.5077992419887476,-2.5124579463763435,-2.4850119278017297,-2.512500970477915,-2.500023602295135,-2.4976311860069647,0
6.816,-2.521391553532419,-2.5260185170470746,-2.545911853384533,-2.5382812096186256,-2.526534288719447,-2.5220275385722974,0
6.848,-2.5349838674626612,-2.5395790852505584,-2.5641164497757907,-2.4929461319489845,-2.5497225412951137,-2.518531316874001,0
6.88,-2.5485761852168918,-2.5531396495303116,-2.559129735392757,-2.575050381858876,-2.561640810022065,-2.5492752808773504,0
6.912,-2.5621685079851297,-2.5667002086836312,-2.593921590880357,-2.6071774229225033,-2.5827085169684665,-2.5805724721813954,0
6.944,-2.5757608366331803,-2.5802607618392015,-2.5854073536570525,-2.556812665152229,-2.591943450115362,-2.5792048799782785,0
6.976,-2.5893531716467,-2.5938213085133737,-2.6075879809391487,-2.6345708295882972,-2.606356664887822,-2.6094875864500455,0
7.008,-2.602945513099759,-2.6073818486414826,-2.637721983748454,-2.5607721983067586,-2.6270581986928123,-2.598137753993745,0
7.04,-2.6165378606499363,-2.6209423825821703,-2.598841949808818,-2.581309467877854,-2.6239271088170844,-2.599542758923252,0
7.072,-2.63013021356027,-2.6345029110944234,-2.639024791243718,-2.6359231518739925,-2.6381215942608662,-2.622231232677586,0
7.104,-2.6437225707466627,-2.6480634352887864,-2.624281455758667,-2.6594129267342406,-2.640740953325318,-2.6452402248773996,0
7.136,-2.657314930847685,-2.661623956555885,-2.633691716561852,-2.67508440972954,-2.646076674144948,-2.665314212333227,0
7.168,-2.670907292312287,-2.675184476476849,-2.661615805583274,-2.6980202345040167,-2.6604477423030897,-2.68653293465858,0
7.2,-2.6844996534997594,-2.6887449967214128,-2.6839379773105314,-2.7449734312962515,-2.677999250939987,-2.718045447721803,0
7.232,-2.6980920127855046,-2.702305518940255,-2.6710345259568222,-2.674242986545863,-2.6833687736851815,-2.7086607795594935,0
7.264,-2.7116843686657934,-2.7158660446585317,-2.71129920990429,-2.7219316522406802,-2.702696358190426,-2.7221054476672855,0
7.296,-2.725276719854754,-2.729426575177471,-2.696455178834401,-2.7497092139329755,-2.708355293093785,-2.741283276588629,0
7.328,-2.7388690653673398,-2.742987111490389,-2.6931095665814864,-2.7404120495610056,-2.7104124053282814,-2.7490711120079334,0
7.36,-2.7524614045829168,-2.7565476542185485,-2.7515982655701996,-2.760947808122375,-2.735042148268123,-2.7619581206897785,0
7.392,-2.7660537372853784,-2.770108203571005,-2.7295090917493416,-2.7984707380896374,-2.7409843205742037,-2.7846995018244804,0
7.424,-2.7796460636771863,-2.7836687593310354,-2.749022812177066,-2.7491790827909863,-2.7523551085189277,-2.7786276720043075,0
7.456,-2.793238384366436,-2.79722932087002,-2.833924023074933,-2.8135832406649537,-2.793138062586438,-2.8007462403274177,0
7.488,-2.806830700327766,-2.8107898871878887,-2.8421453343066925,-2.801187354212772,-2.820896357209293,-2.809059029056167,0
7.5200000000000005,-2.820423012839629,-2.824350456977517,-2.855426225606653,-2.797847270545288,-2.8428636890891372,-2.812710670243577,0
7.5520000000000005,-2.834015323401954,-2.8379110287089295,-2.8691118177061,-2.8622649519311447,-2.861518324630091,-2.84066872793809,0
7.5840000000000005,-2.8476076336395066,-2.8514716007278778,-2.8666492115901825,-2.8483009522741134,-2.87172606409568,-2.8518579621032254,0
7.6160000000000005,-2.861199945197162,-2.8650321713624494,-2.885724457104334,-2.8844229208349494,-2.8854808075438005,-2.8730202884598786,0
7.648000000000001,-2.874792259633842,-2.8785927390308452,-2.896452319436748,-2.888921364021866,-2.8980248009831433,-2.8875170591054307,0
7.68,-2.888384578321951,-2.8921533023433814,-2.8935948832783627,-2.9059881171481377,-2.9044082257375563,-2.9030418195817314,0
7.712,-2.901976902358794,-2.905713860192152,-2.9195098291843604,-2.9007718169593066,-2.9186042626194064,-2.9102701521165946,0
7.744,-2.9155692324956957,-2.919274411822572,-2.9110571525139886,-2.938421886718149,-2.9237408180226625,-2.9296671755895227,0
7.776,-2.929161569089398,-2.9328349568821848,-2.8942392647279593,-2.9335429308790175,-2.920095600112979,-2.9393538033655653,0
7.808,-2.9427539120788793,-2.9463954954435803,-2.930619296756195,-3.045403947688409,-2.9324604859052785,-2.989910183019391,0
7.84,-2.956346260989105,-2.959956027999928,-2.938076581250475,-2.939823602253651,-2.942862334427888,-2.9780118693806363,0
7.872,-2.9699386149614764,-2.973516555433396,-3.0135372175608293,-2.9293359762542592,-2.9792877006271477,-2.966677828230056,0
7.904,-2.9835309728090302,-2.9870770789584697,-2.972924045498063,-3.012241069265463,-2.984897653228778,-2.9930394390329935,0
7.936,-2.997123333092837,-3.000637600043809,-2.951458655951452,-3.0006575393220425,-2.979677469712528,-3.0042229927942246,0
7.968,-3.0107156942146753,-3.0141981203176678,-3.0415859110503964,-3.0389754027616966,-3.0125962613688353,-3.026260270700984,0
8.0,-3.024308054520021,-3.0277586414629662,-2.9985179409737666,-3.0516312876423406,-3.0151203470597547,-3.0445449926724972,0
8.032,-3.037900412404702,-3.0413191651087823,-3.0394339427878165,-3.0603176482782497,-3.0330011970096677,-3.058990372305173,0
8.064,-3.051492766418351,-3.054879692725264,-3.083488165642721,-3.078333992409261,-3.0613513931531466,-3.0748641407125854,0
8.096,-3.0650851153579812,-3.0684402255287444,-3.056421654930282,-3.0873963472026236,-3.067534902997767,-3.0880133472392193,0
8.128,-3.0786774583456467,-3.0820007644031957,-3.0699161363515692,-3.095767404828313,-3.0766427975566106,-3.099251298131108,0
8.16,-3.092269794885181,-3.095561309843088,-3.142954905154719,-3.11938908494983,-3.111323037788198,-3.1154427447492647,0
8.192,-3.1058621248943465,-3.1091218619213556,-3.155929690379764,-3.1620374934596853,-3.1373210921421713,-3.1422169800081763,0
8.224,-3.119454448710312,-3.1226824202845354,-3.1237513013577702,-3.115936993646941,-3.1400485656697015,-3.139841324722619,0
8.256,-3.1330467670681004,-3.1362429841754005,-3.0869196515152715,-3.1495184678679076,-3.126952386995442,-3.1518485241001235,0
8.288,-3.1466390810533773,-3.149803552481632,-3.1666923704526737,-3.1471856559781943,-3.151003765317658,-3.1581197210237164,0
8.32,-3.1602313920326197,-3.1633641238073937,-3.1569244293074954,-3.1517058768313637,-3.1615274147417574,-3.163690528632892,0
8.352,-3.173823701565141,-3.1769246965632076,-3.109496640649057,-3.1003541676963184,-3.148870488829794,-3.1464923296476632,0
8.384,-3.187416011302645,-3.1904852690683394,-3.2312548245761477,-3.213057825623508,-3.189979607764621,-3.1812548725141,0
8.416,-3.2010083228827613,-3.204045839659108,-3.215387757144204,-3.174407244578476,-3.20829825401883,-3.186652163945495,0
8.448,-3.2146006378234318,-3.2176064067961465,-3.199558174313426,-3.2646297235989223,-3.212957611339151,-3.2259795277060883,0
8.48,-3.228192957424941,-3.231166969163714,-3.22597657146858,-3.23473358747429,-3.2263205879527717,-3.237617488145366,0
8.512,-3.2417852826859237,-3.244727525754655,-3.2674750508744244,-3.2592326686005633,-3.2509377694845347,-3.2543998930492917,0
8.544,-3.2553776142387614,-3.2582880759355324,-3.244551540181457,-3.2273869629835685,-3.256538678123543,-3.25173104973835,0
8.576,-3.268969952308553,-3.271848619487728,-3.336526151186385,-3.2819112804546737,-3.2966890716431463,-3.2719394667967774,0
8.608,-3.2825622966983183,-3.2854091566218426,-3.234894174013504,-3.2958209972421053,-3.2801265205021606,-3.2896284001219174,0
8.64,-3.296154646801405,-3.298969687964444,-3.313145046763613,-3.3184008757483463,-3.3014893419815987,-3.309273708448317,0
8.672,-3.3097470016403183,-3.312530214517993,-3.280051944394502,-3.387837616348176,-3.3010697962340396,-3.3488355873662314,0
8.704,-3.323339359929491,-3.3260907375965045,-3.3345680714477677,-3.3278112915021305,-3.322624521016837,-3.348562183365218,0
8.736,-3.3369317201579536,-3.3396512587410676,-3.364319394786973,-3.3239402489907,-3.3474578856370654,-3.3468497235441905,0
8.768,-3.3505240806865966,-3.3532117796206538,-3.361098586904935,-3.3827914450253607,-3.361069580647423,-3.3693627266758295,0
8.8,-3.3641164398537544,-3.3667723019245988,-3.3649846466247753,-3.345442856670265,-3.370791019946089,-3.3679310948120067,0
8.832,-3.377708796082315,-3.3803328272536857,-3.3539820676182366,-3.372524240871476,-3.372222849441604,-3.3779046718610934,0
8.864,-3.3913011479814488,-3.39389335701686,-3.3423482708763546,-3.410872005097416,-3.368428425233609,-3.3992279269970074,0
8.896,-3.404893494436398,-3.407453892340242,-3.3426856526659052,-3.415452286715117,-3.366286719693713,-3.4138539964653134,0
8.928,-3.4184858346805322,-3.421014433994317,-3.4433801082309414,-3.4567837458596906,-3.4052794745814383,-3.439162225827895,0
8.96,-3.432078168345015,-3.434574982344011,-3.4177422860117206,-3.3888978594646355,-3.4184199945859826,-3.4271928129372955,0
8.992,-3.4456704954828687,-3.448135537324887,-3.434498686737039,-3.4448262367893174,-3.433006863071628,-3.442382519948934,0
9.024000000000001,-3.459262816565872,-3.4616960984470047,-3.4119911602750244,-3.454239268079734,-3.4327559702485964,-3.4552615600094887,0
9.056000000000001,-3.472855132454463,-3.4752566648262144,-3.4829095545475752,-3.4724213901137153,-3.4609727896255666,-3.470261835503813,0
9.088000000000001,-3.4864474443425753,-3.488817235240876,-3.4052630017108068,-3.4592247059695813,-3.446844258339566,-3.473983328924381,0
9.120000000000001,-3.500039753680936,-3.5023778082103645,-3.461775146023426,-3.51721882991495,-3.460971996490299,-3.499413875359456,0
9.152000000000001,-3.5136320620837447,-3.5159383820903165,-3.463823269511598,-3.5099316429826346,-3.470267888999296,-3.5117573282237604,0
9.184000000000001,-3.527224371224732,-3.5294989551785005,-3.5427493628345625,-3.517799464975467,-3.5074158630682963,-3.522310527502171,0
9.216000000000001,-3.5408166827292824,-3.543059525824501,-3.5456220961871425,-3.53798451398126,-3.5308537430161797,-3.53671646450102,0
9.248,-3.55440899806956,-3.5566200925361615,-3.6147828475083554,-3.543947989761764,-3.5725807744696674,-3.5477454140493436,0
9.28,-3.5680013184694035,-3.5701806540759455,-3.5547837190668465,-3.6095195988375317,-3.5736173455208977,-3.5805914238445844,0
9.312,-3.5815936448251193,-3.583741209540995,-3.5528445524013774,-3.616216938898213,-3.5734636254104397,-3.602977961811822,0
9.344,-3.595185977647295,-3.597301758421727,-3.597487532131088,-3.6051261649994153,-3.5912285892759996,-3.6119735709832312,0
9.376,-3.6087783170274053,-3.6108623006351723,-3.575552781830233,-3.5889094417125618,-3.593113671367896,-3.6108842432693056,0
9.408,-3.62237066263139,-3.6244228365308766,-3.636031219823,-3.689323541366385,-3.6184360993131444,-3.6503962830012786,0
9.44,-3.635963013720647,-3.6379833668689514,-3.613953107571317,-3.632227073066715,-3.6247983140453304,-3.651264916648154,0
9.472,-3.6495553691991214,-3.651543892771644,-3.69948865413397,-3.6568307329162186,-3.6628298635608596,-3.6616275587201024,0
9.504,-3.6631477276834814,-3.6651044156515113,-3.7009095857524823,-3.683720323391224,-3.6862171670191746,-3.6786009790490874,0
9.536,-3.676740087591896,-3.67866493712079,-3.700209414135935,-3.669031098251907,-3.699969480525575,-3.682909341112533,0
9.568,-3.69033244724571,-3.69222545888777,-3.6767674077312638,-3.660128013002869,-3.698844065113874,-3.6819331252068954,0
9.6,-3.703924804977484,-3.7057859826468382,-3.7004294926873134,-3.7544962621064415,-3.7076336479222234,-3.719094697236517,0
9.632,-3.7175171592384526,-3.719346509969262,-3.721960853791065,-3.7511803125354306,-3.721519939269434,-3.7400652634117124,0
9.664,-3.7311095086984762,-3.7329070422017594,-3.729046088068441,-3.749633290105333,-3.7326858043333706,-3.752028797608244,0
9.696,-3.7447018523320486,-3.746467580379397,-3.739588860842655,-3.76367638083443,-3.7436024285700547,-3.764824158338344,0
9.728,-3.7582941894848036,-3.7600281251584526,-3.725614148685902,-3.7548057706850346,-3.744562514131693,-3.768953134843974,0
9.76,-3.7718865199162175,-3.7735886767735853,-3.709569679844938,-3.731978885103901,-3.7387207738716866,-3.7622997705850176,0
9.792,-3.7854788438157274,-3.7871492350221043,-3.736151728790221,-3.79724455094192,-3.74584854555035,-3.784414022117063,0
9.824,-3.799071161791193,-3.8007097992763823,-3.7865315935660067,-3.8133975472131634,-3.7702771512816255,-3.8041437747384776,0
9.856,-3.812663474830404,-3.8142703685236437,-3.8419172026354738,-3.8586090074560757,-3.807088555923675,-3.8340662128386604,0
9.888,-3.8262557842380622,-3.8278309414306073,-3.812317241591849,-3.860609525843723,-3.817335412784454,-3.8528198845643478,0
9.92,-3.839848091552255,-3.8413915164288572,-3.842585997467695,-3.835831224016395,-3.835591028758664,-3.854160767362572,0
9.952,-3.853440398445751,-3.8549520918154867,-3.8703537366785614,-3.8604927740314627,-3.8576514945810327,-3.864829916492739,0
9.984,-3.867032706618434,-3.8685126658625726,-3.8916665329234514,-3.8710730738243986,-3.8794128941363155,-3.87546352432045,0
10.016,-3.8806250176877715,-3.8820732369284676,-3.9442584700317482,-3.9490857470759884,-3.913506511186219,-3.913048755838513,0
10.048,-3.89421733308435,-3.8956338035637734,-3.8590311217308817,-3.9494177881944426,-3.8998717453189835,-3.935732707966025,0
10.08,-3.9078096539591973,-3.909194364605186,-3.902196088201992,-3.9334542970855266,-3.9089568761515405,-3.9429576790257044,0
10.112,-3.9214019811088696,-3.922754919251168,-3.9221245542607375,-3.9021626984029756,-3.9223793451364233,-3.934776018117131,0
10.144,-3.934994314923154,-3.9363154671145635,-3.923597894785512,-3.9868404970396254,-3.931022166832797,-3.9637381369215174,0
10.176,-3.948586655358788,-3.949876008248722,-3.9815894211818286,-3.9918733919251834,-3.9594044742717234,-3.983128562286739,0
10.208,-3.9621790019409495,-3.9634365431453964,-3.9776626302532967,-3.983542725079214,-3.9748631457408394,-3.991430547382385,0
10.24,-3.9757713537924837,-3.9769970727044828,-3.970504942036201,-3.9815611786004355,-3.981275276005247,-3.9956191171722133,0
10.272,-3.989363709689051,-3.990557598177461,-4.014612667936616,-3.932276872539292,-4.002765646309231,-3.978418534832281,0
10.304,-4.002956068136735,-4.004118121088095,-4.057769316846454,-4.02054260694238,-4.032922528835217,-4.00340447840806,0
10.336,-4.016548427467179,-4.017678643135415,-4.02318403348066,-4.004885870246623,-4.037182544721947,-4.012133350158425,0
10.368,-4.030140785944214,-4.031239166085144,-4.020102563699127,-4.027319600546689,-4.038505965007998,-4.026344166665174,0
10.4,-4.043733141875163,-4.044799691656496,-4.0518983751482605,-4.055243442858126,-4.052018339453995,-4.046040195804498,0
10.432,-4.057325493719729,-4.058360221411578,-4.000380566816084,-4.01422328050314,-4.0395186376531615,-4.041449751489021,0
10.464,-4.070917840189489,-4.071920756654487,-4.119780747060285,-4.059454877574681,-4.079778884900007,-4.056788127507538,0
10.496,-4.0845101803316135,-4.085481298346574,-4.09281422402797,-4.10747409935859,-4.0931484198671155,-4.085198846010064,0
10.528,-4.097827530668321,-4.0987674073318825,-4.044089252840664,-4.139395882307095,-4.081502135868698,-4.114836441376928,0
10.56,-4.110728695284602,-4.111638412166441,-4.087369680523585,-4.097315827880256,-4.09157080839037,-4.115531918641406,0
10.592,-4.12321307712685,-4.124093792372975,-4.071192193167689,-4.122865892134603,-4.0908932827380005,-4.125922139345034,0
10.624,-4.135292160027391,-4.136144946400779,-4.109379671532466,-4.16008056514336,-4.105522032546941,-4.14680302374449,0
10.656,-4.146979492702181,-4.147805344356758,-4.180866752172254,-4.128285267522243,-4.1426621770163425,-4.146382072502308,0
10.688,-4.158288575429203,-4.159088422213373,-4.146025132866258,-4.123417186482866,-4.150785206476424,-4.143958402440865,0
10.72,-4.169232399630625,-4.170007116038688,-4.142702305610229,-4.133418678365362,-4.1541127520775305,-4.14628816886138,0
10.752,-4.179823384798701,-4.180573796337499,-4.126916368799907,-4.191072854101813,-4.149584781597943,-4.170538061781839,0
10.784,-4.190073405633502,-4.190800294223411,-4.19093234557749,-4.2324162080682886,-4.172271045613806,-4.201422456345297,0
10.816,-4.199993834428864,-4.20069794328791,-4.249733838306872,-4.204160416744033,-4.209206606543896,-4.208454421952124,0
10.848,-4.209595581394947,-4.210277619456847,-4.147793236771657,-4.1994210358301975,-4.190401238585104,-4.210587805739642,0
10.88,-4.21888912975014,-4.219549775590401,-4.199205713603929,-4.282868633698639,-4.1994986650957555,-4.245062935259456,0
10.912,-4.227884565721952,-4.22852447097918,-4.195114215777647,-4.199860558418868,-4.203142096961262,-4.2323667462181955,0
10.944,-4.236591604234392,-4.237211396540212,-4.233006610886794,-4.248457415285218,-4.220312413552131,-4.24401544956316,0
10.976,-4.245019611066849,-4.2456198965175815,-4.2219276746237595,-4.246808197578693,-4.226015865794416,-4.250178183557178,0
11.008000000000001,-4.253177622150066,-4.253758987364499,-4.238257836232257,-4.325128868236936,-4.235808195761519,-4.285042637281068,0
11.040000000000001,-4.261074360538512,-4.261637374350501,-4.276437485926687,-4.283445510157603,-4.256798831018225,-4.289131684502255,0
11.072000000000001,-4.2687182514903235,-4.269263466325044,-4.288816285264319,-4.25886096439584,-4.274193125040787,-4.281600018965427,0
11.104000000000001,-4.276117435998162,-4.276645388978413,-4.268366033655656,-4.309515373873632,-4.276302847773993,-4.297196352776825,0
11.136000000000001,-4.283279783044235,-4.283790996869535,-4.257270511060919,-4.270089986642088,-4.2729884167747905,-4.290642256494552,0
11.168000000000001,-4.2902129007970355,-4.290707884434131,-4.282775958684391,-4.319023775634935,-4.281064427932023,-4.306146110862127,0
11.200000000000001,-4.2969241469232715,-4.297403396142477,-4.315487802287438,-4.322609833521083,-4.298861663000264,-4.316750035586534,0
11.232000000000001,-4.303420638153532,-4.303884635941329,-4.329569477664388,-4.261150464117584,-4.31504382410504,-4.298400082982669,0
11.264,-4.309709259212667,-4.310158476087167,-4.255310408282703,-4.382633043816283,-4.29492476531172,-4.335858698556045,0
11.296,-4.315796671204025,-4.316231565456413,-4.312742596717215,-4.342149260525888,-4.305705467963241,-4.342019892765501,0
11.328,-4.321689319519435,-4.3221103374012255,-4.347034555832138,-4.323035176482165,-4.325773798189523,-4.337954369050404,0
11.36,-4.327393441333168,-4.327801017206101,-4.285078394704408,-4.304347178589357,-4.312919195626281,-4.327926980637025,0
11.392,-4.332915072727291,-4.3333096291899125,-4.376847021174575,-4.36797825414239,-4.3418043675191935,-4.34725371477167,0
11.424,-4.338260055487217,-4.338642003489645,-4.334738244943104,-4.357724479238949,-4.342185946285175,-4.354642478491989,0
11.456,-4.343434043599455,-4.343803782555526,-4.416380124515168,-4.304070702943982,-4.374969022694239,-4.337511843627663,0
11.488,-4.348442509478088,-4.34880042738199,-4.362055544417218,-4.330347983736156,-4.372809696538669,-4.337645268256503,0
11.52,-4.353290749942162,-4.353637223494847,-4.369775035859089,-4.325492219831728,-4.374505735178486,-4.335687081589375,0
11.552,-4.357983891962695,-4.3583192867117075,-4.3284221087445145,-4.325229009134952,-4.358889101357241,-4.33431401876728,0
11.584,-4.3625268981951715,-4.362851568690197,-4.347870165006043,-4.305836308281132,-4.357208235114541,-4.325643205246805,0
11.616,-4.366924572311164,-4.367238862276381,-4.30751684899864,-4.324309519935197,-4.339971162984511,-4.327742982244564,0
11.648,-4.371181564140837,-4.371485806664251,-4.332877220691577,-4.35742537442753,-4.339688632689233,-4.342164954555535,0
11.68,-4.375302374636641,-4.375596892375767,-4.391478978408779,-4.369054984225945,-4.3628780829523865,-4.3553884409336225,0
11.712,-4.379291360667247,-4.3795764660699446,-4.346729981043949,-4.365529055189853,-4.358813034178495,-4.361833228725712,0
11.744,-4.383152739649774,-4.383428735188596,-4.412889159981455,-4.356747051196964,-4.382761087537229,-4.362110892410021,0
11.776,-4.386890594027572,-4.387157772445674,-4.412908257265621,-4.363180253220817,-4.397063419593279,-4.364776808260398,0
11.808,-4.390508875600062,-4.390767520166591,-4.384986881162103,-4.34173285401292,-4.39440450122342,-4.3577258009310045,0
11.84,-4.394011409710645,-4.394261794483397,-4.380338220642325,-4.352320377181587,-4.390880214677983,-4.357660898954741,0
11.872,-4.39750579366464,-4.397747976434778,-4.405271538642539,-4.416097205378361,-4.3987389717950265,-4.383132687199112,0
11.904,-4.400671468899458,-4.401387637924021,-4.376020928894843,-4.369020510498847,-4.386788931504552,-4.374650387881218,0
11.936,-4.403590706028373,-4.405056963993592,-4.403496792833832,-4.3545049746519116,-4.390579972046263,-4.363762950769402,0
11.968,-4.406282867334342,-4.408740126685746,-4.355619153714061,-4.417966437759527,-4.3736556510633235,-4.382623741944144,0
12.0,-4.408748524744434,-4.4124293289668355,-4.458976646823662,-4.448201025386983,-4.404777873842075,-4.406044094593063,0
12.032,-4.410983193878224,-4.416116292363365,-4.46993216597557,-4.4554584187035395,-4.427749414889682,-4.42301187322503,0
12.064,-4.412981353727198,-4.419792318746321,-4.411482561230613,-4.412482423178246,-4.418051310268424,-4.416018817160842,0
12.096,-4.414738265677192,-4.423449758125779,-4.44943675328292,-4.413148181102672,-4.4272965181577035,-4.412111807009783,0
12.128,-4.416249614511907,-4.427083929935838,-4.44537809358796,-4.418640167389098,-4.431087046994863,-4.411994774586034,0
12.16,-4.417511753718335,-4.4306931249353525,-4.432197060692827,-4.442643203458704,-4.427941331869272,-4.421566215872946,0
12.192,-4.4185216598931,-4.434278250826442,-4.4111242460890265,-4.407433019575814,-4.417463901415601,-4.413277888521166,0
12.224,-4.419276849280892,-4.437842147777814,-4.3928635752830525,-4.40756603814109,-4.403700530727288,-4.408425906992316,0
12.256,-4.419775371147478,-4.441388843682083,-4.430438192358389,-4.405026977559647,-4.410289759442072,-4.404584397925344,0
12.288,-4.420015905283635,-4.44492294629152,-4.432626141969671,-4.410647903085924,-4.414928147745326,-4.404633259327245,0
12.32,-4.419997945604704,-4.448449250638704,-4.4137522676048295,-4.448896781113934,-4.40996625585251,-4.42009016920629,0
12.352,-4.419722033013663,-4.451972545818308,-4.423124298467018,-4.468679914996284,-4.410540724026136,-4.437430680188062,0
12.384,-4.41918999831314,-4.455497557223634,-4.431850957497991,-4.487327709583018,-4.414180810283222,-4.455474479344057,0
12.416,-4.418402582775298,-4.459022002599754,-4.419885157852615,-4.450165242108228,-4.411389628698569,-4.451645238258673,0
12.448,-4.416935161311147,-4.461548592827292,-4.405077257523603,-4.461351278291318,-4.403614701501544,-4.454060236824925,0
12.48,-4.414679129483796,-4.463001074417903,-4.38887313969152,-4.432528091894298,-4.392308986173635,-4.444247193320412,0
12.512,-4.410456711044008,-4.4640315139646685,-4.413811145611027,-4.440128688069653,-4.395365927374895,-4.441690391944066,0
12.544,-4.4039087194682365,-4.465015369004568,-4.388187825830572,-4.4804461112910365,-4.386846017651705,-4.456594765023926,0
12.576,-4.396601249294951,-4.465234077873547,-4.424504436928702,-4.506782853453023,-4.39619213089034,-4.476361462916932,0
12.608,-4.3814822055280525,-4.465284414655608,-4.394274126600133,-4.504776803921728,-4.3839246453629475,-4.487624290526059,0
12.64,-4.362468698052395,-4.465100367854501,-4.332367507641603,-4.4803762259478646,-4.351787390600551,-4.485052090097464,0
12.672,-4.343308138953427,-4.464581880080578,-4.329258843756734,-4.509845660070907,-4.331278751941041,-4.4956365840253945,0
12.704,-4.324965396435016,-4.464503809745844,-4.303759799845143,-4.474562936826251,-4.308807276444098,-4.4881577199415785,0
12.736,-4.306888700335751,-4.464455120701487,-4.335497770477272,-4.424075273147715,-4.308061618835435,-4.46372105188044,0
12.768,-4.293437210802542,-4.466644766032253,-4.260460862453319,-4.501761272900389,-4.283332368961439,-4.4796304508595455,0
12.8,-4.2804028567684504,-4.469204921046266,-4.294087251204064,-4.446870281916149,-4.281966001607989,-4.467295770822192,0
12.832,-4.267589773334341,-4.4717513068578425,-4.26312092427152,-4.469355436932116,-4.268777754555952,-4.468946123040737,0
12.864,-4.25493241512433,-4.474190533228801,-4.228227434404858,-4.458875993836984,-4.2469215963873035,-4.465782965222509,0
12.896,-4.242406580031137,-4.476494049915079,-4.227028177889246,-4.429430918824624,-4.233337481685946,-4.452127037843024,0
12.928,-4.229999844189136,-4.478651083446254,-4.210775565534019,-4.492668492953247,-4.218689747342839,-4.469230315878123,0
12.96,-4.217703690314696,-4.48065731236548,-4.18586685081813,-4.458307570317119,-4.19993566926458,-4.465731654186445,0
12.992,-4.205511482290555,-4.482511715235349,-4.1848281125389395,-4.483058807143899,-4.188260181531116,-4.473498652639947,0
13.024000000000001,-4.193417908480121,-4.484215397087088,-4.165589537559522,-4.491186105796978,-4.173546816378487,-4.481357352367919,0
13.056000000000001,-4.1814187789986965,-4.485770933501059,-4.146229932536736,-4.5037819453474475,-4.156958071534645,-4.491040197859659,0
13.088000000000001,-4.169510899609899,-4.487181882615927,-4.180423567426536,-4.455356494889648,-4.160662369673757,-4.4773904838348,0
13.120000000000001,-4.157691954576579,-4.488452377372137,-4.169464208232693,-4.480801961989811,-4.15847985105373,-4.479270798955639,0
13.152000000000001,-4.1462151180615034,-4.4897909281651245,-4.155036451674506,-4.459876085089232,-4.151378479456105,-4.471902886137513,0
13.184000000000001,-4.128856272106747,-4.490659421624624,-4.106305975403965,-4.408327970606433,-4.1218680857310925,-4.447016944424721,0
13.216000000000001,-4.110091146279358,-4.491174209448259,-4.092958750727938,-4.525328887394679,-4.098800473885484,-4.478637244951958,0
13.248000000000001,-4.0910543807065665,-4.491718076658308,-4.119183034464457,-4.508003185064922,-4.095437360220934,-4.490474681681935,0
13.280000000000001,-4.071917847495852,-4.492021687431936,-4.04750643610311,-4.486151871451355,-4.064745346463823,-4.488703104489824,0
13.312000000000001,-4.0526170822992515,-4.491924411188449,-4.005693126557598,-4.467392233015701,-4.029605046457423,-4.480075225966306,0
13.344,-4.033420031749083,-4.49175130740232,-4.098894624855761,-4.437513158489367,-4.045802078598612,-4.462929670440412,0
13.376,-4.014263745464107,-4.491574759816007,-4.015503440822285,-4.491728354762481,-4.022163822057916,-4.474348030056635,0
13.408,-3.9950661985671707,-4.491385516419651,-4.022067653031759,-4.480338862984842,-4.010606066744876,-4.476683124992212,0
13.44,-3.975857402799202,-4.491273744052473,-3.970326690201363,-4.55876202111608,-3.982974576480895,-4.509488592703511,0
13.472,-3.956638246322379,-4.491247344433194,-3.991212634224097,-4.454837889030786,-3.9747498628698295,-4.487624078475953,0
13.504,-3.937419822268753,-4.491264087483867,-3.9203628516950255,-4.467342277900101,-3.9414750740252043,-4.479521307597745,0
13.536,-3.9182050167576468,-4.491306229712213,-3.93846272856789,-4.498684613216249,-3.928750152882558,-4.487206345183285,0
13.568,-3.898993367527805,-4.491362154846583,-3.857901262458665,-4.504332203295628,-3.8888906283588844,-4.494082534029598,0
13.6,-3.87978424829142,-4.491423646402305,-3.8890600334566474,-4.4707218677485,-3.8774384351292994,-4.484767158047683,0
13.632,-3.8605771114568537,-4.491484794917595,-3.820798951510779,-4.470534722668077,-3.8432626920959763,-4.479103664670041,0
13.664,-3.841371519830173,-4.491541654916136,-3.8321111488205197,-4.575821979530232,-3.82728212319953,-4.5178192831332264,0
13.696,-3.82216713625546,-4.491591972261433,-3.786046520628981,-4.457896594199952,-3.7992679234279274,-4.493876181092851,0
13.728,-3.8029637033758843,-4.491634863412537,-3.844725413007325,-4.517688775152295,-3.805930951312175,-4.503424305592542,0
13.76,-3.7837610233040766,-4.491670465625439,-3.7717434370148633,-4.4428029446720085,-3.7807359688134046,-4.479195840729118,0
13.792,-3.7645589410314013,-4.491699596463223,-3.745765649912989,-4.480636841353813,-3.755227857334776,-4.4797895134577965,0
13.824,-3.7453573325974814,-4.491723452793104,-3.7500199392459015,-4.4567747319581965,-3.741624701104163,-4.470598468096114,0
13.856,-3.7261560974481873,-4.491743366985939,-3.733778240787622,-4.47664260554165,-3.7269661247438615,-4.473029085388754,0
13.888,-3.706955153736579,-4.491760626956915,-3.672453101031632,-4.4987502924232645,-3.6936409211596124,-4.483329143684449,0
13.92,-3.6877544353103335,-4.491776358248094,-3.6128402855012305,-4.487872868373926,-3.649800671835163,-4.485157300903191,0
13.952,-3.6685538894644627,-4.491791460656351,-3.66667044268323,-4.513497512743563,-3.6450285846931036,-4.496503549077672,0
13.984,-3.6493534749500562,-4.491806588692636,-3.66403975917591,-4.480285893187929,-3.6411130588897787,-4.490026459756157,0
14.016,-3.6301531600577257,-4.491822164001547,-3.6346355340587486,-4.507642830487013,-3.6270020534132263,-4.497083011714278,0
14.048,-3.610952920784518,-4.491838408279415,-3.6495838469261104,-4.477165769638688,-3.6245147754174685,-4.489126286130957,0
14.08,-3.591752739161839,-4.491855386695523,-3.5904298687507716,-4.503578378507713,-3.599360817538335,-4.494917529172076,0
14.112,-3.5725526018149116,-4.491873053874008,-3.54088209163361,-4.513067502574501,-3.564449332165756,-4.50218817402937,0
14.144,-3.553352498786365,-4.491891296739444,-3.528059102345412,-4.499672333089376,-3.538373245417443,-4.501192721381237,0
14.176,-3.534152422617951,-4.491909970670486,-3.530936011605605,-4.534914462169249,-3.523878357233914,-4.514692487904199,0
14.208,-3.5149523676589283,-4.491928927248391,-3.470961294198332,-4.5320601070206985,-3.4911915374828233,-4.5216507422434375,0
14.24,-3.4957523295591426,-4.491948033328093,-3.5330125422634002,-4.419796825933102,-3.4963999449380583,-4.4809204697699005,0
14.272,-3.4765523049052165,-4.491967182171678,-3.5210576592777176,-4.412585497658843,-3.494743036258542,-4.453597820035234,0
14.304,-3.4573522909641676,-4.491986297995254,-3.493817645182609,-4.537604537423007,-3.4828528854242693,-4.487211858879723,0
14.336,-3.4381522855060838,-4.492005335552456,-3.448889876327198,-4.48738655249735,-3.4577476873728865,-4.487293079711492,0
14.368,-3.4189522866840107,-4.492024276389911,-3.401307893427491,-4.494887451468748,-3.4236517753632647,-4.490342152377955,0
14.4,-3.3997522929542736,-4.492043123243677,-3.337643364074526,-4.5410486828305086,-3.3777284163955446,-4.510636066907789,0
14.432,-3.38055230302428,-4.492061893775419,-3.4072559668975217,-4.484811950517468,-3.3780194421277696,-4.5003177054589,0
14.464,-3.3613523158178555,-4.4920806145350145,-3.3764011490999484,-4.484724035119153,-3.365852130440169,-4.494091513859454,0
14.496,-3.3421523304506984,-4.4920993157290905,-3.370229778881656,-4.5022187293130305,-3.3560831953428076,-4.4973536788750135,0
14.528,-3.32295234621079,-4.49211802710381,-3.317343741349211,-4.492726550900694,-3.3290674192847036,-4.495514120126227,0
14.56,-3.30375236254052,-4.492136775032887,-3.2551729655295163,-4.505748483140141,-3.2879896433451847,-4.499619181796664,0
14.592,-3.2845523790188453,-4.492155580744259,-3.309170141682562,-4.495001276751653,-3.284941848274204,-4.497783368894661,0
14.624,-3.2653523953429753,-4.492174459519154,-3.237943565194243,-4.454124256345038,-3.254622540674001,-4.480331111977456,0
14.656,-3.246152411309788,-4.492193420647622,-3.241557107948531,-4.5668422733715435,-3.237876373257242,-4.5149470074950555,0
14.688,-3.226952426797575,-4.492212467914476,-3.2057590198686206,-4.508799948655153,-3.21350943761857,-4.512499659258131,0
14.72,-3.207752441748784,-4.492231600407304,-3.19761300029553,-4.547124649355252,-3.1956308684491233,-4.526361174273857,0
14.752,-3.188552456154353,-4.492250813472968,-3.184240286428458,-4.520950236823948,-3.1795546414414897,-4.524208359490206,0
14.784,-3.1693524700400304,-4.492270099691406,-3.1668448996020833,-4.477247234795838,-3.1629507505436503,-4.505435507161804,0
14.816,-3.150152483454868,-4.492289449778326,-3.141664523961884,-4.516101956819872,-3.1429162657814977,-4.509713717043995,0
14.848,-3.13095249646188,-4.492308853366666,-3.128715037433941,-4.488171806741305,-3.1257157803402604,-4.5011086098766375,0
14.88,-3.1117525091307137,-4.492328299647383,-3.164664774782293,-4.496593614854861,-3.1297753840362783,-4.499314289895154,0
14.912,-3.0925525215320837,-4.492347777872293,-3.0486650345851265,-4.479335555381645,-3.0858112501905097,-4.491334489281496,0
14.944,-3.0733525337336847,-4.492367277735308,-3.091108234917265,-4.522430911306154,-3.0764100500255895,-4.503784760723365,0
14.976,-3.054152545797287,-4.492386789654767,-3.0404232651673495,-4.4258689391998765,-3.050495342030901,-4.472630138836652,0
15.008000000000001,-3.0349525577767595,-4.492406304980178,-3.0689555509458764,-4.502307302340984,-3.0463594315447904,-4.484512710229149,0
15.040000000000001,-3.0157525697168004,-4.492425816143442,-3.0631546455141008,-4.444790572141725,-3.0415575230754235,-4.468635556076528,0
15.072000000000001,-2.9965525816522134,-4.492445316769216,-2.9992249917891365,-4.4857696283186135,-3.013104516495302,-4.4755008777061125,0
15.104000000000001,-2.97735259360762,-4.4924648017530275,-2.9691609617378685,-4.471737903146219,-2.9840071005155053,-4.474007369620386,0
15.136000000000001,-2.9581526055975367,-4.492484267310208,-2.9217775200335163,-4.52439768226675,-2.947595274232831,-4.494175163607101,0
15.168000000000001,-2.938952617626781,-4.4925037109944865,-2.9389767994828593,-4.507792230588843,-2.932627890228929,-4.499633645536403,0
15.200000000000001,-2.9197526296911924,-4.492523131682521,-2.9310461829557304,-4.557848686149798,-2.920475213201555,-4.522931302954791,0
15.232000000000001,-2.9005526417786545,-4.492542529519923,-2.8701838895677243,-4.4824710004887915,-2.8888386896163674,-4.506758809761203,0
15.264000000000001,-2.881352653870402,-4.492561905825235,-2.8584917186222016,-4.532892843738479,-2.865179907074784,-4.517224039020453,0
15.296000000000001,-2.862152665942584,-4.4925812629505515,-2.855162672512468,-4.470615395770389,-2.84965301909554,-4.498592187082696,0
15.328000000000001,-2.8429526779680327,-4.4926006041005735,-2.828478789296902,-4.564997387294379,-2.8296633330136505,-4.525165864471962,0
15.36,-2.8237526899181606,-4.4926199331153445,-2.8155026865248995,-4.452068943155602,-2.812479080250156,-4.495938687720764,0
15.392,-2.804552701764904,-4.492639254225355,-2.8037075352754672,-4.4927461875133865,-2.7974504680893943,-4.4946732765320405,0
15.424,-2.7853527134825984,-4.492658571790589,-2.8107140743905386,-4.484504490876983,-2.7912359164386933,-4.490617350888464,0
15.456,-2.7661527250496833,-4.492677890037193,-2.75528875162746,-4.474417814073271,-2.765337056345185,-4.4841491269116585,0
15.488,-2.746952736450127,-4.49269721280653,-2.7920350307293664,-4.496311612541245,-2.764496251934064,-4.4890257161108105,0
15.52,-2.727752747674486,-4.492716543331292,-2.7729517782769033,-4.515684313771979,-2.7563584683122486,-4.4997007559311974,0
15.552,-2.7085527587205314,-4.492735884052145,-2.753654364931804,-4.446911004010968,-2.7437568328080397,-4.478596462794464,0
15.584,-2.689352769593402,-4.492755236486143,-2.7051268120385084,-4.454779639735199,-2.7167848303555986,-4.469081348548976,0
15.616,-2.670152780305287,-4.4927746011549985,-2.6706851267517018,-4.502198524752894,-2.686824954776684,-4.482339841218285,0
15.648,-2.6509527908746593,-4.4927939775775725,-2.7067794485401127,-4.4840314461536375,-2.683286758151254,-4.483028111869192,0
15.68,-2.6317528013251197,-4.492813364326844,-2.659006233689946,-4.488737926319667,-2.6620545542412377,-4.485323671574229,0
15.712,-2.6125528116839285,-4.492832759147459,-2.6480399409181716,-4.478627580232678,-2.6449287147901472,-4.482656872544802,0
15.744,-2.593352821980328,-4.492852159126027,-2.621129923083657,-4.435450486536199,-2.623889203987326,-4.463785957262635,0
15.776,-2.5741528322437577,-4.492871560902949,-2.627792522958841,-4.4464937602997745,-2.6139305374551904,-4.456880717082933,0
15.808,-2.5549528425020744,-4.492890960911828,-2.617671567051551,-4.485363310464702,-2.6039069551703076,-4.468285390384035,0
15.84,-2.535752852779886,-4.492910355630804,-2.532663547502948,-4.489073249724714,-2.563889597975225,-4.476612165409083,0
15.872,-2.5165528630970972,-4.4929297418293395,-2.5240867068769104,-4.503084345964811,-2.5364484474013063,-4.487212662536498,0
15.904,-2.4973528734677592,-4.492949116794384,-2.518482638418496,-4.444754614052841,-2.5177421296658027,-4.470241060339734,0
15.936,-2.4781528838992863,-4.492968478521166,-2.4780678800103884,-4.4702403594619335,-2.4903524356526394,-4.470252388645096,0
15.968,-2.4589528943920946,-4.492987825856221,-2.4094443305545727,-4.526282754511945,-2.4464691994535293,-4.492676134829993,0
16.0,-2.4397529049396907,-4.493007158583406,-2.5012088339537653,-4.528095924529166,-2.4568450590851683,-4.506855642028866,0
16.032,-2.4205529155292043,-4.49302647744737,-2.4659557946807453,-4.482997727129175,-2.448969359147251,-4.497324059731436,0
16.064,-2.4013529261423443,-4.493045784113041,-2.4483475193128945,-4.5378580320383195,-2.4372006290310573,-4.513549226032891,0
16.096,-2.3821529367567145,-4.493065081063876,-2.445912134061822,-4.513975528328625,-2.42916523685642,-4.513731319843972,0
16.128,-2.3629529473474116,-4.493084371445595,-2.339560474506211,-4.494406133135735,-2.3818033377270185,-4.5060128156759,0
16.16,-2.343752957888798,-4.493103658865658,-2.3359483591344867,-4.470247728783347,-2.3519413521006016,-4.49171835134031,0
16.192,-2.3245529683563317,-4.4931229471616465,-2.242787449023192,-4.4380327470171395,-2.296759796682462,-4.470255682250737,0
16.224,-2.305352978728327,-4.4931422401536745,-2.36960315086723,-4.490788244014209,-2.3143771441736165,-4.4784802840049185,0
16.256,-2.286152988987521,-4.493161541397018,-2.265718129023867,-4.496976533706553,-2.283393543937321,-4.485890367270927,0
16.288,-2.2669529991223434,-4.4931808539511,-2.304181319496505,-4.513590581645589,-2.280188659992505,-4.49698204428128,0
16.32,-2.247753009127794,-4.493200180179904,-2.2568243650463313,-4.516877278913007,-2.259322947854514,-4.504951738318538,0
16.352,-2.228553019005878,-4.493219521596832,-2.2070732573404603,-4.480631610762714,-2.2269030774988448,-4.4952352968948635,0
16.384,-2.209353028765568,-4.493238878764144,-2.1851840264064357,-4.514559640074319,-2.1986954629212176,-4.502976653077047,0
16.416,-2.190153038422304,-4.49325825125356,-2.193073859788916,-4.470794939728401,-2.1849268275363367,-4.49011559526978,0
16.448,-2.170953047997073,-4.4932776376706745,-2.158847041048068,-4.513752287122686,-2.162974918816538,-4.499581906929991,0
16.48,-2.1517530575151267,-4.493297035741669,-2.1671239995545255,-4.504580869049523,-2.1531145569929997,-4.501593132381591,0
16.512,-2.1325530670044377,-4.493316442456816,-2.0664442868384856,-4.4807626924032125,-2.1069264548161373,-4.4932726006174875,0
16.544,-2.1133530764939827,-4.493335854261573,-2.159620804200159,-4.491968640955031,-2.1164842004560485,-4.49276266231404,0
16.576,-2.094153086011971,-4.493355267283003,-2.0950028050549645,-4.47577847350506,-2.096371648180874,-4.485980631315311,0
16.608,-2.0749530955841182,-4.493374677576968,-2.096991481223862,-4.462426769971343,-2.085099587279952,-4.476570727964705,0
16.64,-2.055753105232079,-4.493394081380181,-2.1015973369583936,-4.435647686510875,-2.0801786930277237,-4.460213147148016,0
16.672,-2.0365531149721248,-4.493413475350887,-2.077873162168132,-4.473125633003565,-2.0677364865530423,-4.4653897700990015,0
16.704,-2.017353124814147,-4.493432856782656,-1.9619566719115114,-4.502339710975067,-2.0139045665570654,-4.48018136662945,0
16.736,-1.9981531347610573,-4.493452223777493,-2.013485259104813,-4.524390389775785,-2.002216849427553,-4.497876586909225,0
16.768,-1.9789531448086146,-4.493471575367076,-1.9842135906046083,-4.444657803899273,-1.9834955517403885,-4.476600675426803,0
16.8,-1.9597531549457023,-4.493490911574283,-1.9456602054883096,-4.480778904480097,-1.9568414190726695,-4.4782835599268775,0
16.832,-1.9405531651550443,-4.4935102334109995,-1.8890738152903828,-4.488610817205045,-1.9182143833850107,-4.482426047898965,0
16.864,-1.9213531754143218,-4.493529542812328,-1.9395212591355044,-4.495894929678759,-1.915217139504152,-4.487825179380311,0
16.896,-1.9021531856976253,-4.493548842511409,-1.9571246510079865,-4.491173865508469,-1.9204601499202607,-4.48917622823922,0
16.928,-1.8829531959771495,-4.493568135862902,-1.8615861239579763,-4.479583649812245,-1.8853905453477706,-4.485350769122475,0
16.96,-1.8637532062250253,-4.493587426626513,-1.8137692702502617,-4.5022570561577036,-1.8452220411213889,-4.492124856381345,0
16.992,-1.8445532164151608,-4.493606718724498,-1.8709391096653365,-4.50199448633926,-1.8439888743541215,-4.4960842833293775,0
17.024,-1.82535322652497,-4.4936260159887915,-1.8353065080297153,-4.479574262914452,-1.828995933644213,-4.489491854812617,0
17.056,-1.806153236536867,-4.493645321914037,-1.7719989571350476,-4.516271137637727,-1.7946771488669682,-4.50021515413594,0
17.088,-1.7869532464394278,-4.493664639432449,-1.7811685472694287,-4.48514588210201,-1.7777537140623874,-4.494199039495124,0
17.12,-1.767753256228134,-4.493683970724998,-1.8363416431958668,-4.493042963379254,-1.78966889155916,-4.493748212119716,0
17.152,-1.74855326590566,-4.49370331708107,-1.7234104037934723,-4.5160263413088275,-1.75164550230557,-4.50267107610744,0
17.184,-1.7293532754816834,-4.493722678815637,-1.761463025269286,-4.51468686802781,-1.7440525173528023,-4.5074890141740545,0
17.216,-1.7101532849722403,-4.493742055249241,-1.7459902679930397,-4.529367712686915,-1.7333076234788747,-4.516252123028194,0
17.248,-1.6909532943986731,-4.493761444752083,-1.7302521164416602,-4.418877668676457,-1.720565426540832,-4.477313977524107,0
17.28,-1.6717533037862495,-4.493780844849356,-1.7394842001760242,-4.454905711311562,-1.7166129418768037,-4.46836231226136,0
17.312,-1.6525533131625403,-4.493800252381023,-1.6880526538960734,-4.462278136339683,-1.693668832569311,-4.465940285975952,0
17.344,-1.6333533225556642,-4.493819663705759,-1.6373582113000886,-4.554005092515371,-1.6596245899469872,-4.5011778532257,0
17.376,-1.6141533319925099,-4.49383907493591,-1.6181218905823915,-4.505133715360267,-1.6315035160847007,-4.502771840917423,0
17.408,-1.594953341497039,-4.49385848218833,-1.5960405105073425,-4.527510674673667,-1.605798319733234,-4.512679013229858,0
17.44,-1.5757533510887762,-4.493877881834938,-1.552271339768902,-4.44081823950648,-1.5728675336209053,-4.4839463365495345,0
17.472,-1.5565533607815758,-4.4938972707368485,-1.5660548190466868,-4.481022050920406,-1.5586224536569482,-4.48278824751932,0
17.504,-1.5373533705827362,-4.493916646446965,-1.554522532287031,-4.500948243226236,-1.5454624909659365,-4.490063862337958,0
17.536,-1.5181533804925242,-4.493936007367983,-1.543101968771345,-4.499754136772338,-1.5329982879357476,-4.493951579423635,0
17.568,-1.4989533905041386,-4.493955352855583,-1.5287828846812461,-4.471674748964873,-1.5197921324723573,-4.485052445384147,0
17.6,-1.4797534006041229,-4.493974683260152,-1.4757784149806903,-4.474029372933724,-1.4906666513055296,-4.4806548060270135,0
17.632,-1.46055341077321,-4.493993999904342,-1.4523839525947078,-4.48563227478829,-1.4638335776436833,-4.482657375829738,0
17.664,-1.4413534209875491,-4.49401330499787,-1.4153550311510612,-4.492358632635013,-1.4329221648634451,-4.486549455193556,0
17.696,-1.4221534312202408,-4.494032601495093,-1.4322778739570712,-4.490145303383014,-1.4211444543140797,-4.487999367487446,0
17.728,-1.402953441443087,-4.494051892904505,-1.3534184771153068,-4.502277697153568,-1.3825340692464019,-4.493722271014816,0
17.76,-1.3837534516284342,-4.494071183062487,-1.3973552729361125,-4.468096246352756,-1.376942556535123,-4.483483433807512,0
17.792,-1.3645534617509907,-4.49409047588589,-1.4014728052964374,-4.467734592381908,-1.3752346618557842,-4.477195473180744,0
17.824,-1.3453534717894904,-4.494109775119422,-1.3489255589671933,-4.480503826896777,-1.3531910265218645,-4.478530395973872,0
17.856,-1.3261534817280893,-4.494129084094143,-1.3711071480135197,-4.5232354950499545,-1.3488374809471644,-4.496424024005505,0
17.888,-1.3069534915573986,-4.494148405512642,-1.3689785239154486,-4.4567288731697925,-1.345373903971522,-4.480557560440451,0
17.92,-1.2877535012750858,-4.494167741274738,-1.2638911925698786,-4.495959455831068,-1.3012608252570632,-4.48672992446766,0
17.952,-1.268553510886008,-4.494187092354953,-1.3410934165276995,-4.50511662886632,-1.3056738676208315,-4.49409622134633,0
17.984,-1.249353520401872,-4.49420645873963,-1.244861329633337,-4.461357573050704,-1.269828858290223,-4.48101238594536,0
18.016000000000002,-1.230153529840453,-4.494225839427754,-1.2409194529127578,-4.454668294913834,-1.2467451020114877,-4.470486381230238,0
18.048000000000002,-1.2109535392244268,-4.49424523249541,-1.1988221635926994,-4.469088102382345,-1.2160559325225588,-4.469938707648783,0
18.080000000000002,-1.191753548579901,-4.494264635219727,-1.174095377117801,-4.419100491595197,-1.1877517162436382,-4.449615063521087,0
18.112000000000002,-1.1725535579347375,-4.49428404425433,-1.2187913189739754,-4.511420572732687,-1.1886475632209221,-4.474348911631159,0
18.144000000000002,-1.1533535673167785,-4.494303455844989,-1.1589537819674995,-4.5283565368427166,-1.165250056604496,-4.495963605930484,0
18.176000000000002,-1.1341535767520814,-4.49432286607158,-1.1313602252803332,-4.5420704607052285,-1.1401741299572064,-4.514417989514845,0
18.208000000000002,-1.1149535862632711,-4.494342271100786,-1.1169777038575632,-4.5051958993716825,-1.1193755653949617,-4.510740790425405,0
18.240000000000002,-1.0957535958681093,-4.494361667433229,-1.0854422793459897,-4.525699488217916,-1.0942822568463382,-4.516735899939995,0
18.272000000000002,-1.0765536055783629,-4.4943810521291265,-1.114604638083135,-4.431254737219782,-1.0908912152039225,-4.482555057238635,0
18.304000000000002,-1.0573536153990457,-4.494400422997902,-1.0263139330551672,-4.524844435475693,-1.0535403081982615,-4.499482421984609,0
18.336000000000002,-1.038153625328079,-4.494419778739524,-1.0599928743675289,-4.489299458943957,-1.0446013405104455,-4.495420840934809,0
18.368000000000002,-1.0189536353563993,-4.49443911902843,-1.0810425903826162,-4.429297524436804,-1.0476578462946915,-4.468983109466387,0
18.400000000000002,-0.9997536454685128,-4.494458444534616,-0.9835770508880444,-4.506430346589355,-1.0105055339591613,-4.48397359124181,0
18.432000000000002,-0.9805536556434676,-4.494477756880518,-0.9416978853831091,-4.482782883793057,-0.9714624803489984,-4.4835088883437235,0
18.464,-0.9613536658561895,-4.494497058536444,-0.9484639806720321,-4.508604774504962,-0.950743086293415,-4.493558817845431,0
18.496,-0.9421536760790981,-4.494516352661305,-0.9363141202344485,-4.511936642767648,-0.9334515056821125,-4.500921519932778,0
18.528,-0.9229536862838987,-4.494535642898921,-0.8728139558515252,-4.467106031170679,-0.8976764915615625,-4.487406895940856,0
18.56,-0.9037536964434341,-4.49455493314304,-0.9127221187613844,-4.517810226260478,-0.8921747482549327,-4.499579801327906,0
18.592,-0.884553706533465,-4.494574227286236,-0.8566933009084825,-4.532612084577494,-0.8664621751337932,-4.512804291871997,0
18.624,-0.8653537165342615,-4.494593528968885,-0.8284311271365817,-4.471722165296435,-0.8397297617583357,-4.496383024452427,0
18.656,-0.8461537264318933,-4.494612841344415,-0.8349376034734503,-4.524896049306626,-0.8262929042754009,-4.507799825167335,0
18.688,-0.8269537362191316,-4.494632166875965,-0.8437230370700566,-4.513804781933822,-0.8217449632329958,-4.510213407317766,0
18.72,-0.8077537458959035,-4.4946515071775615,-0.8093838560879234,-4.451879202684854,-0.805280526223976,-4.486891334127511,0
18.752,-0.7885537554692738,-4.494670862910039,-0.808215912722785,-4.499613471546215,-0.7949346866817519,-4.491991806930466,0
18.784,-0.7693537649529589,-4.4946902337384085,-0.7735283256933052,-4.536918389508776,-0.7748521481532392,-4.509974066331318,0
18.816,-0.7501537743664152,-4.494709618353418,-0.7770976402996378,-4.4705685230417105,-0.7642303508860897,-4.494223482729688,0
18.848,-0.7309537837335649,-4.494729014555902,-0.7392699914391684,-4.460991954911147,-0.7427262129873649,-4.4809425109975685,0
18.88,-0.7117537930812492,-4.494748419398499,-0.7087826930910119,-4.490911334928803,-0.7176288109125705,-4.484941683615857,0
18.912,-0.6925538024375076,-4.494767829375591,-0.7126808148688419,-4.481318578279734,-0.7041296183802354,-4.483504085910994,0
18.944,-0.673353811829794,-4.494787240649254,-0.7380266287084022,-4.461452269573686,-0.7061684283956797,-4.474695002832751,0
18.976,-0.6541538212832368,-4.494806649296647,-0.6922736214549439,-4.481663048484261,-0.6890905115002582,-4.477493861282392,0
19.008,-0.63495383081905,-4.494826051562922,-0.6243173847872066,-4.407444589105791,-0.6516612666904942,-4.449485787248321,0
19.04,-0.6157538404531872,-4.494845444103334,-0.5831481704614216,-4.4779595916738275,-0.6127360340671466,-4.4608869367621775,0
19.072,-0.5965538501953224,-4.49486482419897,-0.6204665265435586,-4.455415999066468,-0.6043082369175263,-4.458710181050804,0
19.104,-0.5773538600482196,-4.494884189932146,-0.5033566106633613,-4.474144446942284,-0.5524075922664675,-4.46489549765322,0
19.136,-0.5581538700075337,-4.494903540310182,-0.6436812716739647,-4.451791138976897,-0.5773970698707207,-4.459665355150582,0
19.168,-0.5389538800620615,-4.494922875329528,-0.5631545178357125,-4.4951621600728435,-0.5601800548890773,-4.473875669250317,0
19.2,-0.519753890194433,-4.494942195976108,-0.506339700827249,-4.490172587189779,-0.5271239190888408,-4.480406020730039,0
19.232,-0.5005539003822077,-4.494961504161838,-0.46304330884716055,-4.473733075973019,-0.4899716808103306,-4.477748420818672,0
19.264,-0.4813539105993091,-4.494980802601393,-0.48992316937506103,-4.467639966109399,-0.47843228204998645,-4.473716612534895,0
19.296,-0.46215392081771023,-4.495000094637194,-0.4564235535494943,-4.498539074070659,-0.4581087964613678,-4.483657168561348,0
19.328,-0.4429539310092584,-4.4950193840238715,-0.4239825387581157,-4.456843733399771,-0.43293829919180954,-4.472943366065444,0
19.36,-0.42375394114751785,-4.495038674686146,-0.4233291123810307,-4.4954944621710435,-0.41757463028174235,-4.48197537856683,0
19.392,-0.4045539512095046,-4.4950579704657265,-0.3752451894051009,-4.4905451543898725,-0.389122859750009,-4.485414867618407,0
19.424,-0.38535396117719367,-4.495077274873565,-0.39398450957949027,-4.459648401761131,-0.37954752550728227,-4.475119866532714,0
19.456,-0.3661539710386943,-4.495096590863447,-0.4029084102130136,-4.481123580964019,-0.37737188522307363,-4.477532945547111,0
19.488,-0.3469539807890151,-4.495115920641517,-0.34737593501506614,-4.509187027757565,-0.35385351098233575,-4.490206180592254,0
19.52,-0.3277539904303698,-4.495135265524006,-0.3026160251830742,-4.446453610508219,-0.32183852251443595,-4.472716763997483,0
19.552,-0.30855399997200766,-4.495154625852335,-0.31682354185086153,-4.451811409700108,-0.30831253610992304,-4.464366242755254,0
19.584,-0.28935400942958694,-4.4951740009710575,-0.23667722770722374,-4.538215572596566,-0.2681384186180553,-4.493917603382983,0
19.616,-0.2701540188241394,-4.49519338927005,-0.23302637576312396,-4.48442583288411,-0.2425736073522341,-4.4901325307354,0
19.648,-0.25095402818069895,-4.495212788288242,-0.24891053379124062,-4.450484487467991,-0.2335883838091184,-4.474284954044338,0
19.68,-0.2317540375266877,-4.495232194872193,-0.24422353677171887,-4.504811931424291,-0.2263224508784248,-4.486507388552031,0
19.712,-0.21255404689016272,-4.495251605379311,-0.24093759337370024,-4.477787923683491,-0.22064851376144243,-4.483031246785629,0
19.744,-0.19335405629803365,-4.495271015912628,-0.18910566763320238,-4.494137738576326,-0.1965113811933074,-4.487485485952532,0
19.776,-0.17415406577435927,-4.495290422571999,-0.13517443312069344,-4.487633947214748,-0.16045660784340096,-4.487556508932668,0
19.808,-0.15495407533882485,-4.4953098217055585,-0.17467946832215772,-4.441620808931318,-0.15462575790800714,-4.469193861442479,0
19.84,-0.13575408500549152,-4.495329210145211,-0.1733959876684402,-4.4636924765310315,-0.15061385567762742,-4.467004932417611,0
19.872,-0.11655409478189355,-4.4953485854109845,-0.17004550508449412,-4.508978795428368,-0.14686652129704225,-4.483806093872612,0
19.904,-0.0973541046685409,-4.4953679458710445,-0.11823965202828524,-4.524725682652641,-0.12389577943687605,-4.500185536387479,0
19.936,-0.07815411465886206,-4.495387290847053,-0.08038795937080687,-4.510670735395832,-0.09497265724850434,-4.504391213782651,0
19.968,-0.0589541247395964,-4.4954066206580405,-0.012944220720681902,-4.536617391150458,-0.05064128846679934,-4.517293273940735,0
20.0,-0.039754134891619844,-4.495425936599958,-0.029277114678416004,-4.480592404750347,-0.030575624773440023,-4.5026245080775835,0
20.032,-0.02055414509115675,-4.495445240862207,0.02389578626321106,-4.448098891311161,0.002732933824980319,-4.480825837445506,0
20.064,-0.0013541553113058241,-4.495464536386526,0.03085668910724986,-4.490268616450686,0.025502430125360742,-4.484614521412553,0
20.096,0.017845834476217612,-4.495483826677329,0.027693038205801046,-4.540347693239804,0.03789866754644672,-4.506919361066645,0
20.128,0.03704582429923606,-4.4955031155757315,0.018603973909553147,-4.4592438165318224,0.04170078427967168,-4.487860715094367,0
20.16,0.05624581418328708,-4.495522407011853,0.05418935310655167,-4.466158613517434,0.05821620599517453,-4.47919144952426,0
20.192,0.07544580414994749,-4.4955417047513695,0.0742887382552365,-4.497356170213872,0.07616521307862117,-4.486468918172296,0
20.224,0.0946457942154206,-4.4955610121526695,0.08831557630757199,-4.4802680019273815,0.09254535254253668,-4.484000139107559,0
20.256,0.11384578438948262,-4.495580331950275,0.040605132798038165,-4.4368073514243065,0.08328925880868027,-4.465134619822227,0
20.288,0.13304577467485948,-4.495599666078492,0.06415235087966123,-4.454189699517846,0.08715448979185472,-4.4607682565975955,0
20.32,0.15224576506707077,-4.4956190155466516,0.14673619710349345,-4.498382199574759,0.12250716686195065,-4.475825447961182,0
20.352,0.17144575555474742,-4.495638380373975,0.15321459124505474,-4.542336169904899,0.1463101307517125,-4.502441359754707,0
20.384,0.19064574612039456,-4.495657759588264,0.1983998524588891,-4.504889766800914,0.17866601356318235,-4.503432353429325,0
20.416,0.20984573674154264,-4.495677151288492,0.1546730023003462,-4.489167549072312,0.1805888031802408,-4.497738068873227,0
20.448,0.2290457273922063,-4.495696552767259,0.17372479764416665,-4.517519977732797,0.1893631950835316,-4.505662474015776,0
20.48,0.24824571804455495,-4.49571596068524,0.2575637571495821,-4.479086453517599,0.22816341402542817,-4.495043709623286,0
20.512,0.2674457086706875,-4.495735371286371,0.26139988418221755,-4.4602728631098625,0.2529779962037538,-4.481147014685474,0
20.544,0.2866456992444023,-4.495754780639942,0.30717308376471136,-4.501002485833468,0.2861760253462514,-4.489100844333719,0
20.576,0.30584568974285503,-4.495774184893982,0.33217304799859915,-4.492635694077847,0.3160948285300192,-4.490526420761434,0
20.608,0.32504568014800495,-4.495793580523623,0.2801214833547656,-4.496410103439811,0.31322548458936317,-4.492891523822832,0
20.64,0.3442456704477641,-4.495812964558431,0.3639240580190343,-4.474950786638542,0.3450249080987656,-4.485726850938878,0
20.672,0.3634456606367779,-4.495832334774033,0.41512899592489166,-4.4524740398626275,0.38458653737578447,-4.472437339552582,0
20.704,0.3826456507167867,-4.495851689835682,0.3318879961843474,-4.4785035130853235,0.3750271150551727,-4.47487541269507,0
20.736,0.4018456406965406,-4.495871029384476,0.37419076303900956,-4.518898279958283,0.38621256841381857,-4.492496154245585,0
20.768,0.42104563059126765,-4.4958903540606565,0.3990032595400178,-4.525247295372442,0.4028488390377225,-4.505608197073163,0
20.8,0.4402456204217193,-4.495909665462461,0.4560050260953325,-4.4917983402109325,0.4356313080411369,-4.500095833785047,0
20.832,0.4594456102128497,-4.495928966043174,0.39368514325166537,-4.459124994694845,0.4303728363108556,-4.483719072479711,0
20.864,0.4786455999922097,-4.495948258953,0.49103827947709966,-4.439495056828637,0.4661590077658626,-4.466041037548052,0
20.896,0.4978455897881576,-4.495967547835972,0.47922646615645953,-4.535548525470528,0.48290598531128925,-4.493855603360989,0
20.928,0.5170455796280065,-4.495986836594978,0.479046704899331,-4.493074263679876,0.49288226733400775,-4.493554639808494,0
20.96,0.5362455695362329,-4.496006129140077,0.5527582664715711,-4.497387635007663,0.5283526611725927,-4.495099414136385,0
20.992,0.5554455595328722,-4.496025429136343,0.5373781173831301,-4.49201290056692,0.543482837834421,-4.493876390883548,0
21.024,0.5746455496322083,-4.496044739767505,0.5890727178561018,-4.475472445298004,0.5732387840131352,-4.486526402366769,0
21.056,0.5938455398418492,-4.496064063530618,0.589092273970131,-4.555833902926508,0.5911001741572623,-4.5142610009794195,0
21.088,0.6130455301622479,-4.496083402074995,0.6038695943466087,-4.511930263322827,0.6077279363850331,-4.513340313545932,0
21.12,0.6322455205866969,-4.496102756095806,0.6699476034994595,-4.530875520252804,0.6441357973735531,-4.520366013070775,0
21.152,0.6514455111017903,-4.496122125289163,0.7104433533268053,-4.508000110050462,0.6821788138889338,-4.5154312772954475,0
21.184,0.6706455016883162,-4.496141508371609,0.6105590842975781,-4.465701814687324,0.6650509161789773,-4.4955511250986815,0
21.216,0.6898454923225148,-4.496160903162742,0.6798394265827341,-4.470162633571123,0.6824863144612363,-4.485407367091849,0
21.248,0.7090454829776159,-4.496180306725649,0.6999150307598578,-4.444992675046715,0.7009777950976581,-4.46925313260747,0
21.28,0.7282454736255548,-4.496199715556136,0.7594452944557779,-4.478809845837051,0.7358847889563929,-4.473087461692688,0
21.312,0.7474454642387572,-4.49621912580853,0.7449373608285363,-4.502610715309396,0.7510258118216468,-4.484908406027448,0
21.344,0.766645454791887,-4.496238533543548,0.7438561164927344,-4.466238263648547,0.7596779278097276,-4.477451988750865,0
21.376,0.7858454452634484,-4.49625793498225,0.8036444932735707,-4.495584177675282,0.7887845481202886,-4.484716498680751,0
21.408,0.8050454356371486,-4.4962773267497145,0.82375549119625,-4.443316707568528,0.8142929194828534,-4.468168209520953,0
21.44,0.8242454259029391,-4.496296706092729,0.8750897153744056,-4.5186658964156585,0.8501316319801242,-4.488378903183879,0
21.472,0.8434454160576693,-4.496316071057444,0.8484168424223755,-4.484683636989864,0.8609657103069073,-4.486912406465622,0
21.504,0.8626454061053105,-4.496335420615525,0.8337334277583343,-4.487448815357847,0.8615927914467583,-4.487138570459357,0
21.536,0.8818453960567293,-4.496354754730648,0.8533607895255391,-4.501999274802611,0.8698199848465076,-4.493094443734525,0
21.568,0.9010453859290188,-4.496374074361023,0.8854404965331352,-4.519180715105358,0.8875881836973365,-4.503540535918398,0
21.6,0.9202453757444221,-4.496393381397767,0.9672154112725123,-4.4916213531592195,0.930959068910002,-4.4987844400535195,0
21.632,0.9394453655289109,-4.496412678543085,0.9598846380039638,-4.501936760005188,0.9540492907346679,-4.500056940793728,0
21.664,0.958645355310509,-4.49643196913611,0.9134017022314066,-4.460602199840252,0.9493102495227155,-4.484286614898425,0
21.696,0.977845345117469,-4.496451256937635,1.00622920279975,-4.4518486675488,0.9835978250227951,-4.471323006523106,0
21.728,0.997045334976424,-4.4964705458876155,0.9953686974807169,-4.54950369548095,0.9998261681927937,-4.50260685509556,0
21.76,1.0162453249106407,-4.496489839851098,1.0032504328227072,-4.4812978743110365,1.0127158682269595,-4.494094840385319,0
21.792,1.035445314938495,-4.4965091423689625,0.9690312396829336,-4.48062332031941,1.006762010985022,-4.488717816468171,0
21.824,1.0546453050722733,-4.496528456429546,1.1196572635028172,-4.524637063035852,1.0634401061598031,-4.503097107181423,0
21.856,1.0738452953173816,-4.496547784275896,1.0837302553069672,-4.495207933929727,1.0830761599773524,-4.4999530389001885,0
21.888,1.0930452856720132,-4.496567127261047,1.1265322152443817,-4.4721190523930785,1.1119785762334744,-4.488831054629607,0
21.92,1.112245276127291,-4.496586485760676,1.0755849112578617,-4.484812049608176,1.1089411043833752,-4.487235072044375,0
21.952,1.13144526666787,-4.496605859148747,1.1857442924843933,-4.483970338770093,1.1511823737555658,-4.4859408064402295,0
21.984,1.1506452572729526,-4.49662524583772,1.1165871721305283,-4.516249602172456,1.1488642872303172,-4.498075959377022,0
22.016000000000002,1.1698452479176442,-4.496644643380731,1.1869299387070131,-4.537890144062904,1.1756105419405491,-4.514013273041211,0
22.048000000000002,1.1890452385745582,-4.496664048629176,1.195427363883007,-4.464470972829959,1.1950572648340196,-4.494207995767065,0
22.080000000000002,1.2082452292155668,-4.4966834579355535,1.2211450900340068,-4.50630663626077,1.2170123890297857,-4.499059095473945,0
22.112000000000002,1.2274452198135863,-4.496702867388499,1.2771580482070497,-4.485083074040492,1.2525906468181462,-4.49348032874112,0
22.144000000000002,1.2466452103442924,-4.496722273064887,1.2347142907936637,-4.518367562791306,1.2569600985297842,-4.503446860271254,0
22.176000000000002,1.2658452007876575,-4.496741671282765,1.245735058786803,-4.487425907509459,1.2639900767600327,-4.497050111136538,0
22.208000000000002,1.2850451911292229,-4.496761058838796,1.284914984623729,-4.538942491445711,1.2838800340406056,-4.51381868766231,0
22.240000000000002,1.3042451813610263,-4.496780433214932,1.2980490392177384,-4.492448790696413,1.3010676302553519,-4.505282344569077,0
22.272000000000002,1.3234451714821267,-4.496799792740942,1.3427692520684142,-4.481395535925761,1.3292682731338434,-4.495739227515274,0
22.304000000000002,1.3426451614986885,-4.496819136702331,1.3486147878633312,-4.569018347639413,1.3485268731882476,-4.52506247269624,0
22.336000000000002,1.3618451514236165,-4.496838465386631,1.3499052657639004,-4.459308287036768,1.3605982243898271,-4.498772386905953,0
22.368000000000002,1.3810451412757536,-4.496857780065095,1.4125078344349857,-4.468890522673944,1.392882062586727,-4.4868312222007525,0
22.400000000000002,1.4002451310786892,-4.49687708291091,1.3929153316392155,-4.566348597957351,1.4044153643924062,-4.518649747659056,0
22.432000000000002,1.4194451208592471,-4.496896376859226,1.4335216149319256,-4.493716096995715,1.4275778587967034,-4.5086878587468675,0
22.464000000000002,1.4386451106457492,-4.496915665417998,1.4652535806101636,-4.498981734420352,1.4541681417121008,-4.5048169788409815,0
22.496000000000002,1.4578451004661699,-4.496934952441841,1.4514750588652272,-4.5523704014522695,1.4646109027625118,-4.523849918553923,0
22.528,1.4770450903463042,-4.496954241883499,1.53065337006436,-4.507928464188809,1.502547883869238,-4.51749291063723,0
22.56,1.4962450803080765,-4.496973537538936,1.4754428123523158,-4.477188504543892,1.5032258494431656,-4.501382727303035,0
22.592,1.5154450703681053,-4.4969928428025225,1.4853658127526752,-4.524485311801296,1.507601828940595,-4.510635347251487,0
22.624,1.534645060536623,-4.49701216044808,1.4671082289010804,-4.446026405071004,1.502924383090015,-4.48480336489169,0
22.656,1.5538450508168231,-4.497031492449917,1.5595780201276548,-4.457601213903367,1.5371058320611057,-4.4739341081492165,0
22.688,1.5730450412046726,-4.497050839855385,1.5715317391932722,-4.473484581314675,1.5623961890606148,-4.473765910395695,0
22.72,1.5922450316892016,-4.497070202717178,1.5423203071142302,-4.51641003337151,1.5658858304197152,-4.490835181478324,0
22.752,1.6114450222532388,-4.497089580089732,1.653366660403987,-4.483045104582757,1.6123981565430767,-4.487730780533206,0
22.784,1.6306450128745422,-4.497108970089963,1.6083908086154097,-4.490724406642568,1.622315211495169,-4.488939867207662,0
22.816,1.6498450035272416,-4.497128370018442,1.6543959432421054,-4.515693096444718,1.6466674983125427,-4.499652799632401,0
22.848,1.6690449941835017,-4.497147776533209,1.66961101714585,-4.482966387460949,1.6673648999621382,-4.492989877782918,0
22.88,1.6882449848152963,-4.497167185865044,1.6378248269426243,-4.494139143268416,1.6670688648706682,-4.493461226926154,0
22.912,1.7074449753961842,-4.497186594060334,1.737848399277045,-4.456196346604296,1.7069006727520062,-4.478566915320009,0
22.944,1.7266449659029819,-4.497205997235904,1.7198578109092115,-4.501608060409701,1.7236035221383577,-4.487795009250451,0
22.976,1.7458449563172298,-4.497225391829393,1.7808293433107136,-4.4863938715190175,1.7580138447373783,-4.487246183519595,0
23.008,1.7650449466263676,-4.4972447748290385,1.7450689925360725,-4.473750564689505,1.7643558979950402,-4.481859557331303,0
23.04,1.7842449368245434,-4.49726414396804,1.796655322266366,-4.552471705544862,1.7887956618508316,-4.51011602897294,0
23.072,1.8034449269130075,-4.497283497870962,1.7745020966725522,-4.509403706640968,1.79459822993624,-4.50984270301751,0
23.104,1.822644916900059,-4.497302836142705,1.8381315127322433,-4.511079954824443,1.8235315372205925,-4.51034919755109,0
23.136,1.8418449068005436,-4.497322159394282,1.8377985380003683,-4.564708405561646,1.840758331706863,-4.532104466201975,0
23.168,1.8610448966349258,-4.497341469203709,1.8644465348455985,-4.468134379860051,1.861753607143767,-4.506528010088658,0
23.2,1.8802448864279888,-4.497360768014506,1.8570784983821143,-4.47060685038458,1.8714035578257566,-4.492171119400372,0
23.232,1.8994448762072416,-4.497380058978338,1.9054562753637332,-4.497511680873819,1.8965446390306981,-4.494318914082758,0
23.264,1.9186448660011348,-4.49739934575194,1.9127802625185395,-4.511506616939928,1.9145588826163502,-4.501205564547461,0
23.296,1.937844855837204,-4.497418632261397,1.9385043889486777,-4.513355368388221,1.935657079338179,-4.506077057012822,0
23.328,1.9570448457402658,-4.4974379224490155,1.9392989901022428,-4.495580015359567,1.9486338378288075,-4.50188981516207,0
23.36,1.976244835730793,-4.49745722001908,1.9752752455970248,-4.513493940497032,1.9708103951151736,-4.506543046011531,0
23.392,1.9954448258235749,-4.497476528198912,2.0201770083157973,-4.505207592220245,2.0020770345669274,-4.506020452757482,0
23.424,2.0146448160267623,-4.497495849530636,2.0427951527109194,-4.494973298369798,2.0298842759872864,-4.501613187966545,0
23.456,2.0338448063413517,-4.497515185707079,2.076846600771318,-4.535039112780623,2.0601892000543116,-4.514995164150699,0
23.488,2.0530447967611445,-4.49753453746239,2.0308757498707712,-4.521912280308945,2.0599838141249522,-4.517773626159262,0
23.52,2.072244787273176,-4.497553904524424,2.0864917035259753,-4.503103962647546,2.082106964020661,-4.511917384978885,0
23.552,2.091444777858577,-4.497573285631976,2.108661360903402,-4.498736083799534,2.1042487169014663,-4.5066564962417335,0
23.584,2.1106447684938114,-4.497592678615761,2.09005995047322,-4.52063614477822,2.1100932044519487,-4.512259993246532,0
23.616,2.1298447591521947,-4.497612080537948,2.1602391816437265,-4.449465760236593,2.141671589446565,-4.487153941454315,0
23.648,2.149044749805605,-4.497631487881258,2.1533338647957283,-4.449215802866987,2.1578564937025684,-4.471990328970245,0
23.68,2.1682447404262692,-4.49765089677549,2.1971371283901986,-4.5052863863622985,2.1850887416948064,-4.485320394033261,0
23.712,2.1874447309885214,-4.497670303246867,2.2076581377593953,-4.526357854590711,2.205636494241039,-4.501747017186312,0
23.744,2.2066447214704237,-4.4976897034741805,2.16248253562785,-4.52445385437287,2.1998949049215275,-4.51084138568609,0
23.776,2.225844711855155,-4.497709094035206,2.2245423452377677,-4.456200206328333,2.2212738751809624,-4.488996540474437,0
23.808,2.2450447021320863,-4.4977284721275135,2.2416645984924903,-4.458319559537627,2.2409501586470295,-4.476737366204142,0
23.84,2.2642446922974675,-4.49774783574943,2.289194014947155,-4.51968274494826,2.2717676953178416,-4.493927126587495,0
23.872,2.283444682354693,-4.497767183829446,2.231706086578029,-4.483711813313857,2.2672630459821717,-4.489852600746218,0
23.904,2.3026446723141105,-4.497786516295713,2.287821553524092,-4.483282930916094,2.2870064431682637,-4.4872363232719525,0
23.936,2.321844662192389,-4.497805834081089,2.3088252434519805,-4.5109209058655395,2.3072539574591366,-4.496721738743833,0
23.968,2.3410446520114707,-4.497825139063395,2.349876128699904,-4.463258109048978,2.3358228201393705,-4.483347862780553,0
24.0,2.3602446417971743,-4.497844433944692,2.3857035883304802,-4.464251030618012,2.3672951216043443,-4.475720701233694,0
24.032,2.37944463157753,-4.497863722077342,2.3953451808827273,-4.507971959035357,2.390035139506602,-4.488632773295149,0
24.064,2.3986446213809605,-4.497883007248048,2.397814272690215,-4.469344508314683,2.4046667869709486,-4.4809290362383765,0
24.096,2.417844611234423,-4.497902293433817,2.432932783433154,-4.555326273186266,2.4274931797443546,-4.510699502319505,0
24.128,2.4370446011616465,-4.497921584545533,2.466719289925459,-4.4547338079281165,2.4547036180007193,-4.48832480045038,0
24.16,2.456244591181576,-4.497940884175725,2.477530264797709,-4.500623329769614,2.4753542708969087,-4.493255794573676,0
24.192,2.4754445813071415,-4.497960195366765,2.4444785928320005,-4.507390457214993,2.474523993840297,-4.498921250036389,0
24.224,2.4946445715444243,-4.4979795204144555,2.5118272364622425,-4.556548436968446,2.5009652850493866,-4.521983724211015,0
24.256,2.51384456189228,-4.497998860719672,2.4780200383573687,-4.485035827244119,2.503307180523432,-4.507216174225581,0
24.288,2.533044552342439,-4.498018216697643,2.553670652526498,-4.4843584112793184,2.5349725634662423,-4.498084687044383,0
24.32,2.552244542880068,-4.498037587750707,2.611665266036916,-4.560893269703743,2.5771696386276184,-4.523219746503251,0
24.352,2.5714445334847493,-4.498056972306343,2.5677835816081798,-4.516106472655303,2.5849352099458147,-4.520386070415388,0
24.384,2.590644524131812,-4.498076367918038,2.5558725803197557,-4.452351335699861,2.5848301522160373,-4.493183815237797,0
24.416,2.6098445147939175,-4.498095771422516,2.6409608566428493,-4.525908010594741,2.618802428104245,-4.506285135206083,0
24.448,2.6290445054428058,-4.498115179143244,2.6335306894448305,-4.499321044865385,2.6362137267571706,-4.503511141668067,0
24.48,2.6482444960510856,-4.49813458712712,2.6224618335057954,-4.4381003853542556,2.6422329635749495,-4.4773584801166955,0
24.512,2.667444486593963,-4.49815399139913,2.687049286976996,-4.517945467963705,2.6716794870580607,-4.493604912310463,0
24.544,2.6866444770508093,-4.498173388218576,2.7028225010683156,-4.5001085693993454,2.695656686790489,-4.496218006236509,0
24.576,2.7058444674064654,-4.498192774320366,2.7285878934021746,-4.507535561049092,2.7203491635712034,-4.500756651624088,0
24.608,2.7250444576522135,-4.498212147125811,2.715562406926248,-4.485316454063669,2.729954455058154,-4.4945921872603485,0
24.64,2.7442444477863472,-4.498231504909324,2.730132927545961,-4.546826687265516,2.7415458382077054,-4.515497592511851,0
24.672,2.763444437814308,-4.498250846910222,2.736541437753981,-4.509274797499489,2.75106407219013,-4.51302007034138,0
24.704,2.7826444277483664,-4.498270173382398,2.8110087383161857,-4.487087972099093,2.786561932813332,-4.502658818065534,0
24.736,2.8018444176068638,-4.498289485578602,2.809836594939699,-4.522721336337219,2.807391791844336,-4.510695404750541,0
24.768,2.8210444074130585,-4.498308785670295,2.816674913517179,-4.515097389829742,2.8226250346999295,-4.512467772174583,0
24.8,2.8402443971936404,-4.498328076608202,2.847405840865002,-4.466467751388422,2.8440573513563554,-4.494079333314584,0
24.832,2.8594443869770076,-4.498347361932524,2.8502721513533866,-4.505022832461183,2.858063265547198,-4.498468300789465,0
24.864,2.878644376791424,-4.498366645545,2.856136431236635,-4.505360182477396,2.868812526014226,-4.501236622047775,0
24.896,2.8978443666631715,-4.498385931457525,2.84908136661772,-4.505964067046474,2.8724400564437422,-4.503139171752824,0
24.928,2.917044356614834,-4.498405223533493,2.881611559895225,-4.533179488330405,2.887628652007161,-4.515166875365857,0
24.96,2.936244346663822,-4.498424525238556,2.9113737289409,-4.500125087023201,2.9086466769563684,-4.5091617441006395,0
24.992,2.955444336821244,-4.498443839416861,3.0118461811994903,-4.474542946558027,2.9614464728208487,-4.495325817600914,0
25.024,2.9746443270911973,-4.498463168107205,3.011963717875426,-4.523374085027277,2.9931733650006063,-4.50655672634434,0
25.056,2.9938443174705234,-4.498482512410955,3.007314494905379,-4.482866180317605,3.0103498111109115,-4.4970921191739475,0
25.088,3.013044307949039,-4.498501872420296,2.991189851811677,-4.499145936021159,3.0142058215304717,-4.497925266220042,0
25.12,3.0322442985102183,-4.49852124721144,3.0483718472884247,-4.514305937905033,3.039392225964747,-4.504489163280557,0
25.152,3.051444289132279,-4.49854063490328,3.0314446618673783,-4.460911034619764,3.047733194450249,-4.487069546770542,0
25.184,3.07064427978959,-4.498560032777769,3.1291265609747563,-4.5361981378953855,3.0918105351798095,-4.506732622804049,0
25.216,3.0898442704543134,-4.498579437454304,3.172607325008612,-4.465798763076809,3.1356492452286613,-4.490370720885062,0
25.248,3.1090442610981714,-4.498598845106955,3.1190121932610264,-4.49498912337105,3.14051441855894,-4.492229723840504,0
25.28,3.1282442516942317,-4.4986182517105835,3.140383829827012,-4.43720429935038,3.1519821771859386,-4.4702311935916645,0
25.312,3.1474442422186035,-4.498637653300037,3.151511129534034,-4.499234940271516,3.1633137522496657,-4.481844327145103,0
25.344,3.1666442326519424,-4.4986570462257545,3.1679715266319572,-4.465455785845983,3.176696856133769,-4.475300538885781,0
25.376,3.1858442229806756,-4.498676427389314,3.12584259392143,-4.444930248026707,3.1678751453882628,-4.463164042648607,0
25.408,3.205044213197872,-4.498695794443728,3.190020274310637,-4.481630589674336,3.188253191105897,-4.4705622724008,0
25.44,3.2242442033037038,-4.498715145945552,3.2280968200268516,-4.47988599980125,3.2157106368326325,-4.474303364715362,0
25.472,3.2434441933054625,-4.498734481448939,3.2587283567161958,-4.467496023442841,3.244437718953872,-4.471592020165892,0
25.504,3.262644183217126,-4.498753801535519,3.2309406142091115,-4.4674297151920905,3.2505588712324265,-4.469938681537629,0
25.536,3.281844173058491,-4.498773107778083,3.238863271729591,-4.493612024676262,3.2574006256150256,-4.479419594905859,0
25.568,3.3010441628539278,-4.498792402640359,3.281656832486239,-4.515448356066737,3.278623102552687,-4.493842670051134,0
25.6,3.3202441526308215,-4.498811689319226,3.3800011372207512,-4.481268201949305,3.330694310612352,-4.4888244502263674,0
25.632,3.3394441424178094,-4.498830971539496,3.299976554523432,-4.535588771020083,3.3299272023701034,-4.5075417450727215,0
25.664,3.358644132242924,-4.498850253314421,3.4054385766526014,-4.53166944044436,3.3716517462748623,-4.5172043912989155,0
25.696,3.3778441221317683,-4.498869538687312,3.39733311372363,-4.5243450271184145,3.3934442874422297,-4.52007221758962,0
25.728,3.3970441121058497,-4.498888831470888,3.404180491463215,-4.445872606696608,3.4092587632324935,-4.490403951167478,0
25.76,3.416244102181184,-4.498908135001148,3.432110479969456,-4.511986475886946,3.429919444101447,-4.499048546664474,0
25.792,3.435444092367265,-4.498927451921611,3.4378974904021518,-4.506765570476909,3.4446306567869778,-4.502146950679668,0
25.824,3.4546440826664693,-4.498946784011846,3.435182040492448,-4.4781475508489885,3.4523712044248476,-4.492558794751755,0
25.856,3.4738440730739244,-4.498966132071374,3.4840169865147477,-4.462306799331737,3.4765495114068905,-4.480469610119883,0
25.888,3.4930440635778517,-4.498985495866482,3.5266652268821366,-4.492169288265284,3.5081157917340615,-4.485161103845875,0
25.92,3.512244054160347,-4.499004874143443,3.521728275861788,-4.5107139761709645,3.525080779514393,-4.4953938829952005,0
25.952,3.531444044798545,-4.499024264707376,3.520736921775514,-4.5162643852542725,3.5348632305419425,-4.503753720184112,0
25.984,3.5506440354660858,-4.499043664561795,3.571536137008521,-4.521453873328451,3.561052387247635,-4.51084542171003,0
26.016000000000002,3.569844026134787,-4.4990630700999645,3.5750921264241935,-4.524701570986957,3.578188277035653,-4.516399523324542,0
26.048000000000002,3.589044016776418,-4.499082477335862,3.600783918907371,-4.448392766955849,3.5987465279025614,-4.489208461855389,0
26.080000000000002,3.6082440073644677,-4.499101882159981,3.5929386798350644,-4.486676730615217,3.607943382797059,-4.488207407195865,0
26.112000000000002,3.6274439978757997,-4.4991212806036085,3.6395406284918654,-4.504667158840945,3.632102275201998,-4.494802940232607,0
26.144000000000002,3.6466439882921002,-4.499140669094609,3.6306281935204425,-4.463289415790962,3.643032636663805,-4.482209155504211,0
26.176000000000002,3.66584397860103,-4.499160044688278,3.6203981096719673,-4.497259449590897,3.64549882001033,-4.488240889448921,0
26.208000000000002,3.6850439687970127,-4.499179405258399,3.6172347686135775,-4.525323125081751,3.645713193604569,-4.50308539042266,0
26.240000000000002,3.7042439588816056,-4.499198749636133,3.7194875236375173,-4.510435499402903,3.6867429197805954,-4.506037030907516,0
26.272000000000002,3.7234439488634314,-4.499218077687712,3.7415241799447414,-4.504363716717117,3.7201754180185986,-4.505379292687572,0
26.304000000000002,3.7426439387576593,-4.499237390325802,3.7592675408805065,-4.473522512756486,3.7473322613441855,-4.492648159732317,0
26.336000000000002,3.761843928585071,-4.499256689453649,3.734018080952743,-4.488024806763842,3.753526583375351,-4.490810390664272,0
26.368000000000002,3.7810439183707563,-4.4992759778454285,3.828038778823867,-4.503510895250864,3.7948514557474153,-4.495902159707665,0
26.400000000000002,3.800243908142526,-4.499295258970308,3.8140460235175664,-4.458388267297632,3.814049277050733,-4.480908167348545,0
26.432000000000002,3.819443897929136,-4.499314536771367,3.8502465969114854,-4.48184470191492,3.840048199190406,-4.481294345654847,0
26.464000000000002,3.838643887758445,-4.499333815413415,3.8311263160560736,-4.455219388599722,3.8479994401296653,-4.470875929679146,0
26.496000000000002,3.857843877655628,-4.49935309901578,3.9023079216096197,-4.543555611466094,3.881242826909913,-4.499959373951256,0
26.528000000000002,3.877043867641569,-4.4993723913871175,3.908622263504848,-4.451273734165042,3.903714595729375,-4.480496696350668,0
26.560000000000002,3.8962438577315326,-4.499391695779193,3.923438741671117,-4.513775013881202,3.9231242482791595,-4.493819610047222,0
26.592000000000002,3.9154438479342155,-4.499411014675407,3.9209157967574373,-4.493556722426551,3.9337608618340694,-4.4937260511301655,0
26.624000000000002,3.9341856593115248,-4.49942997168208,3.935360853278404,-4.4739690631151925,3.945624336496706,-4.4858345988837725,0
26.656,3.952336398500565,-4.499448366442897,3.9485781136752816,-4.48554846167995,3.957669482617459,-4.485731179330694,0
26.688,3.969899915911272,-4.4994662195670765,3.9812240697754926,-4.5452838442912,3.9776064584871884,-4.509562976621881,0
26.72,3.9868932717723187,-4.499483565223246,4.0340098032111875,-4.474538419551113,4.010345717809315,-4.495563580612847,0
26.752,4.003335685323341,-4.499500413281962,3.975290744231623,-4.499691647874935,4.006175377349403,-4.497224928799369,0
26.784,4.019246139514034,-4.499516763765521,4.048774995726289,-4.45831299534316,4.032751179312577,-4.481669970725945,0
26.816,4.034642869577803,-4.499532615437895,4.036530543750715,-4.528335738980853,4.043493398970492,-4.500345788037626,0
26.848,4.049543306215355,-4.499547968860363,4.0656192308730015,-4.454600143861422,4.061278588395642,-4.482056737057188,0
26.88,4.063964120396278,-4.499562827192861,4.041863407123928,-4.551642880099275,4.062161284173001,-4.50990010096369,0
26.912,4.077921283525935,-4.499577196199954,4.09952657503162,-4.517126485917411,4.085479289180785,-4.512799266223633,0
26.944,4.091430123335089,-4.4995910839807385,3.997012570725268,-4.556417437579435,4.0581965129452815,-4.530254856359334,0
26.976,4.10450537219697,-4.499604500607294,4.111834250552308,-4.480970373765628,4.08749614942759,-4.510549101926012,0
27.008,4.117161208349291,-4.499617457744941,4.132026034287974,-4.489739222209522,4.112901600051836,-4.502232913138757,0
27.04,4.129411291175148,-4.499629968287344,4.104255639116142,-4.519078131562939,4.116793720322982,-4.508978496194972,0
27.072,4.141268791650468,-4.49964204602217,4.150440776027876,-4.522030593241261,4.137367845679547,-4.5142065718153415,0
27.104,4.152746418882962,-4.499653705334145,4.1301120820724115,-4.591776044989017,4.141353179321023,-4.545241347809558,0
27.136,4.16385644348648,-4.4996649609473724,4.177168244000291,-4.493896379422991,4.162346473852025,-4.524710106050835,0
27.168,4.174610718382628,-4.499675827706023,4.153132324126149,-4.494624593841209,4.165114770165079,-4.512682414603153,0
27.2,4.185020697499149,-4.499686320391079,4.179364210826706,-4.444286581556855,4.1770620205701,-4.485330371550127,0
27.232,4.195097452737603,-4.499696453570172,4.249804752176906,-4.493273621599883,4.212206715767489,-4.488513747191104,0
27.264,4.204851689506145,-4.49970624147732,4.218885794152578,-4.475965071090268,4.220732475987276,-4.483500146325037,0
27.296,4.214293761052719,-4.499715697919395,4.163819514226196,-4.487530246709597,4.203634138812651,-4.485117858224846,0
27.328,4.223433681786209,-4.499724836206269,4.217896306840808,-4.477590561002564,4.214824565788454,-4.482112421156407,0
27.36,4.23228113973543,-4.499733669101698,4.263499973110584,-4.597288822018184,4.239604802010705,-4.528188280958507,0
27.392,4.240845508266088,-4.499742208792205,4.246098248046168,-4.464983619442593,4.24734238253124,-4.502911540654358,0
27.424,4.249135857152328,-4.499750466871345,4.26211864673418,-4.46769011741334,4.258228654447321,-4.488827927353023,0
27.456,4.257160963080939,-4.49975845433689,4.244739822376825,-4.571462621384198,4.257649713158668,-4.521886599143498,0
27.488,4.2649293196516,-4.499766181598679,4.252512617598055,-4.496260042764426,4.260257384442448,-4.511640615092714,0
27.52,4.272449146924898,-4.499773658495002,4.239742573929433,-4.505650658633715,4.256564817300615,-4.509249121134917,0
27.552,4.279728400560666,-4.499780894315594,4.240399734218193,-4.54569789543029,4.254467760448206,-4.5238329750839466,0
27.584,4.286774780581843,-4.499787897829522,4.280492510331919,-4.524388225701601,4.269106875112733,-4.5240592803432875,0
27.616,4.29359573979326,-4.499794677316412,4.256993865629414,-4.446684069437017,4.2683555955339,-4.493113266666693,0
27.648,4.300198491880103,-4.49980124059969,4.314532354387598,-4.516275914999176,4.2907892608725495,-4.50238226698785,0
27.68,4.306590019207118,-4.499807595080697,4.30963175605748,-4.473181472673812,4.3021624479029255,-4.490705764938255,0
27.712,4.312777080336641,-4.499813747772728,4.298774991716718,-4.54989895270063,4.304520937059316,-4.514386734569904,0
27.744,4.318766217281163,-4.499819705334227,4.294279551435608,-4.519252656036722,4.3040190628660815,-4.516336680493516,0
27.776,4.324563762504197,-4.49982547410054,4.300132885348513,-4.507912894978445,4.3059442804850026,-4.512970630209136,0
27.808,4.330175845681676,-4.499831060113768,4.34327271027991,-4.516802397814986,4.324244028159683,-4.514506691364642,0
27.84,4.335608400234819,-4.4998364691504165,4.419658272835277,-4.524031596050328,4.365670349788736,-4.518319900998211,0
27.872,4.340867169644352,-4.499841706746639,4.347912611095295,-4.501314836948091,4.361723573021941,-4.5115210201002505,0
27.904,4.345957713555138,-4.499846778220975,4.397763826505198,-4.474082834446411,4.3791950247524465,-4.49654879071498,0
27.936,4.350885413679501,-4.499851688694574,4.359940666360602,-4.5179507455426595,4.374450893289222,-4.5051125207537925,0
27.968,4.355801674372687,-4.499856562238429,4.376855462777313,-4.498591044888062,4.378370332980358,-4.5025068761201865,0
28.0,4.3561659854454975,-4.490900590460438,4.393264159538744,-4.478903479360504,4.384333600424268,-4.493065522965166,0
28.032,4.356182740572292,-4.4812866165625005,4.386175374080278,-4.489597208533124,4.385075881153873,-4.491678202585235,0
28.064,4.3561404574381655,-4.471585034870448,4.3757593142999145,-4.484976981453905,4.381354829982546,-4.4889977195800315,0
28.096,4.356096608064002,-4.461888498217758,4.366261990040411,-4.453891599973564,4.375323321516205,-4.474955277280763,0
28.128,4.356062512594225,-4.452209645397939,4.308146977051835,-4.46811132525246,4.348458457550396,-4.472217702088083,0
28.16,4.356038813915656,-4.442547203655567,4.355172636767166,-4.397050843733203,4.351149833214567,-4.44215096441032,0
28.192,4.356023967822737,-4.432898083367087,4.370756887333335,-4.437821027186948,4.3589983746778715,-4.44041899520634,0
28.224,4.3560162494152594,-4.42325947327985,4.308051592522301,-4.412997999289107,4.338625387120272,-4.4294506025290055,0
28.256,4.356014175042802,-4.4136291005876,4.334042095764461,-4.436304141881301,4.336797794609623,-4.432192023953004,0
28.288,4.356016546735494,-4.4040051753021805,4.337223697514714,-4.389573379700093,4.336973874557111,-4.415144571922589,0
28.32,4.356022415421295,-4.3943862973463785,4.335613692029599,-4.414047971333757,4.336435513158684,-4.414705937343097,0
28.352,4.35603103395649,-4.384771373996064,4.409522848856491,-4.393033549379138,4.365676151390611,-4.406036987798855,0
28.384,4.356041815559896,-4.375159553070201,4.337641036840358,-4.378353312309802,4.354467802338498,-4.39496352323142,0
28.416,4.356054299883346,-4.365550170065662,4.367495025017091,-4.371809942632,4.359684382061685,-4.385702096609121,0
28.448,4.356068125966782,-4.3559427066350755,4.3073156747784065,-4.38233284979358,4.33874258506869,-4.3843544034925115,0
28.48,4.3560830108528625,-4.346336758099539,4.373167343876084,-4.394367436991939,4.352518171278583,-4.388359622496958,0
28.512,4.356098732732155,-4.336732008103622,4.360518428015996,-4.345795357563624,4.355723954895689,-4.371333922126145,0
28.544,4.356115117683835,-4.327128208891462,4.345198824907486,-4.319085214109823,4.351519583402201,-4.350434444522455,0
28.576,4.356132029260173,-4.317525165990461,4.3472827883227545,-4.281717791339415,4.34983054661507,-4.322947788854484,0
28.608,4.356149360316107,-4.307922726339291,4.390969685914693,-4.346020068126602,4.366291885275951,-4.33217670617265,0
28.64,4.356167026608675,-4.298320769098784,4.368883842385328,-4.304863896574574,4.367334353493764,-4.321251587948062,0
28.672,4.356184961789616,-4.288719198546272,4.351218114783021,-4.256793787493543,4.360893546344185,-4.295468473387077,0
28.704,4.356203113493119,-4.279117938583435,4.362377743168677,-4.253066727990626,4.361492916705982,-4.278507780856003,0
28.736,4.356221440282967,-4.269516928490634,4.386769144924807,-4.288048987574882,4.371609103092637,-4.282324269177948,0
28.768,4.356239909273031,-4.259916119642219,4.400303793739102,-4.252190661020692,4.383092677947946,-4.27027083155628,0
28.8,4.356258494274393,-4.2503154729615265,4.347920814146325,-4.2859334266968405,4.369029634441058,-4.2765358752603415,0
28.832,4.356277174353626,-4.240714956944618,4.369132618925238,-4.267923687828433,4.3690765335015325,-4.27309100594164,0
28.864,4.356295932711477,-4.231114546121166,4.343252707573715,-4.18373205586361,4.358752711428554,-4.237347431570244,0
28.896,4.3563147558107715,-4.221514219851405,4.388527078584237,-4.189510904503352,4.370668169364045,-4.2182128264085375,0
28.928,4.356333632697811,-4.2119139613817485,4.370323946157426,-4.203849295567828,4.3705361936589,-4.212467419742007,0
28.96,4.35635255447374,-4.202313757099854,4.3976177138820916,-4.167382450556813,4.381374517561535,-4.194433437741869,0
28.992,4.356371513881913,-4.192713595943901,4.320419616392394,-4.221247109350356,4.3569982748906115,-4.205158912062917,0
29.024,4.356390504984878,-4.1831134689315395,4.312356945172106,-4.159488181252835,4.339147462557249,-4.186890625419835,0
29.056,4.356409522910507,-4.173513368782106,4.402472154791214,-4.136241204919602,4.36448306057006,-4.16663086290365,0
29.088,4.356428563651394,-4.163913289611885,4.344019924893658,-4.15735032857505,4.356303528830569,-4.162918654858813,0
29.12,4.3564476239053125,-4.154313226686908,4.3527202083871295,-4.138782052034817,4.354875924483981,-4.15326401941833,0
29.152,4.356466700947318,-4.144713176221325,4.315548171791994,-4.149436498137577,4.339150548467114,-4.151733016597557,0
29.184,4.356485792526274,-4.135113135212106,4.352897195705289,-4.110387998887895,4.344654933620948,-4.135195015207611,0
29.216,4.3565048967802955,-4.125513101302842,4.3183688695979425,-4.127511541525563,4.33414623547554,-4.132121631431147,0
29.248,4.356524012166918,-4.1159130726710265,4.3273921190479605,-4.095884539126461,4.331450317613034,-4.1176268002081695,0
29.28,4.35654313740483,-4.106313047934338,4.359351151931535,-4.103142705902296,4.342616381360964,-4.111833168187417,0
29.312,4.356562271424746,-4.096713026072412,4.4069501812251,-4.146555804973341,4.368355632728363,-4.125722228606276,0
29.344,4.3565814133276755,-4.087113006361258,4.344869709392731,-4.059646925795775,4.358966996321946,-4.0992921131896765,0
29.376,4.3566005623491835,-4.077512988318069,4.384517510206067,-4.119465857788026,4.369192936423526,-4.10736161673996,0
29.408,4.356619717828731,-4.067912971654588,4.297868575292206,-4.06669674160029,4.340668928255607,-4.091095672398606,0
29.44,4.356638879183287,-4.058312956237547,4.3232918077142015,-4.080921289501458,4.333723818173046,-4.0870259249580485,0
29.472,4.356658045884723,-4.048712942054993,4.332915941885137,-4.043825064232844,4.333406407743997,-4.069745586390246,0
29.504,4.3566772174405735,-4.039112929187515,4.348529777813349,-3.959213847437992,4.339461497896985,-4.025532896535754,0
29.536,4.356696393377848,-4.029512917783591,4.301203983317157,-4.00492899312344,4.324164236295589,-4.017291340901478,0
29.568,4.356715573229687,-4.019912908038425,4.391375211676469,-4.0079727647141485,4.351054372824555,-4.01356391616149,0
29.6,4.356734756524658,-4.010312900175753,4.362574175773647,-4.028853011483668,4.3556680425385315,-4.0196795600295925,0
29.632,4.356753942778544,-4.000712894432224,4.374383257659149,-3.9902155471358145,4.363159879258369,-4.007893960615524,0
29.664,4.35677313148847,-3.991112891044017,4.32391001672638,-4.008488350678238,4.347465686999669,-4.008131722388123,0
29.696,4.35679232212924,-3.9815128902354453,4.361191585710809,-3.9767180186149234,4.352961801230438,-3.9955662466302106,0
29.728,4.3568115141517305,-3.971912892209346,4.366957922494991,-3.9655792977014372,4.3585660063485445,-3.9835714728136367,0
29.76,4.356830706983208,-3.96231289713909,4.387456311243766,-3.965603029014954,4.370127886623158,-3.976384101052311,0
29.792,4.356849900029384,-3.952712905162085,4.384197323147815,-3.8932139971179978,4.375761421057863,-3.943116065239521,0
29.824,4.356869092678052,-3.943112916374674,4.363933950095052,-3.9097190033985836,4.371036193777894,-3.929757246266386,0
29.856,4.356888284304132,-3.9335129308283414,4.344776973256555,-3.9281405580450532,4.360538267697602,-3.9291105767428562,0
29.888,4.356907474275898,-3.9239129485271516,4.368461218522438,-3.8684623958201927,4.363713210895962,-3.9048513101399713,0
29.92,4.356926661962217,-3.9143129694263594,4.314193041217957,-3.87547843144432,4.343910906328941,-3.8931021644284414,0
29.952,4.35694584674054,-3.9047129934321236,4.3398511441161585,-3.9435612824238424,4.342292764862491,-3.913285817393228,0
29.984,4.356965028005481,-3.8951130204022637,4.406197517456486,-3.907799799654724,4.367860429100223,-3.911091416063676,0
30.016000000000002,4.35698420604591,-3.8855130501546737,4.323423294531196,-3.9070667418223777,4.350091338472747,-3.909481552132081,0
30.048000000000002,4.345484109378627,-3.8785530113744255,4.3305062919721875,-3.8914354386518766,4.3307373848180095,-3.9022459445268103,0
30.080000000000002,4.3268399108143,-3.878031342127931,4.373868472575679,-3.8796435902703577,4.3364698592639055,-3.893182519436717,0
30.112000000000002,4.307523608402845,-3.878028011736029,4.265402990168899,-3.8527298943162394,4.2965231497417475,-3.8769754047491416,0
30.144000000000002,4.28811090224629,-3.8780785631283456,4.315054452542345,-3.83270427759841,4.292415712040631,-3.8592380315991592,0
30.176000000000002,4.268713189437558,-3.878116284215083,4.245850075881028,-3.8670859426961037,4.262269502561168,-3.8623459827371605,0
30.208000000000002,4.249349834538652,-3.878134161086187,4.236171669862773,-3.8041398071735846,4.240310418048075,-3.839030555068641,0
30.240000000000002,4.230019195930115,-3.8781350690609924,4.227711295367874,-3.86101529137341,4.223750820476772,-3.8477902460560367,0
30.272000000000002,4.210715752090645,-3.87812277798508,4.1870528189789,-3.867966354476225,4.197551673537637,-3.855825649724533,0
30.304000000000002,4.191434094715477,-3.8781004187488652,4.232203432200473,-3.8416421014801916,4.199892432127703,-3.8501166573882206,0
30.336000000000002,4.172169698514345,-3.8780703493774524,4.151270833008945,-3.8670027912094893,4.168923848569419,-3.856835201364202,0
30.368000000000002,4.152918932395326,-3.8780342766094456,4.1398980604384095,-3.8713734510790876,4.145793590089573,-3.862614360745102,0
30.400000000000002,4.13367891906858,-3.8779934094623227,4.119204284288632,-3.868714325608584,4.123637925132818,-3.865018011360896,0
30.432000000000002,4.114447387118243,-3.877948598162257,4.106428759662692,-3.8844929959232193,4.105234316939118,-3.8727714654335283,0
30.464000000000002,4.095222545234369,-3.8779004482152013,4.095509897184178,-3.860918695326918,4.089824607773691,-3.86799357983294,0
30.496000000000002,4.076002980933292,-3.8778494084061625,4.059434025579612,-3.8467718249624734,4.066148434506435,-3.859467823340295,0
30.528000000000002,4.0567875802961515,-3.8777958346268955,4.083663969293206,-3.8422525061227253,4.061634709018273,-3.8525443329919042,0
30.560000000000002,4.037575464665177,-3.8777400328528557,4.020368864042817,-3.894999959976811,4.033608432680419,-3.869488894762375,0
30.592000000000002,4.018365940779468,-3.877682285222845,4.007680763687745,-3.8803004384107225,4.011717427800896,-3.873775499837058,0
30.624000000000002,3.999158461509998,-3.8776228632905037,4.023588291539149,-3.8786549172038276,4.004945837026809,-3.8756889520654396,0
30.656000000000002,3.9799525949449936,-3.8775620322657085,3.944839727560851,-3.8484122183749268,3.969383457874395,-3.8647396788224997,0
30.688000000000002,3.960748000052191,-3.87750004956987,3.974548452393979,-3.846551601038197,3.9599295210632404,-3.857425652329444,0
30.72,3.941544407518757,-3.877437160401549,3.910665841514095,-3.8954269530532444,3.9287041151836632,-3.8725872184514567,0
30.752,3.922341604664098,-3.8773735923399832,3.926002644748277,-3.8808881039232133,3.9161035933055883,-3.875868519179585,0
30.784,3.903139423553616,-3.877309550375186,3.865267009812346,-3.8370191651270673,3.884249026358156,-3.860289682790712,0
30.816,3.8839377316264487,-3.8772452131931208,3.9097571129962856,-3.9241428470921327,3.8829323274293257,-3.885791865568322,0
30.848,3.8647364242974076,-3.8771807310907658,3.895943235698732,-3.922999700122907,3.8766167569560004,-3.9006359741710597,0
30.88,3.8455354191101216,-3.877116225558236,3.858582370725065,-3.893597509745231,3.8578830683534933,-3.8977816581525953,0
30.912,3.82633465111063,-3.877051790339194,3.839884273876806,-3.8674749687761616,3.839163616025284,-3.885620175166114,0
30.944,3.807134069182992,-3.8769874936527033,3.796725422929865,-3.85828211817397,3.8106684037570626,-3.874646287139365,0
30.976,3.787933633144855,-3.876923381210273,3.744223866277272,-3.9006312802668455,3.7725706532079193,-3.8850017718068575,0
31.008,3.7687333114446746,-3.8768594796700984,3.7536619288055504,-3.847241891676108,3.7534872273541238,-3.8698594631574537,0
31.04,3.7495330793361537,-3.876795800216327,3.7861972410388143,-3.838146012952524,3.755051296212289,-3.85713587975654,0
31.072,3.7303329174317468,-3.876732342017038,3.7325650405544715,-3.8291929155336364,3.734536856839416,-3.8459206365882563,0
31.104,3.7111328105575145,-3.876669095386694,3.7083710129046037,-3.867283583876151,3.712550581701776,-3.8544278929775837,0
31.136,3.6919327468476033,-3.8766060445471204,3.727398152823429,-3.8423856623931014,3.706969672179777,-3.849573200010911,0
31.168,3.6727327170292106,-3.8765431699393376,3.7009048384491057,-3.853217041245148,3.6930238003603133,-3.850993043153547,0
31.2,3.6535327138588647,-3.8764804500837657,3.6758591848066047,-3.8785347532142156,3.6746380155060354,-3.8619721263974185,0
31.232,3.6343327316787626,-3.8764178630178248,3.6402403066635487,-3.893370632343965,3.649358993079945,-3.874494006030079,0
31.264,3.6151327660682426,-3.876355387358904,3.624536513103169,-3.881039055290631,3.627910061989942,-3.8770745672691596,0
31.296,3.595932813570531,-3.8762930030492617,3.628234766224817,-3.793071888191799,3.6165200044162855,-3.843436088839304,0
31.328,3.576732871478951,-3.876230691840267,3.5791674680470282,-3.813076787958551,3.5900590504697245,-3.8312550021037852,0
31.36,3.5575329376700378,-3.8761684375691448,3.5027773039815613,-3.900630099422374,3.543626412376338,-3.858967705291737,0
31.392,3.5383330104735857,-3.8761062262743757,3.5324098834902444,-3.871464748035749,3.527619861251452,-3.8639292090245507,0
31.424,3.519133088571736,-3.8760440461879844,3.4869951509886707,-3.897849398915871,3.4998500375256714,-3.8774599871777626,0
31.456,3.499933170920852,-3.875981887635456,3.484540181850611,-3.9075392193694913,3.482206155602424,-3.889454392353423,0
31.488,3.4807332566912366,-3.8759197428677044,3.4947886765180214,-3.9289537360409894,3.475719224296597,-3.9052168479829157,0
31.52,3.461533345220766,-3.8758576058447365,3.517238887812193,-3.863230142241179,3.480807150022254,-3.888384886493447,0
31.552,3.4423334359793474,-3.87579547198739,3.4063269131023173,-3.8330734238912187,3.4394951155727274,-3.866223022570467,0
31.584,3.4231335285417246,-3.875733337911473,3.417037202231884,-3.9184215213977,3.4189920105592417,-3.8870651418606434,0
31.616,3.403933622566677,-3.8756712011574495,3.3666987518168408,-3.872540612754939,3.386554767393336,-3.8812180474394404,0
31.648,3.384733717781055,-3.87560905992804,3.4203682322112723,-3.865834651184076,3.388560213662536,-3.8750274027605895,0
31.68,3.3655338139674145,-3.875546912845337,3.3961515017112807,-3.8301078261550496,3.380076789237252,-3.857022281855036,0
31.712,3.3463339109542907,-3.875484758737996,3.3555195828432844,-3.8235564960005046,3.3587339670501457,-3.843598672522214,0
31.744,3.327134008608347,-3.8754225964675184,3.350998642197809,-3.85153886428133,3.34411989749717,-3.8467374488216732,0
31.776,3.3079341068278394,-3.8753604248005327,3.3069945701897687,-3.847815764289464,3.3177498269822,-3.847131468402331,0
31.808,3.2887342055369717,-3.8752982423313513,3.2957494722745735,-3.8524321703149087,3.2974297455301427,-3.8492144354405817,0
31.84,3.269534304680856,-3.875236047456031,3.2671299519953707,-3.9192951289073057,3.2737898885735977,-3.8772093909401697,0
31.872,3.250334404220896,-3.8751738383959484,3.2020868628064862,-3.905401168333517,3.233588738754137,-3.8884487707241764,0
31.904,3.231134504130501,-3.8751116132656835,3.2436005335892966,-3.9214827061869335,3.2260735172093433,-3.901625003297936,0
31.936,3.2119346043911015,-3.8750493701770994,3.240039951168565,-3.832013796789195,3.220140151351508,-3.8737431675449656,0
31.968,3.192734704988501,-3.8749871073691087,3.1766995094629324,-3.885331065466863,3.191243955195019,-3.878340961065174,0
32.0,3.1735348059096182,-3.874924823350917,3.1640789011824277,-3.902108451440629,3.168857994231785,-3.8878105783353947,0
32.032000000000004,3.1543349071397055,-3.874862517045688,3.1556862695628807,-3.861107377376405,3.152069365050277,-3.8770919054200257,0
32.064,3.1351350086601277,-3.8748001879216356,3.144703720579702,-3.916489521745109,3.137603167992509,-3.892813545727673,0
32.096000000000004,3.11593511044677,-3.8747378360985265,3.0789494549600227,-3.859630862422396,3.102621743553142,-3.8795030528849286,0
32.128,3.096735212469133,-3.8746754624193964,3.048705616749326,-3.911454895736064,3.069535353645684,-3.8922463580544955,0
32.160000000000004,3.0775353146901345,-3.874613068479828,3.035502138864927,-3.917165984195037,3.044402128583694,-3.902176765389381,0
32.192,3.0583354170665995,-3.874550656610216,3.0706048520887532,-3.8455789954856914,3.04336327886671,-3.8795002048745495,0
32.224000000000004,3.0391355195503897,-3.874488229809852,3.052740733167714,-3.843071915547803,3.0355943214920473,-3.864891429233862,0
32.256,3.0199356220900784,-3.874425791635155,3.0288594862752585,-3.8623459708785415,3.021380448326589,-3.863835780970473,0
32.288000000000004,3.0007357246330386,-3.8743633460477116,3.0646986026910974,-3.8752568880755938,3.0271877710018105,-3.868366756387789,0
32.32,2.9815358271277996,-3.8743008972307433,2.9973052067827135,-3.8599260479856743,3.0037148062434538,-3.864953005647339,0
32.352000000000004,2.9623359295264953,-3.8742384493850137,2.9644067718291534,-3.902026864801482,2.976471653398865,-3.879745084435681,0
32.384,2.9431360317872306,-3.8741760065167994,2.939825191174459,-3.84334989215646,2.950293129414767,-3.865149547403882,0
32.416000000000004,2.923936133876199,-3.8741135722313467,2.930537555836004,-3.8660802991618843,2.9308709608672254,-3.865484394655632,0
32.448,2.9047362357693944,-3.8740511495451027,2.905390779799516,-3.885703447915456,2.9091589492975802,-3.873534570660749,0
32.480000000000004,2.885536337453801,-3.8739887407289904,2.939910069309209,-3.8408242497838296,2.909939458129978,-3.8604130061400936,0
32.512,2.8663364389279664,-3.873926347193143,2.8745494411095662,-3.8120633640517227,2.88426351211851,-3.8410357226851226,0
32.544000000000004,2.8471365402019173,-3.8738639694209467,2.820434848987024,-3.90947585695401,2.8472121076320605,-3.868374359174742,0
32.576,2.8279366412964095,-3.873801606957144,2.8261894791237703,-3.866309812897573,2.827283116966625,-3.867511132147728,0
32.608000000000004,2.808736742241556,-3.873739258451309,2.8140727147007594,-3.8426814490771624,2.8104790167738045,-3.857541857905237,0
32.64,2.7895368430749095,-3.873676921754459,2.813783536210221,-3.870390095543219,2.8002808852428065,-3.8626437578291997,0
32.672000000000004,2.770336943839114,-3.8736145940631523,2.746754945821546,-3.8892600653921443,2.7673505701559225,-3.8732528896743226,0
32.704,2.751137044579265,-3.873552272102339,2.762515772824161,-3.92854426059171,2.7538967118989053,-3.8953320486918432,0
32.736000000000004,2.7319371453401406,-3.8734899523357265,2.7644970384675274,-3.868412185817692,2.746616903203161,-3.884526713849101,0
32.768,2.712737246163467,-3.873427631190607,2.675209707703004,-3.875472339095363,2.7065340856878057,-3.880867571820147,0
32.8,2.693537347085388,-3.873365305283135,2.7120824088034285,-3.8681400313661785,2.6972334756327494,-3.875739159200482,0
32.832,2.674337448134296,-3.8733029716299736,2.701603661438087,-3.851463020715173,2.6874616106725817,-3.8659913015123486,0
32.864,2.655137549329155,-3.8732406278330633,2.6306543691315856,-3.906834178063133,2.653218774796522,-3.8822910428629864,0
32.896,2.6359376506784282,-3.873178272225964,2.597579071087407,-3.8799788615615247,2.6194429540778987,-3.8813287534698633,0
32.928,2.616737752179671,-3.8731159039726455,2.6289738361003283,-3.7796176998326168,2.6117353676769097,-3.8406069074400095,0
32.96,2.5975378538198206,-3.873053523112632,2.6258467591186063,-3.8635192292664984,2.60585998506726,-3.849734404322466,0
32.992,2.5783379555761674,-3.8729911305498064,2.591246387559904,-3.882799024157494,2.588494606898624,-3.86292281406038,0
33.024,2.55913805741794,-3.8729287279857862,2.540204129381388,-3.861814246019812,2.557658476742268,-3.862441943656809,0
33.056,2.5399381593084045,-3.872866317802304,2.5096303887057965,-3.8748264213821964,2.5269273023889376,-3.8673582882645663,0
33.088,2.520738261207344,-3.872803902900282,2.453617579020977,-3.8428771429889643,2.486083473907482,-3.857528382299023,0
33.12,2.5015383630737484,-3.872741486506043,2.4921499946593997,-3.877675180004747,2.476990143071877,-3.865549654173528,0
33.152,2.4823384648685476,-3.872679071957213,2.4578262497783787,-3.874525003418747,2.4578046466095467,-3.8691023492964405,0
33.184,2.463138566557201,-3.8726166624821223,2.4630507914211823,-3.919636390707383,2.4483831653747954,-3.8892785257371036,0
33.216,2.443938668111981,-3.8725542609869543,2.4986115932290014,-3.856056304708889,2.4569545973376155,-3.8759522031864155,0
33.248,2.4247387695138,-3.8724918698643425,2.4272132441561647,-3.9160350091998537,2.4335381168629953,-3.8919478985826106,0
33.28,2.4055388707534653,-3.8724294908357453,2.405072973125896,-3.9132880792732374,2.410632120140724,-3.9004465516632916,0
33.312,2.3863389718322865,-3.8723671248377287,2.41048157525499,-3.8837732197192607,2.399051962933048,-3.893739807679167,0
33.344,2.367139072761997,-3.8723047719594503,2.386204809776955,-3.8435883075687505,2.3823931623924075,-3.873641804072731,0
33.376,2.347939173564002,-3.8722424314353323,2.3288669127543202,-3.832688178230473,2.349462723236897,-3.857222956974245,0
33.408,2.3287392742679986,-3.8721801016933406,2.351575651614368,-3.8309515977385367,2.338787955269727,-3.846677022030717,0
33.44,2.3095393749100683,-3.872117780455699,2.2943474925683036,-3.817583937827766,2.3094918308584753,-3.8350024009623604,0
33.472,2.290339475530356,-3.872055464885492,2.3203035119280484,-3.8609968789685185,2.302296563949283,-3.8453628067339256,0
33.504,2.271139576170488,-3.871993151769631,2.3394953558128093,-3.8573921903124258,2.305656141357944,-3.850137174652442,0
33.536,2.2519396768708946,-3.8719308377263406,2.2362665926278362,-3.8642328163157305,2.2663803825360347,-3.8557380436838704,0
33.568,2.2327397776682023,-3.871868519423724,2.2483345204526484,-3.893752190800189,2.2476420983858847,-3.870906310867604,0
33.6,2.2135398785928673,-3.871806193795268,2.2287310850708097,-3.9075215777262433,2.2285577537614945,-3.8855150202660607,0
33.632,2.1943399796671987,-3.8717438582383537,2.202672714104026,-3.8832071072747376,2.2066837986227767,-3.8845544507507506,0
33.664,2.175140080903904,-3.871681510782932,2.1438112036277976,-3.866415568637625,2.170014821374437,-3.8772614857669243,0
33.696,2.155940182305244,-3.871619150219467,2.1555113252962648,-3.9080523319527267,2.1526934837193337,-3.889540403937533,0
33.728,2.1367402838628675,-3.8715567761778633,2.1336650995940847,-3.8739255716758483,2.1335621908713454,-3.883257042742172,0
33.76,2.117540385558329,-3.8714943891522733,2.07086548244725,-3.8914367487526476,2.096963568327531,-3.8864914895594387,0
33.792,2.0983404873642617,-3.871431990470161,2.150247762145359,-3.886015922492756,2.1067573067004393,-3.886263821008914,0
33.824,2.0791405892461383,-3.8713695822075995,2.044140225279348,-3.926592156879938,2.0701905349926886,-3.902357709050178,0
33.856,2.059940691164493,-3.871307167056247,2.106550421134948,-3.886803532924779,2.0732145503191797,-3.8960985895578313,0
33.888,2.040740793077473,-3.871244748150556,1.974548576051601,-3.880890212709031,2.022228221484054,-3.8899777890651963,0
33.92,2.021540894943545,-3.8711823288663556,1.9998180768721538,-3.871519592107277,2.0017442245067842,-3.8825570618878222,0
33.952,2.002340996724178,-3.87111991260377,1.9466056229519502,-3.9107467028921232,1.968168844741476,-3.8937954732366586,0
33.984,1.983141098386334,-3.871057502568483,1.9902373436683611,-3.8422135830755733,1.9654763051522426,-3.873125277228084,0
34.016,1.9639411999045944,-3.870995101565437,1.9662566112194466,-3.891156138554515,1.9542684883978483,-3.880300188361937,0
34.048,1.9447413012627937,-3.8709327118182912,1.9024023401930419,-3.818566046763185,1.9220020899100603,-3.855569105890457,0
34.08,1.9255414024550508,-3.8708703348262765,1.9834757655937882,-3.824392638480406,1.935071620951381,-3.8430611011896767,0
34.112,1.9063415034861368,-3.870807971267699,1.8898841275080174,-3.9652876402045054,1.9054766843155397,-3.8919143071635727,0
34.144,1.887141604371157,-3.8707456209563222,1.8592549484387426,-3.8510967698217864,1.8754680506816737,-3.875549890187516,0
34.176,1.8679417051345715,-3.8706832828534554,1.9046383916065526,-3.8897672760061015,1.8756162477470846,-3.881199449067766,0
34.208,1.8487418058086185,-3.870620955134971,1.8550287665831593,-3.8824208391412336,1.8558613159602104,-3.8816506148176124,0
34.24,1.829541906431243,-3.8705586353089436,1.7791516425523815,-3.91371397998507,1.8136575072647152,-3.8944385740160534,0
34.272,1.810342007043663,-3.870496320376326,1.8048098945499331,-3.8773003776495774,1.7985985228417891,-3.8875459100363896,0
34.304,1.7911421076877263,-3.870434007024298,1.8252703203636318,-3.869872312001958,1.7977473025155666,-3.8804390847579615,0
34.336,1.7719422084032264,-3.8703716918398317,1.7590310262610913,-3.8578383034120476,1.7707408526874382,-3.87136138349803,0
34.368,1.752742309225348,-3.8703093715297006,1.7740617383491462,-3.904061740263577,1.7605492676404146,-3.8844041329727252,0
34.4,1.733542410182404,-3.8702470431327485,1.7621131035918194,-3.8709571602949655,1.7496548627289683,-3.878987944598809,0
34.432,1.714342511294007,-3.8701847042107405,1.72127358792724,-3.8969473441791656,1.7267824135397654,-3.8861342978878626,0
34.464,1.6951426125697995,-3.8701223530054953,1.742863608850542,-3.849259707333638,1.7216949524213452,-3.871347047181497,0
34.496,1.6759427140088208,-3.8700599885521774,1.6408300643538727,-3.8629546737875318,1.6778290579780282,-3.8679526752091853,0
34.528,1.6567428155995592,-3.8699976107414407,1.6561247360067892,-3.8850436925424656,1.657627389998525,-3.874751651734228,0
34.56,1.637542917320686,-3.8699352203264343,1.6773649933666126,-3.868835296099762,1.6540024921773546,-3.8723476721183743,0
34.592,1.6183430191424286,-3.869872818874204,1.5891466386904596,-3.8407517047188047,1.6165402116326124,-3.8596718421314984,0
34.624,1.599143121028494,-3.86981040866463,1.5893640054533824,-3.882145475449465,1.5941497900239825,-3.868623848421431,0
34.656,1.579943222938417,-3.8697479925434064,1.5728097984232,-3.8058687118602204,1.5740938542535554,-3.843484344663502,0
34.688,1.5607433248301819,-3.869685573738538,1.607167609117931,-3.83176828259445,1.575803417069348,-3.838760470656078,0
34.72,1.5415434266629449,-3.869623155652174,1.5548080516562237,-3.9326956573679075,1.5558853317676167,-3.8762970981681084,0
34.752,1.5223435283996773,-3.869560741641204,1.530998655753863,-3.8908391185284623,1.5344107222128485,-3.8820764630713054,0
34.784,1.5031436300095582,-3.8694983348007503,1.5013785798175485,-3.8592585354679194,1.5096779260872406,-3.872911854392481,0
34.816,1.4839437314699604,-3.869435937764531,1.4975246338606067,-3.843739318917626,1.49329667000662,-3.8612054094794908,0
34.848,1.464743832767903,-3.8693735525349586,1.437724605230555,-3.860423744474697,1.45954790488094,-3.860855320534551,0
34.88,1.4455439339008778,-3.869311180353944,1.4519380225779286,-3.901312753668055,1.4449840127180202,-3.8770008789893566,0
34.912,1.426344034876999,-3.8692488216227408,1.4087226635172438,-3.843610107063657,1.418959533770065,-3.863607163404559,0
34.944,1.40714413571447,-3.8691864758760057,1.4485564576076368,-3.8381379502686195,1.4192783640137212,-3.853382078644954,0
34.976,1.3879442364404064,-3.8691241418117523,1.3646968342843746,-3.8882466806921925,1.3859258128106107,-3.8672905261221517,0
35.008,1.3687443370890873,-3.869061817375268,1.369241626617706,-3.90126270951325,1.3677321990070903,-3.8808420107575685,0
35.04,1.3495444376997527,-3.8689994998915846,1.3266919662428072,-3.8482691256553463,1.339796166566006,-3.8677754707758467,0
35.072,1.3303445383140855,-3.8689371862379516,1.384107956436516,-3.8693837414469496,1.3460009431763775,-3.868381393864199,0
35.104,1.3111446389735364,-3.8688748730451956,1.277201350192412,-3.8834185904697596,1.3069611666492045,-3.8743588860189044,0
35.136,1.2919447397166623,-3.868812556914972,1.3149743375748373,-3.8700227805874077,1.2986464956965482,-3.8725870540678167,0
35.168,1.2727448405766475,-3.8687502346389007,1.2308144547763225,-3.887347117315199,1.259993740021971,-3.8784536845263142,0
35.2,1.2535449415791644,-3.868687903405454,1.235735104136344,-3.840861031184607,1.2387703463823438,-3.8633792218429663,0
35.232,1.2343450427407132,-3.8686255609812643,1.192941473045052,-3.8557104177636563,1.2089188577864918,-3.860274291334023,0
35.264,1.2151451440675467,-3.8685632058551556,1.2079482035786813,-3.91669195660331,1.1970106568686292,-3.8828039404955925,0
35.296,1.195945245555255,-3.868500837335623,1.1556276147875337,-3.8429120636695444,1.1689375008277176,-3.866809764732436,0
35.328,1.176745347189038,-3.8684384555954723,1.1576123859897727,-3.860919398862127,1.152887515708704,-3.8644161857691977,0
35.36,1.1575454489446504,-3.868376061660741,1.1211538538552592,-3.85315232887444,1.128674111804909,-3.8598732038074264,0
35.392,1.1383455507899651,-3.8683136573446153,1.106435341178459,-3.845771924142752,1.1082586644087253,-3.854195247567934,0
35.424,1.1191456526870465,-3.868251245130592,1.1556825604570409,-3.8663206092335898,1.1157082836935657,-3.859007944443739,0
35.456,1.0999457545946056,-3.8681888280124186,1.1176088048853874,-3.8543444572022665,1.1049485530405079,-3.8571051003137056,0
35.488,1.0807458564706751,-3.868126409301115,1.14725751070672,-3.82205618262059,1.1103521969751804,-3.843048084627561,0
35.52,1.0615459582753253,-3.868063992411521,1.0163519929991485,-3.841290183698175,1.0612321762443315,-3.8423074782993742,0
35.552,1.042346059973247,-3.868001580642123,0.996195429262554,-3.8942705111985907,1.0236975382965188,-3.863055250012637,0
35.584,1.0231461615360309,-3.867939176962353,0.9952580130661243,-3.861576533552396,1.0008017890294982,-3.8624263280595157,0
35.616,1.0039462629439952,-3.867876783821088,1.0404566007388916,-3.874210386980304,1.0051437745148126,-3.867102523512348,0
35.648,0.9847463641874465,-3.8678144029886914,0.9605058573246696,-3.8753646843912852,0.9757686684144355,-3.870369967711004,0
35.68,0.9655464652672925,-3.8677520354427974,0.9576863757838203,-3.894276150701954,0.9570158121113654,-3.879895028913176,0
35.712,0.9463465661949726,-3.8676896813052086,0.9508431014059783,-3.9206549968015736,0.9430267885529633,-3.8961616119036213,0
35.744,0.9271466669917114,-3.8676273398339838,0.9244013011018967,-3.864446008204418,0.9240566542735835,-3.8834379732545443,0
35.776,0.9079467676871478,-3.8675650094712304,0.910640083329911,-3.8366399994508384,0.9071700865786325,-3.864681392274786,0
35.808,0.8887468683174262,-3.8675026879435244,0.8923717694470117,-3.815347988097143,0.8897308203953398,-3.8449106432043463,0
35.84,0.8695469689228763,-3.867440372408477,0.8531747008565529,-3.907843774765116,0.863588433242228,-3.8700465105746376,0
35.872,0.8503470695454242,-3.867378059638002,0.8418818787296856,-3.8272322860058523,0.8433858720993151,-3.852883435587026,0
35.904,0.8311471702259021,-3.867315746226455,0.8319731259966823,-3.9249869343311765,0.8273008343267378,-3.8816874479614167,0
35.936,0.8119472710014266,-3.8672534288102307,0.839632100526656,-3.828281964044885,0.8207134014878119,-3.8602878633782813,0
35.968,0.7927473719030096,-3.8671911042846516,0.7865331042614667,-3.856885378252896,0.7955213432964576,-3.8588894727397403,0
36.0,0.7735474729535579,-3.8671287700041646,0.7814529421910267,-3.91172005221455,0.7783740435758291,-3.8799843010505186,0
36.032000000000004,0.7543475741663889,-3.8670664239529415,0.7732189862205168,-3.8729844386011774,0.7647920813804516,-3.877146944826764,0
36.064,0.7351476755443601,-3.867004064874886,0.7009855205004558,-3.8905239680316406,0.7277495178016247,-3.882460334726873,0
36.096000000000004,0.7159477770796727,-3.8669416923546676,0.6432051107900624,-3.8741690420362187,0.6824118157961113,-3.8791063902832317,0
36.128,0.6967478787543628,-3.866879306844557,0.6751905342407373,-3.8374926785260373,0.6680033639968546,-3.8624234708951772,0
36.160000000000004,0.6775479805414535,-3.866816909635332,0.6498480068338852,-3.9238909569257494,0.6492212819746447,-3.8869730244446075,0
36.192,0.658348082406694,-3.8667545027731265,0.6278075882555249,-3.8811616114607,0.6291358653450622,-3.8846110137497583,0
36.224000000000004,0.6391481843107734,-3.8666920889275733,0.6389108905668971,-3.9051721802497665,0.6215259363009726,-3.8927980320488755,0
36.256,0.6199482862118655,-3.8666296712197368,0.5898558501134729,-3.8579257242301472,0.5973379626956907,-3.878811659841003,0
36.288000000000004,0.6007483880683372,-3.86656725302092,0.6116907445625649,-3.922046284056091,0.5915591363079622,-3.8960680617382484,0
36.32,0.5815484898414434,-3.866504837735314,0.5901452253984606,-3.8107786410182674,0.579473632799018,-3.8619148489415984,0
36.352000000000004,0.5623485914978311,-3.866442428580496,0.5168421449930481,-3.8948861633716536,0.5429010985150393,-3.875065935262857,0
36.384,0.5431486930116909,-3.866380028379935,0.5623826944654379,-3.8572786706254174,0.5391737977124409,-3.867913596467348,0
36.416000000000004,0.5239487943664153,-3.8663176393808834,0.5126071018815593,-3.8557442130967887,0.5170271801728101,-3.8630084177220487,0
36.448,0.5047488955556592,-3.866255263109407,0.5255565165073321,-3.851747384068727,0.5089189754730501,-3.8584665869545587,0
36.480000000000004,0.485548996583738,-3.8661929002719106,0.5213519381682094,-3.85795029172593,0.5023722212911792,-3.8582226596741966,0
36.512,0.46634909746533804,-3.866130550709512,0.4774177199006987,-3.8303843920322294,0.48087048145031,-3.8470499510492218,0
36.544000000000004,0.4471491982245625,-3.86606821340822,0.5014240860719077,-3.876083819541157,0.47757198399274503,-3.8586261035111185,0
36.576,0.42794929889337696,-3.8660058865642637,0.4008090267470687,-3.8755571201731014,0.4353468617713419,-3.8653611204596796,0
36.608000000000004,0.4087493995095537,-3.8659435677003584,0.3790446685026051,-3.860745464636514,0.40130604512947055,-3.863477471882107,0
36.64,0.38954950011424644,-3.865881253825415,0.3787033228452603,-3.84782888072126,0.38074501687657014,-3.85718065066349,0
36.672000000000004,0.37034960074935014,-3.8658189416273894,0.40726449798046355,-3.882602615254435,0.3798328699807841,-3.8673120511698107,0
36.704,0.3511497014548119,-3.8657566276868405,0.41966109667016327,-3.863596912710846,0.3842442213276551,-3.865788607848146,0
36.736000000000004,0.3319498022660645,-3.865694308697413,0.3301682724285521,-3.90623925965918,0.35109390245364036,-3.881931476162819,0
36.768,0.3127499032117449,-3.865631981679042,0.27929074752319666,-3.8387822961034708,0.310852701186707,-3.864634405682833,0
36.800000000000004,0.2935500043118442,-3.8655696441701246,0.2786016333846605,-3.878827053689596,0.28643233479459834,-3.8702740591982927,0
36.832,0.2743501055764097,-3.8655072943862705,0.28579497051427766,-3.8633814135138964,0.27465744983698315,-3.867479587288561,0
36.864000000000004,0.25515020700488494,-3.865444931335404,0.30844185953351155,-3.8727454347130146,0.27665127449658533,-3.8695485044689724,0
36.896,0.23595030858613258,-3.865382554881791,0.24367143751985637,-3.902447542502353,0.25193940051232844,-3.8826706900612016,0
36.928,0.2167504102991428,-3.8653201657548664,0.22490890240367648,-3.8578621256006618,0.22960726209806873,-3.872709827651354,0
36.96,0.19755051211438315,-3.865257765502287,0.2336929688760469,-3.8398468017771705,0.21972160565707677,-3.859527174951107,0
36.992,0.17835061399570384,-3.865195356390231,0.17288299751162353,-3.82574881079161,0.1894662232599706,-3.845978382861216,0
37.024,0.1591507159026759,-3.8651329412573645,0.14556962426945788,-3.8700717443166712,0.1603876445318803,-3.8555782788547557,0
37.056,0.13995081779320862,-3.865070523331879,0.14642480051069118,-3.7830298821821216,0.14328256779188103,-3.8265214714877156,0
37.088,0.12075091962627449,-3.8650081060233927,0.16659373718141385,-3.8770251776208027,0.14108709640982675,-3.8466855071946924,0
37.12,0.10155102136456426,-3.864945692703123,0.04606551404572797,-3.902275550631504,0.091558524313678,-3.868884081710932,0
37.152,0.08235112297689648,-3.8648832864865015,0.0951231462994603,-3.809341986600179,0.08146443393935698,-3.845029806382093,0
37.184,0.0631512244402265,-3.864820890032254,0.09312805725218949,-3.88577824094304,0.07460994407341853,-3.861291749823426,0
37.216,0.043951325741125424,-3.8647585053709026,0.018939111004264746,-3.836138459608441,0.04082167162938365,-3.8511930111391552,0
37.248,0.02475142687663479,-3.864696133773755,0.016256988939241435,-3.8797618106889717,0.01947585931041958,-3.862583116527572,0
37.28,0.005551527854445841,-3.864633775670844,-0.018525599033632635,-3.8991723166525247,-0.0072446632961638375,-3.8771813901688486,0
37.312,-0.013648371307606651,-3.8645714306231094,-0.02797903062118086,-3.85751204578257,-0.027058349519032382,-3.869276253367744,0
37.344,-0.03284827058269844,-3.864509097350634,-0.06048838043923693,-3.8858734568180595,-0.05195030120018215,-3.8758777419285178,0
37.376,-0.05204816993674445,-3.864446773815107,-0.0535884831725753,-3.8763408735487523,-0.06412551331742304,-3.876025606448594,0
37.408,-0.07124806933058908,-3.864384457351206,-0.01020010156153206,-3.8855007974536884,-0.054075287952599964,-3.879778297576016,0
37.44,-0.09044796872251883,-3.8643221448384257,-0.0808461800209177,-3.832697199481008,-0.07630358412015258,-3.8609084738953374,0
37.472,-0.10964786807093857,-3.8642598329022686,-0.10758920707816855,-3.8885919131156164,-0.10033777263954895,-3.871944463898064,0
37.504,-0.12884776733704162,-3.864197518131826,-0.08688931822931373,-3.837715084880394,-0.10647833020114314,-3.858215323368842,0
37.536,-0.1480476664873046,-3.8641351972997184,-0.1135319916273052,-3.8466851629517644,-0.12081973408100495,-3.853565865258213,0
37.568,-0.16724756549564782,-3.864072867570211,-0.1918764022190058,-3.850846277591349,-0.16076234062456984,-3.8524406297654377,0
37.6,-0.186447464345122,-3.864010526682092,-0.14793637355114347,-3.835940201108535,-0.16715189305914407,-3.845803050352331,0
37.632,-0.2056473630290116,-3.863948173094522,-0.17504551136350988,-3.8727004593799754,-0.18182927961860082,-3.8565245979323715,0
37.664,-0.22484726155128099,-3.863885806086448,-0.2359785760129051,-3.914782609510103,-0.2150089373876754,-3.8797903784170638,0
37.696,-0.2440471599263307,-3.8638234258031803,-0.271134727177201,-3.846371776348757,-0.24897919249005918,-3.866385505817183,0
37.728,-0.26324705817807814,-3.863761033247121,-0.26337314377222315,-3.9172254343415194,-0.26625671216789915,-3.886684038809875,0
37.76,-0.2824469563384179,-3.863698630213236,-0.2827671798847023,-3.9376613324979943,-0.28438083840257444,-3.907037512634475,0
37.792,-0.30164685444516287,-3.8636362191734266,-0.28845344143708307,-3.8655141302202525,-0.2975298187529946,-3.8903907125337076,0
37.824,-0.32084675253959766,-3.8635738031172404,-0.3351343103296279,-3.9207056463265193,-0.3240915545153481,-3.902479237406049,0
37.856,-0.34004665066380557,-3.8635113853591885,-0.3601119400837049,-3.8293343094757,-0.35001964787621753,-3.87318381815241,0
37.888,-0.35924654885794455,-3.8634489693250775,-0.3538729336407742,-3.8278230591926485,-0.3630809013240225,-3.8550020690878917,0
37.92,-0.3784464471576502,-3.863386558331129,-0.43863858775191356,-3.86650119619935,-0.4048239150517021,-3.8595642789235765,0
37.952,-0.39764634559173545,-3.863324155370132,-0.37506978775252875,-3.8651808771658107,-0.4044422033082443,-3.8617734832666946,0
37.984,-0.4168462441803369,-3.863261762918412,-0.3827501295053422,-3.8572402533952137,-0.4072853129868601,-3.8599227636132927,0
38.016,-0.4360461429336241,-3.8631993827760773,-0.4153896156488095,-3.850941613474685,-0.42204697327733776,-3.856292883829256,0
38.048,-0.45524604185115614,-3.863137015950848,-0.4183632852512993,-3.894011391911127,-0.43209343731922567,-3.8713428755233266,0
38.08,-0.4744459409219211,-3.8630746625929695,-0.4711324932876371,-3.856401812783912,-0.4592289989844691,-3.865329046765093,0
38.112,-0.49364584012505425,-3.863012321985424,-0.47670283417776216,-3.8572056265468193,-0.47773847236256495,-3.862042282070595,0
38.144,-0.512845739431186,-3.8629499925900674,-0.46247938168011316,-3.87315866025353,-0.483154775409115,-3.8664514425165715,0
38.176,-0.5320456388043322,-3.8628876721467322,-0.5641592615569737,-3.85921030992154,-0.5270765092011904,-3.8635176027838996,0
38.208,-0.5512455382042043,-3.8628253578189047,-0.6037357004488088,-3.838495312584641,-0.5692601250403613,-3.8534713022286566,0
38.24,-0.5704454375887947,-3.8627630463765814,-0.520020539122326,-3.939310440168004,-0.5610842300137938,-3.887769573091948,0
38.272,-0.5896453369170715,-3.862700734404518,-0.5913869679568003,-3.8347837126410145,-0.5847252645254666,-3.86653784269616,0
38.304,-0.6088452361516133,-3.8626384185224376,-0.5826833171210352,-3.886818824384146,-0.5954284248856871,-3.8746128453101067,0
38.336,-0.6280451352610162,-3.862576095603002,-0.6046990825294987,-3.828318223700565,-0.6106566272472309,-3.8560576010648355,0
38.368,-0.6472450342219197,-3.8625137629734914,-0.642923412791211,-3.890623321068775,-0.6350832807465281,-3.8698464865881474,0
38.4,-0.66644493302052,-3.8624514185881877,-0.6658621021380481,-3.8270841589839137,-0.6589147485596236,-3.852704145298784,0
38.432,-0.6856448316534716,-3.862389061160355,-0.7423731487572158,-3.8823903978641026,-0.7038180478686519,-3.8645412279168423,0
38.464,-0.7048447301281165,-3.8623266902452977,-0.7063342615830704,-3.9127083750778016,-0.716344472558345,-3.883770660348648,0
38.496,-0.7240446284620226,-3.8622643062691497,-0.7263561531499115,-3.8619244500027,-0.7318690839749455,-3.8749947424072557,0
38.528,-0.7432445266818576,-3.862201910501523,-0.792669238305765,-3.842929659007707,-0.7677090848669594,-3.8621312690041467,0
38.56,-0.7624444248216717,-3.8621395049737783,-0.7843436424334104,-3.7984188724817067,-0.7858828470379164,-3.836608865645047,0
38.592,-0.7816443229206976,-3.8620770923481764,-0.7602567024935791,-3.9027437822941238,-0.7871523283552218,-3.863025384685641,0
38.624,-0.8008442210208114,-3.862014675746329,-0.8046593449080094,-3.911323451097365,-0.8056750741086225,-3.8823071627863204,0
38.656,-0.8200441191638218,-3.8619522585480053,-0.7839776109337083,-3.8629853220498234,-0.8085160279749528,-3.8745409792622345,0
38.688,-0.8392440173887646,-3.8618898441732545,-0.8775906322023354,-3.869522813394762,-0.8476658088127216,-3.8724962689212656,0
38.72,-0.85844391572938,-3.8618274358618887,-0.8050834223625143,-3.871436976357951,-0.8421527933958073,-3.872035112930899,0
38.752,-0.877643814211936,-3.8617650364645426,-0.8949228867469048,-3.8228592792294016,-0.8747807699205457,-3.8523273469844153,0
38.784,-0.8968437128535413,-3.861702648258789,-0.8945327219846976,-3.8378784713320195,-0.8942014899550513,-3.8465103718088622,0
38.816,-0.9160436116610505,-3.861640272802175,-0.9124098820607046,-3.8963016119546325,-0.9130047860325343,-3.866389451070014,0
38.848,-0.9352435106306353,-3.8615779108316652,-0.9688571302460549,-3.8857429704942548,-0.9468656629796722,-3.8740934502035667,0
38.88,-0.9544434097480402,-3.861515562215989,-0.9424781879886169,-3.8455581137826726,-0.9566306122699115,-3.862641914678183,0
38.912,-0.9736433089895093,-3.861453225963976,-0.9949344441763839,-3.920891833120844,-0.9834720843409144,-3.8859044878009765,0
38.944,-0.9928432083233176,-3.861390900288349,-0.9705133768723369,-3.8398866955468227,-0.9898085406790726,-3.867459981939855,0
38.976,-1.0120431077118108,-3.8613285827208705,-0.9662281359963016,-3.866618368544527,-0.9918963181430507,-3.867085951168277,0
39.008,-1.0312430071138217,-3.8612662702714196,-1.0639636070102074,-3.871029576987209,-1.0322431730320827,-3.8686260176515015,0
39.04,-1.0504429064873104,-3.8612039596207435,-1.0686496683624955,-3.8892040562921872,-1.0583257105047623,-3.8768198487549395,0
39.072,-1.0696428057920624,-3.8611416473344553,-0.9986361217040168,-3.8408588836969044,-1.0459698143166951,-3.8623980758261105,0
39.104,-1.0888427049922709,-3.861079330084482,-1.0742880214664068,-3.8675791005496154,-1.0688170364944327,-3.8644330943779517,0
39.136,-1.1080426040588416,-3.861017004863681,-1.095926295095774,-3.8711551431277367,-1.0911806792332754,-3.86708451651552,0
39.168,-1.1272425029712723,-3.860954669179789,-1.101812720961754,-3.869155390956365,-1.106953435199516,-3.8678754617009687,0
39.2,-1.1464424017189832,-3.8608923212162027,-1.1739145012287882,-3.8983024125176517,-1.1452578008602174,-3.8800088294712074,0
39.232,-1.1656423003020113,-3.860829959949218,-1.150739969915095,-3.8752150626789112,-1.1589706077045714,-3.8780539020096656,0
39.264,-1.1848421987310225,-3.860767585214172,-1.223686653179702,-3.906146549703487,-1.19637696509142,-3.8892535324605326,0
39.296,-1.2040420970266337,-3.860705197716215,-1.1617557735605892,-3.8454360713495075,-1.1940484276529166,-3.8716891123227244,0
39.328,-1.2232419952180902,-3.8606427989850127,-1.236965117704713,-3.8512575667682247,-1.222735042828622,-3.8634790526127665,0
39.36,-1.2424418933413797,-3.8605803912762866,-1.2550497408735757,-3.90672571519538,-1.2471808611880966,-3.8807402720096165,0
39.392,-1.2616417914369062,-3.860517977426522,-1.281054260144454,-3.8658951565453568,-1.2722501599048646,-3.874764777955053,0
39.424,-1.2808416895468762,-3.8604555606702093,-1.2739007574373538,-3.8095154151174415,-1.2844303380515196,-3.8486275847790683,0
39.456,-1.3000415877125655,-3.8603931444313773,-1.3275790492552406,-3.86882172757712,-1.3132097616728453,-3.856667795758228,0
39.488,-1.3192414859716506,-3.8603307321028586,-1.3503015788878854,-3.8397459811456223,-1.3395664277112256,-3.8498616276256925,0
39.52,-1.3384413843557745,-3.860268326827515,-1.3117784971272697,-3.857102245487587,-1.339971194648077,-3.8527204380400675,0
39.552,-1.3576412828885087,-3.8602059312955217,-1.4211630676385714,-3.8589598319031304,-1.3839678830371558,-3.855178765759463,0
39.584,-1.3768411815838406,-3.860143547570803,-1.3987930485501603,-3.8794768418867753,-1.4014178884606157,-3.8648605741924915,0
39.616,-1.3960410804452814,-3.8600811769578036,-1.3258966065751443,-3.838057131550063,-1.3827293149513558,-3.8541017833265268,0
39.648,-1.4152409794656515,-3.860018819917216,-1.4156644541287549,-3.8865344803056896,-1.40742330989349,-3.867037456390708,0
39.68,-1.434440878627553,-3.859956476036101,-1.4698443685477498,-3.8337112541896134,-1.4439116726505006,-3.853669577216643,0
39.712,-1.4536407779044949,-3.859894144054345,-1.4426169320888274,-3.851270281777747,-1.4549137157416046,-3.8526724670550623,0
39.744,-1.4728406772625986,-3.859831821945761,-1.486338218518287,-3.8889834999791746,-1.4790034561835386,-3.8671594930139808,0
39.776,-1.4920405766627745,-3.859769507048608,-1.5136691881880002,-3.8628549043196045,-1.5043896883261008,-3.8654002732611668,0
39.808,-1.5112404760632292,-3.859707196237121,-1.4992485119316172,-3.8352882973460063,-1.513853157112021,-3.853318099527315,0
39.84,-1.5304403754221452,-3.859644886122996,-1.5040250077128394,-3.8231788059437535,-1.5214418366922327,-3.8412249975470196,0
39.872,-1.5496402747003637,-3.8595825732738374,-1.5785752321070063,-3.8661224905342997,-1.5558151341876802,-3.8511466070061706,0
39.904,-1.568840173863902,-3.8595202544344827,-1.5337370090424585,-3.902328103480149,-1.558503823442933,-3.8715818128674777,0
39.936,-1.5880400728861415,-3.859457926736943,-1.5897829983148273,-3.8880963210332427,-1.5825354326840282,-3.878150216931868,0
39.968,-1.6072399717495496,-3.8593955878854134,-1.5659376755140715,-3.900234533438796,-1.5874162690839244,-3.886946536796078,0
40.0,-1.6264398704468201,-3.8593332363044306,-1.596961901567465,-3.8793078055810115,-1.6027544613188818,-3.883853629458566,0
40.032000000000004,-1.645639768981358,-3.8592708712406214,-1.642666416179442,-3.8876471976294105,-1.6302391824781286,-3.8853336337102107,0
40.064,-1.6648396673670738,-3.859208492811473,-1.6590430771084452,-3.880880072833212,-1.6532806795202923,-3.8835147786527227,0
40.096000000000004,-1.6840395656274956,-3.8591461019979794,-1.6950890761296036,-3.8429464853667423,-1.6815239773322173,-3.867250023913841,0
40.128,-1.7032394637942583,-3.859083700581614,-1.6761663446982893,-3.876258957279878,-1.6909008634295746,-3.8708161545245803,0
40.160000000000004,-1.7224393619050617,-3.8590212910296864,-1.668804480642156,-3.8199206917061534,-1.6935822494539505,-3.8504205231008033,0
40.192,-1.7416392600012343,-3.8589588763364513,-1.7255673548938981,-3.883126355641656,-1.7178962307641301,-3.863465408241538,0
40.224000000000004,-1.7608391581250582,-3.8588964598302034,-1.7689045445016691,-3.864124257299143,-1.7498194953949853,-3.8636915004946806,0
40.256,-1.7800390563170343,-3.8588340449587726,-1.7641389552941837,-3.8760662709805844,-1.767067218498825,-3.868603963878732,0
40.288000000000004,-1.7992389546132637,-3.858771635067251,-1.8146304180291937,-3.8573844619223876,-1.7976124374696025,-3.864078722735904,0
40.32,-1.8184388530431184,-3.858709233182272,-1.8052554736867137,-3.82346625207134,-1.8121895911347647,-3.847796300164843,0
40.352000000000004,-1.837638751627351,-3.8586468418167557,-1.8595025328301884,-3.8070721436204016,-1.842634707014889,-3.8314692105129566,0
40.384,-1.856838650376765,-3.858584462807724,-1.8383583005187645,-3.860153861591002,-1.852444083644456,-3.842905651929774,0
40.416000000000004,-1.8760385492915301,-3.8585220971976484,-1.9017200665936111,-3.8775390053996253,-1.8836744160789434,-3.8567215825557195,0
40.448,-1.8952384483611804,-3.8584597451670035,-1.9404089632296306,-3.823329281168256,-1.917888174219872,-3.8433272591928054,0
40.480000000000004,-1.9144383475652973,-3.858397406022395,-1.9095093575684805,-3.8719120633865187,-1.9260565868631558,-3.854723785206143,0
40.512,-1.9336382468748274,-3.8583350782410344,-1.9370957416082284,-3.850771659050214,-1.9419921880840811,-3.8531055449532925,0
40.544000000000004,-1.9528381462539497,-3.8582727595687225,-1.9827729578523547,-3.8231829351711664,-1.9698244353279892,-3.8410991154754726,0
40.576,-1.9720380456623747,-3.858210447165021,-1.9473328191298083,-3.8143886286248043,-1.9723477281927868,-3.830377537475721,0
40.608000000000004,-1.9912379450579272,-3.85814813778627,-2.0539235439558197,-3.8414834463757854,-2.0164979938428336,-3.834782518013607,0
40.64,-2.0104378443992497,-3.8580858279946515,-1.985736193956033,-3.8939838189225138,-2.0157132132269564,-3.858425653509449,0
40.672000000000004,-2.029637743648456,-3.8580235143798305,-2.058372365902856,-3.8438506221856295,-2.0442968136238022,-3.8525582523032305,0
40.704,-2.048837642773568,-3.8579611937788765,-2.0804095550702524,-3.9052783463269787,-2.07026184951094,-3.873608895709856,0
40.736000000000004,-2.0680375417505754,-3.8578988634802935,-2.09524439470568,-3.8899891115653458,-2.0917748068750495,-3.8801235809627803,0
40.768,-2.0872374405649925,-3.857836521399001,-2.078676243770355,-3.8568622681587574,-2.0980553208940638,-3.8707816469500926,0
40.800000000000004,-2.106437339212803,-3.8577741662109832,-2.148528092976162,-3.8530303288438565,-2.129764368961129,-3.86364370260329,0
40.832,-2.1256372377007327,-3.8577117974389132,-2.1563934184996696,-3.8231345365533596,-2.1519359279844807,-3.8474026109850334,0
40.864000000000004,-2.144837136045831,-3.8576494154832255,-2.1429349304202074,-3.848350087489072,-2.159855468142493,-3.847744168936809,0
40.896,-2.16403703427438,-3.8575870215966166,-2.2380277063491496,-3.8179519712435677,-2.2026443025883076,-3.8357898508824713,0
40.928000000000004,-2.1832369324202054,-3.857524617803597,-2.21415363518779,-3.8773159177180885,-2.2187679747756626,-3.8523628338464446,0
40.96,-2.2024368305224913,-3.85746220677026,-2.2329506651729636,-3.8379562547408526,-2.2359609900725506,-3.846562755485533,0
40.992,-2.221636728623251,-3.857399791632641,-2.2153010099334214,-3.8173130562547932,-2.2392169371518946,-3.834825428163035,0
41.024,-2.2408366267646063,-3.8573373757947103,-2.2442116327298023,-3.879429831715246,-2.2527347545219056,-3.8526297431398557,0
41.056,-2.2600365249860666,-3.8572749627090106,-2.244260581344324,-3.883124661099853,-2.2608650244001556,-3.8647902670891634,0
41.088,-2.2792364233219757,-3.8572125556540686,-2.2829310581207505,-3.866577144591758,-2.2812113770540243,-3.8654675798832083,0
41.12,-2.298436321799298,-3.85715015752293,-2.270804084268333,-3.844518522698334,-2.2885683991265893,-3.8570505253260645,0
41.152,-2.317636220435886,-3.8570877706364612,-2.2950974406935543,-3.883498546111257,-2.3026999549649236,-3.867592309558024,0
41.184,-2.336836119239338,-3.8570253965934613,-2.333660744817205,-3.8936312416680803,-2.3266042101439965,-3.8779704665098325,0
41.216,-2.3560360182065203,-3.8569630361672766,-2.3680164616555444,-3.8707902076099687,-2.3546890500135795,-3.8750609553097863,0
41.248,-2.375235917323777,-3.8569006892555975,-2.4174500341474294,-3.8974725386750624,-2.391313382957354,-3.8839881887992824,0
41.28,-2.3944358165678157,-3.8568383548867065,-2.4376822426984712,-3.8775238761255086,-2.4213808661661487,-3.8813650706871865,0
41.312,-2.4136357159072066,-3.8567760312817914,-2.3449468310255766,-3.8752857028685312,-2.4023271914398032,-3.878895935923195,0
41.344,-2.4328356153044,-3.856713715969333,-2.4208766553556456,-3.8334107519308374,-2.421266916347858,-3.860664478339908,0
41.376,-2.4520355147181347,-3.8566514059442074,-2.4559078408079893,-3.9068202683701676,-2.4466432254790043,-3.8790894120251806,0
41.408,-2.471235414106078,-3.856589097861259,-2.477251009983599,-3.843725155033328,-2.4704062786265104,-3.864906326463927,0
41.44,-2.490435313427541,-3.856526788250882,-2.551143496491078,-3.871905320739222,-2.5142211051098733,-3.8676685389033305,0
41.472,-2.509635212646088,-3.856464473742706,-2.4511726783673407,-3.8546224759861856,-2.500521673736081,-3.8624127240531254,0
41.504,-2.528835111731881,-3.856402151282984,-2.525736903097149,-3.8930487724367864,-2.522127704784153,-3.8746297476892857,0
41.536,-2.5480350106636025,-3.8563398183316573,-2.5365734698134257,-3.85322255073636,-2.5394259500759313,-3.866029465925314,0
41.568,-2.5672349094298403,-3.8562774730263927,-2.5882799942848123,-3.84333585370927,-2.570487507013496,-3.856914610028454,0
41.6,-2.5864348080298374,-3.8562151143030112,-2.5585139012200075,-3.8745835352218347,-2.5772180039232557,-3.8639447608243596,0
41.632,-2.605634706473554,-3.856152741964523,-2.54081251829385,-3.802621984484713,-2.574175748872727,-3.839378223027414,0
41.664,-2.6248346047810416,-3.8560903566943012,-2.5905912994584894,-3.8007443800034624,-2.5922619082849563,-3.823887251384716,0
41.696,-2.644034502981158,-3.8560279600125225,-2.6205463317732263,-3.8996169687999,-2.615095616839006,-3.8541416980177052,0
41.728,-2.6632344011097127,-3.8559655541786415,-2.6840594161919755,-3.8886971333967266,-2.6542010757251253,-3.867926427591026,0
41.76,-2.682434299207157,-3.855903142046164,-2.648607065051034,-3.8662823145951344,-2.663483410592888,-3.8672313355001897,0
41.792,-2.7016341973159705,-3.8558407268790402,-2.6635632297727896,-3.8045605437463417,-2.6750352774014887,-3.842125571674903,0
41.824,-2.720834095477917,-3.8557783121414917,-2.7678529736804247,-3.847548637450261,-2.723682295055778,-3.844257352730682,0
41.856,-2.7400339937313456,-3.8557159012747957,-2.7292494312428586,-3.7871301642145827,-2.7374290886858508,-3.821369035922217,0
41.888,-2.7592338921087176,-3.855653497475407,-2.742051851619074,-3.8777640241088926,-2.7507981330325553,-3.843889595384552,0
41.92,-2.7784337906345167,-3.855591103488718,-2.753222757263159,-3.874002458625591,-2.763287921920869,-3.855897311837908,0
41.952,-2.797633689323678,-3.855528721431767,-2.7605922671291885,-3.8923975116903367,-2.7737295992259514,-3.8704599708377447,0
41.984,-2.8168335881806352,-3.855466352656335,-2.791002886614586,-3.9259313758259853,-2.792158853430214,-3.8926111202191267,0
42.016,-2.836033487199045,-3.8554039976612984,-2.8045089118312156,-3.8557831888476306,-2.8086188160661107,-3.8778425432740375,0
42.048,-2.8552333863622015,-3.85534165605991,-2.8353796008535146,-3.8676799794392385,-2.8308430692811726,-3.8737401209228963,0
42.08,-2.874433285644114,-3.8552793266041636,-2.8454484715105273,-3.890214355781165,-2.8482051694939545,-3.880292424502541,0
42.112,-2.8936331850111756,-3.8552170072647014,-2.93270071368078,-3.850816820699344,-2.8935233265056572,-3.8684647975301676,0
42.144,-2.9128330844243164,-3.855154695361157,-2.9757201628256613,-3.9277919695966785,-2.937922000380535,-3.892158283961066,0
42.176,-2.932032983841503,-3.8550923877345546,-2.9369641529809978,-3.8244883465427706,-2.949058800770838,-3.8650529275996064,0
42.208,-2.9512328832204275,-3.8550300809506854,-2.9371353738344252,-3.890762638000347,-2.955809369342764,-3.8752994292491727,0
42.24,-2.970432782521217,-3.8549677715213666,-2.934580967231059,-3.874880367830356,-2.9588379478343114,-3.8750944190083922,0
42.272,-2.989632681708989,-3.8549054561293388,-2.940856863413197,-3.903469094230929,-2.9631654533858613,-3.8864068984199065,0
42.304,-3.0088325807560965,-3.8548431318423106,-3.0225899856389113,-3.9203504704670946,-2.9984552055859153,-3.899946930038457,0
42.336,-3.0280324796439118,-3.8547807963023555,-3.033891437974375,-3.8776206619859215,-3.024149637815405,-3.8909790179970463,0
42.368,-3.047232378364037,-3.8547184478784384,-2.994054303971393,-3.8449297402566915,-3.0236314435252067,-3.8725218938556374,0
42.4,-3.0664322769188628,-3.8546560857722274,-3.050430072753461,-3.8668632772077376,-3.045870834436968,-3.8702210258534206,0
42.432,-3.0856321753214293,-3.8545937100703322,-3.097702850979117,-3.8469256881777607,-3.0781235802488363,-3.860865461606462,0
42.464,-3.104832073594604,-3.8545313217395716,-3.1181590213630583,-3.855233856740017,-3.1056576958672304,-3.858575383621361,0
42.496,-3.124031971769617,-3.8544689225655175,-3.071834692524403,-3.867105225500134,-3.1036484336851,-3.8619498788898383,0
42.528,-3.1432318698840587,-3.854406515038231,-3.1223264433381175,-3.8347322031592084,-3.122639576689359,-3.8510253634419573,0
42.56,-3.1624317679794545,-3.8543441021924933,-3.139698773348638,-3.8241959063769433,-3.1409831944907163,-3.8402561338003887,0
42.592,-3.1816316660985917,-3.854281687412777,-3.1695583887939933,-3.80579450249622,-3.1639332113511753,-3.8264340349271584,0
42.624,-3.200831564282757,-3.854219274215485,-3.1908128923062984,-3.85339163738208,-3.1862050228807015,-3.837179632120002,0
42.656,-3.220031462569076,-3.8541568660224503,-3.213836397078334,-3.848282323613434,-3.2087775117218635,-3.841583269428351,0
42.688,-3.239231360988125,-3.854094465940285,-3.2670202769109613,-3.843541848747243,-3.2435945569796134,-3.8423292680188106,0
42.72,-3.2584312595619647,-3.8540320765597884,-3.3028217442015615,-3.88538899563829,-3.278805371074595,-3.8595157333406305,0
42.752,-3.2776311583027296,-3.853969699788365,-3.2884277485382123,-3.8332510196841976,-3.294174261292879,-3.8489724303481783,0
42.784,-3.2968310572118553,-3.85390733672628,-3.3320519710938563,-3.8379147214796365,-3.3208452844735756,-3.844511937726561,0
42.816,-3.316030956279993,-3.8538449875947824,-3.2895724710590715,-3.7588240061270515,-3.3198560983946166,-3.810199364185088,0
42.848,-3.3352308554876133,-3.853782651720776,-3.3379869315067547,-3.846003433789769,-3.338628370950217,-3.8244835984895316,0
42.88,-3.354430754806259,-3.8537203275791043,-3.331791045484288,-3.9065225450851813,-3.347413380094322,-3.857261789672625,0
42.912,-3.3736306542003627,-3.8536580128897895,-3.3904759643878526,-3.890153321812189,-3.376158353156507,-3.8703810194819246,0
42.944,-3.392830553629517,-3.853595704764028,-3.344522576066074,-3.8966287987276504,-3.3750239816730474,-3.880842750584444,0
42.976,-3.412030453051051,-3.8535333998896046,-3.3737423559694375,-3.8235568027174827,-3.3860312707453946,-3.8578909911763386,0
43.008,-3.4312303524227525,-3.853471094743836,-3.424529240783327,-3.878833441673055,-3.4129503981085025,-3.866230589309655,0
43.04,-3.450430251705562,-3.853408785820372,-3.4797533988944083,-3.8383217961077705,-3.451191537758384,-3.8550296861366355,0
43.072,-3.4696301508660725,-3.853346469855275,-3.4107072836383168,-3.804905865469822,-3.446517775427699,-3.834942766374165,0
43.104,-3.4888300498786746,-3.853284144037837,-3.4283358087471134,-3.851837880126614,-3.450764928050034,-3.841663413360538,0
43.136,-3.508029948727208,-3.853221806192547,-3.445606879221001,-3.812347857857942,-3.4602216477870886,-3.8298997846637386,0
43.168,-3.5272298474060144,-3.853159454920465,-3.539445534093943,-3.873531845232674,-3.5034311415511388,-3.847315193968044,0
43.2,-3.54642974592032,-3.853097089690863,-3.561875328601855,-3.8101211050888284,-3.538328755585686,-3.8324001351649297,0
43.232,-3.5656296442859214,-3.8530347108771514,-3.554476593912967,-3.854523635807951,-3.5563078301058773,-3.8412121044822936,0
43.264,-3.5848295425281904,-3.8529723197346994,-3.614057486281098,-3.897252010988188,-3.5909276317439573,-3.8635906295964393,0
43.296,-3.6040294406804585,-3.852909918321877,-3.5999475990251475,-3.862572580445745,-3.6060555578082276,-3.863145967467589,0
43.328,-3.6232293387818895,-3.8528475093692838,-3.647722600209997,-3.8529752140444424,-3.6342423139106916,-3.8590402205453387,0
43.36,-3.6424292368749684,-3.8527850961054724,-3.6179164461428956,-3.784859093100159,-3.639231905942128,-3.8293303230324094,0
43.392,-3.6616291350027796,-3.852722682050274,-3.6787796312000935,-3.8149547360019667,-3.66657093518774,-3.8235426428778068,0
43.424,-3.680829033206244,-3.8526602707889306,-3.661688428025703,-3.823383510496486,-3.6761378714760737,-3.823441547881544,0
43.456,-3.7000289315214974,-3.852597865741498,-3.754644097704898,-3.917014051755381,-3.7190603011376626,-3.8608331125885145,0
43.488,-3.7192288299775784,-3.852535469942308,-3.6854855759313634,-3.885372975626233,-3.717150350247234,-3.870611627737945,0
43.52,-3.7384287285945765,-3.8524730858436764,-3.7326717010818147,-3.849635741056976,-3.7348788297989124,-3.8621838509235182,0
43.552,-3.757628627382353,-3.8524107151564926,-3.783864620585312,-3.852775662086139,-3.7659930853591534,-3.858383161812845,0
43.584,-3.7768285263399184,-3.852348358738022,-3.7809073057843077,-3.885096861711641,-3.783478712803032,-3.869031236858845,0
43.616,-3.7960284254554963,-3.8522860165342214,-3.754317233428913,-3.8426533816358974,-3.783334060353835,-3.8584426980596027,0
43.648,-3.8152283247072747,-3.852223687580405,-3.8586998569424336,-3.821964169355136,-3.8250003183131476,-3.8438138970856057,0
43.68,-3.834428224064786,-3.852161370060371,-3.8353256345556943,-3.818949331405286,-3.8406503841527453,-3.8338306870883425,0
43.712,-3.853628123490832,-3.8520990614203563,-3.8474041327301944,-3.7831482411241035,-3.854871822939086,-3.8135203289203607,0
43.744,-3.8728280229438314,-3.8520367585306774,-3.869157763496544,-3.8711814234496393,-3.872106138523458,-3.836547388810952,0
43.776,-3.8920279223804393,-3.8519744578848574,-3.9187788825310057,-3.9033128748905,-3.9022951754867385,-3.8632162049765855,0
43.808,-3.9112278217582768,-3.8519121558236242,-3.9037854005477763,-3.8322833698081,-3.9144112048631894,-3.8508056901085572,0
43.84,-3.9300947078277586,-3.8518508688495112,-3.9229711895070016,-3.8796990944576506,-3.929139624716851,-3.8623263920535607,0
43.872,-3.9483763830340006,-3.851791515915775,-3.9378674096125357,-3.8973660586486703,-3.943572920583441,-3.876306814111995,0
43.904,-3.9660683620238024,-3.8517341918661567,-3.9535048036215374,-3.8550459298899153,-3.9581368476547043,-3.8677681899955463,0
43.936,-3.983186123973011,-3.8516788065347156,-3.998442973428571,-3.8646375049716952,-3.9845107859115743,-3.8664827734758718,0
43.968,-3.9997486829763864,-3.8516252657752315,-3.9541268201570112,-3.8957555926850476,-3.982280026589014,-3.878159841156662,0
44.0,-4.0157751364967265,-3.8515734866437255,-4.013706486861199,-3.8452403336434675,-4.004455436580896,-3.864961017565469,0
44.032000000000004,-4.031283896175582,-3.851523394682904,-4.041507753771498,-3.8829354986463245,-4.028573481447925,-3.872120788399712,0
44.064,-4.046292569535349,-3.8514749218356106,-4.032366199918526,-3.8263037954418686,-4.039089918639203,-3.8537649308228343,0
44.096000000000004,-4.0608179919962595,-3.8514280053852703,-4.071955698146155,-3.870527692702737,-4.060947413701135,-3.860441901095638,0
44.128,-4.074876285970858,-3.8513825872728282,-4.072747565213014,-3.820397787435038,-4.074099769428408,-3.844397014059905,0
44.160000000000004,-4.088482918192095,-3.851338613524885,-4.068750862970863,-3.8689176740927014,-4.080122582691207,-3.8541788984532133,0
44.192,-4.101652749754067,-3.851296033731486,-4.127947252817065,-3.879774896896217,-4.10715357921182,-3.8643917510264436,0
44.224000000000004,-4.114400078855398,-3.8512548005722977,-4.164293409613233,-3.8812510349375176,-4.137657779037287,-3.871110723070771,0
44.256,-4.126738677334138,-3.8512148693988806,-4.175303419186942,-3.8294880852704627,-4.160119554003046,-3.854437705591871,0
44.288000000000004,-4.138681822131035,-3.851176197876707,-4.10150513917308,-3.8962905806960073,-4.143840405846252,-3.8711556475533158,0
44.32,-4.1502423226493095,-3.8511387456852963,-4.161190253807859,-3.8503835198070573,-4.157717654387323,-3.862824318865459,0
44.352000000000004,-4.161432544794007,-3.851102474271239,-4.194966940137661,-3.8431334626727542,-4.179332716397166,-3.854926206475752,0
44.384,-4.172264432314878,-3.851067346647108,-4.14423794444247,-3.9214822294959437,-4.17179530302537,-3.881527531506633,0
44.416000000000004,-4.182749525947938,-3.8510333272288038,-4.20344395642569,-3.832098785722684,-4.190747287523317,-3.861735613599903,0
44.448,-4.192898980748467,-3.851000381704306,-4.253271789496806,-3.827734380319996,-4.221848297623631,-3.84811534484941,0
44.480000000000004,-4.202723581927284,-3.850968476927605,-4.224115007860547,-3.8834967221541077,-4.228651321470743,-3.8622487447243046,0
44.512,-4.212233759438184,-3.8509375808325954,-4.220898757186498,-3.833985427029497,-4.231258003143054,-3.850924871848639,0
44.544000000000004,-4.221439601514061,-3.8509076623626632,-4.190390407281677,-3.817341540167637,-4.220436076755199,-3.8374735800687043,0
44.576,-4.230350867309435,-3.8508786914125768,-4.229424519575498,-3.882974657857411,-4.229379813653515,-3.8556566207600538,0
44.608000000000004,-4.238976998775703,-3.8508506387800163,-4.181040956860122,-3.903297140539354,-4.215221534386738,-3.874695989450549,0
44.64,-4.2473271318706445,-3.8508234761246776,-4.264781729828526,-3.7914375014623674,-4.240057254275655,-3.8413762892609373,0
44.672000000000004,-4.255410107184132,-3.8507971759333333,-4.308269467246875,-3.9030630372497677,-4.272193458608628,-3.8660352011988244,0
44.704,-4.263234480046479,-3.850771711489611,-4.2689903458287395,-3.8502020493054094,-4.27560833950459,-3.8596866549000373,0
44.736000000000004,-4.270808530173609,-3.8507470568475104,-4.2553528891019,-3.835739399049209,-4.272052057383486,-3.8500929531696197,0
44.768,-4.278140270893518,-3.850723186807881,-4.2753312366425895,-3.804461764437984,-4.2777642053570535,-3.8318261493163126,0
44.800000000000004,-4.285237457990778,-3.8507000768972586,-4.269501800595484,-3.7980241394801117,-4.278718950294136,-3.8182914733602944,0
44.832,-4.292107598199696,-3.850677703348555,-4.332221842011596,-3.8791256745056235,-4.304243547825228,-3.8426117238667743,0
44.864000000000004,-4.2987579573718815,-3.850656043083212,-4.327678091111446,-3.8525855096404578,-4.317608899287388,-3.8465882364365385,0
44.896,-4.305195568340054,-3.850635073694483,-4.311919856134833,-3.862155102569652,-4.319197129274283,-3.8528023959060684,0
44.928000000000004,-4.3114272384968135,-3.8506147734315896,-4.309788123231526,-3.915181583215035,-4.319173771971517,-3.877741885539058,0
44.96,-4.317459557104586,-3.8505951211845284,-4.304315766980313,-3.8604404326304174,-4.31685116701992,-3.87080950809966,0
44.992000000000004,-4.323298902350933,-3.8505760964693603,-4.31715033231162,-3.776016611987838,-4.3204756096622265,-3.832880930091108,0
45.024,-4.328951448161776,-3.8505576794138463,-4.339593871908731,-3.8782831869366254,-4.3315155756561055,-3.851030778042624,0
45.056,-4.334423170783755,-3.850539850743321,-4.353297169138336,-3.8628179767815514,-4.343512345263384,-3.8557349559528866,0
45.088,-4.339719855145834,-3.850522591766723,-4.3540067153446795,-3.8570809161269266,-4.350889168434859,-3.856262980413782,0
45.12,-4.344847101009379,-3.8505058843627276,-4.322421803650543,-3.8724838437763283,-4.342579601319433,-3.862741297244552,0
45.152,-4.34981032891517,-3.8504897109659426,-4.34690641756567,-3.892833836720446,-4.347289263494881,-3.8747686050674193,0
45.184,-4.354614785935183,-3.8504740545531417,-4.367385140854054,-3.843249792768602,-4.3582112561390485,-3.862151682505562,0
45.216,-4.359408090015067,-3.8504584599654703,-4.319793276102319,-3.8591197415518828,-4.3457277058148565,-3.8609295054145107,0
45.248,-4.359687525338518,-3.8414999087994395,-4.344291682187145,-3.864827351403868,-4.345134518882742,-3.8624887033615805,0
45.28,-4.359624717005555,-3.831887245345045,-4.382693322786946,-3.8345786215831352,-4.360139773233771,-3.851324728426755,0
45.312,-4.359503809853155,-3.8221865621452595,-4.348873534684403,-3.743528196861213,-4.355615059947392,-3.8082061735383705,0
45.344,-4.359380894205462,-3.8124905238649505,-4.386908826849369,-3.8248633421866898,-4.368114311740623,-3.8148690990124736,0
45.376,-4.359267271315886,-3.8028120167964534,-4.343246307804758,-3.800209361865323,-4.358148804917436,-3.809005262484274,0
45.408,-4.3591636981270225,-3.7931498716993883,-4.383041640288914,-3.8436294071310724,-4.368087584702836,-3.8228549789736688,0
45.44,-4.359068721656306,-3.783501030107033,-4.334141722049914,-3.8386273969781186,-4.354490840243574,-3.8291640050801234,0
45.472,-4.358980682137818,-3.7738626883004063,-4.379730292360332,-3.7176406840931255,-4.364568180952155,-3.7845547358388583,0
45.504,-4.358898142080141,-3.764232574839443,-4.344843196247108,-3.788061108991531,-4.3566597099393585,-3.785957344481111,0
45.536,-4.358819935473,-3.7546088999873324,-4.371697487594645,-3.722221964244806,-4.362656309897945,-3.760463251978622,0
45.568,-4.3587451343122865,-3.744990264003782,-4.354646890769568,-3.72727466242182,-4.3594339995082905,-3.747187875945849,0
45.6,-4.358673004288261,-3.73537557474945,-4.371557107265767,-3.6935795419591404,-4.364264670030027,-3.7257446023290326,0
45.632,-4.358602965473746,-3.7257639808078435,-4.318545462615091,-3.6650971419642713,-4.345958386046834,-3.70148567834086,0
45.664,-4.358534560288978,-3.7161548185289104,-4.405934515435426,-3.7152441187047716,-4.369930209524913,-3.7069891148170067,0
45.696,-4.358467427999968,-3.7065475704360074,-4.350608617817918,-3.6843477968548606,-4.3621829183793945,-3.697932648128864,0
45.728,-4.358401284542758,-3.6969418326910524,-4.328313709149972,-3.684090691401432,-4.34861655511377,-3.692395926093769,0
45.76,-4.358335906575519,-3.6873372897202623,-4.366001049789596,-3.671578221111755,-4.355551649443385,-3.684068904908408,0
45.792,-4.3582711188630645,-3.677733694473972,-4.399713473686752,-3.6501939763829037,-4.373197652890932,-3.6705189944487873,0
45.824,-4.358206784285078,-3.668130853102937,-4.326959957541954,-3.6987415397167718,-4.3546838271842905,-3.681808073640357,0
45.856,-4.358142795911808,-3.658528613084857,-4.3243343571205655,-3.6706072270298353,-4.342525271802748,-3.677327796204094,0
45.888,-4.358079070711403,-3.6489268540376036,-4.406345063037097,-3.6329301021637486,-4.368034402804823,-3.659568779908464,0
45.92,-4.358015544547124,-3.639325480618272,-4.351399430771129,-3.6025002269250366,-4.3613616121218115,-3.6367414201365342,0
45.952,-4.35795216819622,-3.6297244170370893,-4.339432739269462,-3.5987258599846,-4.352571246568772,-3.621535257586066,0
45.984,-4.357888904179461,-3.620123602818475,-4.349193571615098,-3.6160583310322405,-4.351201347515576,-3.6193445485513998,0
46.016,-4.357825724235142,-3.6105229895232824,-4.3677670382899425,-3.5975059490874908,-4.357808783993741,-3.610609170416917,0
46.048,-4.357762607306335,-3.6009225382106154,-4.356003596412901,-3.632875851725913,-4.357067860256569,-3.619515904643632,0
46.08,-4.357699537937593,-3.5913222174681096,-4.307295666973277,-3.569024193931405,-4.337140127210607,-3.5993192821020457,0
46.112,-4.357636504998811,-3.5817220018789553,-4.408220747880878,-3.5659338458138974,-4.365553514497388,-3.585965169358928,0
46.144,-4.357573500670866,-3.572121870824555,-4.354978324805956,-3.6055582717251493,-4.361304574081749,-3.593802472095673,0
46.176,-4.3575105196409725,-3.562521807545382,-4.337056555047476,-3.5649227003277972,-4.351586499955664,-3.582250625186914,0
46.208,-4.357447558466215,-3.5529217984008477,-4.399059469243124,-3.5143913253087535,-4.3705568206481304,-3.5551069670330246,0
46.24,-4.35738461507204,-3.5433218322829645,-4.375041127534826,-3.5089688677224453,-4.372331677200782,-3.5366517890968945,0
46.272,-4.3573216883590975,-3.5337219001492923,-4.380516477129097,-3.5214776144082944,-4.375586732980695,-3.5305821809929645,0
46.304,-4.357258777897057,-3.5241219946487936,-4.3378710745083815,-3.5009403143291675,-4.36048160845566,-3.5187254960760086,0
46.336,-4.3571958836882265,-3.514522109820418,-4.356247528346371,-3.5634316563030155,-4.35876911922823,-3.5366080218870395,0
46.368,-4.357133005987138,-3.5049222408489182,-4.341733552625411,-3.4870571263457246,-4.35193604010558,-3.5167877253579807,0
46.4,-4.357070145164917,-3.495322383865972,-4.318130210234478,-3.4777737911106157,-4.338394860982796,-3.5011822133102495,0
46.432,-4.357007301609442,-3.485722535787364,-4.326969143821147,-3.4214217565088405,-4.333805732715501,-3.469278092202061,0
46.464,-4.35694447565398,-3.4761226941790313,-4.365678281827193,-3.4616779555880077,-4.346535917059282,-3.466238099128245,0
46.496,-4.3568816675284046,-3.4665228571463413,-4.311077848746228,-3.4828281017887295,-4.332333860737755,-3.47287416172275,0
46.528,-4.356818877328211,-3.4569230232421426,-4.358610452227266,-3.4536406627201455,-4.342825674725924,-3.4651808236103476,0
46.56,-4.356756104997437,-3.4473231913900624,-4.350473947628844,-3.493250938431471,-4.345866167642742,-3.4764089309862696,0
46.592,-4.356693350322374,-3.4377233608202222,-4.376267081627561,-3.4202056693864344,-4.358007723230754,-3.4539276877537604,0
46.624,-4.356630612933474,-3.4281235310151055,-4.40580413014168,-3.398997205214985,-4.377107482013817,-3.431955556107292,0
46.656,-4.356567892313422,-3.4185237016637444,-4.341337716111629,-3.442142589390447,-4.362780777404279,-3.436030430753349,0
46.688,-4.356505187809674,-3.4089238726227458,-4.314809811083756,-3.4271467278346086,-4.343573598000963,-3.432477010884938,0
46.72,-4.356442498650097,-3.3993240438829564,-4.35043294749517,-3.4219387248711524,-4.346298549881946,-3.428261757747662,0
46.752,-4.356379823960635,-3.3897242155407996,-4.38498272446316,-3.4053914053953824,-4.361753436295902,-3.419113678047264,0
46.784,-4.3563171627841015,-3.380124387773497,-4.3537515718758595,-3.426563055949051,-4.358533911112976,-3.422093490424076,0
46.816,-4.35625451409938,-3.370524560817552,-4.333842483275555,-3.3809132062673743,-4.348638564048319,-3.4056214379565057,0
46.848,-4.356191876840487,-3.3609247349499896,-4.341237986533003,-3.4345820462893606,-4.345659560065538,-3.4172057424672566,0
46.88,-4.356129249915037,-3.3513249104719574,-4.312785559708181,-3.370443905670853,-4.33249118936256,-3.398501068912286,0
46.912,-4.356066632221755,-3.341725087694382,-4.349211276851348,-3.342411712406408,-4.339160455683005,-3.3760653874629307,0
46.944,-4.3560040226667835,-3.332125266925432,-4.299171643087923,-3.325911262734056,-4.323146163336315,-3.3560037987170945,0
46.976,-4.355941420178567,-3.322525448459613,-4.3315515924680446,-3.32118301721755,-4.326489568548942,-3.3420755472588626,0
47.008,-4.355878823721196,-3.3129256325683527,-4.363756728078042,-3.3433923309517546,-4.341377666318896,-3.3426023218764316,0
47.04,-4.355816232306084,-3.303325819491971,-4.386394701464321,-3.302712381877441,-4.3593657142972075,-3.326646407018792,0
47.072,-4.3557536450019585,-3.2937260094329623,-4.324660740023052,-3.3142813856710744,-4.345464958071851,-3.3217004596256565,0
47.104,-4.355691060943121,-3.2841262025505333,-4.338089175142128,-3.2954276945124814,-4.342495877594003,-3.31119141473249,0
47.136,-4.355628479336004,-3.274526398956342,-4.373529139907267,-3.221773349559491,-4.3548904141153635,-3.2754242498233923,0
47.168,-4.35556589946406,-3.2649265987114116,-4.3390072626123635,-3.271766731944726,-4.348518383753794,-3.273961303841544,0
47.2,-4.355503320691027,-3.2553268018241788,-4.346042659750684,-3.2637053091877055,-4.347509322828291,-3.269858967160327,0
47.232,-4.355440742462674,-3.2457270082496392,-4.341346589711727,-3.3332755691291935,-4.345025456537849,-3.2952256691397404,0
47.264,-4.355378164307091,-3.2361272178895537,-4.379022921660747,-3.22618720231918,-4.358605667719725,-3.267610343615443,0
47.296,-4.35531558875401,-3.2265274305580127,-4.368666935020404,-3.2261046580591803,-4.362611399772733,-3.2510081306032887,0
47.328,-4.343823010376237,-3.219686329910022,-4.329627645742894,-3.182871710927424,-4.337898170252661,-3.2237863540079665,0
47.36,-4.325244067179352,-3.219189872253386,-4.337600439263694,-3.2418601577515935,-4.326259256326471,-3.231042280711475,0
47.392,-4.305929937552798,-3.219271461915183,-4.342679495851081,-3.238346936035102,-4.321307480430314,-3.233981700805354,0
47.424,-4.286515706450854,-3.219400764970885,-4.276062797727604,-3.2256143434459323,-4.291689690351658,-3.2306438777232875,0
47.456,-4.267117097623653,-3.219504959893834,-4.273569575702142,-3.2596600099736572,-4.272921696480573,-3.242252251113067,0
47.488,-4.247753620972106,-3.219578494145709,-4.224010759766335,-3.2265653011429984,-4.241837355508225,-3.235973257598766,0
47.52,-4.228423342984899,-3.2196259727133594,-4.251901603952886,-3.2111684152339546,-4.2343430789791325,-3.2260418412369374,0
47.552,-4.209120546712661,-3.219652548486494,-4.166404149471352,-3.206006904063916,-4.19564752732828,-3.2180139171730957,0
47.584,-4.189839681190223,-3.2196625320882917,-4.2079849083636445,-3.2847638974711604,-4.189062499642778,-3.244696206371893,0
47.616,-4.170576123178701,-3.2196593300534375,-4.131262139059151,-3.1559703532225942,-4.154422377285562,-3.209185030474834,0
47.648,-4.1513261782034,-3.219645586490792,-4.138261982060093,-3.2443028185910316,-4.136438244254529,-3.223208705844182,0
47.68,-4.132086931122242,-3.219623344278755,-4.120919884555313,-3.2027982812884166,-4.118710929151919,-3.215018930841373,0
47.712,-4.112856090747609,-3.219594190231369,-4.139960152681611,-3.2433950528741375,-4.115690651169484,-3.226341977211481,0
47.744,-4.093631858190674,-3.219559376073066,-4.075476532186425,-3.1803537357501126,-4.088085039857049,-3.207917793242383,0
47.776,-4.074412821114863,-3.2195199138981883,-4.048686446175159,-3.240991279714812,-4.060805642018802,-3.2211170869750827,0
47.808,-4.055197870231269,-3.2194766475541288,-4.0176872500534415,-3.190141200880143,-4.032038327787973,-3.2086956607705344,0
47.84,-4.0359861337549,-3.2194303028757156,-3.979954826944707,-3.185998372989064,-3.9996849724174592,-3.199584925015556,0
47.872,-4.01677692608354,-3.219381520472097,-4.024688235957502,-3.1803080653288793,-3.9981663246525088,-3.1918418180291406,0
47.904,-3.9975697076573624,-3.21933087501686,-4.050557250505678,-3.217724133800995,-4.007602743080674,-3.2021620314859724,0
47.936,-3.9783640535778844,-3.2192788848485248,-3.999042104069376,-3.2168515256102923,-3.992658536246915,-3.2080049453662838,0
47.968,-3.9591596290738127,-3.2192260152708854,-3.92686684182497,-3.2147071868625146,-3.954821907374888,-3.2106529506129213,0
48.0,-3.939956170308997,-3.219172678360578,-3.9079635682717555,-3.2229585067095625,-3.924558620248619,-3.2155424197969493,0
48.032000000000004,-3.9207534693522117,-3.219119231437968,-3.984209572614378,-3.2265606222674443,-3.93689904889031,-3.219917211523679,0
48.064,-3.9015513623863507,-3.2190659757134616,-3.8750748783848583,-3.23499237095112,-3.900649427209761,-3.225915154501867,0
48.096000000000004,-3.882349720439093,-3.2190131560399338,-3.9275848128645565,-3.240658417778614,-3.8999036265557656,-3.231780789672484,0
48.128,-3.8631484420784354,-3.218960962217594,-3.8576538606262503,-3.2233705979532243,-3.871483763656827,-3.228385553397912,0
48.160000000000004,-3.8439474476429187,-3.218909531926047,-3.852513440401443,-3.2311927084244028,-3.8523756761265417,-3.229477804862427,0
48.192,-3.8247466746745338,-3.2188589551002824,-3.8064361042520516,-3.2211329067449896,-3.8224798874310864,-3.2261098028077493,0
48.224000000000004,-3.8055460742978537,-3.2188092794126213,-3.801346698268603,-3.2155168481469674,-3.8025066501463654,-3.221843146989027,0
48.256,-3.7863456083466684,-3.2187605164541635,-3.8065805132365504,-3.208102182772862,-3.7926162321778856,-3.2163178423315566,0
48.288000000000004,-3.7671452470833353,-3.2187126482068638,-3.7514533144650675,-3.1902217879640533,-3.7646311004246664,-3.205851030536802,0
48.32,-3.747944967389501,-3.2186656334404375,-3.7519382659435694,-3.2233229193207644,-3.7480340006416357,-3.2128118894914235,0
48.352000000000004,-3.7287447513324263,-3.218619413738307,-3.6730105148929617,-3.2240576128835645,-3.706504639179583,-3.2172827336616123,0
48.384,-3.7095445850308755,-3.2185739189382203,-3.690204864975609,-3.1594937672622065,-3.688464761315334,-3.194140106948321,0
48.416000000000004,-3.6903444577598994,-3.2185290718542463,-3.7171362508964267,-3.2418770813785294,-3.688413388092439,-3.213208213191907,0
48.448,-3.671144361245961,-3.2184847922195536,-3.6752969001115905,-3.2608121111001145,-3.6716468231109656,-3.2322233967836316,0
48.480000000000004,-3.651944289113483,-3.2184409998490584,-3.644537758119842,-3.2373742530449654,-3.6492832267194646,-3.234257624199194,0
48.512,-3.632744236451606,-3.2183976170658206,-3.6445547909681157,-3.1321732742989594,-3.6358718815336086,-3.193397984462588,0
48.544000000000004,-3.613544199476166,-3.218354570465176,-3.62566828557514,-3.2402671854322826,-3.6202704718777,-3.2121199383158774,0
48.576,-3.5943441752668708,-3.218311792107612,-3.6366477504608268,-3.2304777997008407,-3.6153014117419335,-3.2194374911248524,0
48.608000000000004,-3.5751441615637116,-3.218269220237679,-3.5816953996479115,-3.2310799864008466,-3.5903390351177937,-3.2240689977310186,0
48.64,-3.5559441566098626,-3.2182267996244516,-3.524377041047296,-3.2359687157156714,-3.552434265553644,-3.228803463112926,0
48.672000000000004,-3.5367441590309485,-3.218184481611733,-3.552235668077117,-3.2103834223079746,-3.540834854535811,-3.221410068073974,0
48.704,-3.517544167742639,-3.218142223955617,-3.5093846954698185,-3.2587286453901907,-3.5167348188400833,-3.23631214057636,0
48.736000000000004,-3.4983441818802206,-3.218099990514954,-3.5142469279131907,-3.2145476250422824,-3.504219690399003,-3.227580976995429,0
48.768,-3.4791442007451368,-3.2180577508480566,-3.5038307830675794,-3.211573252503378,-3.4925441554290617,-3.221152514944124,0
48.800000000000004,-3.4599442237645626,-3.218015479757515,-3.493805797241019,-3.1833157325132215,-3.481528840177008,-3.2059924018820825,0
48.832,-3.4407442504609476,-3.217973156814767,-3.4095484686013346,-3.231810570433985,-3.441216719652389,-3.216294231125116,0
48.864000000000004,-3.4215442804291407,-3.2179307658873224,-3.422853519108328,-3.2134355436054713,-3.422351467639877,-3.215125272000878,0
48.896,-3.4023443133192544,-3.217888294684267,-3.376519528998592,-3.2011803600628435,-3.3924987205005133,-3.2095217714458206,0
48.928000000000004,-3.383144348823861,-3.217845734329813,-3.4018558388838094,-3.2109351166378546,-3.384721596291708,-3.210061518225295,0
48.96,-3.3639443866684515,-3.2178030789699794,-3.334116248855441,-3.1766855181427776,-3.3529594858810516,-3.19668546916281,0
48.992000000000004,-3.344744426604345,-3.2177603254138925,-3.307565227817242,-3.1609002434477587,-3.323281811347556,-3.182345671332082,0
49.024,-3.3255444684034514,-3.2177174728084648,-3.293390806739565,-3.1937806515987215,-3.2998054383240767,-3.1868938978412373,0
49.056000000000004,-3.306344511854438,-3.217674522343247,-3.3185031504546916,-3.2309421945930747,-3.2957645521208625,-3.2044873944325545,0
49.088,-3.287144556759973,-3.2176314769809533,-3.251256050095059,-3.1873633709999982,-3.266441180374953,-3.1976119089057926,0
49.120000000000005,-3.2679446029347967,-3.217588341208453,-3.2312212388696055,-3.209577250402446,-3.2408332329503384,-3.202372118560554,0
49.152,-3.2487446502044546,-3.2175451208028605,-3.288289869177607,-3.26660045799185,-3.248295916723584,-3.228037480507491,0
49.184,-3.2295446984045406,-3.217501822607679,-3.237414326283705,-3.214550698552526,-3.2324233099252124,-3.2226167514534585,0
49.216,-3.2103447473803577,-3.217458454314717,-3.196015177090769,-3.204910639455843,-3.206340086253687,-3.2155082527724175,0
49.248,-3.1911447969869045,-3.217415024248605,-3.232549412018454,-3.1636297978606027,-3.2053038460952266,-3.194730784428695,0
49.28,-3.1719448470891183,-3.2173715411521293,-3.1356142679758063,-3.1893088596312733,-3.1659080444447496,-3.1925359008981387,0
49.312,-3.1527448975623047,-3.2173280139721623,-3.1122425081337437,-3.160621378919846,-3.132921859567433,-3.179743956553982,0
49.344,-3.133544948292687,-3.21728445164755,-3.14598135963425,-3.2337011341981055,-3.126625689279325,-3.20130067531307,0
49.376,-3.1143449991780185,-3.2172408629018405,-3.0383167517693295,-3.2650189207526648,-3.079782143987293,-3.226761809425808,0
49.408,-3.0951450501281808,-3.217197256045058,-3.132333217038907,-3.176230897824943,-3.0892826029361293,-3.2065232736132803,0
49.44,-3.075945101065709,-3.21715363878971,-3.0398466986214703,-3.235024091789759,-3.0579882709450525,-3.2178974268316383,0
49.472,-3.056745151926176,-3.2171100180868186,-3.0233760550534905,-3.220358930009492,-3.032623414321339,-3.2188558548866415,0
49.504,-3.037545202658373,-3.217066399987893,-3.0520628741000526,-3.258513690992149,-3.0288792279567103,-3.2346928200833647,0
49.536,-3.0183452532242363,-3.2170227895383876,-2.9751808369741957,-3.2010556487656734,-2.995879901272853,-3.221211788786513,0
49.568,-2.9991453035984805,-3.2169791907073386,-3.0233472125049774,-3.2461895584581804,-2.9953468554558995,-3.231176742211791,0
49.6,-2.9799453537679077,-3.21693560635658,-3.058594752444143,-3.24816503326239,-3.0091260439197254,-3.237945913710937,0
49.632,-2.960745403730401,-3.2168920382512813,-3.0281004819909754,-3.26847960939221,-3.0051958487938095,-3.2501332571500696,0
49.664,-2.9415454534936094,-3.2168484871116427,-2.9645250183725884,-3.165013022061089,-2.9774075462480134,-3.2160590383517462,0
49.696,-2.9223455030733723,-3.2168049527035403,-2.8532878637444123,-3.2273516391408927,-2.9162397028475926,-3.220549963445261,0
49.728,-2.90314555249194,-3.2167614339639004,-2.907856053098686,-3.2131751260618953,-2.9013662725295597,-3.2175739218549895,0
49.76,-2.883945601776065,-3.2167179291546977,-2.9350746525215565,-3.185918825915903,-2.903329654091312,-3.2048857841484217,0
49.792,-2.864745650955054,-3.2166744360378865,-2.8742517146445445,-3.237429226616017,-2.880178507864378,-3.2178770676175525,0
49.824,-2.845545700058866,-3.216630952062386,-2.843790333069803,-3.2540138958211116,-2.8541032674887568,-3.232305709600496,0
49.856,-2.826345749116347,-3.2165874745535272,-2.836373996222372,-3.2438438286551237,-2.8354915885184404,-3.236894870559322,0
49.888,-2.807145798153679,-3.216544000895214,-2.858652366303306,-3.202579177289739,-2.8332359291659897,-3.2231425077513265,0
49.92,-2.787945847193107,-3.2165005286954624,-2.853036841427357,-3.172248105984079,-2.829636323604389,-3.202758661433936,0
49.952,-2.7687458962519966,-3.21645705592693,-2.740648552763447,-3.207331914361448,-2.7825212448043875,-3.204561875880257,0
49.984,-2.749545945342252,-3.2164135810355203,-2.785080738781311,-3.206904010808682,-2.772025071935609,-3.205472641326707,0
50.016,-2.7303459944701,-3.216370103012035,-2.7595268129816217,-3.2608359953020027,-2.755505797899322,-3.2275918922484585,0
50.048,-2.7111460436362416,-3.2163266214240145,-2.691014890302864,-3.2268009729118714,-2.7181894644109015,-3.2272494317025258,0
50.08,-2.691946092836338,-3.2162831364073083,-2.6587247450700615,-3.2027046867668045,-2.682883606228855,-3.2174054390957774,0
50.112,-2.6727461420617926,-3.2162396486192733,-2.6915782059902615,-3.157792900282169,-2.674841475690476,-3.1935343277161095,0
50.144,-2.6535461913007725,-3.2161961591578097,-2.630054045681049,-3.273033303380552,-2.645406533244685,-3.2253078217215414,0
50.176,-2.6343462405394025,-3.216152669452436,-2.5916611768880293,-3.2260380784528215,-2.612388420258755,-3.225573828704814,0
50.208,-2.6151462897630537,-3.216109181135235,-2.6915459094047454,-3.2187606117109278,-2.6325314454703332,-3.2228224477652048,0
50.24,-2.595946338957644,-3.2160656959006446,-2.5870111985578306,-3.1705978578098692,-2.6028033762527207,-3.201906520197985,0
50.272,-2.5767463881108665,-3.216022215363618,-2.5678173110535543,-3.2680283392650793,-2.577288979712653,-3.2283291596783377,0
50.304,-2.55754643721327,-3.215978740925666,-2.5853858636544333,-3.1887758159649193,-2.5690077628195893,-3.212481738185428,0
50.336,-2.5383464862591074,-3.2159352736576374,-2.5571709704762844,-3.2076560273515393,-2.5527530754020793,-3.2105253744427094,0
50.368,-2.5191465352469105,-3.2158918142069326,-2.5002676554386474,-3.2481575975682344,-2.5202389369257103,-3.225552189058444,0
50.4,-2.4999465841797384,-3.2158483627351466,-2.497560871539583,-3.1531917307263257,-2.499647740269751,-3.1965819357368366,0
50.432,-2.480746633065092,-3.2158049188901177,-2.536194630179448,-3.2140971681099875,-2.5027465257225963,-3.2035619629081094,0
50.464,-2.461546681914497,-3.2157614818140607,-2.4777063705770597,-3.2393625499137837,-2.481210493145456,-3.217856135422963,0
50.496,-2.4423467307427917,-3.2157180501870957,-2.4259232756905775,-3.265139579919677,-2.447575635638871,-3.236743453460006,0
50.528,-2.423146779567165,-3.2156746223031543,-2.417521110393188,-3.183662181233265,-2.42403385501286,-3.215484886181904,0
50.56,-2.403946828406025,-3.215631196173143,-2.4370813579739457,-3.1678414045363,-2.4177328856693174,-3.196401435243408,0
50.592,-2.3847468772777725,-3.215587769648469,-2.384394203567141,-3.208960295537922,-2.392877442303175,-3.201398919885251,0
50.624,-2.3655469261995674,-3.215544340556708,-2.351606177496491,-3.18741039549375,-2.364848965860772,-3.195777448201432,0
50.656,-2.346346975186173,-3.2155009068404317,-2.3373790334361786,-3.200079761157904,-2.3423410223792978,-3.1974723078781806,0
50.688,-2.3271470242489576,-3.2154574666899918,-2.2966354282539436,-3.2648435706832424,-2.3125388142277066,-3.2243947429898894,0
50.72,-2.30794707339511,-3.215414018661478,-2.306418295489759,-3.1606712626837266,-2.2985706362427685,-3.1988792756891895,0
50.752,-2.288747122627127,-3.2153705617720165,-2.310808866098482,-3.2046253700862377,-2.2919459577077963,-3.201151632745253,0
50.784,-2.2695471719425964,-3.2153270955660638,-2.2816179003393855,-3.1445342448645195,-2.276294764295737,-3.178478591340901,0
50.816,-2.2503472213342897,-3.215283620148228,-2.236956383255952,-3.2399183529799442,-2.2490394414269916,-3.203028404505987,0
50.848,-2.231147270790556,-3.2152401361803284,-2.217063778753051,-3.185153151258175,-2.224729205915028,-3.195852207106618,0
50.88,-2.211947320295998,-3.2151966448427256,-2.1819868036827543,-3.2189124382674885,-2.1961122745881205,-3.2050501997695378,0
50.912,-2.192747369832382,-3.215153147762281,-2.1671531840793867,-3.2525077039108186,-2.173008667956455,-3.2240070990555303,0
50.944,-2.1735474193797377,-3.2151096469114777,-2.203939688483787,-3.2237715209481577,-2.1738611057421293,-3.2238867641579443,0
50.976,-2.154347468917576,-3.215066144485115,-2.2010529123140694,-3.2054139999159164,-2.173217857945484,-3.216471554879573,0
51.008,-2.135147518426151,-3.21502264276246,-2.093950606360864,-3.1685224673824295,-2.129990986883004,-3.197265817716197,0
51.04,-2.1159475678876922,-3.2149791439636908,-2.113485382733298,-3.2245406606823077,-2.1118687747884533,-3.208149655401134,0
51.072,-2.096747617287522,-3.214935650109865,-2.1082837442566396,-3.1980404897074615,-2.0989147921326,-3.204079893354518,0
51.104,-2.0775476666149877,-3.214892162895414,-2.0509411498245136,-3.2117031404418945,-2.0682053647559093,-3.207103100977986,0
51.136,-2.0583477158641412,-3.2148486835813825,-2.0717635933170433,-3.2453838818962915,-2.058108685715382,-3.222389327220875,0
51.168,-2.0391477650341185,-3.2148052129163016,-2.048075573776348,-3.239368283352253,-2.0425754704628125,-3.2291548288365206,0
51.2,-2.0199478141291918,-3.21476175108979,-2.056683686111678,-3.24704531911801,-2.0366987862337504,-3.236284949259338,0
51.232,-2.00074786315848,-3.214718297721896,-1.9701157160980114,-3.1890607467957777,-1.9985455876802658,-3.2173691972598197,0
51.264,-1.9815479121353463,-3.21467485188887,-1.961013243070624,-3.2770645670009677,-1.972012679328389,-3.241221278046393,0
51.296,-1.9623479610765135,-3.214631412183727,-1.9785519849031055,-3.2447190539920134,-1.9631084310437368,-3.242594324197656,0
51.328,-1.9431480100009626,-3.214587976807707,-1.8906051959238215,-3.167922354335729,-1.9225871664774399,-3.212699473703826,0
51.36,-1.923948058928689,-3.2145445436867637,-1.9137253048244847,-3.1542357437332478,-1.9075224512970994,-3.1892879195337187,0
51.392,-1.9047481078794015,-3.2145011106055943,-1.8698491821688012,-3.1837590554312385,-1.880933173128805,-3.1870503107461285,0
51.424,-1.8855481568712487,-3.214457675350604,-1.8094401511118614,-3.2407093843950903,-1.8408159938101005,-3.2084878748272168,0
51.456,-1.8663482059196579,-3.214414235852613,-1.7992742808580855,-3.1691967262582863,-1.8126793381249504,-3.192745346668451,0
51.488,-1.8471482550363594,-3.2143707903201446,-1.8301402172786805,-3.230316426261785,-1.8081437192917234,-3.20774770551964,0
51.52,-1.8279483042286528,-3.21432733735472,-1.8290575326361544,-3.207203314392136,-1.8049892741458198,-3.2075038712018564,0
51.552,-1.8087483534989606,-3.214283876040761,-1.7894136722524578,-3.2377879487926817,-1.7872390629165447,-3.2195914191818185,0
51.584,-1.78954840284469,-3.214240406004312,-1.76656315094267,-3.1915355053671477,-1.7674487276667525,-3.208342965437507,0
51.616,-1.770348452258411,-3.214196927436821,-1.8162798832182503,-3.1849123232769183,-1.7754612194379817,-3.1989446155547325,0
51.648,-1.7511485017283352,-3.214153441082438,-1.765945785591446,-3.206952295941922,-1.7601350754593499,-3.2021215905638547,0
51.68,-1.7319485512390678,-3.2141099481896704,-1.7572801844950963,-3.190336948834193,-1.7474731486408557,-3.197381633539184,0
51.712,-1.7127486007725838,-3.214066450430502,-1.7152340150688157,-3.225197814628062,-1.7230575247838744,-3.2084820036014574,0
51.744,-1.693548650309376,-3.214022949792203,-1.6782035134047175,-3.2127953143274506,-1.6935959498057755,-3.2101812247569437,0
51.776,-1.6743486998297,-3.2139794484488062,-1.6900325822466793,-3.186949670382027,-1.6806506323544184,-3.2008625004388382,0
51.808,-1.6551487493148425,-3.2139359486205503,-1.6503043456928144,-3.2158641187710284,-1.6569921472578453,-3.2068370470624608,0
51.84,-1.6359487987483337,-3.213892452430355,-1.6586146723766624,-3.2526121071386402,-1.6461211868665702,-3.2251209734148736,0
51.872,-1.6167488481170222,-3.2138489617665993,-1.6616146015617594,-3.161360636950305,-1.6407985822967608,-3.1995907451589227,0
51.904,-1.5975488974119427,-3.2138054781610546,-1.6020797630318064,-3.19733052000054,-1.6137910841321856,-3.198660566151425,0
51.936,-1.5783489466289153,-3.2137620026898532,-1.6030797130801153,-3.2628123851096738,-1.5979865652411236,-3.2242952099294797,0
51.968,-1.5591489957688314,-3.21371853590388,-1.5456307941358534,-3.2126898427444033,-1.565524286316962,-3.2196269844701573,0
52.0,-1.539949044837606,-3.213675077793071,-1.5461880270351598,-3.1839315098701513,-1.5462698121109522,-3.2053227210086916,0
52.032000000000004,-1.5207490938457966,-3.2136316277869215,-1.542344298912053,-3.2343390327251136,-1.5331796363281778,-3.2169031764607503,0
52.064,-1.5015491428079102,-3.213588184791159,-1.4780414727647977,-3.2235120422844323,-1.4996044003916356,-3.219520657082174,0
52.096000000000004,-1.4823491917414529,-3.2135447472582097,-1.391322394236481,-3.213891645958141,-1.4447716274128728,-3.2172429893622847,0
52.128,-1.4631492406657798,-3.21350131328691,-1.4428406958640116,-3.2327710434921126,-1.4324792842739367,-3.2234281489349788,0
52.160000000000004,-1.4439492896008308,-3.213457880745031,-1.4856366065844944,-3.232523926228065,-1.442222242679072,-3.2270403976396027,0
52.192,-1.424749338565833,-3.2134144474067123,-1.4298215696754624,-3.2498709271533794,-1.425742002961821,-3.2361465457824057,0
52.224000000000004,-1.4055493875780607,-3.2133710110959472,-1.401639143865631,-3.1923468583620345,-1.4045808888135864,-3.2186006044773228,0
52.256,-1.3863494366517295,-3.2133275698268777,-1.3778385446774413,-3.2058428000750596,-1.3823639806577988,-3.2134714126526642,0
52.288000000000004,-1.3671494857970947,-3.2132841219318475,-1.3873483874744128,-3.2180152433993863,-1.3728377728933852,-3.2152628703476305,0
52.32,-1.3479495350198094,-3.2132406661689683,-1.3454182001008559,-3.209474230246256,-1.3503499732967668,-3.2129213346421404,0
52.352000000000004,-1.3287495843205759,-3.213197201802257,-1.3230898425315496,-3.2021560553342914,-1.3279259505229728,-3.2085891379971736,0
52.384,-1.3095496336951111,-3.2131537286491803,-1.316645140821071,-3.1945754267319977,-1.3118936561860863,-3.202957563454958,0
52.416000000000004,-1.2903496831344246,-3.213110247092519,-1.2953240145094915,-3.253154447679928,-1.29374582906984,-3.2230102224661543,0
52.448,-1.271149732625388,-3.213066758055794,-1.2828733479149463,-3.250692563586976,-1.27787686617105,-3.234057060363452,0
52.480000000000004,-1.2519497821515664,-3.2130232629438162,-1.221462976162312,-3.206193793698886,-1.2437913397371898,-3.2228856522938534,0
52.512,-1.2327498316942567,-3.212979763552183,-1.1939824237363554,-3.206537206037977,-1.212347802910234,-3.2163201707378812,0
52.544000000000004,-1.2135498812336742,-3.2129362619515645,-1.2269779328779995,-3.222350401314792,-1.2066798844714937,-3.2187061595739106,0
52.576,-1.1943499307502146,-3.2128927603542197,-1.253651653489241,-3.1770264140809443,-1.2139486216505058,-3.202008158971088,0
52.608000000000004,-1.1751499802257124,-3.212849260971368,-1.1915145957960611,-3.1748945058937474,-1.1934550408755302,-3.1911365975895354,0
52.64,-1.1559500296446183,-3.212805765870608,-1.1332812842094855,-3.177459575129882,-1.157865567768265,-3.185639691830091,0
52.672000000000004,-1.1367500789950151,-3.21276227684259,-1.1193304109781088,-3.142419108900301,-1.1309315346016624,-3.1683253661595145,0
52.704,-1.1175501282694047,-3.21271879528554,-1.139962184418567,-3.2284165399174647,-1.1230238240667767,-3.192335748066575,0
52.736000000000004,-1.0983501774652107,-3.2126753221150963,-1.097060660055726,-3.2031845806026875,-1.1011185879889052,-3.1966491986964467,0
52.768,-1.0791502265849584,-3.2126318577052637,-1.0910408479049127,-3.2430331370438044,-1.0855675214701197,-3.2151766968348343,0
52.800000000000004,-1.0599502756361179,-3.2125884018642985,-1.015617225786376,-3.1800494039147185,-1.0460674327005215,-3.201099707287953,0
52.832,-1.0407503246306185,-3.212544953847073,-1.0511902089432617,-3.208634891075066,-1.036596572692133,-3.2040877125719676,0
52.864000000000004,-1.0215503735840665,-3.212501512403119,-1.0625734468109942,-3.2052045493016106,-1.0354673518269424,-3.2045083822392857,0
52.896,-1.0023504225147213,-3.2124580758572443,-0.9482843068335608,-3.19738713462752,-0.9890741633122045,-3.20163382022732,0
52.928000000000004,-0.9831504714422987,-3.2124146422175293,-1.0072795214113708,-3.191886057274331,-0.9848363360327359,-3.19770865285391,0
52.96,-0.9639505203866849,-3.212371209303735,-0.9295589009304417,-3.2337467692189863,-0.9512053914739464,-3.2120978366499573,0
52.992000000000004,-0.9447505693666476,-3.2123277748878474,-0.969207854051778,-3.2398103480193017,-0.946886405991404,-3.223156776592485,0
53.024,-0.9255506183986283,-3.2122843368377048,-0.8730585124692989,-3.2002478379311956,-0.9058352780757479,-3.213967133489083,0
53.056000000000004,-0.9063506674956942,-3.212240893254455,-0.8852865436057049,-3.293747736405044,-0.8860958137900031,-3.2458533029994516,0
53.088,-0.887150716666714,-3.212197442594983,-0.8255701961413962,-3.15657557529089,-0.8503655962435615,-3.2101161355178585,0
53.120000000000005,-0.8679507659158052,-3.2121539837714237,-0.8352899961252328,-3.1888076555728015,-0.8328153857209131,-3.2015666619796894,0
53.152,-0.8487508152420848,-3.2121105162213395,-0.8159054673989389,-3.173270197870547,-0.8145314479286908,-3.190221989526383,0
53.184000000000005,-0.8295508646397349,-3.2120670399440363,-0.8219854411245392,-3.1951698563300317,-0.8059930747549193,-3.1921750444391312,0
53.216,-0.8103509140983762,-3.212023555500669,-0.7851312112794235,-3.2817096034319713,-0.78612835892264,-3.2279627718007893,0
53.248000000000005,-0.791150963603727,-3.211980063978117,-0.7879543847622014,-3.219775172943972,-0.7753387988244742,-3.224661632453074,0
53.28,-0.771951013138506,-3.2119365669189555,-0.7680117773526141,-3.2239278731908865,-0.7608880198073693,-3.2243420264606564,0
53.312,-0.7527510626835264,-3.2118930662220224,-0.7297400830298774,-3.206481670815823,-0.7369088746708162,-3.2171717806791955,0
53.344,-0.7335511122189159,-3.211849564019995,-0.6883479134572816,-3.2254268739440892,-0.7059645197596447,-3.220447714551444,0
53.376,-0.7143511617253864,-3.2118060625418647,-0.6947947824683716,-3.198056896428983,-0.6899766544141843,-3.211465285278102,0
53.408,-0.6951512111854773,-3.211762563969183,-0.6772221765340583,-3.187847806920582,-0.6733548928272048,-3.2019921945482515,0
53.44,-0.6759512605846898,-3.2117190702953566,-0.664549005773001,-3.198465134466771,-0.6583125675622192,-3.2005552748239325,0
53.472,-0.6567513099124376,-3.2116755831970663,-0.647905709562532,-3.255479399533542,-0.6426298539088112,-3.222498833529988,0
53.504,-0.6375513591627493,-3.2116321039261138,-0.6240601534821935,-3.2054188001742765,-0.6236820032732104,-3.215640734051079,0
53.536,-0.6183514083346718,-3.211588633228667,-0.6372098118309967,-3.1510369179313584,-0.6175731562194979,-3.1897731267093627,0
53.568,-0.5991514574323437,-3.2115451712971237,-0.6255152129200257,-3.223505128218845,-0.6092300084113234,-3.2032398515251375,0
53.6,-0.5799515064647306,-3.2115017177576792,-0.5714083404813214,-3.217621059636394,-0.5825813707404393,-3.2089662636206366,0
53.632,-0.5607515554450414,-3.2114582716944127,-0.5500180001721338,-3.1951968821028345,-0.5580360520054742,-3.203432443737008,0
53.664,-0.5415516043898609,-3.211414831708324,-0.5740822820753444,-3.19951914566862,-0.5529345735193227,-3.2018410600887837,0
53.696,-0.5223516533180624,-3.211371396007513,-0.5618614474439637,-3.19991311305222,-0.544985352571342,-3.201043818507281,0
53.728,-0.5031517022495721,-3.2113279625226876,-0.5202775204372891,-3.227328877539129,-0.523582249199106,-3.211531779698151,0
53.76,-0.4839517512040721,-3.211284529040551,-0.4536505643450442,-3.1928936484245325,-0.4840896047411,-3.204050463779904,0
53.792,-0.4647518001997276,-3.2112410933464774,-0.45929694477784866,-3.190167214305003,-0.4626525702445209,-3.198471098325186,0
53.824,-0.4455518492520216,-3.211197653367278,-0.40270629154235404,-3.1771593277146293,-0.42715408826002077,-3.1899203210359715,0
53.856,-0.42635189837277065,-3.2111542073048653,-0.4039791153640728,-3.2143825429512423,-0.4063641286077063,-3.1996791364698254,0
53.888,-0.40715194756938233,-3.211110753752197,-0.3738958916640214,-3.200229869350613,-0.38185686334742575,-3.1998733513713518,0
53.92,-0.38795199684439624,-3.211067291784028,-0.366869742567009,-3.2432781301059417,-0.3643420445642973,-3.217209179381089,0
53.952,-0.36875204619533436,-3.211023821016624,-0.3353845212336008,-3.215241237634192,-0.34123906477285626,-3.2163959139869713,0
53.984,-0.3495520956148661,-3.2109803416325664,-0.34646329104512835,-3.197099710010951,-0.331808784833597,-3.2086513388474303,0
54.016,-0.33035214509127664,-3.210936854369056,-0.3364569802195829,-3.193604317606646,-0.322148092549304,-3.2026064326181207,0
54.048,-0.31115219460920845,-3.2108933604704486,-0.3588884760289316,-3.253334560640401,-0.32532427550982324,-3.2228715828493297,0
54.08,-0.2919522441506324,-3.2108498616080765,-0.29004211131560453,-3.2409271639786397,-0.2996914394055596,-3.2300677122265045,0
54.112,-0.2727522936959904,-3.2108063597725183,-0.25037901852410677,-3.2049361943523946,-0.26844650062825093,-3.2199890011880203,0
54.144,-0.2535523432254402,-3.210762857145261,-0.199557714898235,-3.2145997105305306,-0.22937101591033965,-3.21780718155644,0
54.176,-0.2343523927201272,-3.2107193559580254,-0.22248319285754303,-3.196255282389993,-0.21509591625918983,-3.2091603203420105,0
54.208,-0.21515244216340215,-3.2106758583488375,-0.23467950978883279,-3.165845653916623,-0.2114093832342086,-3.1918083552272827,0
54.24,-0.19595249154190575,-3.2106323662241265,-0.18899053562133544,-3.2076256590591417,-0.19092187374317426,-3.1981091822070686,0
54.272,-0.1767525408464481,-3.210588881135751,-0.1480107373842969,-3.1908823501165755,-0.16223744874303847,-3.195192359539925,0
54.304,-0.15755259007262087,-3.210545404180891,-0.1930549235269766,-3.1980253895472073,-0.16304446818836882,-3.19629948685924,0
54.336,-0.1383526392210983,-3.210501935931263,-0.10120160981556826,-3.1869643548918085,-0.12678735435913763,-3.192539354628848,0
54.368,-0.11915268829760296,-3.21045847639622,-0.10393931229701905,-3.176854408311525,-0.10612816704287395,-3.186239301652999,0
54.4,-0.09995273731253664,-3.210415025022122,-0.08178709303488244,-3.226691178553016,-0.08487176693824644,-3.202393982390208,0
54.432,-0.08075278628030008,-3.210371580728005,-0.06567761962097407,-3.211560944947154,-0.06567413750182854,-3.2060347009618537,0
54.464,-0.06155283521834799,-3.210328141975249,-0.07283231902069205,-3.223602162587101,-0.05701743959424441,-3.213035621647014,0
54.496,-0.042352884146044725,-3.210284706866751,-0.01953582416807475,-3.194681289751094,-0.03050482290584633,-3.2056678261633706,0
54.528,-0.023152933083399205,-3.2102412732692067,-0.07908446562909398,-3.217543983736661,-0.038416709477415614,-3.2103922263798355,0
54.56,-0.003952982049764776,-3.2101978389506214,0.03319106905628097,-3.1755753462892566,0.0017463724506027994,-3.196439410120794,0
54.592,0.01524696893740914,-3.2101544017241896,-0.017030935012842908,-3.1853551235406634,0.005755419973788137,-3.191979628623697,0
54.624,0.03444691986369303,-3.210110959589271,0.06669576819962515,-3.228991791703497,0.0416515297643066,-3.2067584232856365,0
54.656,0.053646870718591345,-3.210067510860385,-0.002905210663533775,-3.177832925595785,0.03534880408310724,-3.1951621491101934,0
54.688,0.07284682149619973,-3.210024054275907,0.11356895046160545,-3.195623472812444,0.07815683311298695,-3.195320598428798,0
54.72,0.09204677219556767,-3.209980589079458,0.04882285269971211,-3.2124275438928147,0.07794321141422735,-3.2021372911817845,0
54.752,0.11124672282074874,-3.2099371150687412,0.11776611737406846,-3.220729289371672,0.10539234425307753,-3.209547999886417,0
54.784,0.13044667338053678,-3.2098936326086642,0.16181595379562563,-3.187386182057282,0.13948175851441658,-3.20065717750708,0
54.816,0.14964662388790692,-3.209850142607894,0.19905924779360917,-3.2233011909521174,0.17483272466154504,-3.2096886837243215,0
54.848,0.1688465743591947,-3.209806646460342,0.13046069812164485,-3.15952205646359,0.16860388447446567,-3.189595930761188,0
54.88,0.1880465248130631,-3.2097631459553466,0.19770423484589986,-3.1966288001274696,0.19176399504807107,-3.1923829747521206,0
54.912,0.20724647526931864,-3.2097196431623307,0.1741511014407907,-3.1985557013548234,0.19623880802931176,-3.194825961251067,0
54.944,0.22644642574764778,-3.209676140297376,0.20825779742449813,-3.2254841236505194,0.2125663742136864,-3.2070631230167086,0
54.976,0.2456463762663529,-3.2096326395803136,0.23095665481013156,-3.233795269309829,0.23144245688359816,-3.217729880560667,0
55.008,0.2648463268411666,-3.2095891430915553,0.21900964274910142,-3.1467732669969224,0.23798930166872612,-3.189321137511802,0
55.04,0.28404627748422395,-3.2095456526378983,0.3040881892901805,-3.187707079155508,0.27594882716589436,-3.1886494208083027,0
55.072,0.3032462282032605,-3.20950216963597,0.2724319779391079,-3.2345908715848113,0.2860620579348671,-3.2069999126573103,0
55.104,0.32244617900109473,-3.209458695020831,0.3318805920275877,-3.2258808676025676,0.3159094420434657,-3.2145262113936397,0
55.136,0.3416461298754312,-3.209415229185632,0.3433338038825405,-3.229715015730894,0.33839915726238656,-3.2205756550897764,0
55.168,0.3608460808190022,-3.209371771956221,0.3801494536226366,-3.2170121406368444,0.3666192463007544,-3.219124176119835,0
55.2,0.3800460318200397,-3.2093283226023277,0.4152174691865415,-3.2024695722393344,0.3975785059588016,-3.2124362655623724,0
55.232,0.39924598286304586,-3.209284879884608,0.3522506536733112,-3.1978562514762388,0.3909673355556795,-3.2065781941691376,0
55.264,0.41844593392980994,-3.209241442134514,0.4470089351684029,-3.171782156922134,0.42490394591658803,-3.192633715610853,0
55.296,0.43764588500060125,-3.209198007361827,0.390426843111731,-3.197502182163655,0.42263307531230676,-3.194555039388385,0
55.328,0.45684583605545587,-3.209154573382937,0.412178883253939,-3.2158599905062624,0.4299713690054408,-3.203050956470937,0
55.36,0.47604578707547063,-3.209111137961591,0.45090150258783857,-3.2353840810274783,0.4498633929507522,-3.2159581411037297,0
55.392,0.49524573804401933,-3.209067698953049,0.4799152259903606,-3.2296297596371066,0.47340409667213385,-3.221400720314593,0
55.424,0.5144456889478128,-3.209024254442353,0.5272451421466134,-3.22630980582826,0.5064604853584009,-3.223338282310829,0
55.456,0.5336456397777379,-3.208980802867811,0.5420983233465739,-3.194159395466227,0.5322355910394139,-3.2116406506204185,0
55.488,0.5528455905294254,-3.208937343121725,0.53255741918799,-3.2298970944676046,0.5438842927728766,-3.218917146031804,0
55.52,0.5720455412035156,-3.2088938746218765,0.5668686542692174,-3.225265532933377,0.5645980078335061,-3.221430413391336,0
55.552,0.5912454918056087,-3.20885039734915,0.5830134661743434,-3.208313543205489,0.5834841616205354,-3.216157572882913,0
55.584,0.6104454423459047,-3.208806911848861,0.6533840220442156,-3.2222125165904463,0.6229640762305774,-3.2185534534633016,0
55.616,0.6296453928385569,-3.208763419195689,0.6552192256712834,-3.174953885700195,0.647386106439232,-3.2010875258388287,0
55.648,0.6488453433007773,-3.2087199209244703,0.6565916340358507,-3.1688780941106236,0.6625882879045099,-3.18817765009622,0
55.68,0.6680452937517471,-3.208676418931294,0.6866502001728326,-3.2163026154524013,0.6837330232355537,-3.1994015319024376,0
55.712,0.687245244211399,-3.20863291535128,0.7270696441825176,-3.183832986499064,0.7125876420381525,-3.193148009449323,0
55.744,0.7064451946991424,-3.2085894124209093,0.7055038619684102,-3.1987228616668064,0.7212741004371741,-3.1953518474149853,0
55.776,0.7256451452326145,-3.2085459123337996,0.759075078936492,-3.227160185655335,0.7479144622697296,-3.2080490823971806,0
55.808,0.7448450958265346,-3.208502417099213,0.7561069411521084,-3.238244692553424,0.7627114242638404,-3.220101229821304,0
55.84,0.7640450464917392,-3.208458928412443,0.7674079255562751,-3.2386185942364536,0.7761099952321853,-3.227482083455076,0
55.872,0.7832449972344635,-3.2084154475454367,0.7788360724150891,-3.2103529428931776,0.7887203965681483,-3.2206043401433746,0
55.904,0.8024449480559213,-3.2083719752647117,0.8569593420557226,-3.1849833529577096,0.827535945237889,-3.2063298634407156,0
55.936,0.8216448989522138,-3.2083285117818683,0.8251440149122388,-3.1998287690628926,0.8380991435939582,-3.2037033489930984,0
55.968,0.8408448499145778,-3.2082850567398817,0.8476174520658131,-3.2029687449562,0.8534264374796057,-3.2033834353553825,0
56.0,0.8600448009299563,-3.2082416092360617,0.8958911709903402,-3.249401605394327,0.8819323013896564,-3.2217646352609455,0
56.032000000000004,0.879244751981855,-3.208198167880195,0.9279278221988261,-3.223903225892399,0.9118504802256364,-3.2225940063026406,0
56.064,0.8984447030514238,-3.2081547308841216,0.9079240909017906,-3.2125531545562023,0.9217998950122464,-3.218551602090591,0
56.096000000000004,0.9176446541186895,-3.2081112961769693,0.9244246439445696,-3.1850048625163323,0.9343697651021924,-3.2051068431326524,0
56.128,0.9368446051638563,-3.208067861538619,0.9666052356103335,-3.1652309711682105,0.958783923820309,-3.1891304302658305,0
56.160000000000004,0.9560445561685857,-3.208024424742806,0.9450566709519409,-3.163574869530026,0.9648129931827766,-3.1788821396599873,0
56.192,0.975244507117173,-3.2079809837006326,0.9645026469404662,-3.218644196508764,0.9762088251880554,-3.1947608927226083,0
56.224000000000004,0.9944444579975449,-3.2079375365952507,0.9988510049742414,-3.19983256889851,0.9967856675950413,-3.196763489231788,0
56.256,1.0136444088020196,-3.207894081999033,0.9999551680557677,-3.193004659567966,1.0095734382606931,-3.195233878477125,0
56.288000000000004,1.0328443595277825,-3.2078506189656797,1.018563932526257,-3.182157321308892,1.0246896064363862,-3.1899771714658955,0
56.32,1.0520443101770547,-3.2078071470913216,1.0686658341605682,-3.229084252245758,1.0538000679836537,-3.205593914390204,0
56.352000000000004,1.0712442607569435,-3.2077636665406657,1.07201320826631,-3.1929739420644836,1.0726052945432223,-3.2005198311769765,0
56.384,1.0904442112789892,-3.2077201780364932,1.0500115541147903,-3.192767619743655,1.0750877688087654,-3.1973928480886817,0
56.416000000000004,1.1096441617584347,-3.207676682813167,1.0231967404899707,-3.199233640163404,1.0658513279106903,-3.1981030631070206,0
56.448,1.128844112213263,-3.2076331825371396,1.057479154341206,-3.179328897236604,1.0740224289074647,-3.1905672927980393,0
56.480000000000004,1.148044062663058,-3.207589679199569,1.127393305529389,-3.1849448290837805,1.106890749978841,-3.1882922024874985,0
56.512,1.167244013127758,-3.207546174987969,1.164669993109851,-3.24023734062053,1.141522417654929,-3.209044153392144,0
56.544000000000004,1.1864439636263802,-3.207502672145159,1.242146210929787,-3.226183381372288,1.193291905392602,-3.215873742020819,0
56.576,1.205643914175792,-3.2074591728246196,1.2343247608739993,-3.2673575603508542,1.2212250180196418,-3.2364411697677538,0
56.608000000000004,1.2248438647896132,-3.2074156789515804,1.1918972275249218,-3.196049668136551,1.2210138722652522,-3.2202584735088546,0
56.64,1.24404381547732,-3.2073721920988087,1.2625274093647396,-3.188633749789572,1.249139257559245,-3.207582493136448,0
56.672000000000004,1.2632437662436138,-3.207328713385113,1.2365741263941246,-3.2301247384194363,1.255633175559083,-3.216573305524478,0
56.704,1.282443717088102,-3.2072852434031147,1.290736092079647,-3.1968814101756675,1.281194312645115,-3.2086704669235866,0
56.736000000000004,1.3016436680053123,-3.2072417821809456,1.285569953986843,-3.206380467337147,1.2944645396709937,-3.2077283916553903,0
56.768,1.3208436189850452,-3.207198329180344,1.3603740194784304,-3.161513756173667,1.3323483020932625,-3.1892164664956146,0
56.800000000000004,1.3400435700130406,-3.2071548833312713,1.3694676918866584,-3.226373568391038,1.3587160285180944,-3.204053239902983,0
56.832,1.3592435210719127,-3.2071114431008176,1.3707984646908824,-3.204946600594189,1.3750689735004067,-3.2043845193604197,0
56.864000000000004,1.3784434721422885,-3.2070680065919537,1.3589243387062262,-3.195454826583569,1.3801310900988302,-3.2007865787134557,0
56.896,1.3976434232040738,-3.2070245716657646,1.417684785646444,-3.2262633232098032,1.4066725388338557,-3.210951212925737,0
56.928000000000004,1.4168433742377577,-3.2069811360792913,1.4568719056355959,-3.208987721903394,1.438272256067407,-3.2101397515496397,0
56.96,1.4360433252256715,-3.206937697630101,1.4698778620581503,-3.2435742640423113,1.4624344689706246,-3.2234874889555707,0
56.992000000000004,1.4552432761531173,-3.206894254298271,1.4563293837376006,-3.189625577006378,1.471512405375968,-3.209916652885667,0
57.024,1.474443227009301,-3.206850804376639,1.4634597970228282,-3.2067527590605582,1.4798113325230016,-3.2086250195285038,0
57.056000000000004,1.4936431777880075,-3.2068073465809253,1.5743429927317865,-3.2059466754102557,1.5291439670833018,-3.2075276009707903,0
57.088,1.512843128487983,-3.2067638801326313,1.490091630231569,-3.207976212647135,1.525043002807391,-3.207680959427903,0
57.120000000000005,1.5320430791130064,-3.2067204048093507,1.46639066649522,-3.220095013859949,1.5131020387355703,-3.212620489805503,0
57.152,1.5512430296716422,-3.206676920959252,1.5690253649552552,-3.208011858362528,1.5469913396657824,-3.2107509411057205,0
57.184000000000005,1.570442980176697,-3.206633429478775,1.5705507476836191,-3.2662894158888536,1.56793507330626,-3.232940230927391,0
57.216,1.5896429306444109,-3.206589931754969,1.5846306008399478,-3.2021086101954856,1.586133254746377,-3.2205814795875622,0
57.248000000000005,1.6088428810934308,-3.2065464295761705,1.6047936135584226,-3.2416208662770756,1.6051173686938622,-3.2289711294641408,0
57.28,1.6280428315436288,-3.2065029250167765,1.662495920423027,-3.2445173052405103,1.6395887598072028,-3.235163494538871,0
57.312000000000005,1.647242782014836,-3.206459420303525,1.641821358944389,-3.240974933965523,1.6520017698858047,-3.2374619659801236,0
57.344,1.6664427325255695,-3.206415917671918,1.6484220120127584,-3.2662130343063773,1.662089837165278,-3.2489362911714386,0
57.376,1.6856426830918345,-3.206372419222032,1.679665316231136,-3.2393080887345826,1.6806399992278653,-3.2450589113895556,0
57.408,1.7048426337260787,-3.2063289267830366,1.6895963373035514,-3.2252113133913958,1.695742504904035,-3.237093777641358,0
57.44,1.724042584436371,-3.2062854417951465,1.7598838545258741,-3.246817348616174,1.732919015209789,-3.240957116391284,0
57.472,1.7432425352258616,-3.2062419652166447,1.7748833795024077,-3.2031868606016607,1.7612247313957292,-3.225822929677632,0
57.504,1.7624424860925643,-3.206198497461967,1.7465519509840022,-3.2202693548051693,1.7668755897117878,-3.2235754205672777,0
57.536,1.7816424370294757,-3.206155038374846,1.7797201543369014,-3.19157372403333,1.783533386053655,-3.210748667684257,0
57.568,1.80084238802503,-3.2061115872382553,1.7829225933127713,-3.240667465300594,1.7948090394586955,-3.222690116692155,0
57.6,1.820042339063855,-3.206068142820507,1.8933204930998115,-3.152122359505929,1.845733591423989,-3.194436947074629,0
57.632,1.8392422901277796,-3.206024703454539,1.8103189256699959,-3.159163809435488,1.843087695636091,-3.1803016274224727,0
57.664,1.8584422411970234,-3.205981267145278,1.8184940998637704,-3.220504952424703,1.8447702278427986,-3.196356893684497,0
57.696,1.8776421922514854,-3.205937831698173,1.7925428871228066,-3.227303801379248,1.8353992620693316,-3.2087095925354614,0
57.728,1.8968421432720461,-3.205894394860606,1.917667327301333,-3.247569600739181,1.8798264586725812,-3.224227529786198,0
57.76,1.916042094241797,-3.205850954467083,1.9598573004030335,-3.208953534905525,1.9233587658684148,-3.2180918627984036,0
57.792,1.9352420451471188,-3.2058075085788516,1.9417767972481403,-3.122969074958991,1.9422459489148791,-3.1800166746136247,0
57.824,1.9544419959785406,-3.2057640556089395,1.9303021608035014,-3.1488136474845505,1.9489884041541214,-3.167509385948128,0
57.856,1.9736419467313318,-3.2057205944245712,1.9925134226108767,-3.210210683162993,1.9779183820088253,-3.1845638218098644,0
57.888,1.9928418974057904,-3.2056771244203373,1.991682705073806,-3.207603010846732,1.9949440816947726,-3.1937534090792603,0
57.92,2.0120418480072164,-3.205633645557399,1.9716380786618184,-3.2074684006027327,1.9971416509300175,-3.199213312253304,0
57.952,2.0312417985455706,-3.205590158366185,2.051922183651494,-3.142311902105941,2.0305738344567668,-3.1764266502273037,0
57.984,2.0504417490348454,-3.205546663912384,2.04024700158258,-3.2427273191591284,2.045963071736904,-3.202920816150797,0
58.016,2.0696416994921822,-3.2055031637284093,2.053634956100291,-3.1975719666713474,2.060551795906184,-3.2007551721136664,0
58.048,2.088841649936787,-3.2054596597147365,2.046675032925229,-3.234911825395277,2.066521061134678,-3.214391727837473,0
58.08,2.1080416003887126,-3.2054161540174637,2.1881807058801264,-3.2066265741573625,2.1267048894537197,-3.211259560771567,0
58.112,2.1272415508675793,-3.2053726488899805,2.10881678023704,-3.204946854759634,2.1310696161909304,-3.2087083741058944,0
58.144,2.1464415013913123,-3.2053291465476628,2.149687776378557,-3.1757745584905344,2.150036850695721,-3.1955087461830356,0
58.176,2.1656414519749787,-3.2052856490249657,2.1553535800016372,-3.238011778448753,2.163683512856142,-3.212483861080523,0
58.208,2.184841402629802,-3.205242158044137,2.161381442550073,-3.1981329191418744,2.174282655181999,-3.2067173908104714,0
58.24,2.2040413533624172,-3.205198674904024,2.2296686149498823,-3.2237607954225957,2.207957009548921,-3.213508664229133,0
58.272,2.2232413041744254,-3.205155200396153,2.214824726786097,-3.2487115264251814,2.222224066915552,-3.227563725976027,0
58.304,2.2424412550622765,-3.2051117347535016,2.2459166767416465,-3.258416327087493,2.243221081329474,-3.2398786884673583,0
58.336,2.2616412060174937,-3.2050682776352715,2.3312164804111983,-3.1845779174416418,2.2899392114563453,-3.2177323068304187,0
58.368,2.2808411570272233,-3.2050248281486535,2.2543249248578605,-3.2055682471210543,2.287213467320111,-3.212840613688674,0
58.4,2.3000411080750767,-3.2049813849061892,2.3236792418839425,-3.188693793850007,2.3133197476554805,-3.203155819448369,0
58.432,2.3192410591422035,-3.2049379461150296,2.311996207988672,-3.267391422285362,2.324310302302539,-3.228823996023813,0
58.464,2.338441010208522,-3.2048945096923553,2.347863906303614,-3.2083607856861107,2.3452517144177056,-3.2206126477527803,0
58.496,2.3576409612540257,-3.2048510733995235,2.307541325433353,-3.189818495735246,2.3416875293366006,-3.2082689218819027,0
58.528,2.376840912260074,-3.2048076349863024,2.3884514537023973,-3.1911632270404158,2.3719130695905304,-3.2014005766600966,0
58.56,2.396040863210589,-3.2047641923359094,2.414808243106864,-3.234779239347445,2.4005911094970447,-3.2147259710763207,0
58.592,2.4152408140930746,-3.204720743601509,2.3870989454151226,-3.169370134594499,2.4067142143545057,-3.1965575615148474,0
58.624,2.434440764899405,-3.204677287325374,2.4014191639210396,-3.1424598075152588,2.416116164660103,-3.1748923799758115,0
58.656,2.453640715626328,-3.2046338225330286,2.48590589566377,-3.166238795329325,2.4555520275285296,-3.171404860865946,0
58.688,2.4728406662756615,-3.2045903487962897,2.481802205683846,-3.2064433803486247,2.4775720692455865,-3.185394178095036,0
58.72,2.492040616854172,-3.2045468662611305,2.486595215788061,-3.259885277614711,2.492701298306244,-3.2151645223667495,0
58.752,2.5112405673731444,-3.204503375638548,2.525568107443729,-3.18495560846353,2.5173679923951333,-3.203054856957036,0
58.784,2.53044051784767,-3.204459878158997,2.524035253627714,-3.2265628542527054,2.5315548673144086,-3.212431952651463,0
58.816,2.5496404682956957,-3.2044163754933006,2.547817492877784,-3.213026969114186,2.549579887960962,-3.212643853790819,0
58.848,2.56884041873689,-3.204372869645127,2.5549820787759385,-3.1913140393467776,2.563260734706054,-3.204085821641462,0
58.88,2.588040369191394,-3.2043293628219294,2.57014597800007,-3.232222998816839,2.577534802443731,-3.2153145865685966,0
58.912,2.6072403196785343,-3.2042858572926773,2.6230634225634084,-3.2036659981910818,2.6072662209156503,-3.210629047029533,0
58.944,2.6264402702155785,-3.2042423552415356,2.6360142513896467,-3.2244488201862134,2.6302854035360226,-3.2161308550712837,0
58.976,2.645640220816611,-3.204198858626935,2.659552812459946,-3.1899829869323666,2.6535123375454033,-3.2056456105818123,0
59.008,2.664840171491609,-3.2041553690551274,2.6855999148840075,-3.2303505918116118,2.6778673389314176,-3.2155015105885525,0
59.04,2.684040122245779,-3.2041118876763828,2.70122790087764,-3.237071367646545,2.698731534172267,-3.2241033661295564,0
59.072,2.7032400730792046,-3.2040684151105423,2.712739414060587,-3.2100541539508054,2.715854656602004,-3.2184575992961966,0
59.104,2.722440023986828,-3.204024951406733,2.720331432453454,-3.230857351100467,2.729165337428523,-3.223391423149037,0
59.136,2.7416399749587725,-3.203981496039857,2.7455416132076995,-3.233621729186026,2.747235818236396,-3.2274574732303742,0
59.168,2.7608399259809877,-3.2039380479440993,2.7713737028026997,-3.2166354354526416,2.768410942567451,-3.2231025894691454,0
59.2,2.7800398770361654,-3.2038946055813,2.8230291784489117,-3.201837560778632,2.801778207430428,-3.214570511934266,0
59.232,2.799239828104872,-3.203851167039807,2.7936932262824645,-3.124694074381325,2.81006418548464,-3.178593872184475,0
59.264,2.8184397791668134,-3.203807730157455,2.796601747832739,-3.208878413538804,2.81619918093723,-3.1906816239778975,0
59.296,2.8376397302021514,-3.203764292660748,2.825023272135631,-3.185287158109546,2.831248787926839,-3.188497771511389,0
59.328,2.8568396811927785,-3.203720852311311,2.928815396137011,-3.222499747089313,2.881795401715192,-3.2020724929870448,0
59.36,2.8760396321234754,-3.2036774070501624,2.870869494254024,-3.2336795162921526,2.888945009226562,-3.2146892298190637,0
59.392,2.8952395829828723,-3.203633955130536,2.896980041838481,-3.1794326063434477,2.903678992756772,-3.200560503344339,0
59.424,2.9144395337641646,-3.2035904952306753,2.8757736555122593,-3.21623142803812,2.904036828332731,-3.206802790976804,0
59.456,2.933639484465531,-3.203547026539332,2.8708978068464703,-3.1808983937300632,2.9023011901997755,-3.1964149444369117,0
59.488,2.952839435090242,-3.2035035488084347,2.990037740685267,-3.1338440897452458,2.94891578084355,-3.171360509633294,0
59.52,2.9720393856464487,-3.2034600623695093,2.98762325712201,-3.1510815393518614,2.975918741793556,-3.163222823757506,0
59.552,2.9912393361466685,-3.203416568112757,3.018300789920229,-3.207058493761867,3.0043915314736083,-3.180730989919638,0
59.584,3.010439286606999,-3.203373067430105,3.0223659885500886,-3.22800567109539,3.023101284726656,-3.1996147574953993,0
59.616,3.0296392370461045,-3.2033295621258615,3.030677733242303,-3.199792086174375,3.037651834551202,-3.199659582234926,0
59.648,3.048839187484039,-3.203286054300705,3.0498249794089687,-3.274908161760144,3.054041062911453,-3.2297329068103986,0
59.68,3.0680391379409726,-3.2032425462164613,3.061176889916947,-3.247106729297174,3.0684153641327523,-3.2366563294344775,0
59.712,3.087239088435902,-3.2031990401503596,3.139743996381621,-3.1585675122182226,3.1084667874563285,-3.205394698351309,0
59.744,3.1064390389854237,-3.2031555382481662,3.0997777161917774,-3.227963148565162,3.116511129382115,-3.214395977583031,0
59.776,3.125638989602656,-3.203112042385653,3.1360765408495825,-3.244461955410148,3.1358572644104434,-3.226396272155165,0
59.808,3.1448389402963737,-3.203068554047345,3.179466637685576,-3.232711293397708,3.1648209841730988,-3.2288961890625805,0
59.84,3.1640388910704234,-3.2030250742303745,3.205006249959304,-3.2212000222911787,3.192415060952237,-3.2257916360855257,0
59.872,3.183238841923459,-3.202981603379663,3.1637433354685585,-3.185002821891966,3.1924663412354874,-3.209450029467659,0
59.904,3.2024387928490183,-3.2029381413586284,3.155240734414571,-3.1908951110911197,3.189096068995136,-3.2020019861657083,0
59.936,3.221638743835936,-3.202894687457335,3.2196879142408386,-3.1506936826742007,3.2128527775912197,-3.1814525931434954,0
59.968,3.2408386948690695,-3.202851240437592,3.233587323609193,-3.256997761664612,3.232666566503857,-3.211644592306606,0
60.0,3.260038645930287,-3.202807798612125,3.260401716160804,-3.1862641428843395,3.2552805968770873,-3.2014663465057027,0
60.032000000000004,3.2792385969996447,-3.202764359952754,3.3245098078269364,-3.2266715120731377,3.29449225176951,-3.21152234760053,0
60.064,3.2984385480566822,-3.202720922220643,3.3285295859549198,-3.1691366701178167,3.3196271559550787,-3.1945420109995375,0
60.096000000000004,3.3176384990817396,-3.2026774831102585,3.3127755551456186,-3.1904696412050613,3.3284064861385696,-3.1928869956489114,0
60.128,3.336838450057215,-3.2026340403977893,3.2709327927766436,-3.1792714474920305,3.316936979294151,-3.187414705892625,0
60.160000000000004,3.356038400968684,-3.2025905920844924,3.3443370066211098,-3.221595801903938,3.339416960716004,-3.201061069700315,0
60.192,3.3752383518058067,-3.202547136525729,3.3789423282456554,-3.2297358731522587,3.3667470782078803,-3.2125049115989515,0
60.224000000000004,3.3944383025629725,-3.202503672537378,3.4705202484569804,-3.22402945692126,3.4197763167754145,-3.2170886448897766,0
60.256,3.4136382532396463,-3.2024601994727524,3.449494111315816,-3.2040717860294885,3.443183405047052,-3.2118558110230557,0
60.288000000000004,3.4328382038403973,-3.202416717265027,3.455424465250268,-3.1732099339723425,3.4595997995718966,-3.1963713646179843,0
60.32,3.452038154374611,-3.2023732264323934,3.4108330093666916,-3.215824128762125,3.4516130539227166,-3.204126369988061,0
60.352000000000004,3.4712381048559013,-3.202329728045559,3.515321112837374,-3.148440125279515,3.4886162479127725,-3.18182576797516,0
60.384,3.4904380553012633,-3.202286223659609,3.464155373850868,-3.1560543940972323,3.490351868706002,-3.1714911115599618,0
60.416000000000004,3.5096380057300083,-3.202242715214563,3.467690401788856,-3.1836586311206787,3.49280725235384,-3.1763320110685154,0
60.448,3.528837956162551,-3.202199204910971,3.536206832446162,-3.1890462388667236,3.5216870548052905,-3.181391593796242,0
60.480000000000004,3.548037906619117,-3.202155695068502,3.551848305803901,-3.15497772416276,3.545271525622212,-3.170799938855848,0
60.512,3.567237857118453,-3.202112187976608,3.581787315194513,-3.193919648273802,3.5713978118745047,-3.1800217181364436,0
60.544000000000004,3.5864378076766212,-3.2020686857468403,3.5619138384936333,-3.2011107377900525,3.5791241929539788,-3.1884312252393214,0
60.576,3.6056377583059547,-3.202025190176334,3.6214170747647927,-3.222236225734216,3.6075613161205853,-3.2019271292930145,0
60.608000000000004,3.6248377090142485,-3.2019817026312536,3.6703109182595024,-3.2155375014615717,3.6441811274302203,-3.207345187217742,0
60.64,3.6440376598042374,-3.201938223957724,3.627955924999854,-3.2310657090657,3.6492110169244905,-3.216807310465478,0
60.672000000000004,3.6632376106734053,-3.201894754426029,3.6581875009431197,-3.2071554482188467,3.664321581010465,-3.212920485421766,0
60.704,3.682437561614135,-3.2018512937117096,3.6644750466234495,-3.1646923591398717,3.675902937745256,-3.193603159656754,0
60.736000000000004,3.701637512614195,-3.201807840914855,3.723586587487503,-3.2443208599733917,3.70649636814107,-3.213864168649873,0
60.768,3.7208374636575257,-3.2017643946164083,3.6532609946964048,-3.226413263478805,3.6967221892690683,-3.2188577385209487,0
60.800000000000004,3.740037414725277,-3.201720952967957,3.7139233502046425,-3.2125210363662244,3.715122624153281,-3.216296991420786,0
60.832,3.759237365797018,-3.201677513809311,3.7700391899719965,-3.225428033997023,3.748609220991755,-3.2199233426591007,0
60.864000000000004,3.7784373168520493,-3.201634074806402,3.776184810025089,-3.196677286396965,3.7711594271138864,-3.2105988533947905,0
60.896,3.7976372678707158,-3.201590633600707,3.835900765677664,-3.1798412303284778,3.80857593304293,-3.198269735081647,0
60.928000000000004,3.8168372188356483,-3.2015471879606743,3.809865075533839,-3.1781402811999175,3.820611560534804,-3.1901918808963527,0
60.96,3.8360371697328515,-3.201503735925458,3.7935669267407315,-3.212575020953093,3.8213136775024026,-3.1991190597414905,0
60.992000000000004,3.8552371205525713,-3.2014602759317565,3.8783482313822426,-3.237308362048618,3.8556474695276655,-3.2143686982276614,0
61.024,3.8744370712898957,-3.201416806915601,3.877344248870541,-3.202731712029047,3.8758461517253724,-3.2096878156699873,0
61.056000000000004,3.893637021945054,-3.201373328382523,3.9131846612587573,-3.1968121657481925,3.902301525986452,-3.2045114619566455,0
61.088,3.9128369725233996,-3.201329840441521,3.8602778697481694,-3.194069926701586,3.89701203392679,-3.2003087487793627,0
61.120000000000005,3.9316561217069994,-3.2012872757428217,3.9499274047145616,-3.2419683386470197,3.9294517124091763,-3.216947069337845,0
61.152,3.949887821806468,-3.2012460669825247,3.9576311282918835,-3.2001580464273385,3.951635681364542,-3.210206805957517,0
61.184000000000005,3.9675307700608,-3.201206216503473,3.95728015127725,-3.202588007131987,3.9644556233821615,-3.207135464317375,0
61.216,3.984601049395904,-3.2011677149982916,4.039586016380315,-3.2020825841419494,4.004731190101404,-3.205091288211431,0
61.248000000000005,4.001117752185119,-3.2011305182570076,4.053284604826061,-3.187727418978813,4.0340482162036695,-3.1981234806141083,0
61.28,4.017099932100981,-3.2010945699592797,4.01598693032527,-3.2272440484391725,4.036402241410068,-3.2097501794936663,0
61.312000000000005,4.032565933385938,-3.2010598134038615,4.030309590918424,-3.188694365217724,4.043236862940822,-3.2013070265818095,0
61.344,4.047533296029578,-3.2010261952977053,4.080241748734085,-3.197285532324804,4.067013551772064,-3.199678274088134,0
61.376000000000005,4.062018792658681,-3.2009936665563674,4.004617111826043,-3.2595364015965704,4.050742336945241,-3.2236020160007257,0
61.408,4.076038488033927,-3.2009621821630194,4.06369454828538,-3.2016721706573428,4.064332461089199,-3.214811189585709,0
61.44,4.089607795824038,-3.200931700769501,4.085932163824959,-3.1633707746205904,4.081112403624814,-3.1942167329349154,0
61.472,4.102741527985717,-3.2009021842555607,4.10096751480452,-3.21293394381767,4.096933978807712,-3.201685902573539,0
61.504,4.115453936924824,-3.2008735973147635,4.125690374795973,-3.2020175646475653,4.116063900231911,-3.2018014083645734,0
61.536,4.127758751552001,-3.2008459070876008,4.1049061898482595,-3.164801071285014,4.118984100828458,-3.186984651141858,0
61.568,4.139669208358092,-3.2008190828451277,4.116166643153888,-3.1720575325252334,4.125004150038965,-3.180997700038586,0
61.6,4.151198078460772,-3.2007930957196606,4.147542588131855,-3.2063048757693684,4.140937876756269,-3.1911049684907677,0
61.632,4.162357691390346,-3.2007679184765143,4.172257717183059,-3.1950787881312976,4.1601628100717125,-3.192679380294268,0
61.664,4.173159956226313,-3.2007435253202514,4.189077873336552,-3.184163855507465,4.178211567925345,-3.189258524878551,0
61.696,4.1836163805700135,-3.2007198917294146,4.212581452150032,-3.2274706050740116,4.198234850650424,-3.204529167480464,0
61.728,4.193738087738359,-3.200696994314643,4.183792085517444,-3.2111861717934342,4.198532310258905,-3.2071782218608895,0
61.76,4.203535832484349,-3.200674810696118,4.214647287475563,-3.2066606512431957,4.210858530005258,-3.2069578750749965,0
61.792,4.21302001548746,-3.2006533193972353,4.222049454530356,-3.2129603494151353,4.221027011953481,-3.2093459622621783,0
61.824,4.222200696807656,-3.2006324997521687,4.202730796142883,-3.1710312365194215,4.219218541433462,-3.1940075730489204,0
61.856,4.231087608457709,-3.200612331825593,4.218816629000198,-3.201832072595955,4.224391523164851,-3.197125265641792,0
61.888,4.239690166217854,-3.200592796343232,4.218085046833471,-3.2125502493732405,4.227032050617254,-3.203283532032928,0
61.92,4.248017480792423,-3.2005738746321666,4.243107131105194,-3.184862220460537,4.2384600316744,-3.1959036492058,0
61.952,4.256078368388935,-3.2005555485699912,4.270369975816768,-3.159519122767371,4.256062073741477,-3.181338838431574,0
61.984,4.263881360784944,-3.200537800541997,4.321014605853073,-3.2094407701332552,4.2867263819442485,-3.1925689583034105,0
62.016,4.271434714935888,-3.2005206134055877,4.301024574452415,-3.2532993575624602,4.296979136843231,-3.2168508022550384,0
62.048,4.278746422167695,-3.200503970461161,4.238409406903142,-3.209980280718051,4.277939698356377,-3.214092604873123,0
62.08,4.285824216990297,-3.2004878554286895,4.255777304744072,-3.1841259195912763,4.273322809616369,-3.2020962591555495,0
62.112,4.2926755855622245,-3.200472252429248,4.283756846215943,-3.195483168104563,4.281608599296358,-3.1994416587102457,0
62.144,4.299307773831652,-3.2004571459707574,4.293442149517728,-3.20415248876158,4.290322648145418,-3.2013169249367106,0
62.176,4.305727795375422,-3.2004425209372385,4.301304347564528,-3.256461767236213,4.298568618656676,-3.223366085172306,0
62.208,4.311942438954544,-3.200428362580915,4.296707325496411,-3.2224477708937065,4.301554127721205,-3.222990262989911,0
62.24,4.3179582758021775,-3.2004146565165543,4.334552787830813,-3.2272172661867646,4.318364296936275,-3.2246728393360122,0
62.272,4.323781666658128,-3.200401388717484,4.360713487710375,-3.201071976707246,4.338799174349501,-3.2152245324350015,0
62.304,4.329418768562281,-3.2003885455127934,4.251701500955964,-3.1554899194058925,4.307343496991477,-3.1913229802201366,0
62.336,4.334875541418084,-3.200376113585288,4.258284971028159,-3.1943464344900208,4.290995246249519,-3.19252490175146,0
62.368,4.340157754336102,-3.200364079969829,4.313392933585956,-3.1969914798802215,4.303124710789384,-3.1943043118493133,0
62.4,4.345270991766796,-3.2003524320517505,4.383681406197116,-3.166213587818669,4.338416360070627,-3.183061032517692,0
62.432,4.350220659430928,-3.2003411575651173,4.349957396452541,-3.177741055446587,4.346003571583828,-3.180926276029049,0
62.464,4.355158836574634,-3.2003298834310363,4.3863029883987155,-3.1837983883645196,4.365094135264497,-3.1820683527912568,0
62.496,4.355466199071337,-3.1913728897732203,4.350954741952379,-3.200736818696884,4.359425255378177,-3.189535769431346,0
62.528,4.355420072800866,-3.18175902788975,4.3269117314367,-3.172226453230901,4.346406555757483,-3.1826120736160446,0
62.56,4.355313955817358,-3.172057753171968,4.32886315656007,-3.145456946104783,4.339375905772469,-3.167750053168354,0
62.592,4.355206256692674,-3.162361526176877,4.304141874336725,-3.159336800016224,4.325269049987611,-3.164384782260104,0
62.624,4.355108463952387,-3.15268294615342,4.338305615689435,-3.120304181988788,4.330470474781482,-3.146752572348907,0
62.656,4.355021225322495,-3.14302073730041,4.344565818325172,-3.158368351294691,4.3360954367353255,-3.151398914036995,0
62.688,4.354942971298307,-3.133371814735121,4.381457183176523,-3.1553390053662733,4.354226972101946,-3.1529749806447427,0
62.72,4.354871950634431,-3.123733372782498,4.371953532344614,-3.1787199574062113,4.361304435498227,-3.163273001427899,0
62.752,4.3548066577770825,-3.1141031435532875,4.3858610568695715,-3.116412132151645,4.371113919728609,-3.1445286838200937,0
62.784,4.354745877553788,-3.1044793411398306,4.387377301241527,-3.0437126711708187,4.3776061010763145,-3.104202308897717,0
62.816,4.354688647636243,-3.0948605688212685,4.373719841746254,-3.055967012667276,4.3760384178790845,-3.0849082205800418,0
62.848,4.354634210750078,-3.085245736655625,4.392128106696726,-3.1242481176108803,4.3824611059048015,-3.1006442096010938,0
62.88,4.354581972410447,-3.075633994801698,4.382346798010386,-3.045991990200843,4.382402188337517,-3.078783352077442,0
62.912,4.354531466431684,-3.0660246807594413,4.309809167101809,-3.097177231071606,4.35335178023555,-3.0861409339307793,0
62.944,4.354482327439723,-3.056417277929412,4.390906479397447,-3.018632640574265,4.368360457102394,-3.0591376468536673,0
62.976,4.354434269139032,-3.0468113831872254,4.343190662142515,-3.054618154905035,4.358279335225623,-3.0573298803400704,0
63.008,4.354387067185114,-3.0372066815842844,4.336288481505211,-3.029485253360787,4.349469790781534,-3.0461920598056427,0
63.04,4.354340545711405,-3.027602926656795,4.342509342285528,-3.066015116564963,4.346672411229095,-3.0541213127500733,0
63.072,4.354294566746239,-3.017999925132234,4.3472006382681965,-3.0099103508921554,4.346870506324999,-3.0364369582241686,0
63.104,4.354249021911409,-3.008397525072134,4.320691225331893,-3.0111489122137636,4.336385604005315,-3.0263217700082485,0
63.136,4.354203825919485,-2.998795606691532,4.372547950578115,-2.983609482818292,4.3508373595878655,-3.0092368852872133,0
63.168,4.3541589114874775,-2.989194075257113,4.382438570872626,-2.9873511958301755,4.363464668726227,-3.0004826396230535,0
63.2,4.354114225364203,-2.979592855595301,4.390260365209078,-3.016425775672576,4.374169780138857,-3.0068599241234266,0
63.232,4.354069725232237,-2.9699918878442824,4.376442046931647,-2.929696175281009,4.37506552814322,-2.9759944546282293,0
63.264,4.354025377295649,-2.9603911241652714,4.3847917604457205,-2.964997834199955,4.3789428708652185,-2.971595836460166,0
63.296,4.353981154404704,-2.950790526192424,4.331094642912311,-2.963180412196849,4.359790437845144,-2.9682296967206785,0
63.328,4.353937034600373,-2.941190063051024,4.374139901644876,-2.9435334705002782,4.365517089560904,-2.958351236162786,0
63.36,4.353892999986517,-2.9315897098128167,4.3694539869039835,-2.981305313301363,4.367078722259597,-2.967532896915338,0
63.392,4.353849035857424,-2.9219894462878058,4.342699753442744,-2.9673211421400265,4.357314015473646,-2.9674482248720855,0
63.424,4.353805130024014,-2.912389256075419,4.340285009931047,-2.9420003303205964,4.350489300298666,-2.9572690968913706,0
63.456,4.353761272294294,-2.9027891258160876,4.356606267881219,-2.8675528850808107,4.352922979928666,-2.9213826419835507,0
63.488,4.353717454073382,-2.893189044598196,4.326869372031641,-2.8779088309261556,4.342488434128675,-2.9039931473571983,0
63.52,4.353673668055975,-2.8835890034860068,4.289139910550876,-2.932175598344092,4.321135925997979,-2.915266157532521,0
63.552,4.353629907990138,-2.873988995142257,4.329892528181418,-2.8235901360039763,4.324625471283609,-2.878595778689391,0
63.584,4.353586168495942,-2.864389013525262,4.35714206848536,-2.8883045761826165,4.337619016864803,-2.8824793274463927,0
63.616,4.353542444926125,-2.854789053645037,4.392956632446425,-2.8715316560982744,4.35974097128268,-2.8781002886618605,0
63.648,4.353498733258844,-2.845189111366461,4.342194131877507,-2.868944138678669,4.352709144419338,-2.874437858421711,0
63.68,4.353455030014741,-2.8355891832501716,4.369602580775182,-2.9185020257738055,4.3594534278455,-2.8920635551172813,0
63.712,4.353411332192362,-2.8259892664239166,4.330792204694449,-2.817701795980521,4.347975846777443,-2.862318881221856,0
63.744,4.353367637217264,-2.8163893584785966,4.310342139077916,-2.801947481463878,4.332909270581385,-2.8381703510851466,0
63.776,4.353323942901226,-2.806789457384427,4.287386828898612,-2.788458571299284,4.314687198931836,-2.8182856689468356,0
63.808,4.353280247408796,-2.7971895614235245,4.370112386604801,-2.763681094791403,4.336844176683212,-2.79644386907227,0
63.84,4.353236549229062,-2.7875896691359334,4.415693301223283,-2.800241879471728,4.368370726432848,-2.797963103032916,0
63.872,4.353192847151021,-2.777989779276636,4.363503210722619,-2.779846916343405,4.366410617002869,-2.7907166581725624,0
63.904,4.353149140241339,-2.7683898907815245,4.374076184049362,-2.833544221747462,4.369463737342642,-2.8078477134335404,0
63.936,4.353105427823571,-2.7587900027406596,4.36524872738052,-2.8080014673726064,4.367764623370091,-2.8079092448563845,0
63.968,4.35306170945821,-2.7491901143773974,4.3379397948517715,-2.7424987357422066,4.355821578366717,-2.7817450710744183,0
64.0,4.35301798492307,-2.7395902250322224,4.3696345339649785,-2.739610675715468,4.361333643376584,-2.7648913428109863,0
64.032,4.352974254193702,-2.729990334150283,4.331724932176773,-2.728996303230664,4.349477038080186,-2.7505333568750885,0
64.06400000000001,4.352930517423669,-2.7203904412718067,4.380517740736709,-2.69577739710841,4.361880194853148,-2.728631002880073,0
64.096,4.352886774924561,-2.7107905460246933,4.32383389387549,-2.778894455799183,4.346648546875903,-2.7487364139738664,0
64.128,4.3528430271457585,-2.7011906481187014,4.394600829956857,-2.7206915381835106,4.365816329459519,-2.7375184935971864,0
64.16,4.352799274653993,-2.6915907473407508,4.349146153019462,-2.782921953377107,4.359135125457292,-2.7556799074605314,0
64.19200000000001,4.352755518112798,-2.681990843550937,4.361278292138836,-2.6770851420440076,4.359979256255927,-2.724242031255626,0
64.224,4.352711758261983,-2.672390936678933,4.35021967541543,-2.6649951669759604,4.356062285965001,-2.70054331551405,0
64.256,4.352667995897303,-2.6627910267205297,4.352677454560741,-2.694034250749243,4.354695213764738,-2.6979397195851442,0
64.288,4.352624231850493,-2.6531911137340995,4.337461410786461,-2.664167152096785,4.347788551670084,-2.6844307225716,0
64.32000000000001,4.35258046696987,-2.643591197836849,4.329209756579773,-2.6386609284184246,4.340343891899134,-2.666122834894921,0
64.352,4.352536702101691,-2.6339912792007403,4.395734653067227,-2.6003900483356657,4.362487054239711,-2.639829750256598,0
64.384,4.352492938072469,-2.624391358048019,4.361624470302954,-2.621379369645704,4.362128878584698,-2.6324496279964285,0
64.416,4.352449175672436,-2.6147914346463135,4.280942332142347,-2.6027238778885695,4.3296411184028925,-2.6205593579343622,0
64.44800000000001,4.352405415640334,-2.6051915093033,4.311641598465797,-2.6209594215415746,4.32242816971134,-2.6207194133533838,0
64.48,4.352361658649703,-2.5955915823609477,4.39594114720728,-2.6180210402481086,4.351820221270564,-2.6196400940807605,0
64.512,4.3523179052968,-2.5859916541893893,4.4079166396790015,-2.590484100893259,4.374245650832075,-2.6079777267670385,0
64.544,4.352274156090296,-2.576391725180473,4.387679840707793,-2.56792094039541,4.379606190942031,-2.5919550421700723,0
64.57600000000001,4.352230411442829,-2.5667917957410675,4.3482394228724415,-2.569155769660648,4.3670463501190335,-2.582835363107205,0
64.608,4.352186667798779,-2.5571918662818183,4.321445826065325,-2.554409357128478,4.348793006902374,-2.5714649906502456,0
64.64,4.340648322440657,-2.550285526478488,4.380812242623687,-2.548869498654587,4.350080774666978,-2.5624473944863215,0
64.672,4.322002706271578,-2.5498249455895414,4.273653206583394,-2.5276531408582583,4.307989776560392,-2.548544899074764,0
64.70400000000001,4.302686681188806,-2.549884999387535,4.2930265571021415,-2.543675539682068,4.290484504264082,-2.5466086659768887,0
64.736,4.283274538608492,-2.549998949769572,4.345442150609107,-2.518231325546737,4.300947571560396,-2.5352662584521077,0
64.768,4.263877336390924,-2.5500997427013075,4.304236461314673,-2.5437175849433507,4.2907431322399034,-2.5386529018238306,0
64.8,4.244514392056667,-2.550180321443288,4.238825317672686,-2.6124477954367253,4.258456008888507,-2.568175107698152,0
64.83200000000001,4.225184072176945,-2.5502435929285623,4.268951109029825,-2.5782407237913136,4.25113405018108,-2.572204244540801,0
64.864,4.205880870953893,-2.5502933741930374,4.216807438976137,-2.5675811524921284,4.225883406312484,-2.5703569609699337,0
64.896,4.186599394343249,-2.550332843608607,4.1182372720379545,-2.526411549875388,4.171304952917597,-2.5527801282509808,0
64.928,4.167335128603711,-2.5503644033258683,4.178230219877646,-2.5989601158740157,4.162555059874885,-2.5712530442281283,0
64.96000000000001,4.148084451739376,-2.5503898001560246,4.238335930034109,-2.46663840773756,4.181347408041513,-2.52940781967007,0
64.992,4.1288444935919415,-2.550410279103884,4.1201659081865,-2.5309825801520835,4.145354808163419,-2.530038113290127,0
65.024,4.109612988369323,-2.5504267223606223,4.153754027073675,-2.5503591942955235,4.1371944957666535,-2.5381666983402305,0
65.056,4.090388149254688,-2.550439763414992,4.077718887182257,-2.5558058077484977,4.101884252356102,-2.5452222368564104,0
65.08800000000001,4.071168567422973,-2.550449875067641,4.087610733238393,-2.5357876183997954,4.084654844725861,-2.54144799790992,0
65.12,4.051953132003689,-2.55045743327381,4.056751838164416,-2.5567681997308616,4.0619736421245705,-2.5475753778319694,0
65.152,4.032740966940794,-2.550462760163605,4.054563295523614,-2.4760552411674577,4.047489503529619,-2.51896630357444,0
65.184,4.013531381242582,-2.550466150217901,4.021556386301527,-2.514821327193623,4.025596256722042,-2.517306981994731,0
65.21600000000001,3.994323829791933,-2.5504678836873893,3.9659096512602297,-2.5662411951198854,3.9902016146722534,-2.5368790490447415,0
65.248,3.9751178824777593,-2.550468231083882,3.984508621814757,-2.5396610159149278,3.976404417722481,-2.5379899691516696,0
65.28,3.9559131998827683,-2.5504674520711523,4.002930390182181,-2.5043022917357414,3.975494806957266,-2.5245128323935453,0
65.312,3.9367095141356296,-2.5504657914473348,3.994235959823466,-2.56844571421592,3.9714712684042768,-2.5420837755257724,0
65.34400000000001,3.9175066138286994,-2.550463474234895,3.926402926878162,-2.558735654659012,3.941923932130188,-2.5487422307638234,0
65.376,3.8983043321338555,-2.5504607012490106,3.8834175523868586,-2.5927175207901536,3.9070013805880786,-2.5663300183199,0
65.408,3.879102537432603,-2.550457645950138,3.890855186821555,-2.5503202340174047,3.8890229034381756,-2.559923793675593,0
65.44,3.859901125922546,-2.550454452929547,3.8747815206314704,-2.496881736663845,3.8718063506581823,-2.534704719794748,0
65.47200000000001,3.8407000157781233,-2.5504512380374718,3.843077745146969,-2.6100635867433684,3.848794908770275,-2.5648461092965595,0
65.504,3.8214991425349303,-2.5504480899380275,3.757977070086505,-2.498795044229788,3.8009477735792085,-2.5384236450893645,0
65.536,3.802298455438775,-2.550445072749241,3.812266667678597,-2.5446378729423373,3.793955331463243,-2.54090743416131,0
65.568,3.7830979145566808,-2.550442229381158,3.805738730302587,-2.5771162774131247,3.7871486912044867,-2.5553892150708406,0
65.6,3.7638974884906826,-2.550439585198727,3.778786836263741,-2.6070853103369807,3.772283949396879,-2.5760660457069,0
65.632,3.7446971525691763,-2.55043715168856,3.768908956350143,-2.536158961295115,3.759413952313693,-2.560101751558621,0
65.664,3.725496887416956,-2.550434929881788,3.7292284429163542,-2.527887473900994,3.735819748661591,-2.5472147215290946,0
65.696,3.7062966778256676,-2.550432913364755,3.6630844300083667,-2.596836467299654,3.695205621283212,-2.567062233921869,0
65.728,3.687096511862558,-2.550431090784712,3.680975744128314,-2.59783050045268,3.6779936704848017,-2.579368477585042,0
65.76,3.6678963801681213,-2.5504294478223146,3.6446878876085,-2.5111384249491415,3.653151357382574,-2.5520755055309015,0
65.792,3.6486962754033234,-2.550427968653046,3.6885866467556205,-2.5177242261300266,3.6558054731683565,-2.538334143362129,0
65.824,3.62949619181509,-2.550426636954739,3.689327438434219,-2.6097674613536856,3.657694259302457,-2.566906709452854,0
65.856,3.610296124895127,-2.550425436539094,3.566177406898769,-2.570928081889412,3.6095675183622786,-2.568514575660619,0
65.888,3.5910960711122444,-2.5504243516934837,3.593402988587003,-2.570512262888477,3.591581706468848,-2.569313035621092,0
65.92,3.571896027702426,-2.5504233673180905,3.6013425196506232,-2.5625500066747646,3.583966031755033,-2.566607266955141,0
65.952,3.5526959925041677,-2.5504224689352797,3.585185891821778,-2.4887614346057383,3.5729339757930605,-2.535468425284356,0
65.984,3.5334959638292145,-2.5504216426357,3.536879295154618,-2.5407043656641624,3.5469921035476433,-2.53756233205236,0
66.016,3.514295940360926,-2.550420875011101,3.565067924393711,-2.5820095700843804,3.5427024318952136,-2.5553407886659025,0
66.048,3.4950959210741837,-2.550420153109027,3.503499348405828,-2.567255047920974,3.5155011985081694,-2.5601060764206807,0
66.08,3.475895905172085,-2.5504194644306533,3.4969102728299277,-2.585848204829,3.4965448282454092,-2.570402526792119,0
66.112,3.4566958920357447,-2.5504187969808907,3.464701619624425,-2.5246249738043858,3.4722875448055497,-2.5520911123327714,0
66.144,3.437495881184363,-2.550418139369956,3.4337963962343268,-2.5260319302900798,3.445371085385709,-2.5416670472786334,0
66.176,3.4182958722433834,-2.5504174809580427,3.445619777077115,-2.5646265000369013,3.4339505620711215,-2.5508504310774396,0
66.208,3.399095864919083,-2.5504168120295057,3.3726747736373865,-2.5590371205806473,3.39792024670676,-2.5541246991086926,0
66.24,3.3798958589783394,-2.550416123979921,3.3655122670066264,-2.49739609015548,3.373437054836205,-2.531432832683728,0
66.272,3.360695854232609,-2.5504154094982314,3.341201686391081,-2.567459926952467,3.3490229074681146,-2.545843228741831,0
66.304,3.3414958505253893,-2.550414662726674,3.3541564329556515,-2.5637783033029424,3.339556317673656,-2.553016795324318,0
66.336,3.3222958477225895,-2.5504138793829925,3.359055686956903,-2.548525889108331,3.3358360653981576,-2.5512199462056078,0
66.368,3.3030958457053514,-2.550413056832282,3.3359080272579944,-2.5707289614016164,3.324344850154073,-2.5590230414646093,0
66.4,3.2838958443649435,-2.5504121940994002,3.3282341624943723,-2.535775742735259,3.3143805751030326,-2.5497235871466137,0
66.432,3.2646958435993954,-2.550411291816942,3.2288003303962647,-2.541900146380311,3.2686284772340723,-2.5465936531022577,0
66.464,3.2454958433115784,-2.5504103521080395,3.244596461884471,-2.5720643309454583,3.2474956711088887,-2.556781345501582,0
66.496,3.226295843408453,-2.5504093784074855,3.1750357105430562,-2.5212966869015476,3.2069916868980757,-2.5425868849187787,0
66.528,3.2070958438012265,-2.5504083752286384,3.246835751696843,-2.5895607522800157,3.211409312833869,-2.5613758194346348,0
66.56,3.1878958444061634,-2.5504073478870217,3.1548033192398304,-2.5924152929846342,3.1772469154131677,-2.5737909846025477,0
66.592,3.1686958451458263,-2.55040630219433,3.196674831737877,-2.557818951280596,3.173498081960421,-2.5674015388126943,0
66.624,3.149495845950516,-2.550405244138518,3.1361077457959152,-2.543421747053209,3.1470219475122567,-2.5578089850128407,0
66.656,3.1302958467597186,-2.550404179566652,3.1503957444795003,-2.61559800702995,3.136851466316873,-2.580923955438649,0
66.688,3.1110958475233916,-2.55040311388724,3.122791107496565,-2.5591805918963892,3.1197073228063794,-2.572225973316981,0
66.72,3.091895848202933,-2.5504020518077506,3.0674264817963364,-2.555741844291778,3.0872749864197617,-2.565631689113631,0
66.752,3.072695848771734,-2.550400997121109,3.084092271099662,-2.548104316996318,3.074481900308789,-2.558620113591581,0
66.784,3.0534958492152393,-2.5503999525521572,3.0385180794952684,-2.576511588885485,3.048576372000057,-2.5657760840676094,0
66.816,3.034295849530469,-2.550398919671617,2.9750305078581065,-2.5423629176824525,3.0076380263595484,-2.556410205310001,0
66.848,3.0150958497250158,-2.5503978988811467,3.0107990394565696,-2.50403260482966,2.9973824316142466,-2.535458560068915,0
66.88,2.9958958498155503,-2.5503968894689057,3.049222203272697,-2.5391975379843483,3.0065983402931904,-2.5369535524337152,0
66.912,2.976695849825908,-2.5503958897308916,2.9704423886341877,-2.5180146784292243,2.9806159596449078,-2.529377408847875,0
66.944,2.9574958497848645,-2.5503948971494155,2.9491262107903458,-2.5749196723736203,2.9565000601182536,-2.547593723267817,0
66.976,2.938295849723721,-2.550393908616724,2.877737868318299,-2.572719637793888,2.913475183413399,-2.557643499015267,0
67.008,2.919095849673848,-2.5503929206891374,2.8529369141087697,-2.5670516987649545,2.8777398757067387,-2.5614061876324357,0
67.04,2.899895849664328,-2.550391929855325,2.8780149914246076,-2.4951398132237643,2.8663299220092453,-2.534899043301297,0
67.072,2.8806958497198405,-2.5503909328016356,2.86276810852836,-2.5596435514339255,2.85338519663251,-2.5447962468714964,0
67.104,2.861495849858915,-2.5503899266577053,2.8428773439910335,-2.571259512920334,2.837662055591877,-2.5553809470318103,0
67.136,2.8422958500926585,-2.550388909206971,2.8572544853775,-2.518688801477762,2.8339790275224797,-2.5407034749889843,0
67.168,2.8230958504240244,-2.5503878790490475,2.812606588216423,-2.5765565339459866,2.8139100518168396,-2.555044076751091,0
67.2,2.803895850847658,-2.550386835704076,2.809623012374936,-2.5226557033527217,2.800675236057293,-2.5420880977164084,0
67.232,2.784695851350323,-2.5503857796529257,2.7634503710772167,-2.549845457538813,2.77426529008288,-2.545190404836684,0
67.264,2.7654958519118624,-2.550384712311269,2.7588246208600395,-2.5263165578512417,2.7565690224117025,-2.537640223352906,0
67.296,2.746295852506626,-2.5503836359398138,2.7504625533319036,-2.524699734416756,2.742606434797991,-2.5324633809101034,0
67.328,2.7270958531052596,-2.550382553497057,2.6996551549731844,-2.5325214426794616,2.7139059228864095,-2.532485956610747,0
67.36,2.7078958536767366,-2.5503814684446104,2.745148706074434,-2.5230420144202506,2.7148830361799616,-2.5287077308315644,0
67.392,2.6886958541904966,-2.5503803845181645,2.6886612127934257,-2.588548808446678,2.6928743068435548,-2.5526435153755767,0
67.424,2.66949585461855,-2.550379305479323,2.6518936102891466,-2.563885536793478,2.664962028239734,-2.5571396820393755,0
67.456,2.650295854937412,-2.5503782348647293,2.670273854775833,-2.5756878207193954,2.65556675887174,-2.5645583021581757,0
67.488,2.6310958551297428,-2.5503771757490292,2.658455271982856,-2.500152679570001,2.6452021641332912,-2.538795425893601,0
67.52,2.6118958551855944,-2.5503761305372787,2.6326456266602287,-2.599393425559044,2.6286595491606577,-2.5630340077431804,0
67.552,2.592695855103172,-2.5503751008004443,2.6005685492080866,-2.543005411161206,2.6059031491956914,-2.5550219608344857,0
67.584,2.573495854889069,-2.5503740871648435,2.634446160443872,-2.5813159045356717,2.6058003537105163,-2.5655389397073955,0
67.616,2.5542958545579557,-2.5503730892628322,2.5318898156260987,-2.5341635481525078,2.5647161384918427,-2.552988193473001,0
67.648,2.5350958541317365,-2.550372105748071,2.535898589591431,-2.5891483436285285,2.541669118946389,-2.5674516716824054,0
67.68,2.515895853638227,-2.5503711343745037,2.504418456927636,-2.56493352107246,2.5152488541533113,-2.566443835622739,0
67.712,2.496695853109437,-2.550370172134035,2.5001249583853027,-2.5412493049570655,2.497679295860352,-2.5563654514754837,0
67.744,2.4774958525795623,-2.550369215444089,2.5204484671051732,-2.500504405806895,2.4952669643724583,-2.5340204629115313,0
67.776,2.458295852082823,-2.550368260372981,2.451906582301926,-2.505555501235216,2.4664028115584715,-2.5226339070794457,0
67.808,2.439095851651285,-2.550367302888578,2.481346304882265,-2.585230025428279,2.4608602089023743,-2.547671779998991,0
67.84,2.419895851312808,-2.5503663391141993,2.461607223230101,-2.5667112152590623,2.4496390146481133,-2.555286974239569,0
67.872,2.400695851089263,-2.5503653655752245,2.4032255011470323,-2.526072310694593,2.4195536092626826,-2.543600521677189,0
67.904,2.3814958509951274,-2.55036437942046,2.358584474215028,-2.55416331032107,2.38364595525905,-2.547825041336666,0
67.936,2.3622958510365653,-2.5503633786039366,2.3686216126942194,-2.584739905653804,2.3661162182490276,-2.562590381791291,0
67.968,2.3430958512110376,-2.5503623620153504,2.298581258542186,-2.584559388106521,2.3275822343827057,-2.571377369355053,0
68.0,2.3238958515074803,-2.5503613295506744,2.3278758908962818,-2.5559871211491014,2.316179697005051,-2.565220645822355,0
68.032,2.3046958519070277,-2.5503602821183193,2.3717477281676116,-2.4831082653401944,2.3268869094874503,-2.532375061085279,0
68.06400000000001,2.285495852384237,-2.5503592215803845,2.2498923597454614,-2.5301425823303827,2.2845690896084165,-2.5314814302672364,0
68.096,2.2662958529087307,-2.5503581506327277,2.318339410419866,-2.5806435792064897,2.2865572179510423,-2.5511456457070123,0
68.128,2.2470958534471492,-2.550357072631532,2.197083900179803,-2.550638401248932,2.23924789086075,-2.5509421012245417,0
68.16,2.2278958539652898,-2.5503559913774976,2.2445510305276475,-2.582011555060536,2.2298491467457286,-2.5633692359123703,0
68.19200000000001,2.208695854430291,-2.5503549108715315,2.1640969372571424,-2.542698552115793,2.192028262968387,-2.555100317820028,0
68.224,2.1894958548127317,-2.550353835057638,2.2312844510862098,-2.493314143161021,2.1962107382333493,-2.5303852079244846,0
68.256,2.170295855088505,-2.5503527675695508,2.1819575827105866,-2.5201674805277587,2.178989476041705,-2.5262974834475562,0
68.288,2.1510958552403556,-2.5503517114974064,2.1780528282654057,-2.538770046618483,2.1670948169481896,-2.5312858832597813,0
68.32000000000001,2.131895855258981,-2.55035066918947,2.143876324528147,-2.5251881246113035,2.146287419996673,-2.528846163431913,0
68.352,2.112695855143629,-2.55034964210167,2.0946498920640195,-2.553518331724818,2.1141124088395973,-2.538714423905437,0
68.384,2.093495854902147,-2.550348630704624,2.0625157562209715,-2.5308814950834893,2.081953747807642,-2.535580654878936,0
68.416,2.0742958545504884,-2.5503476344541354,2.0917104525470895,-2.544463649499815,2.074336429718481,-2.5391332637924604,0
68.44800000000001,2.0550958541116877,-2.55034665182705,2.088558238568442,-2.5529726086821705,2.0685051532731697,-2.544668420040204,0
68.48,2.0358958536143854,-2.550345680420167,1.996687553225052,-2.586634044774094,2.02825811326837,-2.561454093649455,0
68.512,2.016695853090983,-2.5503447171058164,2.0285848078601507,-2.548528890052501,2.0168687911193803,-2.556283439197307,0
68.544,1.99749585257555,-2.5503437582340847,2.0365127247493313,-2.4760926880961893,2.013206364585624,-2.524206566650622,0
68.57600000000001,1.978295852101618,-2.5503427998686488,1.9810289328286659,-2.536135029381019,1.988815391897183,-2.5289773781216476,0
68.608,1.9590958517000077,-2.5503418380410214,1.9679711660215982,-2.596605924876095,1.9689577015614783,-2.5560282193635775,0
68.64,1.9398958513968274,-2.5503408690068152,1.9804116753639276,-2.581599150857945,1.9620192910972742,-2.566256008587186,0
68.672,1.920695851211781,-2.550339889487503,1.92590005642509,-2.5698019448902665,1.9360515972435897,-2.5676737921266675,0
68.70400000000001,1.9014958511568931,-2.5503388968820904,1.909330166050657,-2.572849583930203,1.9138430247820462,-2.5697435090569574,0
68.736,1.882295851235736,-2.5503378894350486,1.916655331624231,-2.49438703341515,1.9034479475350339,-2.5396003095671205,0
68.768,1.8630958514432088,-2.5503368663496797,1.8505944923699151,-2.5458148864783885,1.8707865654856004,-2.542085521633902,0
68.8,1.8438958517658792,-2.5503358278396098,1.8123268999419708,-2.576226489508432,1.835882699285246,-2.5557412812102447,0
68.83200000000001,1.8246958521828658,-2.550334775115086,1.8662470715483006,-2.5409665510919166,1.8365084482079985,-2.5498307538760967,0
68.864,1.8054958526671958,-2.550333710304974,1.8473450205167117,-2.57607245331409,1.8293230771493645,-2.5603267923121074,0
68.896,1.7862958531875546,-2.5503326363194825,1.840789794934706,-2.5532127192048804,1.8223897642816203,-2.557480517730106,0
68.928,1.7670958537103048,-2.5503315566624822,1.7289196842357613,-2.530921848503054,1.7734817322815024,-2.5468564030118035,0
68.96000000000001,1.7478958542016516,-2.550330475205523,1.7493272418252996,-2.491590800868334,1.7522999361172118,-2.524749515860151,0
68.992,1.7286958546298117,-2.5503293959381255,1.7686835943171926,-2.537478306913576,1.7473333994152185,-2.529840389095915,0
69.024,1.7094958549670514,-2.550328322710453,1.7294270797085125,-2.5877951573256803,1.7286508715502475,-2.5530216584869576,0
69.056,1.6902958551914644,-2.550327258984961,1.7008582450866847,-2.5565019245988467,1.7060138209821276,-2.5544131341519414,0
69.08800000000001,1.6710958552883788,-2.550326207613031,1.6898675280266733,-2.607407258247922,1.6880353038167735,-2.575610161509787,0
69.12,1.651895855251304,-2.5503251706510004,1.612638468294015,-2.545330536059501,1.6463565696239844,-2.5634976983793223,0
69.152,1.632695855082355,-2.550324149227442,1.5886737664838533,-2.5328682573826193,1.6117634483837349,-2.551245318590613,0
69.184,1.6134958547921294,-2.5503231434702593,1.6286917118312463,-2.5295636955971204,1.607014753778066,-2.542572075177859,0
69.21600000000001,1.5942958543990389,-2.5503221524982966,1.6323772972770922,-2.600352415007654,1.605639771192591,-2.5656836250924284,0
69.248,1.5750958539281352,-2.5503211744780145,1.5600867416145598,-2.5200438447113505,1.5758985593759682,-2.5474271336158774,0
69.28,1.5558958534095055,-2.5503202067415813,1.5856110400617602,-2.567381127220763,1.5682635516646517,-2.555408156490997,0
69.312,1.5366958528763357,-2.550319245958774,1.5758679107728715,-2.579877814464176,1.5597852953221947,-2.5651954476283914,0
69.34400000000001,1.5174958523627677,-2.550318288351611,1.4998626740223742,-2.5668817043119248,1.5242962468165242,-2.5658693783607296,0
69.376,1.4982958519016893,-2.550317329937885,1.5338511285016803,-2.5420750167442585,1.5165981995049593,-2.556351059472888,0
69.408,1.4790958515226023,-2.5503163667878948,1.510991860128163,-2.5508279719282174,1.5028356637688352,-2.5541412456512456,0
69.44,1.4598958512497069,-2.550315395277817,1.466731612009254,-2.532209081591891,1.4768740430799143,-2.5453677946933873,0
69.47200000000001,1.440695851100334,-2.5503144123233854,1.4465411524835738,-2.501893973125255,1.4532208868566874,-2.5279776726552745,0
69.504,1.4214958510838243,-2.5503134155787976,1.3694742407779719,-2.50540230236658,1.408202228440969,-2.5189469220269425,0
69.536,1.402295851200929,-2.5503124035880207,1.418852034699643,-2.520281174762172,1.4009421509607,-2.519480011068208,0
69.568,1.3830958514437706,-2.550311375878728,1.4085370510709034,-2.590855864472134,1.392460111021542,-2.548029731014532,0
69.60000000000001,1.363895851796363,-2.5503103329928116,1.383775257415684,-2.5492887187708035,1.3774661695964312,-2.5485326961210277,0
69.632,1.3446958522356556,-2.5503092764514914,1.3677781571683172,-2.5708883119059602,1.3620709646428284,-2.5574743051935966,0
69.664,1.3254958527330274,-2.5503082086572753,1.3068518946574665,-2.5362357045951245,1.328463336666644,-2.5489782222704322,0
69.696,1.3062958532561377,-2.5503071327390856,1.2735672701572869,-2.562627057268526,1.2949849100810602,-2.5544371102979593,0
69.728,1.2870958537710082,-2.5503060523505447,1.2762803340912887,-2.5332922327798344,1.2759830797033724,-2.5459785123980336,0
69.76,1.267895854244205,-2.5503049714344197,1.2834146703835332,-2.542931633421361,1.2674357159935767,-2.5447591154206384,0
69.792,1.2486958546449816,-2.550303893968422,1.2491792835997793,-2.6171046671636486,1.2486131430539789,-2.573696694567465,0
69.824,1.229495854947248,-2.5503028237087446,1.2308404251251992,-2.5351789230068897,1.229984055900049,-2.55828895031284,0
69.856,1.2102958551312413,-2.5503017639478758,1.2136178989962458,-2.5709398596733286,1.2119175931556767,-2.563348686049145,0
69.888,1.1910958551847957,-2.550300717302299,1.1824681738754217,-2.5603358948018906,1.1886178254602302,-2.5621429503764697,0
69.92,1.1718958551041265,-2.550299685543767,1.1559115467281977,-2.569776972525761,1.164015313983556,-2.565195949539079,0
69.952,1.1526958548940824,-2.5502986694850285,1.1348651093266882,-2.582299415019373,1.1408352321364439,-2.5720367355427696,0
69.984,1.133495854567845,-2.550297668927375,1.1746381519889406,-2.6022904246160907,1.1428364000926188,-2.5841376199117185,0
70.016,1.1142958541460923,-2.5502966826733933,1.10644776669837,-2.5480618315604544,1.1167609467497095,-2.569706721082991,0
70.048,1.0950958536556779,-2.550295708604112,1.1369707822332167,-2.553635850720683,1.1133248809576088,-2.5632777955653516,0
70.08,1.0758958531279061,-2.550294743815566,1.076644964149529,-2.53335363470911,1.0871329142486856,-2.5513075579150217,0
70.112,1.056695852596515,-2.5502937848059903,1.113493630367879,-2.533467529231361,1.0861572007105966,-2.5441709748862267,0
70.144,1.0374958520954956,-2.550292827701573,1.0729390077393766,-2.5617680419798687,1.0693499235363817,-2.5512092294958224,0
70.176,1.0182958516568885,-2.5502918685062235,1.02165923969641,-2.497676152404973,1.0387536500148165,-2.529795423377787,0
70.208,0.9990958513087068,-2.550290903359247,0.974060261144653,-2.5329993107165913,1.001356294481428,-2.531076397793774,0
70.24,0.9798958510731174,-2.550289928784312,0.9840939720715286,-2.5060138886734373,0.9829313655324905,-2.521050806542414,0
70.272,0.9606958509650049,-2.5502889419136543,0.9436670940762018,-2.5678896470548382,0.9557056569654171,-2.539785746671823,0
70.304,0.9414958509910103,-2.550287940673053,0.9544341027436513,-2.591861207861445,0.9436770352926256,-2.5606153257579036,0
70.336,0.9222958511491085,-2.5502869239156487,0.892021000303304,-2.5400023681036865,0.9114946213133108,-2.552369527751453,0
70.368,0.9030958514287486,-2.550285891495963,0.8982256023615446,-2.5547967587740383,0.8946670137495123,-2.5533397960365742,0
70.4,0.8838958518115471,-2.550284844279347,0.9253468584357344,-2.5548428071033875,0.8954189516413649,-2.553940368128511,0
70.432,0.8646958522724848,-2.550283784086242,0.8897871194432735,-2.5472299765025648,0.8816462187798758,-2.5512555724307617,0
70.464,0.845495852781528,-2.550282713574851,0.8140488945851652,-2.5141779112793814,0.8430872891200207,-2.5364238641419883,0
70.496,0.826295853305566,-2.5502816360697764,0.7539367379636843,-2.5156712249075133,0.7959070686756713,-2.528122162079772,0
70.528,0.8070958538105422,-2.550280555347685,0.8131919542851136,-2.5335805449056386,0.7913010229376494,-2.5303048687066014,0
70.56,0.7878958542636385,-2.5502794753938134,0.8022200538601483,-2.593505471364175,0.7841486353247231,-2.555584465545551,0
70.592,0.7686958546353786,-2.5502784001450167,0.7646428763454792,-2.5702238991658284,0.7648263317508397,-2.56143959931729,0
70.624,0.749495854901515,-2.5502773332359254,0.7572502376029248,-2.5731107512034437,0.7502758941091148,-2.566107426918844,0
70.656,0.7302958550445833,-2.550276277764579,0.6917236124097883,-2.5555196377389007,0.7153349814463685,-2.561871686173256,0
70.688,0.7110958550550244,-2.550275236092642,0.6757737987275438,-2.5362131846389064,0.6879905083753178,-2.5516076696007604,0
70.72,0.6918958549318044,-2.5502742096930824,0.6996527471065366,-2.568845770737616,0.6811354038837676,-2.558502303660066,0
70.752,0.6726958546824903,-2.5502731990551406,0.6482765469835382,-2.5960003974949184,0.6564718611391451,-2.5735009441942855,0
70.784,0.6534958543227756,-2.550272203652708,0.6923924548114949,-2.559813837907274,0.6593200986231162,-2.5680255133025494,0
70.816,0.6342958538754817,-2.55027122197817,0.6767729097486613,-2.558425450891061,0.654781223088007,-2.5641849072553473,0
70.848,0.6150958533690974,-2.5502702516395304,0.5849912325673987,-2.553210870894599,0.6153452268941758,-2.559794717124374,0
70.88,0.5958958528359476,-2.550269289514569,0.614715389941892,-2.558426206428977,0.6035732921275225,-2.559246740603082,0
70.912,0.5766958523101074,-2.5502683319520965,0.5433151999710354,-2.5345744417921585,0.5679500552791499,-2.5493772498115046,0
70.944,0.5574958518251982,-2.5502673750073415,0.5347746343484592,-2.5374374377747513,0.5431598869211716,-2.544600752275344,0
70.976,0.538295851412208,-2.5502664146962917,0.5188673943063238,-2.546393389023159,0.5219228898897152,-2.5453172304627376,0
71.008,0.5190958510974812,-2.550265447252596,0.508121378989928,-2.4919453723392393,0.504882285544568,-2.523967904820119,0
71.04,0.49989585090100935,-2.5502644693704557,0.5136564233313299,-2.5370982076747337,0.49687194067441187,-2.529219435975728,0
71.072,0.4806958508351367,-2.550263478417844,0.48345656624444105,-2.564849212743287,0.4799857909180024,-2.5434707478820435,0
71.104,0.4614958509037651,-2.550262472606294,0.4614666070763968,-2.526192626876305,0.46105811739742364,-2.5365588912119863,0
71.136,0.4422958511021095,-2.550261451106301,0.41188610951343047,-2.5647585274830016,0.429869314260391,-2.547838127943976,0
71.168,0.42309585141701767,-2.5502604141008947,0.4326799795828965,-2.5760597233738514,0.41947358040644345,-2.5591261394029536,0
71.2,0.4038958518278305,-2.5502593627739145,0.38857078409046536,-2.4807342564611377,0.3955924618975388,-2.5277687517256426,0
71.232,0.3846958523077249,-2.55025829923375,0.3951125472430476,-2.561233146892886,0.3838804960535831,-2.5411538691560827,0
71.264,0.36549585282544894,-2.5502572263774512,0.34484306971940015,-2.5610720198922268,0.3567455255379941,-2.5491204847262834,0
71.296,0.34629585334733615,-2.5502561477039793,0.33487245802089827,-2.5898277169948813,0.3364762985493518,-2.565402731134048,0
71.328,0.3270958538394693,-2.5502550670886337,0.3663517234434721,-2.545630485638346,0.3369064685251655,-2.5574931870883,0
71.36,0.3078958542698553,-2.550253988533202,0.2644894318167347,-2.5984669431549103,0.29641965385978714,-2.573882046706047,0
71.392,0.28869585461047403,-2.550252915907941,0.2937341194837193,-2.5287543103903247,0.2838254401270544,-2.5558303146006685,0
71.424,0.269495854839073,-2.550251852702024,0.27400940612636127,-2.489633893155075,0.26837902654406764,-2.5293511155279695,0
71.456,0.25029585494059403,-2.550250801798544,0.2639452457594539,-2.557275529852597,0.25508551424703596,-2.540520259246766,0
71.488,0.23109585490814277,-2.550249765288576,0.21647912899944016,-2.563922254349396,0.22812296016429806,-2.5498804446126733,0
71.52,0.2118958547434387,-2.550248744336288,0.19290088428683175,-2.5789491166371925,0.20251412982909867,-2.561507310334444,0
71.552,0.19269585445671525,-2.5502477391038,0.22093525565786212,-2.550242625489858,0.19836258017591235,-2.5570008425293125,0
71.584,0.17349585406607365,-2.5502467487406424,0.26819539465426706,-2.566352259702281,0.21477570598214746,-2.5607408237915603,0
71.616,0.15429585359632897,-2.5502457714384934,0.11502709244320167,-2.5506336830874208,0.16335626058113367,-2.556697388670791,0
71.648,0.13509585307741948,-2.550244804547683,0.12421731654520099,-2.531447754665047,0.13618068298109848,-2.5465969610687136,0
71.68,0.11589585254247986,-2.5502438447479556,0.10903561651715134,-2.502880761534239,0.11380265640974202,-2.529109909854343,0
71.712,0.09669585202570168,-2.5502428882624946,0.08652745092414006,-2.54434792271349,0.09137257422972263,-2.535204543789273,0
71.744,0.07749585156011998,-2.5502419311014077,0.08381139745308726,-2.555314074591004,0.07682810353340162,-2.5432477826737623,0
71.776,0.05829585117547123,-2.5502409693189887,0.09514713423924387,-2.517968523029058,0.0726357158302901,-2.5331355008769147,0
71.808,0.039095850896263995,-2.5502399992681593,0.06663840259131064,-2.521887179626154,0.058716790549564565,-2.528635587950378,0
71.84,0.019895850740189635,-2.550239017835685,0.01531877246540498,-2.536829648490084,0.029837583331162917,-2.531912619687041,0
71.872,0.0006958507169781726,-2.5502380226429935,-0.025250437781055006,-2.5591998237217957,-0.003717625098004826,-2.542826899722799,0
71.904,-0.018504149172226154,-2.5502370121996383,0.0060572034555340035,-2.543730163521136,-0.011327693660376375,-2.543187594106399,0
71.936,-0.03770414893493001,-2.550235985999502,-0.03615739386918533,-2.52914250914106,-0.03277957372718697,-2.5375689395851597,0
71.968,-0.0569041485867954,-2.550234944553534,-0.037169054842434116,-2.6154242682255653,-0.046055366156099106,-2.5687104418718034,0
72.0,-0.0761041481506176,-2.550233889356901,-0.09609294749485325,-2.553739505341589,-0.07759039867400055,-2.5627214307781907,0
72.032,-0.09530414765484616,-2.5502328227926636,-0.13888841569978527,-2.550484230541622,-0.11362960546639281,-2.55782590868467,0
72.06400000000001,-0.11450414713174724,-2.550231747978194,-0.10372878903690476,-2.542017335274706,-0.12118927887647302,-2.5515018339556272,0
72.096,-0.1337041466153261,-2.550230668564229,-0.17069284656035358,-2.548353478503519,-0.15251070593183413,-2.550241845412661,0
72.128,-0.1529041461391436,-2.550229588499515,-0.21439955917355508,-2.515104795537341,-0.18878624721040815,-2.5361863805376164,0
72.16,-0.17210414573416558,-2.5502285117762287,-0.20257775220528543,-2.4952988519188484,-0.20582284919045976,-2.5198307279449086,0
72.19200000000001,-0.19130414542677981,-2.5502274421725692,-0.20432763729674952,-2.551037160376319,-0.21674476441541296,-2.5323126656516943,0
72.224,-0.2105041452371062,-2.5502263830091354,-0.20639251683775603,-2.5713811163321365,-0.22412386536721907,-2.5479394182590127,0
72.256,-0.22970414517770535,-2.5502253369347816,-0.20249964472527002,-2.536302386666022,-0.22699417709380143,-2.5432839867901307,0
72.288,-0.2489041452527676,-2.5502243057557634,-0.2960744524258245,-2.5209513254821814,-0.2661462872104905,-2.53435031293193,0
72.32000000000001,-0.2681041454578358,-2.550223290319192,-0.3033845558036179,-2.5510482143315523,-0.2925615946321275,-2.541028873705303,0
72.352,-0.28730414578008,-2.550222290458313,-0.2656431396910752,-2.577538957716254,-0.29331421264055424,-2.5556323165085915,0
72.384,-0.30650414619911104,-2.550221305003143,-0.29044717692819655,-2.54860898133457,-0.3036873983408485,-2.5528223994813075,0
72.416,-0.32570414668828235,-2.5502203318557912,-0.3050778166154431,-2.6000368607582107,-0.31576356563622116,-2.5717076072306027,0
72.44800000000001,-0.34490414721640034,-2.5502193681256182,-0.3018595501935166,-2.4575025565292354,-0.32172195944486576,-2.5260250143385043,0
72.48,-0.3641041477497341,-2.5502184103155248,-0.39336781940702287,-2.5446257996842165,-0.3619003034155337,-2.5334647577016867,0
72.512,-0.38330414825419507,-2.5502174545473753,-0.36013395064706666,-2.5253543000762178,-0.3727137622939162,-2.530220003281369,0
72.544,-0.402504148697545,-2.5502164968120202,-0.41147907012264406,-2.5699939900596496,-0.39973988541102945,-2.546129023634827,0
72.57600000000001,-0.42170414905148657,-2.550215533227809,-0.4623602080029177,-2.5344785428746106,-0.4363080144331558,-2.541468251785557,0
72.608,-0.4409041492934993,-2.550214560290915,-0.3904049010604418,-2.5224521148887966,-0.4294667690690983,-2.533861210429692,0
72.64,-0.46010414940829886,-2.5502135751013344,-0.42494513818451024,-2.519401821043593,-0.4391781166998727,-2.528076859616712,0
72.672,-0.47930414938882393,-2.5502125755499785,-0.4449123266907327,-2.5566927783779487,-0.45299180068035416,-2.53952262273806,0
72.70400000000001,-0.4985041492366867,-2.5502115604547835,-0.5591283013960425,-2.5322672108211153,-0.5069664009502675,-2.536619844002198,0
72.736,-0.517704148962059,-2.5502105296370563,-0.5567146192635981,-2.540596286676376,-0.5383856882587421,-2.5382097978743206,0
72.768,-0.5369041485830044,-2.5502094839331226,-0.5017545022855122,-2.5464653435883102,-0.5352532138521342,-2.5415113846871944,0
72.8,-0.5561041481243025,-2.550208425140522,-0.5374936681398558,-2.531357310651383,-0.5476693955495195,-2.5374491168126743,0
72.83200000000001,-0.575304147615844,-2.5502073559022094,-0.564117917559727,-2.509495632354407,-0.5657688043356133,-2.526267079907943,0
72.864,-0.5945041470907019,-2.5502062795362317,-0.5464009383584544,-2.569265795347656,-0.5695416579265999,-2.54346592034182,0
72.896,-0.6137041465830048,-2.550205199821855,-0.6323635663701295,-2.5198907754995625,-0.6061904212858414,-2.5340352164529394,0
72.928,-0.6329041461257474,-2.550204120755932,-0.6523615782852034,-2.5459491218827575,-0.6361788840675386,-2.5388001348881106,0
72.96000000000001,-0.6521041457486769,-2.550203046295216,-0.6176148058843529,-2.5719335937133456,-0.6402732527764736,-2.552052879180077,0
72.992,-0.6713041454763887,-2.550201980101236,-0.6748530288741935,-2.538545347711393,-0.6656251631981419,-2.5466492338474875,0
73.024,-0.6905041453267502,-2.550200925304179,-0.7434639207439002,-2.5623014831947595,-0.7082806661994814,-2.55290950891103,0
73.056,-0.709704145309753,-2.5501998843009996,-0.7076753134478405,-2.539756458165769,-0.7195585250823671,-2.547647673064672,0
73.08800000000001,-0.7289041454268654,-2.550198858600786,-0.6978631387755754,-2.549135211338032,-0.7224003705437111,-2.5482420824226124,0
73.12,-0.7481041456709284,-2.5501978487273385,-0.7579730144888509,-2.52570096055608,-0.7481494281063235,-2.539225037173173,0
73.152,-0.7673041460266038,-2.550196854185265,-0.7962121386243606,-2.599229641457623,-0.7788945122985365,-2.5632262910758863,0
73.184,-0.786504146471349,-2.550195873491777,-0.7369699163072937,-2.5760324782778534,-0.7736446738873998,-2.56834818552071,0
73.21600000000001,-0.8057041469768593,-2.550194904272154,-0.8156614889421048,-2.551810601841088,-0.801971399894907,-2.5617325771963206,0
73.248,-0.824904147510886,-2.5501939434127276,-0.7898307996328127,-2.5499355720728567,-0.8086351597758503,-2.557013203726581,0
73.28,-0.8441041480393165,-2.5501929872615423,-0.8557665260429637,-2.50761390843618,-0.8390077062685184,-2.5372529152501375,0
73.312,-0.8633041485283799,-2.5501920318637565,-0.9067215642251988,-2.5581779361374437,-0.8776132494369409,-2.5456223518647976,0
73.34400000000001,-0.8825041489468348,-2.5501910732166184,-0.9174371362442977,-2.5651983695201155,-0.905062804145452,-2.5534521834560486,0
73.376,-0.9017041492679962,-2.550190107527576,-0.8614741715556045,-2.5901296525609414,-0.899147351094799,-2.568122589786901,0
73.408,-0.9209041494714658,-2.550189131458881,-0.9116177804466886,-2.5888195360482875,-0.915655522820471,-2.576400779407611,0
73.44,-0.9401041495444524,-2.5501881423429054,-0.9552835143397185,-2.5555297147313785,-0.9430267194126474,-2.5680517558369025,0
73.47200000000001,-0.9593041494825963,-2.55018713835428,-0.9566957608100612,-2.5441125418261894,-0.9600143359556058,-2.558475463041543,0
73.504,-0.9785041492902434,-2.5501861186277464,-1.015796127648303,-2.58022584330186,-0.9938470526161753,-2.5671749984019625,0
73.536,-0.9977041489801548,-2.5501850833141115,-1.0490019348421256,-2.5340945964825283,-1.0274290054895583,-2.5539422118928523,0
73.568,-1.016904148572672,-2.5501840335706847,-1.0252119442530279,-2.538508993680386,-1.0380621809775095,-2.5477682910049784,0
73.60000000000001,-1.036104148094395,-2.5501829714868105,-1.050829677108121,-2.497657456580077,-1.0546891794119593,-2.5277233174145635,0
73.632,-1.0553041475764633,-2.550181899949285,-1.0459786071465547,-2.5436276489493483,-1.0627249504877545,-2.5340844060364196,0
73.664,-1.074504147052548,-2.5501808224563343,-1.0502824020275792,-2.5493508835473904,-1.069267931085525,-2.540190351193236,0
73.696,-1.0937041465566901,-2.550179742892141,-1.0646529679027334,-2.5896801507449245,-1.078941945794275,-2.559985625747758,0
73.72800000000001,-1.112904146121118,-2.550178665276456,-1.1638953365586029,-2.5415218718180737,-1.1244433020820406,-2.5525994818918294,0
73.76,-1.132104145774183,-2.550177593505433,-1.1233857471872375,-2.554675774253028,-1.1355402801064507,-2.553429361743995,0
73.792,-1.1513041455385455,-2.5501765311003983,-1.1284170314239024,-2.505456109137112,-1.1442109806161653,-2.534239430676778,0
73.824,-1.170504145429722,-2.5501754809807493,-1.184946303075646,-2.566165028098123,-1.1720251095831684,-2.5470090481102545,0
73.856,-1.1897041454550858,-2.5501744452756263,-1.15683304964241,-2.5738597060280366,-1.177468285590591,-2.557748699106961,0
73.888,-1.2089041456133867,-2.550173425186501,-1.2262316121834418,-2.562799492337356,-1.2084936162119728,-2.559768413865782,0
73.92,-1.22810414589482,-2.5501724209095515,-1.2745340794882027,-2.508766838198818,-1.2464298015071889,-2.539367190354623,0
73.952,-1.2473041462816457,-2.5501714316228314,-1.230335809210598,-2.5083245317022915,-1.2515122045736957,-2.5269495419919754,0
73.984,-1.266504146749316,-2.550170455539082,-1.301134488997039,-2.5471778389821695,-1.2828811183285094,-2.5350402827453937,0
74.016,-1.2857041472680504,-2.550169490020788,-1.3043662358761183,-2.5341151565683755,-1.30299516533326,-2.534669659165652,0
74.048,-1.3049041478047483,-2.5501685317500806,-1.3038486844054586,-2.536530893075554,-1.3148565729479662,-2.535413582311416,0
74.08,-1.3241041483251272,-2.550167576942546,-1.2992872714299069,-2.5970623481189663,-1.3201488523265736,-2.5600725184909257,0
74.112,-1.3433041487959396,-2.5501666215911607,-1.3905822639446266,-2.579457613082008,-1.3598422169595175,-2.567825984025194,0
74.144,-1.3625041491871277,-2.5501656617246407,-1.355667082804223,-2.562622698103531,-1.3696921632829064,-2.56574409290201,0
74.176,-1.381704149473773,-2.5501646936635423,-1.3373008026021345,-2.5258505872773647,-1.3682556189957917,-2.5497861074391674,0
74.208,-1.4009041496377113,-2.550163714257603,-1.3943288276579435,-2.5211419858531063,-1.3902049024454517,-2.5383278675441985,0
74.24,-1.4201041496687068,-2.5501627210890083,-1.462892101401606,-2.552787178994206,-1.4307997820122558,-2.5441109917465727,0
74.272,-1.43930414956511,-2.5501617126284732,-1.4638823217477508,-2.564167824702736,-1.455552797890302,-2.5521331149534388,0
74.304,-1.4585041493339557,-2.5501606883340524,-1.465042709069031,-2.5826084960845628,-1.4708687623451397,-2.5643226479711902,0
74.336,-1.4777041489904985,-2.5501596486863036,-1.4505825491498767,-2.5116265352575833,-1.4742742770499042,-2.54324357474174,0
74.368,-1.496904148557218,-2.5501585951575176,-1.4756731656569602,-2.5406718966258133,-1.4863538324751788,-2.5422142679545288,0
74.4,-1.5161041480623616,-2.550157530116991,-1.5114715833653867,-2.5798393958093677,-1.5079209328133882,-2.557263677949443,0
74.432,-1.5353041475381206,-2.5501564566784385,-1.5649756518521645,-2.5480197066299732,-1.5422628204108173,-2.5535654448219196,0
74.464,-1.5545041470185592,-2.5501553784993733,-1.5066032841907382,-2.515980162001591,-1.539519005904633,-2.5385306860188557,0
74.496,-1.5737041465374277,-2.550154299545387,-1.5770389659152952,-2.5184389439716717,-1.5660469898908178,-2.530493344898182,0
74.528,-1.5929041461260018,-2.5501532238345224,-1.6303910908836015,-2.5405119762649857,-1.6033046302700629,-2.5345001568775425,0
74.56,-1.6121041458110796,-2.5501521551782105,-1.6510234992562764,-2.5274579420929912,-1.633912177847015,-2.531682636252828,0
74.592,-1.6313041456132669,-2.550151096935482,-1.6200527298024352,-2.590582102239013,-1.6398883986120807,-2.5552417955387523,0
74.624,-1.6505041455456546,-2.550150051796292,-1.6459634341450222,-2.544461385365564,-1.6538384128086494,-2.5509290132203395,0
74.656,-1.6697041456129742,-2.5501490216079348,-1.6854646305938008,-2.523938844678909,-1.6780088999066225,-2.5401323371011317,0
74.688,-1.6889041458112852,-2.5501480072557445,-1.7294122399951528,-2.585883623272429,-1.7100902359264571,-2.5584322524861807,0
74.72,-1.7081041461282165,-2.5501470086057854,-1.673864415913055,-2.618811734274012,-1.707119907905985,-2.5825834551903997,0
74.752,-1.7273041465437489,-2.550146024513241,-1.7099936462454313,-2.5610870940103574,-1.7197894032270464,-2.5739843286492343,0
74.784,-1.746504147031492,-2.550145052895977,-1.7351762742750534,-2.5712651920759937,-1.7374641516318343,-2.5728960982503435,0
74.816,-1.765704147560376,-2.5501440908685566,-1.7655372255734625,-2.536628170158075,-1.7602133811942668,-2.558388355495535,0
74.848,-1.7849041480966528,-2.5501431349280876,-1.812120727770876,-2.5415121662942504,-1.7924963198107744,-2.5516373102272647,0
74.88,-1.8041041486060732,-2.5501421811799316,-1.8301262653195518,-2.576277434175019,-1.8190682980001167,-2.5614927897031627,0
74.912,-1.8233041490561046,-2.550141225588743,-1.7838073487551704,-2.5666677911751785,-1.8164839182878256,-2.5635622172613735,0
74.944,-1.842504149418039,-2.5501402642386544,-1.7717508699792068,-2.5488541338492943,-1.8101106989498166,-2.5576784057158166,0
74.976,-1.8617041496688536,-2.5501392935858362,-1.8313424151253102,-2.570091368171867,-1.8301233854051104,-2.5626430054772493,0
75.008,-1.880904149792702,-2.5501383106871423,-1.8772570715001975,-2.5005608460653055,-1.860496859827824,-2.5378095480156793,0
75.04,-1.9001041497819375,-2.5501373133900866,-1.871106733505914,-2.553897395777145,-1.8762608092832658,-2.5442440840594083,0
75.072,-1.9193041496376013,-2.5501363004718915,-1.902857795046696,-2.5258058702866024,-1.8984196035723429,-2.5368681858418176,0
75.104,-1.9385041493693462,-2.5501352717186214,-1.9515723120692972,-2.5362798238110362,-1.931200686954331,-2.5366322190130366,0
75.136,-1.9577041489948037,-2.5501342279392842,-1.9895194297041832,-2.5500256803608807,-1.966048184037016,-2.541988973168748,0
75.168,-1.9769041485384378,-2.550133170913971,-1.958413826082888,-2.514904307194223,-1.974514440837717,-2.5311544695105184,0
75.2,-1.9961041480299613,-2.5501321032793642,-1.990008662209401,-2.4970547145828474,-1.992232129368452,-2.517513925313523,0
75.232,-2.0153041475024214,-2.550131028358978,-1.9919997453539529,-2.5198276562338773,-2.0036591757445477,-2.518438772747099,0
75.264,-2.034504146990076,-2.550129949949069,-1.9755167771183135,-2.560632113735525,-2.0039222162759245,-2.535315463924619,0
75.296,-2.0537041465261994,-2.5501288720740005,-2.035954835850251,-2.574926751037154,-2.028255264087645,-2.5511593357140256,0
75.328,-2.0729041461409494,-2.55012779872684,-2.1144818286340272,-2.534958399233558,-2.0742658898884416,-2.544678322536518,0
75.36,-2.0921041458594405,-2.550126733611891,-2.1044793001842956,-2.541292120286505,-2.0978712539893976,-2.543323209543189,0
75.392,-2.111304145700135,-2.550125679905771,-2.134624018053372,-2.514685889702763,-2.124092359598059,-2.5318676576106283,0
75.424,-2.1305041456736578,-2.550124640052435,-2.138118882678015,-2.5664014426210793,-2.1412229688136213,-2.5456805567998986,0
75.456,-2.1497041457821062,-2.550123615605364,-2.166456065873928,-2.5787997110775267,-2.162836207621847,-2.558927613371565,0
75.488,-2.168904146018908,-2.550122607127114,-2.1442203134348823,-2.53286877705546,-2.1669098499316646,-2.5485034832527473,0
75.52,-2.188104146369229,-2.550121614152705,-2.2099734524957935,-2.563393389880073,-2.1956552909423674,-2.5544588591152957,0
75.552,-2.207304146810914,-2.5501206352192463,-2.241078766904032,-2.5629982484386624,-2.2253446813124524,-2.5578740355504275,0
75.584,-2.226504147315902,-2.550119667959904,-2.155085599547406,-2.537237858107223,-2.2087610485921227,-2.54961899098072,0
75.616,-2.245704147852026,-2.550118709256184,-2.2783945652904007,-2.5559470125434984,-2.2481344552572833,-2.5521496295556747,0
75.648,-2.264904148385085,-2.550117755438735,-2.2330548076398946,-2.5311926096301547,-2.253622596196223,-2.543766252690049,0
75.68,-2.2841041488810516,-2.5501168025237533,-2.2558276290140036,-2.5308389582046384,-2.2660246093091607,-2.5385947646935585,0
75.712,-2.3033041493082758,-2.550115846469756,-2.274082688099809,-2.532273184794346,-2.280767840811066,-2.536065558847604,0
75.744,-2.3225041496395327,-2.550114883438185,-2.2952395763623676,-2.4818161636463563,-2.2980765350169516,-2.5143652210578065,0
75.776,-2.3417041498537885,-2.5501139100410373,-2.326120253978323,-2.5544324874531354,-2.3208140225864957,-2.5303915403205233,0
75.808,-2.3609041499375594,-2.5501129235595457,-2.4003225575826086,-2.5696178601803163,-2.364137436569497,-2.5460814721096696,0
75.84,-2.380104149885781,-2.5501119221198025,-2.341233924169678,-2.5767673025138342,-2.366496031593639,-2.5583551985561264,0
75.872,-2.399304149702128,-2.5501109048139776,-2.3863001179388634,-2.574494207639308,-2.3859376661152933,-2.5648101868302673,0
75.904,-2.418504149398769,-2.5501098717592954,-2.4569227448844075,-2.550427218637297,-2.425851697606012,-2.559056375089782,0
75.936,-2.437704148995571,-2.550108824090938,-2.461919842692012,-2.526992482379642,-2.45179895562304,-2.5462301855667198,0
75.968,-2.4569041485188126,-2.550107763889309,-2.498508121104649,-2.5562832645724507,-2.482002621797948,-2.55025077839895,0
76.0,-2.4761041479994854,-2.550106694046319,-2.496860263598283,-2.541216802896957,-2.4994656785000924,-2.546636545152073,0
76.032,-2.495304147471303,-2.5501056180792943,-2.4594020103474112,-2.5719997966265513,-2.494960211220908,-2.556781200752885,0
76.06400000000001,-2.5145041469685383,-2.55010453990448,-2.555816283263909,-2.5683038041131865,-2.5308226400200184,-2.5613895976260386,0
76.096,-2.533704146523827,-2.55010346358473,-2.483990380408301,-2.54743546078194,-2.5236097361574066,-2.5558073013655562,0
76.128,-2.5529041461660844,-2.5501023930676316,-2.5607233926145483,-2.5426214138130736,-2.5499751987226347,-2.5505323100124775,0
76.16,-2.572104145918654,-2.550101331930941,-2.618476343130905,-2.589940298241562,-2.5888956564687176,-2.5662948760732656,0
76.19200000000001,-2.5913041457978143,-2.5501002831517448,-2.5951313685088455,-2.515250426303125,-2.602909941268024,-2.5458764754905987,0
76.224,-2.6105041458117304,-2.550099248914227,-2.5772648425542455,-2.5652922651536243,-2.6041719017662874,-2.5536421801429015,0
76.256,-2.6297041459599235,-2.5500982304684556,-2.662029537250839,-2.575251351164945,-2.6388349559444055,-2.5622852470977877,0
76.288,-2.648904146233289,-2.5500972280493066,-2.6281901982512452,-2.5535253774040445,-2.6460970528519283,-2.5587807071949222,0
76.32000000000001,-2.668104146614668,-2.5500962408607855,-2.62898641430769,-2.53300437694111,-2.650772797419447,-2.5484695915594537,0
76.352,-2.687304147079936,-2.5500952671267916,-2.7337591013015734,-2.572379112912904,-2.6954873189578503,-2.5580328235745484,0
76.384,-2.706504147599544,-2.5500943042050923,-2.743477509696374,-2.5234088245010473,-2.72620339523905,-2.544182652491498,0
76.416,-2.725704148140415,-2.550093348757196,-2.723174240991727,-2.5858173047778856,-2.736511733526035,-2.56083594476329,0
76.44800000000001,-2.744904148668073,-2.5500923969632145,-2.7367806167588755,-2.555863641519296,-2.748139286805094,-2.5588464551910137,0
76.48,-2.764104149148869,-2.550091444767896,-2.7795971350359783,-2.552741285413652,-2.772242426083264,-2.5564038169070558,0
76.512,-2.7833041495521558,-2.5500904881419837,-2.759728276968589,-2.5256210165493513,-2.7787567664229957,-2.544090121961643,0
76.544,-2.8025041498522723,-2.5500895233420744,-2.7703297547032038,-2.5076678597336945,-2.786905961720368,-2.5295206357936877,0
76.57600000000001,-2.8217041500302034,-2.5500885471522166,-2.8636173834884424,-2.519441832530663,-2.8291105304124917,-2.5254885251100614,0
76.608,-2.8409041500748065,-2.5500875570916652,-2.8145815195152415,-2.527616801016147,-2.8348189260380257,-2.526339236888388,0
76.64,-2.860104149983528,-2.550086551575378,-2.8747743145666065,-2.525257590985772,-2.862321081433394,-2.525905970228187,0
76.672,-2.8793041497625596,-2.5500855300168745,-2.8840393290678006,-2.5839913651042834,-2.8825283804705855,-2.5491395102830148,0
76.70400000000001,-2.8985041494264316,-2.5500844928667874,-2.906203552855136,-2.5482880677184805,-2.903518449407352,-2.548798306504467,0
76.736,-2.9177041489970694,-2.5500834415845834,-2.923845870214947,-2.5932866851065492,-2.923169417712912,-2.5665930236482986,0
76.768,-2.936904148502374,-2.550082378545226,-2.9393150426370185,-2.568169706974456,-2.9411476676647434,-2.567223056939652,0
76.8,-2.9561041479744308,-2.5500813068867556,-2.9988603836748027,-2.5254603217191987,-2.9757527540507414,-2.5505173192459054,0
76.83200000000001,-2.9753041474474466,-2.550080230308576,-2.9746083651728643,-2.4997753277520034,-2.986814998481488,-2.530219877885508,0
76.864,-2.9945041469555655,-2.5500791528334052,-2.9667978883830166,-2.5307017502293867,-2.990328154424066,-2.5304119833905494,0
76.896,-3.0137041465306855,-2.550078078548211,-3.056104741457221,-2.524619204628898,-3.028158789219505,-2.528094232189434,0
76.928,-3.0329041462004223,-2.550077011340808,-3.008986957723835,-2.567639917620355,-3.0320100566037507,-2.5439118725701215,0
76.96000000000001,-3.052104145986346,-2.5500759546490803,-3.100635476602106,-2.574761578835572,-3.0709802245860427,-2.556251128981111,0
76.992,-3.071304145902602,-2.5500749112389958,-3.0121055817600295,-2.594063908018166,-3.0589503674390883,-2.5713756234961274,0
77.024,-3.0905041459549976,-2.550073883025736,-3.0764533371935032,-2.5600261733871137,-3.077471555324835,-2.566835236070009,0
77.056,-3.1097041461406207,-2.5500728709494935,-3.075885223838184,-2.535794724586939,-3.0883570227146757,-2.554418433909428,0
77.08800000000001,-3.1289041464480145,-2.5500718749139866,-3.1286181885861697,-2.540957346230407,-3.1159814890482505,-2.549033410552565,0
77.12,-3.148104146857895,-2.5500708937917027,-3.105717148176592,-2.5302391672527267,-3.123395752684969,-2.5415151330992556,0
77.152,-3.1673041473443755,-2.550069925495601,-3.2226639529886287,-2.5290712148399375,-3.174623032792126,-2.5365369921589567,0
77.184,-3.1865041478766183,-2.5500689671127135,-3.1828325193989695,-2.4817232677304935,-3.1894268274207596,-2.5146109331740596,0
77.21600000000001,-3.20570414842081,-2.5500680150911053,-3.223129160801501,-2.509057076270843,-3.21442776075904,-2.5123888232632066,0
77.248,-3.2249041489423362,-2.5500670654682125,-3.1835142003981196,-2.5513651535313584,-3.213582336600626,-2.527978787792193,0
77.28,-3.2441041494080096,-2.5500661141258876,-3.2856322943233796,-2.5474267145167024,-3.2539223196755387,-2.535757388009417,0
77.312,-3.2633041497882123,-2.550065157055762,-3.2543982641992395,-2.549271019193497,-3.2656326974705805,-2.541162264836661,0
77.34400000000001,-3.2825041500588057,-2.550064190617842,-3.2999801349217335,-2.5319164533750698,-3.290891672436259,-2.5374633574856373,0
77.376,-3.3017041502026876,-2.550063211775676,-3.253465792316515,-2.540135489780999,-3.287441320373156,-2.5385316190304215,0
77.408,-3.320904150210892,-2.550062218292924,-3.3286202522395802,-2.57284660141247,-3.3154328931040413,-2.5522570110716156,0
77.44,-3.34010415008316,-2.5500612088786143,-3.333616884107092,-2.554667012676161,-3.334226489489069,-2.553220400948706,0
77.47200000000001,-3.3593041498279517,-2.550060183271684,-3.326149384434681,-2.4947964826525104,-3.3425156474506137,-2.5298502133351475,0
77.504,-3.378504149461893,-2.5500591422592724,-3.36043725527221,-2.569614887969146,-3.36120429056208,-2.545755454303742,0
77.536,-3.397704149008703,-2.5500580876275225,-3.3454582644824766,-2.5345727391411943,-3.366425880112664,-2.5412817322621777,0
77.568,-3.4169041484976694,-2.5500570220479597,-3.434931290578061,-2.5109332134741056,-3.405348044280947,-2.5291416836394705,0
77.60000000000001,-3.4361041479617747,-2.5500559489066923,-3.4666325702283554,-2.5454723482035155,-3.441381854641861,-2.5356733055238783,0
77.632,-3.4553041474355912,-2.5500548720873453,-3.50983782312234,-2.567180623027709,-3.4802842420159728,-2.5482755882367814,0
77.664,-3.4745041469530804,-2.550053795721639,-3.4625554384473114,-2.5293229000691104,-3.4847127205705455,-2.5406938708492146,0
77.696,-3.4937041465454337,-2.550052723923612,-3.4809673758058772,-2.5145001352937424,-3.4947345826469736,-2.5302157390574367,0
77.72800000000001,-3.512904146239091,-2.5500516605245673,-3.5006088585055264,-2.607359186723101,-3.508604292973067,-2.5610724872013115,0
77.76,-3.532104146054058,-2.5500506088257837,-3.4892984033557064,-2.6113550175871802,-3.5124019371092645,-2.5811848767547216,0
77.792,-3.551304146002632,-2.5500495713849256,-3.5918036886159093,-2.5618084001186414,-3.555682637695588,-2.5734336729644163,0
77.824,-3.5705041460886076,-2.550048549849933,-3.5858905509357424,-2.5691685073132526,-3.579285802975856,-2.571727003571443,0
77.856,-3.589704146307028,-2.5500475448511475,-3.5819889402836704,-2.601033736638711,-3.5918870578837074,-2.5834491035663554,0
77.888,-3.6089041466444827,-2.5500465559587053,-3.639657966631024,-2.574001930141136,-3.622515421367825,-2.579669650126119,0
77.92,-3.6281041470799478,-2.5500455817080567,-3.613263510650925,-2.565385579607481,-3.6303346570666397,-2.5739554456821443,0
77.952,-3.647304147586114,-2.5500446196920943,-3.5996010097706512,-2.6016117876351177,-3.629561198134102,-2.585017412226974,0
77.984,-3.666504148131121,-2.5500436667141066,-3.639351870546907,-2.5419748916093687,-3.644997467085251,-2.5677998375219984,0
78.016,-3.6857041486805824,-2.550042718991856,-3.72684415422996,-2.5668329567339727,-3.6892561419292123,-2.5674125200595164,0
78.048,-3.7049041491997836,-2.5500417723997906,-3.7308780290089247,-2.5693137939641986,-3.717424896747107,-2.5681724632293825,0
78.08,-3.7241041496558993,-2.5500408227339224,-3.755843865719176,-2.5459082928936105,-3.7443124843217617,-2.559266224979729,0
78.112,-3.7433041500200908,-2.550039865982429,-3.7130650889144325,-2.544075674955425,-3.7433335261443696,-2.5531894288894232,0
78.144,-3.7625041502693484,-2.5500388985846323,-3.8037327946832304,-2.579814586815217,-3.779013233545075,-2.5638389081538486,0
78.176,-3.781704150387958,-2.55003791766172,-3.7253880494888745,-2.5175212734141335,-3.769083159907303,-2.5453112611695277,0
78.208,-3.800904150368496,-2.550036921204346,-3.782725141419629,-2.6149116545274222,-3.7860599524964402,-2.573150815476371,0
78.24,-3.8201041502122925,-2.5500359082049866,-3.8240079457581246,-2.5233438768731373,-3.8127591497847977,-2.553227426928782,0
78.272,-3.8393041499293368,-2.5500348787264273,-3.8791477315481866,-2.557685968527635,-3.850834582473326,-2.555010220923413,0
78.304,-3.8585041495376315,-2.5500338339018276,-3.8695074176188173,-2.509421971577934,-3.8698237165142304,-2.536774290154903,0
78.336,-3.877704149062044,-2.550032775866176,-3.8719958578431686,-2.5364088614423337,-3.8822125730281307,-2.5366274809576,0
78.368,-3.8969041485327307,-2.550031707623316,-3.956390636445317,-2.549093244780239,-3.923403798377061,-2.5416131442390393,0
78.4,-3.9161041479832353,-2.55003063285686,-3.905576573286284,-2.545654732103379,-3.9277929083226732,-2.5432291350557508,0
78.432,-3.9348263698130928,-2.550029495532851,-3.962231404174928,-2.484664817876672,-3.9527791070221747,-2.5198028189871478,0
78.464,-3.952956601356882,-2.55002849969281,-3.9885167269525996,-2.5604031371278286,-3.9779254886962505,-2.536042426231694,0
78.496,-3.9704999982413556,-2.550027658766955,-4.030779765911362,-2.584965740088433,-4.009570432840497,-2.5556112955570542,0
78.528,-3.9874738685361963,-2.550026934092452,-4.047857008831372,-2.5450761339545362,-4.03505146327615,-2.5513968291412428,0
78.56,-4.003897463883793,-2.550026297286482,-4.027372531952379,-2.577074946244251,-4.041820392477012,-2.56166771866165,0
78.592,-4.019789749483922,-2.5500257279614393,-3.9612148662061024,-2.5474134732926528,-4.019103350668677,-2.5559656980779937,0
78.624,-4.035168933036416,-2.5500252096985663,-4.072525741042752,-2.5330400888734483,-4.049692343634894,-2.5467951581196235,0
78.656,-4.050052417580532,-2.5500247285777133,-4.027121476578043,-2.481836106357003,-4.0495887533044765,-2.5208112596112766,0
78.688,-4.064456848322078,-2.5500242727835896,-4.085004398583442,-2.571746022256713,-4.072394005005018,-2.5411848987697505,0
78.72,-4.078398172984253,-2.550023832479356,-4.082657817226037,-2.569622209813776,-4.0848619584120005,-2.552559563742115,0
78.752,-4.0918916974824215,-2.5500233996964172,-4.095746161473293,-2.5308497587027268,-4.097310394721429,-2.5438753843620296,0
78.784,-4.104952133978038,-2.5500229681917816,-4.1058265003214585,-2.568608884642891,-4.108552516375832,-2.553768525816743,0
78.816,-4.117593641866869,-2.5500225332787467,-4.137344373930754,-2.5467313294217933,-4.127654178431307,-2.550953384838019,0
78.848,-4.129829862866466,-2.5500220916450385,-4.133585232326132,-2.5554198696491484,-4.137368802071081,-2.552739710908832,0
78.88,-4.141673951306503,-2.550021641169648,-4.132095162509416,-2.5889378000444294,-4.142366612884832,-2.5672186722993677,0
78.912,-4.153138600540463,-2.5500211807454245,-4.112924537685763,-2.511836777579486,-4.13746964294529,-2.5450656333470185,0
78.944,-4.16423606621667,-2.5500207101113443,-4.106876705123657,-2.529516168440363,-4.1318922066910995,-2.538845559613398,0
78.976,-4.174978186995592,-2.5500202296964622,-4.110813016479426,-2.508878275312575,-4.12990719813953,-2.5268583518989027,0
79.008,-4.185376403179028,-2.5500197404764897,-4.186862556066461,-2.525284656917605,-4.158929760124027,-2.526228574473558,0
79.04,-4.195441773620574,-2.550019243843444,-4.187464853810502,-2.5376088150913483,-4.1763845706611695,-2.5307803668552085,0
79.072,-4.20518499121072,-2.5500187414885653,-4.209876889810349,-2.529222382933238,-4.1956290162704475,-2.5301568661448273,0
79.104,-4.214616397169949,-2.550018235298563,-4.229683884341526,-2.559976136804466,-4.214911411670282,-2.5420842652359106,0
79.136,-4.223745994335857,-2.5500177272651308,-4.241983459693971,-2.5561638473712525,-4.231219596056279,-2.547715788166294,0
79.168,-4.232583459592974,-2.550017219407534,-4.216579133379339,-2.523120948538157,-4.230667487895998,-2.537877542911205,0
79.2,-4.24113815556444,-2.550016713707907,-4.200746230411767,-2.6052015526979777,-4.223833382479453,-2.564806839167302,0
79.232,-4.249419141661444,-2.5500162120587238,-4.253301902715052,-2.5632261321135417,-4.240590937987818,-2.564174251583544,0
79.264,-4.257435184567882,-2.5500157162217376,-4.211951692602385,-2.529184340409199,-4.233946392314383,-2.5501779863034244,0
79.296,-4.265194768223145,-2.55001522779752,-4.289878103169472,-2.549419982186813,-4.260976321113079,-2.5498744887431157,0
79.328,-4.272706103354423,-2.5500147482046103,-4.335649967450614,-2.511913793647242,-4.295354040098346,-2.534689920512635,0
79.36,-4.279977136600758,-2.5500142786672,-4.274331678872488,-2.552467329215634,-4.291309138423558,-2.5418006002235707,0
79.392,-4.2870155592638275,-2.5500138202102147,-4.240860738001237,-2.5277037593381633,-4.275354217231724,-2.536161587096573,0
79.424,-4.293828815714668,-2.550013373660657,-4.345989235552318,-2.558412557863832,-4.307697525821836,-2.5450617060819907,0
79.456,-4.300424111480953,-2.550012939654078,-4.291414650500817,-2.544583394456316,-4.305142862431394,-2.544870119899713,0
79.488,-4.30680842103576,-2.5500125186451115,-4.306348579214618,-2.5590927010996474,-4.309457006203914,-2.550558898867423,0
79.52,-4.312988495305813,-2.5500121109210663,-4.312833455695333,-2.589550276092573,-4.314516864316264,-2.5661552043967815,0
79.552,-4.318970868914831,-2.5500117166176652,-4.322724040413248,-2.4947741072546292,-4.32139035564488,-2.537602528374534,0
79.584,-4.324761867175692,-2.550011335736123,-4.268670597191512,-2.5753999667405325,-4.303778211580101,-2.55272127471744,0
79.616,-4.330367612843578,-2.5500109681608576,-4.303031872710716,-2.5679448243304224,-4.306844248182356,-2.5588104736214623,0
79.648,-4.335794032640992,-2.550010613677243,-4.343311857433593,-2.461295281243224,-4.324688233716094,-2.5198041836364276,0
79.68,-4.341046863564504,-2.5500102719889157,-4.366302987832916,-2.5883564859719206,-4.3444868899360145,-2.5472248992444966,0
79.712,-4.346131658982233,-2.5500099427342438,-4.32905581463,-2.5425191171897557,-4.341366360033129,-2.545342388569079,0
79.744,-4.351053794530343,-2.5500096255016684,-4.319778762801543,-2.480303024209452,-4.335685593288052,-2.519326452183094,0
79.776,-4.355964503758235,-2.5500093369994667,-4.37181728789737,-2.571149837904146,-4.353092543279203,-2.540055613766424,0
79.808,-4.356309436826244,-2.5410518069590697,-4.360352451502147,-2.579832741886668,-4.3559961308476405,-2.555966465004369,0
79.84,-4.356307986906566,-2.53143898908533,-4.366042230964611,-2.522727976231017,-4.3600147265401175,-2.54267106950073,0
79.872,-4.35624774433466,-2.521737949600484,-4.40022811430201,-2.5006774941235834,-4.376100292656268,-2.525873639356357,0
79.904,-4.35618546816101,-2.5120415383832793,-4.347076430719527,-2.513337362977602,-4.364490924918826,-2.520859128808818,0
79.936,-4.356132606550727,-2.5023626810651254,-4.33352587055473,-2.5194774217121103,-4.352105032110989,-2.5203064459719577,0
79.968,-4.356089928470347,-2.492700211959046,-4.329774330163282,-2.4658569212457215,-4.343172832767672,-2.498526636081994,0
80.0,-4.35605596197439,-2.4830510682646363,-4.398085958123183,-2.513004224040104,-4.365138120497848,-2.5043176712652233,0
80.032,-4.356029024568493,-2.4734124410354763,-4.366020319675924,-2.471085409555142,-4.365490997877989,-2.4910247665812064,0
80.06400000000001,-4.356007658636963,-2.4637820542963706,-4.32468422351369,-2.47900962187364,-4.349168249459509,-2.486218708698665,0
80.096,-4.355990681612717,-2.454158114696966,-4.392896840587284,-2.5115986288928505,-4.366659613681701,-2.496370676777638,0
80.128,-4.355977152184666,-2.444539219720915,-4.3287438925383235,-2.4824596739764098,-4.3514932216191,-2.490806275659545,0
80.16,-4.355966325446353,-2.434924275154252,-4.331724706055795,-2.472131899619783,-4.343585682064796,-2.483336525247385,0
80.19200000000001,-4.3559576130756215,-2.4253124280802547,-4.361149189474975,-2.4229005225093,-4.350610923248224,-2.459162124157465,0
80.224,-4.355950550869847,-2.415703013815807,-4.359331850408838,-2.4627271952549714,-4.3540991049138285,-2.4605881526035525,0
80.256,-4.355944772892214,-2.4060955142298943,-4.364316244921415,-2.421309518066265,-4.358185745217169,-2.4448766987976738,0
80.288,-4.355939991010322,-2.3964895251358005,-4.425102542679278,-2.389708858254076,-4.384952222896614,-2.422809562591377,0
80.32000000000001,-4.355935978717575,-2.386884730856251,-4.347585916421845,-2.381723943569419,-4.370005434337367,-2.4063753149959664,0
80.352,-4.355932558332045,-2.377280884432399,-4.399531478853636,-2.4318773189078513,-4.381815562542098,-2.4165761165764117,0
80.384,-4.3559295908558715,-2.3676777922570196,-4.345974638570873,-2.334229281824596,-4.3674788808631675,-2.3836373826937454,0
80.416,-4.355926967932231,-2.358075302164078,-4.366783247684037,-2.3254047832419293,-4.367200294274486,-2.360344342933456,0
80.44800000000001,-4.355924605458429,-2.3484732942099718,-4.370172589871158,-2.315596736206587,-4.3683888593436455,-2.3424453002654895,0
80.48,-4.355922438508817,-2.338871673544674,-4.377675249912685,-2.3170252511691807,-4.372103044020598,-2.3322772806520184,0
80.512,-4.355920417295461,-2.32927036490116,-4.329380713587968,-2.3437298438821004,-4.355013723464099,-2.336858305971266,0
80.544,-4.355918503952427,-2.3196693083349245,-4.322336674275997,-2.2908719398876176,-4.341942500175078,-2.3184637595670416,0
80.57600000000001,-4.355916669974887,-2.310068455927276,-4.318949566694477,-2.31541720052902,-4.3327449095715025,-2.317245135982919,0
80.608,-4.355914894179636,-2.300467769230563,-4.374806697480124,-2.2704808714694344,-4.349569195566073,-2.2985394302102717,0
80.64,-4.35591316108147,-2.290867217284047,-4.348101439115119,-2.263854197907142,-4.348981653485108,-2.2846653373232217,0
80.672,-4.355911459601626,-2.281266775068586,-4.413993560849262,-2.2578860599327237,-4.374985968191043,-2.2739536264024642,0
80.70400000000001,-4.355909782041733,-2.271666422298942,-4.305491932972195,-2.282211108907961,-4.347187898667493,-2.2772566194411255,0
80.736,-4.355908123270227,-2.2620661424762223,-4.3682914020729635,-2.2917124418412853,-4.355628838876886,-2.2830389484384552,0
80.768,-4.3559064800788905,-2.2524659221412193,-4.325188344969809,-2.2145364389422446,-4.343452175849684,-2.2556379446778267,0
80.8,-4.355904850675692,-2.242865750283395,-4.317306216187077,-2.1952489044309558,-4.332993323531267,-2.2314823286173198,0
80.83200000000001,-4.355903234286803,-2.2332656178709627,-4.369692492011344,-2.270372034331027,-4.34767252071482,-2.2470382109412377,0
80.864,-4.355901630846045,-2.223665517475637,-4.339307915292957,-2.191277930255701,-4.344326207723755,-2.224734098705473,0
80.896,-4.355900040754301,-2.2140654429718203,-4.333652239982089,-2.2127969982188054,-4.340056150237338,-2.2199592585491073,0
80.928,-4.355898464694849,-2.2044653892946564,-4.354706496930003,-2.190389464847354,-4.34591581990804,-2.2081313411064123,0
80.96000000000001,-4.3558969034932895,-2.1948653522449386,-4.361767977889081,-2.2206036660456125,-4.352256216333162,-2.2131202711196742,0
80.992,-4.355895358012983,-2.185265328331527,-4.3589573017804835,-2.2113972306071115,-4.35493618674581,-2.2124310549516935,0
81.024,-4.355893829078644,-2.1756653146439664,-4.372555072534867,-2.1453237530559104,-4.361983280966506,-2.185588134229792,0
81.056,-4.355892317422183,-2.166065308749531,-4.34899383113237,-2.150434120539418,-4.356787045190666,-2.1715265287893413,0
81.08800000000001,-4.355890823646046,-2.1564653086101053,-4.332028744649775,-2.145228561966453,-4.346883273880355,-2.1610073420951093,0
81.12,-4.355889348200215,-2.146865312515204,-4.294150790498512,-2.19579207088671,-4.32578983459477,-2.174921233645848,0
81.152,-4.355887891369785,-2.1372653190281374,-4.366792515818478,-2.1731818088607646,-4.342190466646233,-2.174225463765053,0
81.184,-4.355886453270671,-2.1276653269428776,-4.3821265183028055,-2.113338508755743,-4.358164452623775,-2.1498706817936846,0
81.21600000000001,-4.355885033851444,-2.118065335249602,-4.338680757074671,-2.069078252164617,-4.350370545658045,-2.1175537099735204,0
81.248,-4.35588363289974,-2.1084653431072486,-4.426855832970694,-2.1692552265139713,-4.38096423789362,-2.138234316620271,0
81.28,-4.355882250051974,-2.0988653498216894,-4.353923887869703,-2.085063017525806,-4.37014768130391,-2.1169657970121722,0
81.312,-4.355880884805376,-2.0892653548283624,-4.309546295193581,-2.0494419982084056,-4.345906716380416,-2.0899562775194878,0
81.34400000000001,-4.3558795365315595,-2.079665357678393,-4.368691377083798,-2.088223908176475,-4.355020176216912,-2.089263329810266,0
81.376,-4.355878204491021,-2.0700653580273976,-4.337489023394209,-2.120094075018683,-4.348007316557095,-2.1015956279208097,0
81.408,-4.35587688784808,-2.0604653556262984,-4.330566089354566,-2.074438351636837,-4.341030432888615,-2.090732717433629,0
81.44,-4.3558755856859115,-2.050865350313598,-4.398217647734707,-2.073484937926903,-4.363904931565234,-2.083833605656621,0
81.47200000000001,-4.355874297021383,-2.041265342008661,-4.396340622994451,-1.9843660378008945,-4.37687882614016,-2.044046578539335,0
81.504,-4.35587302081948,-2.031665330705635,-4.365088385140653,-2.0223128723951085,-4.372162272708969,-2.0353530961060207,0
81.536,-4.355871756007189,-2.022065316467728,-4.364391432455785,-2.005335782287358,-4.369053564206904,-2.0233461706023568,0
81.568,-4.355870501486698,-2.0124652994216143,-4.411457726313011,-2.0271974497317546,-4.386014860913416,-2.0248866822773968,0
81.60000000000001,-4.35586925614786,-2.0028652797518074,-4.3330155305659686,-2.0010277950385658,-4.364814764510923,-2.015343127404682,0
81.632,-4.355868018879851,-1.9932652576948797,-4.314511641533129,-1.9823311785558362,-4.344693154513937,-2.0021383478875547,0
81.664,-4.355866788582001,-1.983665233533459,-4.351633066648425,-1.970239756691,-4.347468761586918,-1.989378911430996,0
81.696,-4.355865564173769,-1.9740652075899663,-4.3519845629587754,-1.98801105548858,-4.349274726934087,-1.9888317690758026,0
81.72800000000001,-4.355864344603854,-1.9644651802200852,-4.362011129383271,-1.9606972513922203,-4.354368934837077,-1.9775779620239105,0
81.76,-4.355863128858452,-1.9548651518059903,-4.353886325611473,-1.8825795707937023,-4.354175539736897,-1.9395786055531925,0
81.792,-4.355861915968647,-1.9452651227493718,-4.352340081467304,-1.9906101845513884,-4.353441006228678,-1.9599912371737165,0
81.824,-4.35586070501695,-1.935665093464322,-4.3543317529568135,-1.9231647453832301,-4.353796955477614,-1.9452606404787023,0
81.85600000000001,-4.35585949464975,-1.9260650643730242,-4.380451282194627,-1.9506488369344042,-4.364458336722101,-1.9474159190821692,0
81.888,-4.344346281616647,-1.91911393319244,-4.327888073346486,-1.9191681127149112,-4.338310284043587,-1.9361127871107493,0
81.92,-4.325702708405259,-1.9186149267502282,-4.255369657640695,-1.929730571909798,-4.293614054336851,-1.9335532510719518,0
81.952,-4.306384745454678,-1.9186422202518911,-4.290746811458584,-1.91878555097038,-4.2809471750189125,-1.9276361990254385,0
81.984,-4.286971619062038,-1.9187221688176552,-4.298056677949457,-1.9391824041222439,-4.276270992725893,-1.9322415212876218,0
82.016,-4.267574122286032,-1.918787451698657,-4.251557767387629,-1.9212845789196862,-4.254865719243711,-1.9278428051632717,0
82.048,-4.24821114254337,-1.9188313494703861,-4.237952084891257,-1.9387959529885876,-4.2365802832244075,-1.9322058486160485,0
82.08,-4.228880871726482,-1.9188569591921774,-4.197286144001421,-1.974134002968812,-4.209342646766108,-1.9489571164917294,0
82.112,-4.209577746537637,-1.9188682145990301,-4.249880406087665,-1.9021808579671888,-4.214037771292441,-1.930225276717163,0
82.144,-4.190296353985471,-1.918868397506228,-4.235540110367202,-1.9607095763456328,-4.211118729139304,-1.9423966633602139,0
82.176,-4.171032173027122,-1.9188600156235485,-4.145975397084884,-1.9373369711040704,-4.173541419748149,-1.9403497069480058,0
82.208,-4.15178157825496,-1.9188449218806827,-4.171287413809526,-1.9121554306860415,-4.161119841840829,-1.9290483355874943,0
82.24,-4.132541697872234,-1.9188244629573514,-4.070262444815725,-1.8728173370413845,-4.113256908423367,-1.9065317908714299,0
82.272,-4.113310265532637,-1.9187996141085084,-4.09778918912961,-1.9090533491044976,-4.0955498469711955,-1.9075158336700637,0
82.304,-4.0940854945760945,-1.9187710908469897,-4.0808850390583595,-1.940409930668514,-4.078163950934687,-1.9206484779589483,0
82.336,-4.074865976753114,-1.918739436132123,-4.035775784379577,-1.88184129798405,-4.049688712313179,-1.905100207079684,0
82.368,-4.055650601951537,-1.9187050845854412,-4.028157610481848,-1.8730236705923726,-4.0295563004574735,-1.8922437996287331,0
82.4,-4.036438494883393,-1.9186684066534587,-4.015969771775007,-1.9440930544100223,-4.012601718720629,-1.9129573337846613,0
82.432,-4.017228965225232,-1.9186297363197455,-4.019972393717851,-1.951356067931406,-4.004030019265976,-1.928290316322288,0
82.464,-3.998021468373544,-1.9185893861570062,-4.005740933492172,-1.925980337367516,-3.993194416228213,-1.9273395147591215,0
82.496,-3.9788155745627996,-1.918547653335771,-3.95013078791388,-1.9351616686220894,-3.9644489967806615,-1.9304413230257038,0
82.528,-3.959610944567369,-1.918504819783989,-3.9701720841786496,-1.9938550893895028,-3.9552182640788462,-1.955779596216426,0
82.56,-3.940407310583444,-1.9184611491255434,-3.9211105574501164,-1.9350156128346594,-3.9300552140652396,-1.9474466562403785,0
82.592,-3.9212044611829366,-1.9184168824049883,-3.9137693482912232,-2.0017709280112945,-3.912020900526069,-1.9691489713665606,0
82.624,-3.9020022294654977,-1.9183722340011373,-3.846017867910347,-1.925312912442328,-3.8740997202234597,-1.9515871694450437,0
82.656,-3.882800483720767,-1.9183273885931786,-3.8333422738348406,-1.9251625320476409,-3.846276774242311,-1.9409900065660328,0
82.688,-3.8635991200607527,-1.9182824995992491,-3.8527537927198137,-1.9349024041394642,-3.837347613919203,-1.9385277743428087,0
82.72,-3.844398056599363,-1.9182376891709385,-3.814670341589857,-1.9444086037058692,-3.8167567368933755,-1.9408530676913425,0
82.752,-3.8251972288485026,-1.9181930495962718,-3.7919065179250304,-1.909199146624807,-3.795296680768832,-1.9281646395961978,0
82.784,-3.8059965860725713,-1.9181486458269954,-3.7931754699339923,-1.9482486905637861,-3.782928227418476,-1.9361715950020493,0
82.816,-3.7867960883996328,-1.9181045187864274,-3.801700668324676,-1.873669411742692,-3.7789172342731723,-1.911144258358945,0
82.848,-3.7675957045313164,-1.9180606891124237,-3.745908702125169,-1.900157112116654,-3.7541938514225413,-1.9067231373581417,0
82.88,-3.748395409927433,-1.9180171610271772,-3.7645588699476877,-1.8781892187837426,-3.746819888380652,-1.8952835011165354,0
82.912,-3.7291951853675607,-1.9179739260848132,-3.7625972192074615,-1.8804471069108768,-3.7416108498330827,-1.8893230563061632,0
82.944,-3.7099950158123045,-1.917930966615431,-3.721761072333955,-1.8840680947199835,-3.7221509675700624,-1.8871953507726302,0
82.976,-3.6907948895028744,-1.9178882587503718,-3.690441665555807,-1.8863619606730175,-3.697947275160921,-1.8868364224539371,0
83.008,-3.67159479725019,-1.9178457749715074,-3.703794007712577,-1.9499089926953086,-3.688765996284112,-1.9120400082495723,0
83.04,-3.6523947318746006,-1.9178034861737425,-3.621417736660352,-1.9259661846288094,-3.6503067202881097,-1.9175851477294443,0
83.072,-3.6331946877651897,-1.9177613632636727,-3.6312462601050846,-1.863523344705361,-3.6311625638618574,-1.8959351885505027,0
83.104,-3.613994660533893,-1.9177193783390878,-3.6366342808794463,-1.8929082959900247,-3.621831278148277,-1.8946992696947214,0
83.136,-3.5947946467446616,-1.9176775055055384,-3.634196821865928,-1.919748350085317,-3.6152575229820156,-1.9046938007215304,0
83.168,-3.5755946437019204,-1.91763572138982,-3.553594722249259,-1.9476671684157454,-3.5790724299333854,-1.9218580936831149,0
83.2,-3.5563946492857665,-1.917594005408342,-3.564097134911508,-1.893880180178455,-3.561562339093015,-1.9106419093278646,0
83.232,-3.537194661823935,-1.9175523398431265,-3.5799189969170553,-1.9310394728100748,-3.557385029336814,-1.9187759409072354,0
83.264,-3.5179946799925967,-1.9175107097714301,-3.51874504966963,-1.8763238113517526,-3.5304090645479027,-1.9017701121266875,0
83.296,-3.498794702739706,-1.9174691028879645,-3.4925846661310245,-1.887897030205254,-3.5037593322373484,-1.8961959125604038,0
83.328,-3.479594729225915,-1.917427509252271,-3.4714627720093034,-1.9479065939462454,-3.479320735191949,-1.9168552231858835,0
83.36,-3.460394758779107,-1.9173859209883688,-3.4591470482793083,-1.9040394373507692,-3.459731287471135,-1.9117039476922844,0
83.392,-3.44119479085944,-1.9173443319594274,-3.4245503062105875,-1.9205703227971946,-3.4341389220162872,-1.9152255342176754,0
83.424,-3.4219948250324355,-1.9173027374367824,-3.3860827801591507,-1.9126805571707715,-3.4033964923330124,-1.9141825751571173,0
83.456,-3.4027948609481835,-1.9172611337798273,-3.4603797433731946,-1.868148701914793,-3.4146698198227616,-1.8957440510824166,0
83.488,-3.3835948983251503,-1.9172195181408838,-3.4237347399652203,-1.9174429648467084,-3.4067758149705964,-1.904398633843414,0
83.52,-3.3643949369374107,-1.9171778882067774,-3.3472656747356635,-1.9241045642226144,-3.3714517859872375,-1.9122560140841225,0
83.552,-3.345194976604407,-1.91713624198633,-3.296677362245506,-1.8956875861734082,-3.3300220436232633,-1.9056036407609085,0
83.584,-3.3259950171825468,-1.9170945776501973,-3.378882970136724,-1.9100389408967162,-3.3380464413857327,-1.907352747366582,0
83.616,-3.306795058558146,-1.9170528934264217,-3.318450498929201,-1.887876234287868,-3.318688091586843,-1.8995371163537742,0
83.648,-3.287595100641357,-1.9170111875518103,-3.264218500508538,-1.9490479822123583,-3.2853802823681755,-1.9193164235325293,0
83.68,-3.268395143360844,-1.916969458275939,-3.2309110584591645,-1.9511392304469528,-3.2520726200484233,-1.9320204927159468,0
83.712,-3.249195186659066,-1.916927703911421,-3.306474238028113,-1.9339505331851914,-3.2623132945174804,-1.932767439934697,0
83.744,-3.229995230488089,-1.9168859229212711,-3.180466334319152,-1.9541047187577265,-3.2180545377505094,-1.941277266271765,0
83.776,-3.2107952748059154,-1.9168441140319579,-3.2323660373380907,-1.9268772496780049,-3.212259164934486,-1.935492157591475,0
83.808,-3.1915953195733433,-1.9168022763592407,-3.242358642119537,-1.9122113820036006,-3.212778983194818,-1.9261547281229494,0
83.84,-3.17239536475139,-1.9167604095332498,-3.126921010530025,-1.9281932844135585,-3.166915821552587,-1.9269450142343727,0
83.872,-3.153195410299328,-1.9167185138095548,-3.145191146121137,-1.940898534170012,-3.1467059788401675,-1.9325012690678633,0
83.904,-3.133995456173368,-1.9166765901541778,-3.090351525231938,-1.9048110965877973,-3.1126442248916186,-1.9214000310875132,0
83.936,-3.1147955023260003,-1.9166346402925438,-3.1182853244949826,-1.9401520990648686,-3.10338069225938,-1.9288756747948446,0
83.968,-3.0955955487059934,-1.9165926667151185,-3.093040294729795,-1.8740689538279225,-3.0877245608017376,-1.9069277902279411,0
84.0,-3.076395595259009,-1.9165506726357389,-3.134180317655917,-1.897030438308442,-3.094786891120593,-1.9029436427822284,0
84.032,-3.057195641928757,-1.916508661902195,-3.076893289671208,-1.9352593924950898,-3.0761094781355043,-1.9158447280161832,0
84.06400000000001,-3.03799568865859,-1.91646663886221,-3.0026302476673044,-1.8619037783064973,-3.035197813554351,-1.8942431282597088,0
84.096,-3.018795735393408,-1.9164246081913519,-3.0110594528649512,-1.923005990316671,-3.014022496889908,-1.905723050850479,0
84.128,-2.999595782081715,-1.9163825746923493,-2.997787445911156,-1.8994155848755785,-2.9960085041086777,-1.9031748427119712,0
84.16,-2.980395828677681,-1.9163405430775873,-2.9979698145030547,-1.9166330445332564,-2.985273055869749,-1.9085329048657842,0
84.19200000000001,-2.961195875143037,-1.9162985177480536,-2.9720706189880186,-1.8854528412003495,-2.968472108708143,-1.899275666407388,0
84.224,-2.941995921448672,-1.9162565025826,-2.963619039386734,-1.9023791361746947,-2.955010908554027,-1.900491848914633,0
84.256,-2.922795967575797,-1.9162145007510305,-2.868506417049886,-1.8800040015547963,-2.9088891395068663,-1.8922715136782324,0
84.288,-2.903596013516595,-1.9161725145632513,-2.8951049142950858,-1.9004396684907114,-2.891855476954631,-1.8955135893668766,0
84.32000000000001,-2.884396059274289,-1.9161305453646027,-2.8505128138555484,-1.8381484378682742,-2.8637984392247184,-1.8725423529312595,0
84.352,-2.8651961048626253,-1.9160885934846696,-2.829459117348923,-1.9188271349019488,-2.838542737961962,-1.8910311000178037,0
84.384,-2.8459961503047753,-1.916046658243542,-2.867004239400814,-1.967966525266043,-2.838407366004771,-1.9217801137042878,0
84.416,-2.826796195631733,-1.9160047380158653,-2.861391992238731,-1.8881233791212055,-2.8360812439483185,-1.9082922713852573,0
84.44800000000001,-2.807596240880285,-1.9159628303493461,-2.9112366546409474,-1.909879871696707,-2.854623435661935,-1.908902169165994,0
84.48,-2.7883962860906735,-1.9159209321308777,-2.7645914682924744,-1.8897065850304362,-2.8070906761418852,-1.901198797219173,0
84.512,-2.769196331304089,-1.9158790397903744,-2.829259924709151,-1.9240243058304676,-2.8044384029926293,-1.9103038641606447,0
84.544,-2.7499963765601367,-1.9158371495299524,-2.7395145047709217,-1.8956177669165761,-2.7669488711288786,-1.9044042882604164,0
84.57600000000001,-2.7307964218944254,-1.9157952575644137,-2.7511255818077553,-1.9169469808672976,-2.749099582831192,-1.9093962256281813,0
84.608,-2.7115964673364252,-1.9157533603582202,-2.6820052139454647,-1.866138632961437,-2.7107418627176845,-1.892068044292412,0
84.64,-2.692396512907721,-1.9157114548443044,-2.6616567049777626,-1.9711061048110368,-2.679587827075909,-1.9236581180838714,0
84.672,-2.6731965586207687,-1.9156695386111804,-2.641578512715388,-1.9436498077837059,-2.652864128801687,-1.9316296363102272,0
84.70400000000001,-2.653996604478233,-1.915627610046794,-2.6565938216492753,-1.9716408210602228,-2.6428360334277454,-1.9476089447536933,0
84.736,-2.6347966504729516,-1.9155856684302779,-2.626520886330028,-1.8758993805315005,-2.624790002092751,-1.918899945794384,0
84.768,-2.615596696588525,-1.9155437139660707,-2.5837438200239413,-1.8416772412119753,-2.596851556785227,-1.8879856834139876,0
84.8,-2.5963967428005006,-1.9155017477585163,-2.5903508718972406,-1.9190765377000056,-2.5827313103636675,-1.9003968383470249,0
84.83200000000001,-2.577196789078069,-1.9154597717288406,-2.5795330351731245,-1.883264911718401,-2.569932027831501,-1.8935188761555013,0
84.864,-2.5579968353861684,-1.9154177884800605,-2.565507503800558,-1.8940655289785149,-2.556642245769642,-1.8937123427919111,0
84.896,-2.538796881687852,-1.915375801118695,-2.5034853952072393,-1.9614788467385513,-2.5238595330972586,-1.9207937489395241,0
84.928,-2.519596927946768,-1.915333813044883,-2.5315620928887044,-1.9309542479776165,-2.515420584563903,-1.9248327542733148,0
84.96000000000001,-2.500396974129579,-1.9152918277245177,-2.478525819936201,-1.890828936289803,-2.48914270625595,-1.9112060359699736,0
84.992,-2.4811970202081755,-1.915249848458125,-2.446591483601697,-1.948915248102648,-2.4606022447264517,-1.9262645347061462,0
85.024,-2.461997066161523,-1.9152078781613977,-2.4818582094543546,-1.925223086247487,-2.4575846581356107,-1.9258227756990345,0
85.056,-2.442797111977041,-1.9151659191715262,-2.4265827507497564,-1.9315514695388472,-2.4336639226827077,-1.9280890811837925,0
85.08800000000001,-2.4235971576514133,-1.9151239730917735,-2.390792216162988,-1.938853642743908,-2.4049952675584265,-1.9323697419154433,0
85.12,-2.404397203190794,-1.915082040684267,-2.4207858625586067,-1.9159186037591553,-2.3997915330241666,-1.925764130972973,0
85.152,-2.385197248610395,-1.9150401218178574,-2.455609289118736,-1.9891895703775355,-2.4105986629107914,-1.9511091587834613,0
85.184,-2.365997293933492,-1.9149982154743344,-2.38965241656156,-1.915347425380958,-2.3907001918051987,-1.9367793242086266,0
85.21600000000001,-2.3467973391899073,-1.9149563198125221,-2.338755707461981,-1.967074800311657,-2.358402425490452,-1.9488723787383715,0
85.248,-2.3275973844140823,-1.9149144322860447,-2.2928355001963117,-1.9462646820734155,-2.3206556827876788,-1.9478041676763613,0
85.28,-2.308397429642849,-1.914872549807087,-2.299672763481144,-1.9052209204155437,-2.3007425424767023,-1.9307457378678978,0
85.312,-2.289197474913053,-1.914830668945516,-2.2745060858874453,-1.9764869040495516,-2.2787279872540327,-1.9490170727988052,0
85.34400000000001,-2.2699975202591696,-1.9147887861504462,-2.2413990372080628,-1.898047348930852,-2.252276434654644,-1.9286040489744565,0
85.376,-2.2507975657110664,-1.9147468979798978,-2.239837342882532,-1.9347319511259953,-2.235780825374972,-1.9310300708921948,0
85.408,-2.231597611292055,-1.914705001323668,-2.2200547684626337,-1.9489471253951247,-2.2179704300529552,-1.93817174744707,0
85.44,-2.212397657017358,-1.9146630936049869,-2.187418636062533,-1.8843569285157034,-2.1942297399161577,-1.9166206670859935,0
85.47200000000001,-2.193197702893087,-1.914621172947901,-2.182279238023368,-1.9284674553610825,-2.1779295666365313,-1.9213342213059976,0
85.504,-2.1739977489158084,-1.9145792382995408,-2.1870094421807935,-1.9240913146217418,-2.1700415443503567,-1.9224118890107857,0
85.536,-2.154797795072726,-1.9145372894993458,-2.1222277783353904,-1.9176919983389062,-2.139396065458446,-1.9204987549039911,0
85.568,-2.1355978413424723,-1.9144953272907457,-2.1324790690496904,-1.943989097242424,-2.1251092944251493,-1.9298697066251198,0
85.60000000000001,-2.1163978876964635,-1.9144533532745138,-2.2044155067173388,-1.9231165449356304,-2.1453118068854997,-1.9271432506711568,0
85.632,-2.0971979341007296,-1.9144113698067735,-2.093378488176157,-1.8911969812920935,-2.113018506954792,-1.9127395472777422,0
85.664,-2.0779979805181026,-1.914369379848216,-2.0992407376702613,-1.943118455397327,-2.095987426799236,-1.9248659124994765,0
85.696,-2.0587980269106163,-1.9143273867742356,-2.0583040586956995,-1.8768833559980656,-2.0693941071166377,-1.9056476916197616,0
85.72800000000001,-2.0395980732419603,-1.914285394158218,-2.0808897252867524,-1.9604356127351197,-2.0624723819393598,-1.9275376636799733,0
85.76,-2.020398119479825,-1.914243405541947,-2.040132248433301,-2.000832694513991,-2.042016356083042,-1.956830483544175,0
85.792,-2.0011981655979802,-1.9142014242079337,-2.0484792548754456,-1.909688957089426,-2.0330815431336644,-1.9379486861796373,0
85.824,-1.9819982115779593,-1.914159452968352,-1.9391357389809896,-1.9631208085086722,-1.9839832489907439,-1.947992355418696,0
85.85600000000001,-1.9627982574102316,-1.9141174939841914,-2.008845784179573,-1.887677845315014,-1.9824082905668514,-1.9238413797208915,0
85.888,-1.9435983030947968,-1.9140755486262944,-1.9759388757918928,-1.899191658008333,-1.9683005521389443,-1.913956327843903,0
85.92,-1.9243983486411635,-1.9140336173872505,-1.9001810313079606,-1.9372770031444773,-1.9295327712703956,-1.9232594431192023,0
85.952,-1.905198394067722,-1.9139916998498345,-1.8790535922576486,-1.9021543107425416,-1.8978211271123522,-1.9147922430155089,0
85.98400000000001,-1.8859984394005487,-1.9139497947140338,-1.8479780095706269,-1.9097600823103282,-1.866363907528449,-1.9127542381216567,0
86.016,-1.8667984846717278,-1.9139078998809345,-1.88055499167152,-1.9165888871770216,-1.8605203686076328,-1.914262962101318,0
86.048,-1.8475985299172923,-1.9138660125880678,-1.853168897841145,-1.8740312858670305,-1.8460598077162906,-1.8981451590425016,0
86.08,-1.8283985751749183,-1.9138241295875005,-1.840002707190223,-1.9295498370812763,-1.8321169949189706,-1.9106818986803804,0
86.112,-1.8091986204815145,-1.9137822473551984,-1.7544981302984144,-1.9127507715201724,-1.7895494764864015,-1.9114843150729166,0
86.144,-1.789998665870859,-1.9137403623181695,-1.8192945186734102,-1.9393608668525883,-1.789927520783932,-1.922609799797906,0
86.176,-1.7707987113714316,-1.913698471084753,-1.7749800594410043,-1.9065902450075305,-1.7724285636806347,-1.9161768367830012,0
86.208,-1.7515987570045775,-1.9136565706632107,-1.7152143551391237,-1.904357281592375,-1.7380229077124083,-1.9114238669575174,0
86.24,-1.7323988027831245,-1.913614658654529,-1.7507793357437684,-1.926149225832509,-1.7316055063902611,-1.9172888549981206,0
86.272,-1.713198848710541,-1.9135727334070087,-1.6959083896351244,-1.8465038439385135,-1.705806687171785,-1.8889496866954598,0
86.304,-1.6939988947806948,-1.913530794122671,-1.676734125049955,-1.8956877058049166,-1.6826576898250645,-1.8916197220213924,0
86.336,-1.6747989409782342,-1.9134888409086224,-1.6538565897853847,-1.9493701466451336,-1.6596172773286122,-1.9146947115884978,0
86.368,-1.655598987279568,-1.913446874770067,-1.614375184830701,-1.969638821767157,-1.6300004678641264,-1.9366471684009987,0
86.4,-1.6363990336543845,-1.9134048975454128,-1.6115562770753238,-1.9221289805223183,-1.6111028190954066,-1.930814700451688,0
86.432,-1.6171990800676153,-1.9133629117876556,-1.6300553992929971,-1.9507557075112654,-1.6071638787294449,-1.9387659067334888,0
86.464,-1.5979991264817093,-1.9133209205996893,-1.5455212338589925,-1.969837002590611,-1.5709868483400125,-1.9511691468260162,0
86.496,-1.5787991728590727,-1.9132789274341575,-1.556432443750052,-1.917844890647059,-1.5536451140618248,-1.9378142465416155,0
86.528,-1.559599219164509,-1.9132369358707546,-1.5529352483830812,-1.922719067214584,-1.541841195342535,-1.9317509795527648,0
86.56,-1.540399265367499,-1.913194949385333,-1.5188018999366575,-1.8338709787768337,-1.5211055047225286,-1.892573788491312,0
86.592,-1.521199311444172,-1.9131529711257054,-1.4799939783624256,-1.8755280514561417,-1.4931409217073353,-1.885730309094265,0
86.624,-1.5019993573788382,-1.913111003708596,-1.5337880879636345,-1.9504187026040314,-1.4978798157224473,-1.9115804893462567,0
86.656,-1.4827994031649867,-1.913069049050841,-1.452282394770671,-1.9426726607123352,-1.468120874836369,-1.923992188955125,0
86.688,-1.4635994488056883,-1.9130271082457138,-1.5086399714141203,-1.9256108459863541,-1.4728085409435994,-1.9246144912974863,0
86.72,-1.4443994943133796,-1.912985181492358,-1.4725165951678902,-1.9003775269709497,-1.461171790091596,-1.9148945532706845,0
86.752,-1.42519953970905,-1.912943268082876,-1.4253646872212573,-1.9055110660756431,-1.4353289763856951,-1.9111160134492713,0
86.784,-1.4059995850208835,-1.9129013664479098,-1.3935707210307113,-1.984306788008289,-1.4071057016727275,-1.9403671843863703,0
86.816,-1.3867996302824468,-1.9128594742577758,-1.3829015449219564,-1.9133807100889606,-1.3859040663919222,-1.9295474601506775,0
86.848,-1.367599675530537,-1.9128175885726344,-1.3550840617137712,-1.9500512148520721,-1.3620560919349394,-1.937723829914725,0
86.88,-1.3483997208028276,-1.9127757060320152,-1.3609455657167335,-1.887598024589142,-1.3500919088613412,-1.9176483759431724,0
86.912,-1.3291997661354558,-1.9127338230714785,-1.348471993531469,-1.9365791771532004,-1.3379239701471535,-1.925195562717567,0
86.944,-1.309999811560707,-1.9126919361524444,-1.2992076069789669,-1.856260450323067,-1.310917452306127,-1.8975963801581066,0
86.976,-1.2907998571049382,-1.9126500419903698,-1.2294732983305972,-1.8859656165290264,-1.2668198181545178,-1.892918931439267,0
87.008,-1.271599902786875,-1.9126081377665634,-1.275534916695673,-1.8814828344572825,-1.2587858850250133,-1.8883193423048255,0
87.04,-1.2523999486163933,-1.9125662213099746,-1.3253848101301087,-1.9100653590694148,-1.2739054825386027,-1.896992590641166,0
87.072,-1.2331999945938648,-1.9125242912372378,-1.2114788982606868,-1.909268329259757,-1.237414876317468,-1.901877719254855,0
87.104,-1.2140000407101141,-1.912482347041934,-1.2093546453348094,-1.9461482614556802,-1.2146708114326905,-1.9195607609459713,0
87.136,-1.1948000869469961,-1.9124403891273127,-1.1450302597683084,-1.8901406924026802,-1.1752946182920758,-1.9077675506309815,0
87.168,-1.1756001332785573,-1.9123984187803582,-1.1936160334027592,-1.9369292392278443,-1.1711032118758493,-1.9194070366071592,0
87.2,-1.1564001796727092,-1.9123564380888713,-1.190041132519581,-1.9191456055783214,-1.1671584076837846,-1.919277269734581,0
87.232,-1.1372002260933083,-1.9123144498069045,-1.1227311850396011,-1.9080251789057083,-1.137867546183368,-1.914751235831822,0
87.264,-1.1180002725024998,-1.9122724571772274,-1.1668900163391636,-1.8841776217674786,-1.1379565618051863,-1.902496591613159,0
87.296,-1.0988003188631765,-1.9122304637222671,-1.0824953216781745,-1.936013232645577,-1.1042520933114084,-1.9158780505654245,0
87.328,-1.0796003651413864,-1.9121884730170018,-1.0990196485772552,-1.9345156874693998,-1.0906391429677442,-1.9233079110790703,0
87.36,-1.0604004113085286,-1.9121464884584494,-1.1004694041730347,-1.904880599897976,-1.0830512749887278,-1.9159117974444067,0
87.392,-1.0412004573431985,-1.912104513046617,-1.0207125058025115,-1.9256198914226625,-1.0465957948386013,-1.9197698525038,0
87.424,-1.0220005032325585,-1.9120625491910361,-0.9678810603725843,-1.9316364224170568,-1.0035899285596106,-1.924491305684127,0
87.456,-1.0028005489731502,-1.9120205985553569,-0.9669438739214097,-1.8587717291456625,-0.9774115341934632,-1.8981783086473087,0
87.488,-0.9836005945711002,-1.9119786619500287,-1.001478849610056,-1.9027376982954163,-0.9755184878307934,-1.899976906525479,0
87.52,-0.9644006400417088,-1.911936739279986,-0.9857584073398682,-1.9629364666075508,-0.9680944830877105,-1.925135580549648,0
87.552,-0.9452006854084549,-1.9118948295507174,-0.9279420920436872,-1.954522631937427,-0.940513554108138,-1.9368652580859416,0
87.584,-0.9260007307014808,-1.9118529309323298,-0.8995044339360734,-1.9915187547230633,-0.9125899334652354,-1.9587015192779513,0
87.616,-0.9068007759556569,-1.91181104087748,-0.8898022640687409,-1.9310147187373752,-0.8919548931243618,-1.9476016653621335,0
87.648,-0.8876008212083486,-1.9117691562855745,-0.9338069553999764,-1.9127887305771993,-0.8971757454485736,-1.9336513594757982,0
87.68,-0.8684008664970257,-1.9117272737026527,-0.8977422546256303,-1.9160099573440816,-0.8858823765342855,-1.9265696662299105,0
87.712,-0.8492009118568635,-1.9116853895440684,-0.89703459928961,-1.9127810615529226,-0.8788232930568506,-1.9210290894234618,0
87.744,-0.8300009573184864,-1.9116435003256145,-0.8530128959829945,-1.9398733325147364,-0.8569791616575579,-1.928541647223487,0
87.776,-0.8108010029059971,-1.9116016028881864,-0.8155748800512032,-1.881521557260629,-0.8288974764587205,-1.9097084656321712,0
87.808,-0.7916010486354161,-1.911559694601502,-0.8523505122877894,-1.9153160148590416,-0.8267587182502856,-1.911926332275339,0
87.84,-0.7724010945136359,-1.911517773533738,-0.7025518065648917,-1.8714925126661288,-0.7655559810540362,-1.8957276431501149,0
87.872,-0.753201140537958,-1.911475838576142,-0.7952331611021457,-1.9463342876040193,-0.7659068805697422,-1.9159451311539373,0
87.904,-0.7340011866962495,-1.9114338895145833,-0.8034028841224782,-1.8951980747972952,-0.7693853095052419,-1.9076211306223656,0
87.936,-0.7148012329677125,-1.9113919270434243,-0.689412668292986,-1.8672254842323166,-0.7258762805509202,-1.8914376866802152,0
87.968,-0.6956012793242198,-1.9113499527208102,-0.7162841925633514,-1.8468887892268666,-0.7105194728998361,-1.8735929362059833,0
88.0,-0.6764013257321317,-1.91130796886826,-0.6434141896773937,-1.926196606717829,-0.6721573871644876,-1.8946092084948407,0
88.032,-0.6572013721544774,-1.9112659784210246,-0.6323068796203201,-1.9300864251057592,-0.6446972117058285,-1.908774896768892,0
88.06400000000001,-0.638001418553354,-1.9112239847388612,-0.596961121284061,-1.8946939476157507,-0.6140828030968539,-1.9031173184092876,0
88.096,-0.6188014648923884,-1.9111819913894188,-0.5978395729583258,-1.899150638652839,-0.5960655385971974,-1.9015054496274741,0
88.128,-0.5996015111390945,-1.9111400019182048,-0.598503744156706,-1.8597669936619667,-0.5855208483683338,-1.8847848742105748,0
88.16,-0.5804015572669744,-1.9110980196199603,-0.5973479504988835,-1.9006084846197802,-0.5787317167555674,-1.8910891309729172,0
88.19200000000001,-0.5612016032572227,-1.9110560473261902,-0.5451955421274887,-1.8487654160680467,-0.5537972744239329,-1.8741344646563503,0
88.224,-0.5420016490999285,-1.9110140872225458,-0.568739853496898,-1.9190244760091837,-0.5482543335552008,-1.8920652968520666,0
88.256,-0.5228016947946982,-1.9109721407078408,-0.4827691844624206,-1.875171361565048,-0.5105403014016914,-1.8852825588465487,0
88.288,-0.5036017403506627,-1.9109302083037891,-0.46755635908795545,-1.869070102568014,-0.4818267519415511,-1.8787724207989025,0
88.32000000000001,-0.4844017857858758,-1.9108882896212942,-0.5132644214429306,-1.9127796311098544,-0.4828818471906167,-1.892350157101991,0
88.352,-0.46520183112614244,-1.910846383385461,-0.5204437576007198,-1.9056364745850265,-0.4863866387888246,-1.8976395428512136,0
88.384,-0.44600187640335803,-1.910804487517728,-0.415853758675255,-1.890371232771979,-0.4466535141666319,-1.8947070825904146,0
88.416,-0.42680192165346226,-1.9107625992698225,-0.4100587588849477,-1.9116138450579712,-0.4204956394703795,-1.9014446544767223,0
88.44800000000001,-0.407601966914139,-1.91072071540091,-0.4212218243523681,-1.9392405754375923,-0.40926614083733714,-1.916537890799797,0
88.48,-0.3884020122224052,-1.9106788323865187,-0.39574100904817394,-1.9548778888701794,-0.39233611553827497,-1.9318487568493765,0
88.512,-0.36920205761224034,-1.910636946645768,-0.3203346756881409,-1.8825783500530828,-0.35201556702180964,-1.9121154577495043,0
88.544,-0.35000210311240454,-1.910595054772257,-0.3645635224381609,-1.9443393144425247,-0.3455147766230214,-1.9249798589628186,0
88.57600000000001,-0.33080214874458486,-1.9105531537537195,-0.35086012194847194,-1.9132221124185844,-0.33613294220234424,-1.9202516122458777,0
88.608,-0.3116021945219885,-1.9105112411662883,-0.3329492826878311,-1.9297005046941405,-0.32333950586261473,-1.9240060133648555,0
88.64,-0.2924022404484755,-1.9104693153308367,-0.25324342045924514,-1.9029028626308004,-0.28378109918565086,-1.9155395888238242,0
88.672,-0.27320228651829176,-1.9104273754213124,-0.21810027411668095,-1.9489785238649429,-0.245988796660954,-1.9288899901199024,0
88.70400000000001,-0.25400233271642325,-1.9103854215180747,-0.2388181076107908,-1.8864808357452862,-0.23160054856129408,-1.9119011476365757,0
88.736,-0.23480237901955303,-1.9103434546027933,-0.27248953599742365,-1.9722522463105694,-0.2364361710715428,-1.9360163993355617,0
88.768,-0.21560242539756208,-1.910301476495226,-0.1939937370393825,-1.9337287107996155,-0.20793922500674952,-1.9350761305426585,0
88.8,-0.19640247181547768,-1.9102594897359502,-0.18482601119047828,-1.9316703177116845,-0.18717396703667333,-1.933688608214189,0
88.83200000000001,-0.1772025182357415,-1.9102174974226072,-0.18386400717514148,-1.908995528437634,-0.17433001065239964,-1.9237861773259952,0
88.864,-0.15800256462064832,-1.9101755030102066,-0.12664707462684163,-1.8984856877933842,-0.14373686380171363,-1.9136407829043913,0
88.896,-0.13880261093479285,-1.9101335100883732,-0.10035371201539611,-1.9161765747759028,-0.11486363064126527,-1.914629903539718,0
88.928,-0.11960265714736343,-1.910091522149891,-0.10170220485145234,-1.930303275473381,-0.09807908786965785,-1.920874060660103,0
88.96000000000001,-0.10040270323413154,-1.910049542365472,-0.14287012466886007,-1.9120978528437742,-0.10447553012022706,-1.9173383920175227,0
88.992,-0.08120274917900804,-1.9100075733792707,-0.10793744833567448,-1.8681932900813905,-0.09434032492106775,-1.897655173144654,0
89.024,-0.06200279497506695,-1.9099656171383361,-0.09571836024049694,-1.8530814356530356,-0.08337156654552921,-1.879800508268972,0
89.056,-0.04280284062497533,-1.9099236747669928,0.005524432061888504,-1.9051189304305096,-0.03629319458069789,-1.8899027157450932,0
89.08800000000001,-0.023602886140804368,-1.9098817464942632,0.0349415505014956,-1.8860565435616479,0.0037206759919808756,-1.8883390936968074,0
89.12,-0.004402931543239522,-1.9098398316390097,0.010119523472872838,-1.9503341619030372,0.01780018754030226,-1.9131119752107204,0
89.152,0.014797023139756924,-1.909797928653762,0.02791692746321009,-1.9353175352342809,0.03336685607877855,-1.9219690595723484,0
89.184,0.03399697787474353,-1.9097560352244085,0.0204275328148647,-1.8836011036361597,0.03971109935220189,-1.906596741989865,0
89.21600000000001,0.05319693262494228,-1.909714148419328,0.061833450045354496,-1.908254762424964,0.06008001221383341,-1.907234817427599,0
89.248,0.07239688735259181,-1.9096722648783555,0.0354663866988301,-1.9373016391001252,0.06175453459294455,-1.919236413703697,0
89.28,0.0915968420213636,-1.909630381029395,0.06281965353629398,-1.9114972165050634,0.07370055475145096,-1.9161156006233946,0
89.312,0.11079679659868968,-1.909588493318723,0.1098685328633526,-1.9342044131813247,0.09968771856899639,-1.9233259876021367,0
89.34400000000001,0.1299967510578561,-1.9095465984401296,0.14289746494001418,-1.9111307319003779,0.12849158967790614,-1.9184227416447241,0
89.376,0.1491967053797275,-1.9095046935481264,0.17245176567143303,-1.9444034339772538,0.15759563262042306,-1.9287898678423399,0
89.408,0.16839665955399222,-1.9094627764414691,0.20357936575292762,-1.9402244354758782,0.18750909840100677,-1.9333385361295812,0
89.44,0.18759661357984386,-1.9094208457051625,0.17811988652527877,-1.9209789544452611,0.1952733861597699,-1.9283695362038462,0
89.47200000000001,0.2067965674660519,-1.909378900801781,0.1671798130284194,-1.905196704478137,0.19555592939794447,-1.919075227867115,0
89.504,0.22599652123041164,-1.9093369421062156,0.2701290840451349,-1.9018630646080568,0.23690516373056522,-1.9121651791546104,0
89.536,0.24519647489860555,-1.9092949708815958,0.2712691678118994,-1.901310022541037,0.26217073782233796,-1.907797926469804,0
89.568,0.2643964285025471,-1.9092529891979364,0.2817904123688204,-1.915234477927617,0.2815385800890674,-1.910747351941986,0
89.60000000000001,0.28359638207831445,-1.9092109997987448,0.3011641545597746,-1.9382553515969996,0.30090878231850615,-1.9217253535069394,0
89.632,0.30279633566381003,-1.9091690059241875,0.35472239418144874,-1.8662255014081168,0.33395419950243366,-1.8995002132746759,0
89.664,0.3219962892962992,-1.9091270111022098,0.26626835857550957,-1.8624705441390845,0.3183998355727404,-1.8846631472926383,0
89.696,0.3411962430099934,-1.9090850189210762,0.39730905005366196,-1.928273155470185,0.3614834938130918,-1.9020819553922692,0
89.72800000000001,0.36039619683383595,-1.9090430327979966,0.3584260010635707,-1.9404412424398287,0.37178046917230456,-1.9174004800837794,0
89.76,0.3795961507896361,-1.9090010557587558,0.3799780068041316,-1.8721452205708322,0.38657945669851024,-1.8992731927566622,0
89.792,0.3987961048906713,-1.9089590902425566,0.43915628134737433,-1.9433437205024426,0.41913015904846207,-1.916876228073801,0
89.824,0.417996059140846,-1.9089171379446652,0.44028616586053043,-1.907335778389713,0.43911253428200747,-1.9130348807952022,0
89.85600000000001,0.4371960135344574,-1.9088751997070075,0.44989759953174696,-1.9058182303316082,0.4549465329091288,-1.9101230616756757,0
89.888,0.45639596805657867,-1.908833275463774,0.46744913042498554,-1.9151374699425288,0.4714675444602048,-1.9121036740669253,0
89.92,0.47559592268403017,-1.9087913642455485,0.4538072471793767,-1.9031791420554078,0.4759233981079859,-1.9085087173953146,0
89.952,0.4947958773868748,-1.9087494642417016,0.510052981457251,-1.8861712656056542,0.5010952040200647,-1.8995485984354836,0
89.98400000000001,0.5139958321303396,-1.9087075729170297,0.5582145304595877,-1.9290378656036475,0.5354629071766004,-1.9113191708928936,0
90.016,0.5331957868770422,-1.908665687175131,0.5317809646760709,-1.890686316943899,0.5455101027610255,-1.9030408967004486,0
90.048,0.552395741589382,-1.9086238035579826,0.5868138694400427,-1.928132697936339,0.5735515820164849,-1.9130524842249998,0
90.08,0.5715956962319465,-1.9085819184688624,0.5937188253744199,-1.8527429845020742,0.5931384519380818,-1.888903548877102,0
90.112,0.5907956507737822,-1.9085400284042435,0.5846785445489847,-1.9215726253399645,0.601274461551137,-1.9019460395420866,0
90.144,0.6099956051903859,-1.908498130179708,0.5819422117944059,-1.913471511893708,0.6050615342037324,-1.9065310824152903,0
90.176,0.6291955594652906,-1.9084562211353167,0.6269507574865385,-1.923240690414112,0.6253371960559173,-1.9131897721096318,0
90.208,0.6483955135911403,-1.9084142993071898,0.5812006201590416,-1.9167674693659775,0.6192025382182247,-1.9145956892574334,0
90.24,0.6675954675701821,-1.9083723635542273,0.6594145925673975,-1.947226949436534,0.6468073324603231,-1.9276230230440432,0
90.272,0.6867954214141394,-1.9083304136317967,0.6698579298981249,-1.8740926083102944,0.6675475439198193,-1.9061856786037241,0
90.304,0.7059953751434703,-1.9082884502076243,0.665091646180274,-1.8904817215397043,0.678085157292061,-1.8998789097700186,0
90.336,0.7251953287860544,-1.9082464748188612,0.7636807875624307,-1.938176598132031,0.7238433818547452,-1.9151727929264313,0
90.368,0.7443952823753929,-1.9082044897730823,0.7825659205727344,-1.8694094681888342,0.7588523697866203,-1.8968422663416287,0
90.4,0.7635952359484375,-1.9081624979995917,0.7168039106363698,-1.938657889659515,0.7535529585656484,-1.913543316446299,0
90.432,0.7827951895431928,-1.9081205028606194,0.7914653764549362,-1.946825752067531,0.7802378981596068,-1.9268310910710538,0
90.464,0.8019951431962496,-1.908078507934575,0.792825041040943,-1.9448044331434724,0.796792727754223,-1.933995230031885,0
90.496,0.8211950969404129,-1.9080365167853306,0.8638786402560436,-1.8672732178709501,0.8351470652053461,-1.9072812310981266,0
90.528,0.8403950508025811,-1.9079945327324095,0.8681838101542808,-1.9196668746018009,0.8598817356475623,-1.9122103000266315,0
90.56,0.8595950048020152,-1.9079525586368964,0.8179309095788265,-1.903861946087393,0.8546213776980971,-1.90884577701062,0
90.592,0.8787949589491073,-1.907910596716878,0.8629766582088598,-1.8564042589721566,0.8694834623979596,-1.8878439963696851,0
90.624,0.8979949132447272,-1.9078686484043155,0.9205153048026709,-1.912380156153981,0.9014161718739355,-1.8976332953372295,0
90.656,0.9171948676801832,-1.9078267142525858,0.8797371313584361,-1.9177379039531968,0.9042645282001686,-1.905649982233895,0
90.688,0.9363948222377958,-1.9077847939006591,0.9504584540332081,-1.9036759981308935,0.9342620710827813,-1.9048352398142323,0
90.72,0.9555947768920443,-1.9077428860962293,0.9227806213665493,-1.8926772548063608,0.941189463760179,-1.8999469036766643,0
90.752,0.9747947316112092,-1.9077009887763174,0.984299345259505,-1.8962016414313936,0.96995338893489,-1.898423661731539,0
90.784,0.9939946863594059,-1.9076590992001552,1.0176050738655948,-1.95391727764512,1.0005340354891263,-1.9205959742516048,0
90.816,1.0131946410988808,-1.907617214125795,1.01412622154907,-1.9708991334780472,1.0174908824974673,-1.9406921052051351,0
90.848,1.0323945957924259,-1.9075753300190617,1.0154238067161554,-1.942346730447852,1.0281840247669949,-1.9413288215075188,0
90.88,1.0515945504057604,-1.90753344328138,1.0622864426339376,-1.9140470402415135,1.0533449644889392,-1.9303909720497767,0
90.912,1.0707945049097314,-1.907491550481794,1.0846110582501556,-1.9059654557992158,1.0773713745575737,-1.920595623544933,0
90.944,1.0899944592821915,-1.9074496485782177,1.1298627527785492,-1.8854408929487105,1.109887898395662,-1.9065085826765533,0
90.976,1.1091944135094356,-1.9074077351136487,1.1268000122679347,-1.8981439206307318,1.1281727164773137,-1.9031375614571417,0
91.008,1.1283943675870993,-1.907365808374693,1.1468196685728396,-1.8954153347714768,1.1471514698298928,-1.9000235059647033,0
91.04,1.1475943215204598,-1.9073238675021686,1.0857461806915216,-1.941611814189986,1.1341093266703004,-1.9166336559154284,0
91.072,1.166794275324112,-1.907281912546652,1.1797475315927393,-1.9120622903829738,1.1638845811173786,-1.914779928286293,0
91.104,1.1859942290210403,-1.907239944465371,1.2125835425735367,-1.9194251523111614,1.1948841381623885,-1.9166128293677915,0
91.136,1.2051941826411405,-1.9071979650606377,1.1304554960627482,-1.8914977023925985,1.1806326537726255,-1.906541584359371,0
91.168,1.224394136219287,-1.9071559768637796,1.2092871207696176,-1.9070193194451097,1.2036144130129705,-1.9067074802741115,0
91.2,1.2435940897930724,-1.907113982972041,1.2354072193670838,-1.9359572223582258,1.2278515079920818,-1.9183821771266825,0
91.232,1.262794043400368,-1.9070719868489652,1.251949309245034,-1.9010907880705394,1.2490106009313742,-1.9114404218208414,0
91.264,1.2819939970768666,-1.9070299921011196,1.277898693418552,-1.8642977821935125,1.2720858103696882,-1.8925581687237227,0
91.296,1.301193950853771,-1.9069880022455574,1.255183364779195,-1.8881823852851407,1.2768448045866048,-1.8907826625211155,0
91.328,1.3203939047557798,-1.9069460204830073,1.289621760912405,-1.8637028616668512,1.2934755595834213,-1.879925555467545,0
91.36,1.3395938587995004,-1.9069040494914173,1.357055716541779,-1.9222403977349134,1.330427594849486,-1.8968263130792617,0
91.392,1.3587938129923918,-1.9068620912531666,1.4198223231084193,-1.9258294512656497,1.3777054586537967,-1.9084023972975888,0
91.424,1.3779937673323,-1.9068201469270947,1.3314103629838407,-1.8786075980838968,1.3707073929051918,-1.8964593150851765,0
91.456,1.3971937218076134,-1.9067782167736045,1.4234977910867719,-1.8893864830083427,1.40334352471526,-1.8936050279961916,0
91.488,1.416393676398022,-1.9067363001376803,1.3789716694884169,-1.947510213965411,1.4051147551782703,-1.915141955599495,0
91.52,1.4355936310758306,-1.9066943954909243,1.419412577169561,-1.902927696352058,1.4223538565420477,-1.910231111312142,0
91.552,1.4547935858077379,-1.9066525005299193,1.4248663265187864,-1.9145945722463251,1.4348788171098494,-1.9119513596148259,0
91.584,1.473993540556969,-1.9066106123245772,1.498386997924218,-1.94208315146086,1.4718020620182473,-1.9239789428284158,0
91.616,1.4931934952856278,-1.9065687275069265,1.5397655648734345,-1.9217656214680465,1.510507435743858,-1.9230684811688195,0
91.648,1.5123934499571188,-1.9065268424881758,1.536043699998265,-1.9105514362337033,1.5322419140253252,-1.9180365283240737,0
91.68,1.5315934045384927,-1.9064849536900585,1.480700929887853,-1.885396243773754,1.5231454929417356,-1.9049552758250896,0
91.712,1.5507933590025615,-1.906443057775554,1.5893513229436529,-1.939871390567449,1.5611477975016528,-1.9188965774262141,0
91.744,1.5699933133296542,-1.9064011518641026,1.5383955987791031,-1.9203305801931492,1.5635668905563727,-1.9194450271721826,0
91.776,1.5891932675088947,-1.9063592337174426,1.5552377591964712,-1.8246698316179994,1.5717552105385661,-1.8815097895309179,0
91.808,1.6083932215389203,-1.9063173018840733,1.6558461208178863,-1.9196404736287997,1.616911547157815,-1.896736895216305,0
91.84,1.627593175427989,-1.9062753557930248,1.6755193372053176,-1.9444870497498465,1.6518746356658531,-1.9158117806155757,0
91.872,1.6467931291934637,-1.906233395790874,1.6457681074077068,-1.9055890979206331,1.6609519968344872,-1.911697523281425,0
91.904,1.6659930828607021,-1.9061914231196095,1.6331566598108527,-1.8695185260232816,1.6613538344822272,-1.8948007334031405,0
91.936,1.6851930364614243,-1.9061494398367544,1.664500723701145,-1.9140199239572295,1.6741325626156844,-1.9024632134865846,0
91.968,1.7043929900316608,-1.9061074486828846,1.7168240431150894,-1.9304411764202314,1.7027291272541607,-1.9136291992466758,0
92.0,1.7235929436094162,-1.906065452905073,1.7240411422964093,-1.9110695591707814,1.7227739057071916,-1.9125801426263938,0
92.032,1.7427928972322035,-1.9060234560476295,1.7312842383578784,-1.9561419126283128,1.7376980112057758,-1.929979651034643,0
92.06400000000001,1.7619928509346126,-1.905981461723625,1.7535906417666285,-1.921137551375916,1.7555750358752236,-1.926417614685164,0
92.096,1.781192804746072,-1.905939473381921,1.7854927270922405,-1.8896137505373811,1.7790620848181122,-1.9116708775548419,0
92.128,1.8003927586889517,-1.9058974940847284,1.7466087986788494,-1.8968107280480087,1.777600742832929,-1.905701632879936,0
92.16,1.8195927127771307,-1.9058555263100387,1.767753943349154,-1.8640508108727032,1.785181995526909,-1.8890161269619288,0
92.19200000000001,1.8387926670151158,-1.9058135717916722,1.8703234335301757,-1.8528945947646913,1.8307585432341016,-1.8745423453819654,0
92.224,1.8579926213977676,-1.9057716314072635,1.8368789947354671,-1.9026950708483101,1.8447266963591664,-1.8857782753949304,0
92.256,1.877192575910647,-1.9057297051214206,1.8814437068329692,-1.9174096957002233,1.8709334730908707,-1.8984056914334366,0
92.288,1.8963925305309544,-1.9056877919877389,1.8813694723571246,-1.9116147601297548,1.8866278453551124,-1.903664173957848,0
92.32000000000001,1.9155924852289985,-1.9056458902095497,1.9469788752929351,-1.9011646039628443,1.9222882299004276,-1.9026392067136122,0
92.352,1.934792439970101,-1.9056039972555079,1.9852903985500108,-1.9110461871262412,1.959009069938981,-1.905976863549087,0
92.384,1.953992394716815,-1.9055621100225826,1.9867626913687808,-1.8412427406533913,1.981630491093693,-1.8800580809324332,0
92.416,1.9731923494313175,-1.9055202250359522,1.9450125869031123,-1.8965050896197408,1.9785033019995995,-1.8866117506523037,0
92.44800000000001,1.9923923040778293,-1.905478338672933,2.0560884693388752,-1.8937866943022208,2.021057341512109,-1.8894565919099657,0
92.48,2.011592258624906,-1.9054364473965075,2.092216518159439,-1.9561942909238001,2.061040984738154,-1.9161265308713369,0
92.512,2.030792213047462,-1.9053945479834031,2.0176230109190407,-1.8965494563615544,2.0551937677642047,-1.9082705542714056,0
92.544,2.0499921673283885,-1.9053526377320138,2.0856312933700223,-1.9447534757829872,2.0788887505439386,-1.9228385686131215,0
92.57600000000001,2.0691921214596736,-1.9053107146367543,2.0428207044623985,-1.916911554604603,2.07598150463061,-1.9204426004447197,0
92.608,2.0883920754429344,-1.9052687775175952,2.0808889466247216,-1.9610033549641697,2.0894644539287532,-1.9366417310841193,0
92.64,2.107592029289333,-1.9052268260964131,2.1396246556681815,-1.924792787460088,2.121048507106774,-1.9318769741149078,0
92.672,2.126791983018873,-1.9051848610152147,2.1039638153838442,-1.9211858035385907,2.125734602883316,-1.9275753188031364,0
92.70400000000001,2.1459919366591165,-1.9051428837950424,2.1228938092617953,-1.9226937126898094,2.136118257886668,-1.9255974829911549,0
92.736,2.16519189024341,-1.9051008967381868,2.146061032928798,-1.8712202860518232,2.1516153403453973,-1.9038214062441483,0
92.768,2.184391843808725,-1.9050589027799962,2.233418234557481,-1.861500978516694,2.1958564704663486,-1.8868680345543407,0
92.8,2.2035917973932597,-1.9050169052998138,2.189443193246878,-1.9209057850395543,2.204811132013617,-1.9004579336680094,0
92.83200000000001,2.222791751033966,-1.904974907903221,2.2537606945479993,-1.9366805538043117,2.2359109294661317,-1.9149217823370455,0
92.864,2.2419917047641538,-1.9049329141896163,2.230506874719812,-1.9271731679396615,2.2452692800145977,-1.9197971409542611,0
92.896,2.2611916586113385,-1.9048909275201047,2.2226112293413554,-1.8585976148233394,2.2477260322045183,-1.8952921404633114,0
92.928,2.280391612595473,-1.9048489508006647,2.2785796620562673,-1.8805401415375693,2.271587456619857,-1.8893661579024477,0
92.96000000000001,2.2995915667276696,-1.9048069862945767,2.334267271391014,-1.9063295496840358,2.3081793550205774,-1.8961263396800037,0
92.992,2.3187915210095023,-1.9047650354762151,2.2658126093348727,-1.8661936691608254,2.3027526292572267,-1.8841281050797576,0
93.024,2.3379914754329185,-1.9047230989356454,2.348721419129912,-1.8691795267798679,2.3326601177357515,-1.878123515844691,0
93.056,2.3571914299807726,-1.9046811763401963,2.3599592864855428,-1.9327349375470229,2.3550997577822876,-1.8999429344748457,0
93.08800000000001,2.3763913846279343,-1.9046392664555054,2.339534816566592,-1.8700053373688788,2.3603937538573385,-1.8879427523240921,0
93.12,2.395591339342904,-1.9045973672247063,2.3791971558392104,-1.9170031259940452,2.3794350872227175,-1.8995417636675436,0
93.152,2.4147912940898295,-1.904555475900675,2.4088598278355517,-1.8903382010165266,2.402724956047645,-1.895835203771509,0
93.184,2.433991248830797,-1.9045135892228349,2.4040585432851103,-1.927128363521094,2.4147783635249898,-1.9083273340153477,0
93.21600000000001,2.4531912035282524,-1.9044717036271384,2.479934765586842,-1.8997727251898593,2.452360896929885,-1.9048803558210763,0
93.248,2.4723911581474014,-1.90442981547571,2.4996778300573546,-1.90106949951809,2.4828076427541927,-1.9033308755025797,0
93.28,2.491591112658441,-1.9043879212913528,2.501221338285508,-1.9530625175136067,2.5016930935290063,-1.9231983894509197,0
93.312,2.510791067038476,-1.9043460179818035,2.5436440771788082,-1.9076423530114743,2.529993459536688,-1.9169508253585859,0
93.34400000000001,2.5299910212730032,-1.9043041030392784,2.498839061716171,-1.9124724713821881,2.529051672939147,-1.915134326416528,0
93.376,2.549190975356861,-1.9042621747024369,2.564052762224489,-1.9199042394660637,2.5545720811653805,-1.9170171257786148,0
93.408,2.5683909292945803,-1.9042202320702983,2.6229653894688294,-1.8899014697184169,2.5934493769800047,-1.9061456888660016,0
93.44,2.587590883100115,-1.9041782751607546,2.5932759541923023,-1.8535968885613916,2.6048999803402446,-1.8851009860552483,0
93.47200000000001,2.6067908367959536,-1.9041363049098687,2.621332258439198,-1.89806468683865,2.622992864039306,-1.8902612764372906,0
93.504,2.6259907904116817,-1.9040943231119842,2.6215378647505103,-1.9397333471962934,2.6339308367705323,-1.910024908991169,0
93.536,2.6451907439820697,-1.9040523323044674,2.6582989248599076,-1.9118031684151149,2.6551980444442216,-1.910711012991077,0
93.568,2.664390697544826,-1.904010335604488,2.631777732854932,-1.9154808394066742,2.6573498922421406,-1.9125937418248293,0
93.60000000000001,2.683590651138154,-1.903968336508331,2.6817286125347315,-1.931751005102766,2.6786213527932876,-1.9202314456239797,0
93.632,2.7027906047982784,-1.903926338666155,2.7177613497074984,-1.9029118939748388,2.7057973239983086,-1.9132784258414566,0
93.664,2.721990558557101,-1.9038843456467032,2.711509405365438,-1.9117922642179683,2.7196021289941337,-1.9126587664725847,0
93.696,2.741190512440145,-1.9038423607071264,2.716481837026156,-1.8701576963847322,2.7298739846693385,-1.895633149851136,0
93.72800000000001,2.7603904664649157,-1.903800386582755,2.7699484181445304,-1.8899824345501652,2.7574237305381475,-1.8933476826112012,0
93.76,2.779590420639787,-1.9037584253103834,2.867720932378482,-1.8434215006968004,2.8130625837712038,-1.8733520370438113,0
93.792,2.798790374963474,-1.903716478096472,2.7565112537918037,-1.8792915723343717,2.8019620242952312,-1.875702686989841,0
93.824,2.8179903294251347,-1.9036745452387926,2.8831630830713113,-1.9081012223624751,2.8459624203397693,-1.8886369453554455,0
93.85600000000001,2.8371902840050742,-1.9036326261065957,2.8798695607519162,-1.9627382187773645,2.871045249055321,-1.9182523065400177,0
93.888,2.8563902386760143,-1.9035907191806143,2.854122540154241,-1.8460491372683292,2.875796138059365,-1.889345896966499,0
93.92,2.8755901934048413,-1.903548822150368,2.843743799631727,-1.8791072577773322,2.874495175262876,-1.8852253040552114,0
93.952,2.8947901481547214,-1.90350693206253,2.873327125471225,-1.914322073345929,2.885547927926524,-1.8968388771733982,0
93.98400000000001,2.9139901028874493,-1.9034650455108337,2.8653499551858532,-1.8739458581074548,2.888988711411587,-1.8876565354213501,0
94.016,2.933190057565886,-1.9034231588553099,2.8493693830756013,-1.940022526438947,2.8846609526547535,-1.9085777959761046,0
94.048,2.95239001215633,-1.9033812684567464,2.968382074973257,-1.9263725118206505,2.9296693741513886,-1.9156705426437588,0
94.08,2.9715899666306793,-1.903339370911276,2.8941829513266915,-1.900899539227398,2.9269947775783853,-1.9097369959405666,0
94.11200000000001,2.9907899209682385,-1.903297463269976,3.0165091223540252,-1.8700811354620823,2.974320488029914,-1.8938494992594541,0
94.144,3.0099898751570633,-1.903255543229319,2.993941118801706,-1.9144589748898946,2.993688712862049,-1.9020681288403867,0
94.176,3.0291898291947463,-1.9032136092801821,3.027840793041566,-1.8962526803563409,3.0188695174383113,-1.899716780090348,0
94.208,3.0483897830885938,-1.9031716608057794,3.0402263710126847,-1.9030526051072898,3.038932231353659,-1.9010259321095864,0
94.24,3.0675897368551746,-1.9031296981221673,3.061133527339623,-1.889252124971791,3.059332722216104,-1.8962912232445617,0
94.272,3.0867896905192684,-1.9030877224586646,3.0875162768503035,-1.9165807463226312,3.082126116522753,-1.9043818395681933,0
94.304,3.105989644112278,-1.9030457358794002,3.122436812886673,-1.8866331276538442,3.109770367509622,-1.8972571565657104,0
94.336,3.1251895976702047,-1.9030037411509857,3.1484349969587577,-1.925013776952239,3.136756191723089,-1.9083346030661084,0
94.368,3.1443895512313254,-1.9029617415647977,3.1309788500166413,-1.8960988695496361,3.1459652274715,-1.9034151067196894,0
94.4,3.1635895048337157,-1.9029197407252685,3.1740386467214416,-1.9091144134110365,3.168714567604495,-1.9056696273855511,0
94.432,3.182789458512792,-1.9028777423177967,3.19629932485727,-1.9212972710898373,3.191268442945371,-1.911895485940681,0
94.464,3.2019894122990253,-1.902835749871205,3.2696020150165017,-1.8922457338181622,3.234121844224621,-1.9040103912052482,0
94.496,3.221189366215984,-1.9027937665300385,3.2088066490954836,-1.90923418240381,3.235515738638362,-1.906074720469249,0
94.528,3.240389320278825,-1.9027517948513823,3.2046089222115253,-1.8827851594571428,3.234672984550243,-1.8967337167200542,0
94.56,3.259589274493333,-1.9027098366393012,3.2327222019756268,-1.8675698570204453,3.2454126440217346,-1.8850430020583446,0
94.592,3.2787892288555627,-1.9026678928276093,3.261313499864086,-1.9305556062742613,3.263292958879025,-1.9032228816628862,0
94.624,3.2979891833521036,-1.9026259634185645,3.3072294562792552,-1.9080004058361382,3.2923875303775363,-1.9051087375245335,0
94.656,3.317189137960947,-1.902584047481498,3.3232020494690167,-1.877158143603869,3.316233310568504,-1.8939033534602094,0
94.688,3.336389092652895,-1.9025421432115375,3.3433760350604014,-1.9609153874100556,3.338610372932447,-1.9206830264177372,0
94.72,3.3555890473934236,-1.90250024804471,3.3923346624157182,-1.879198397629028,3.371620061301769,-1.9040640383321905,0
94.752,3.3747890021448765,-1.9024583588220838,3.347732077945271,-1.9200672291746836,3.3735848405394586,-1.9104401800636546,0
94.784,3.3939889568688595,-1.9024164719924472,3.4018742689419548,-1.9250034893669683,3.3964205844801807,-1.916240368923782,0
94.816,3.4131889115286813,-1.902374583840525,3.438065768203789,-1.8820306474797828,3.424598630543967,-1.9025313430196125,0
94.848,3.4323888660916926,-1.9023326907260858,3.4049962020567506,-1.8766697558298482,3.42827763171356,-1.8921615662949247,0
94.88,3.4515888205313723,-1.9022907893185628,3.441742296074531,-1.8985418114664514,3.445183470008702,-1.8946885162213172,0
94.912,3.470788774829034,-1.902248876812091,3.4900173794354012,-1.8667594825509726,3.4746370063134138,-1.8834917469464798,0
94.944,3.4899887289750375,-1.9022069511070978,3.5299446899996028,-1.9332796861188013,3.5082800523032684,-1.9033817582623387,0
94.976,3.5091886829694285,-1.9021650109467143,3.4899467829456388,-1.8867494067356085,3.512466717056199,-1.8967036444171081,0
95.008,3.5283886368219584,-1.902123055999169,3.501270625485795,-1.8443600739290467,3.519508252905124,-1.8757410343400989,0
95.04,3.54758859055148,-1.9020810868807771,3.4943864855903777,-1.9034004246360752,3.5209795184391286,-1.886779600718922,0
95.072,3.5667885441847536,-1.9020391051179508,3.5881350526949802,-1.9152045239236706,3.5593617045870105,-1.8981243736983253,0
95.104,3.58598849775474,-1.901997113050574,3.574571221022996,-1.8809835128297685,3.576965483596335,-1.8912428282032514,0
95.136,3.6051884512984858,-1.9019551136828468,3.6409769101421934,-1.9292180503343086,3.6140900266434386,-1.9064077130937038,0
95.168,3.624388404854745,-1.9019131104910942,3.661436972650785,-1.939523201972025,3.6445487774738137,-1.9196287040824065,0
95.2,3.643588358461489,-1.9018711072008057,3.630429545456948,-1.8806741535153035,3.650421057098118,-1.9040216809465087,0
95.232,3.662788312153469,-1.9018291075471703,3.610411885837592,-1.9119357844373888,3.6459373610332806,-1.9071621232369567,0
95.264,3.68198826595999,-1.901787115034451,3.698188814878636,-1.8602094172146304,3.678357915023292,-1.88835584743142,0
95.296,3.7011882199030435,-1.9017451327096437,3.740684081959045,-1.922325368684195,3.7148083542653243,-1.901918469784456,0
95.328,3.7203881739959095,-1.9017031629649759,3.7595544264809146,-1.9316802677051448,3.7442267556374933,-1.9137980111253245,0
95.36,3.739588128242325,-1.9016612073819774,3.677085944618458,-1.87606764546343,3.728890403735173,-1.8986806958884352,0
95.392,3.7587880826362565,-1.9016192666272147,3.739440468089567,-1.8536975573129164,3.744630402001488,-1.8806622803023787,0
95.424,3.7779880371622943,-1.9015773404064917,3.8011429094971545,-1.8560352468280894,3.778755377542226,-1.8707863149611572,0
95.456,3.797187991796635,-1.9015354274805896,3.8155377307301523,-1.8691273624737865,3.804988291375265,-1.870097589071607,0
95.488,3.816387946508588,-1.9014935257416885,3.793905809093197,-1.8921829582243779,3.81207527103218,-1.8789065972840038,0
95.52,3.835587901262508,-1.9014516323457333,3.8444815907805188,-1.8885721104717448,3.836557771508822,-1.8827476665835623,0
95.552,3.854787856020037,-1.9014097438924205,3.8495542826945077,-1.8590174741899783,3.853276348563149,-1.8732304549147454,0
95.584,3.873987810742511,-1.9013678566414252,3.8498231579605386,-1.8868538151779257,3.863415044899882,-1.878654663268434,0
95.616,3.893187765393387,-1.90132596675116,3.879215423147773,-1.9169649979583956,3.8812551687696306,-1.893953658100521,0
95.648,3.9123877199405412,-1.9012840705248775,3.9706521586676398,-1.9285870442961155,3.9285339372877623,-1.9077818681874625,0
95.68,3.931220198298938,-1.9012430335532997,3.9038668415010482,-1.9163592201449962,3.929949254861034,-1.9111882055965157,0
95.712,3.9494658511390996,-1.901203300165155,3.920772007895228,-1.911826296220933,3.9371989284641606,-1.9114196658734568,0
95.744,3.9671224881965514,-1.901164867710095,3.994934370719055,-1.897205716037006,3.970863361297627,-1.9057111081691849,0
95.776,3.984206024062274,-1.9011277274909015,3.9989967949951177,-1.9317834276989332,3.9923479833338833,-1.9161178226365987,0
95.808,4.000735529263993,-1.9010918366095237,3.9694823516381654,-1.840378362337042,3.9931049753632024,-1.8858005563923448,0
95.84,4.016730069673685,-1.9010571405060066,4.034593122605711,-1.9332582386483936,4.019286112491071,-1.9047628470851616,0
95.872,4.032208008335814,-1.9010235847536388,4.0628503006127215,-1.8680256477657,4.045990570804619,-1.8900478559719507,0
95.904,4.047186904095262,-1.900991118777106,4.0030853722352235,-1.8859549761394965,4.037810098018613,-1.8883912365898514,0
95.936,4.0616835471224535,-1.9009596965124191,4.037208118031077,-1.933801590512075,4.046263317857588,-1.9065365298193715,0
95.968,4.075714018292809,-1.9009292761131729,4.057415844906386,-1.932596938719601,4.059140004949539,-1.9169424411877376,0
96.0,4.089293746111739,-1.9008998194121989,4.077538762720846,-1.8827239323323695,4.074645799264139,-1.9032373602892605,0
96.032,4.102437556276427,-1.9008712913649246,4.106778157602456,-1.9015384545253666,4.095384303008593,-1.9025406755899787,0
96.06400000000001,4.1151597139978024,-1.9008436595461486,4.129034498500441,-1.874318912563228,4.116477580434747,-1.8912353843210967,0
96.096,4.127473960188918,-1.9008168937205345,4.072094383538111,-1.8843672740873325,4.106113235451948,-1.8884720729526867,0
96.128,4.139393542648068,-1.900790965487993,4.157169876816546,-1.9116872601443857,4.133688392221447,-1.8977425827139567,0
96.16,4.150931243192621,-1.90076584799727,4.124152432961711,-1.924005813445834,4.136797652733213,-1.9082327962329342,0
96.19200000000001,4.162099401515641,-1.9007415157180196,4.147253931437858,-1.956951217163945,4.147682284556442,-1.9277055570601433,0
96.224,4.172909936380255,-1.90071794426103,4.234192355780982,-1.931467002766178,4.188774004725231,-1.9291959845350433,0
96.256,4.183374364639785,-1.9006951102369365,4.194863209375827,-1.8643899443299714,4.197489815973873,-1.9032598604472548,0
96.288,4.193503818470755,-1.9006729911450377,4.21678269804893,-1.8968441754287881,4.211286181150092,-1.9006803078003278,0
96.32000000000001,4.203309061126156,-1.9006515652853047,4.133994707031017,-1.9300147736223705,4.186254318317076,-1.9124012318762678,0
96.352,4.212800501453375,-1.9006308116880992,4.256110652131307,-1.899196565139418,4.219893317981983,-1.907106906755418,0
96.384,4.221988207371556,-1.9006107100573826,4.195222957057804,-1.8766339526704023,4.215539404082414,-1.894905658351951,0
96.416,4.23088191846393,-1.9005912407242307,4.2076782686501595,-1.8774972331708448,4.217732776412695,-1.8879306013615902,0
96.44800000000001,4.239491057809753,-1.9005723846082945,4.236349797394884,-1.9253041584334074,4.230346652043957,-1.9028687056631541,0
96.48,4.247824743156025,-1.9005541231854663,4.292401889706236,-1.868273730362124,4.26017051886138,-1.8890197542724514,0
96.512,4.2558917975098804,-1.9005364384604702,4.268553926683487,-1.927376374641809,4.268365646974944,-1.9043517875850247,0
96.544,4.263700759217243,-1.9005193129434226,4.20701711760849,-1.9049927712072374,4.248513112761544,-1.9045979021116244,0
96.57600000000001,4.271259891581286,-1.9005027296296433,4.249782177128799,-1.9057554222638124,4.253557683969997,-1.9050509569295193,0
96.608,4.278577192064621,-1.9004866719821558,4.298317606376508,-1.9072512303398184,4.275853463046908,-1.9059214287756374,0
96.64,4.285660401111563,-1.900471123916427,4.275433030167507,-1.924400743768354,4.279936607835213,-1.9133038232964077,0
96.672,4.292517010620756,-1.9004560697869757,4.332887678105135,-1.9026766997978435,4.30523235626538,-1.9090439390428449,0
96.70400000000001,4.299154272093645,-1.9004414943755363,4.322609109364739,-1.9238225339517006,4.3161667309212834,-1.9149466296122608,0
96.736,4.305579204480417,-1.9004273828805023,4.271945727115727,-1.8860861285140678,4.302334567392094,-1.9033939603282186,0
96.768,4.311798601741964,-1.9004137209074106,4.313647184519541,-1.8949788572609845,4.3105924935319635,-1.900019720141474,0
96.8,4.317819040143947,-1.9004004944602575,4.33539647426518,-1.8682669956971978,4.324127552684859,-1.88731069286565,0
96.83200000000001,4.3236468852970384,-1.900387689933458,4.326897309384222,-1.9237067500792242,4.328733329805418,-1.9018614315281563,0
96.864,4.329288298955809,-1.9003752941042875,4.30902687933584,-1.8912228723217164,4.324236729430307,-1.8975985689434767,0
96.896,4.334749245587389,-1.900363294125666,4.302993545847028,-1.8868696735223822,4.319017120666576,-1.8932998094672582,0
96.928,4.340035498719985,-1.9003516775191656,4.357102122726376,-1.9681048695290446,4.337423935984074,-1.923214862275642,0
96.96000000000001,4.345152647080388,-1.900340432168142,4.420679221719947,-1.885861604603221,4.373797368711349,-1.9082668107983294,0
96.992,4.350106100528935,-1.9003295463109124,4.316658097687701,-1.896807190614123,4.35391472948592,-1.903676430056006,0
97.024,4.3550480546571055,-1.900318658866112,4.377773369126125,-1.8426203861599573,4.366431254519138,-1.87924747669212,0
97.056,4.355357075723913,-1.8913616909095703,4.395378255209885,-1.934718084346972,4.377997392441177,-1.9014357479547277,0
97.08800000000001,4.355312438118921,-1.8817478307694722,4.363596106403061,-1.923131192823594,4.372224049839788,-1.9101139544684496,0
97.12,4.355207778029446,-1.8720465584811883,4.347662192403058,-1.8342048020177997,4.3623864803941075,-1.8797503219417833,0
97.152,4.355101534378129,-1.8623503386784193,4.317963920861439,-1.8283466832971107,4.344604678951446,-1.8591888947336175,0
97.184,4.355005202189901,-1.852671771138647,4.309211429529184,-1.8252595292006706,4.330434644622045,-1.8456171766154537,0
97.21600000000001,4.354919429581138,-1.8430095797722361,4.3354455511290615,-1.8307372892994567,4.332426299562141,-1.8396652496968822,0
97.248,4.354842645984963,-1.833360679176268,4.358271499548356,-1.8359840376666927,4.342751684515438,-1.8381927928596284,0
97.28,4.354773098846922,-1.8237222630630263,4.365146041224103,-1.9423323106950687,4.351696734511284,-1.8798486279729087,0
97.312,4.354709281358198,-1.8140920628777542,4.3622180943428255,-1.8362884496168452,4.355892581459487,-1.8624245846369787,0
97.34400000000001,4.354649977217052,-1.8044682920113244,4.333865461331069,-1.868387262093381,4.347069028294632,-1.8648096836657617,0
97.376,4.3545942231086805,-1.7948495530173234,4.359008999053403,-1.7815626450817588,4.3518323016034435,-1.8315108963226117,0
97.408,4.354541260920366,-1.7852347552150218,4.318739862427386,-1.8056503964580572,4.338582600783539,-1.821166724510493,0
97.44,4.354490495480503,-1.7756230480219692,4.38367819759483,-1.8117025869959174,4.356608104935603,-1.8173810976769988,0
97.47200000000001,4.354441460071184,-1.7660137682049475,4.3316670743068215,-1.7610316521812321,4.346618950060692,-1.7948413476828105,0
97.504,4.354393788942734,-1.7564063984497795,4.343097467314921,-1.705173535146403,4.345197608023719,-1.7589742508961277,0
97.536,4.354347195581391,-1.7468005349458282,4.393104879293904,-1.7479450476258378,4.36434776317267,-1.7545625978312438,0
97.568,4.354301455580716,-1.7371958620963521,4.316088833773875,-1.7710764245517319,4.345031435540945,-1.7611681567697728,0
97.60000000000001,4.354256393165276,-1.727592132836619,4.408096184493454,-1.7230645055507863,4.370244578556035,-1.7459267245318937,0
97.632,4.354211870602105,-1.7179891533488334,4.390688745089402,-1.7401850848359792,4.378409489576422,-1.743630096895664,0
97.664,4.354167779891396,-1.708386771212629,4.358091796959318,-1.6697776373427087,4.370269659386134,-1.7140891413029604,0
97.696,4.354124036253664,-1.698784866231348,4.361377522880962,-1.744607042331844,4.366700055359459,-1.7262963299241845,0
97.72800000000001,4.354080573031022,-1.6891833433360377,4.330827115474469,-1.6947270993099244,4.352338134759162,-1.7136686658651097,0
97.76,4.35403733770017,-1.679582127098307,4.363475980292875,-1.6491975083955526,4.356780533961521,-1.687880231037513,0
97.792,4.353994288758139,-1.6699811574859338,4.343349547767243,-1.613342077465353,4.3513954067756915,-1.6580649977399124,0
97.824,4.353951393292309,-1.6603803865764726,4.353155365861562,-1.676016747554606,4.352086664500832,-1.6652457257662538,0
97.85600000000001,4.353908625086158,-1.650779776008193,4.3614269005175546,-1.604857195274003,4.355810040139825,-1.641090341637819,0
97.888,4.353865963143922,-1.6411792949979624,4.329524829594038,-1.6680189351848345,4.345283244503344,-1.6518618070924505,0
97.92,4.353823390542386,-1.6315789187949175,4.330778641499409,-1.5959299666305444,4.33946869932441,-1.629489098910711,0
97.952,4.353780893537842,-1.6219786274692698,4.340253050724276,-1.6686901002235761,4.3397697433386995,-1.6451695274063258,0
97.98400000000001,4.353738460871891,-1.612378404959177,4.378117220213035,-1.5660124677587401,4.35509604487958,-1.6135067314858045,0
98.016,4.35369608323205,-1.6027782383167848,4.376211488107227,-1.6295050278413221,4.363529540130584,-1.6199060779354635,0
98.048,4.353653752832825,-1.5931781171084851,4.397267290220238,-1.549391010404734,4.377011965064928,-1.5917000788007098,0
98.08,4.353611463090471,-1.5835780329350881,4.3402402472088815,-1.5866960542950834,4.362290609476155,-1.5896984968474461,0
98.11200000000001,4.353569208370623,-1.5739779790457273,4.305846814894858,-1.5591430584598431,4.339700429523598,-1.577476349314386,0
98.144,4.353526983792638,-1.564377950025474,4.3294677976245985,-1.583941408896875,4.335594720602341,-1.580062400944061,0
98.176,4.3534847850780585,-1.5547779415413163,4.278365998253544,-1.6101053324053565,4.312690581057883,-1.5920796013017962,0
98.208,4.3534426084334825,-1.5451779501346907,4.347179200830456,-1.5220266056203942,4.326473383487884,-1.5640584307809462,0
98.24000000000001,4.353400450460276,-1.5355779730514314,4.403151833414075,-1.5810624569441176,4.357132122649317,-1.570860068978476,0
98.272,4.353358308085244,-1.5259780081020264,4.312155392520372,-1.5175441528369704,4.339128793981295,-1.5495337302368255,0
98.304,4.353316178507741,-1.5163780535466083,4.332236062100655,-1.4840044409129043,4.336359068309818,-1.5233220422071097,0
98.336,4.353274059159632,-1.5067781080002736,4.321036094739063,-1.5877077530911903,4.330217249149568,-1.5490763542477595,0
98.368,4.353231947675358,-1.4971781703552218,4.353778637916757,-1.476841425138584,4.339629177590709,-1.5201824102805759,0
98.4,4.353189841869918,-1.4875782397168904,4.386186748674577,-1.522012330404047,4.358239581096156,-1.520914405998247,0
98.432,4.3531477397230605,-1.477978315351795,4.33637337090934,-1.4649951745340972,4.349480473698645,-1.4985467410749993,0
98.464,4.353105639368289,-1.4683783966452015,4.341644226843673,-1.4583271259980728,4.346333352707098,-1.4824589227030938,0
98.496,4.353063539085626,-1.4587784830670834,4.4111740752679935,-1.5453067467159027,4.372257020027442,-1.5075980799658286,0
98.528,4.353021437297201,-1.4491785741450756,4.374299343669704,-1.4622699756469564,4.373061327806967,-1.4894668658968824,0
98.56,4.352979332564969,-1.4395786694433508,4.33926389014483,-1.3864572910053772,4.359529730585733,-1.448263063602051,0
98.592,4.352937223589923,-1.4299787685465066,4.318168385019923,-1.4364227511773957,4.342972569236274,-1.4435269662992165,0
98.624,4.352895109212319,-1.420378871047692,4.380380578152066,-1.3866013103063788,4.357923148247458,-1.4207567315763465,0
98.656,4.352852988412475,-1.410778976540312,4.352539739270046,-1.4411860849239582,4.355757158231239,-1.4289285005987467,0
98.688,4.352810860311767,-1.4011790846127465,4.323396794095906,-1.4099439363061648,4.342800383875199,-1.4213347025758651,0
98.72,4.352768724173543,-1.391579194845584,4.372733768116061,-1.422080915375491,4.354761106222344,-1.4216332154022027,0
98.752,4.3527265794036545,-1.381979306810951,4.3347464167480725,-1.3914397895728692,4.346742596105403,-1.409555872790651,0
98.784,4.352684425550409,-1.3723794200735504,4.383203629510167,-1.3892198930709385,4.361314371874871,-1.401421508637803,0
98.816,4.352642262303745,-1.3627795341930862,4.30267799935392,-1.3577968829405278,4.337847181768469,-1.3839716861097362,0
98.848,4.352600089493487,-1.3531796487277699,4.381849058638498,-1.345038042155658,4.355435287722026,-1.3683982562954833,0
98.88,4.352557907086546,-1.343579763238652,4.367220322038283,-1.3891432668245793,4.360136652818484,-1.3766962882915341,0
98.912,4.352515715182996,-1.3339798772945355,4.325333909046173,-1.3662260903919665,4.346202902758011,-1.3725082369334176,0
98.944,4.352473514010965,-1.3243799904772624,4.3188837606932,-1.3319410987235285,4.33526258942725,-1.3562814094684965,0
98.976,4.352431303920306,-1.3147801023871761,4.374696756063715,-1.3591382318422671,4.351023595646241,-1.3574241662541513,0
99.008,4.352389085375058,-1.3051802126485903,4.335469222497131,-1.2984633745563736,4.344789182096553,-1.3338398774278528,0
99.04,4.352346858944729,-1.2955803209151047,4.313314502021913,-1.2812123425885442,4.332186642051033,-1.3127888913609354,0
99.072,4.352304625294448,-1.2859804268746307,4.304380246786697,-1.2717826633017533,4.321051412383362,-1.2963864280211719,0
99.104,4.352262385174075,-1.2763805302540028,4.328669537510908,-1.3377721260859012,4.324085987553342,-1.3129407351449829,0
99.136,4.352220139406367,-1.2667806308230682,4.334173636758518,-1.2743438681524906,4.3281083693068645,-1.2975020162586341,0
99.168,4.352177893131815,-1.2571807284036671,4.327791544340958,-1.233729312073293,4.327968961391965,-1.2719929625006923,0
99.2,4.3406389849885745,-1.2502716400566285,4.328075263572394,-1.2426970790901224,4.3164915514439715,-1.2602943329864844,0
99.232,4.321991735110289,-1.249811042462085,4.295904200927718,-1.236291993144377,4.2967366377648055,-1.2507078215703775,0
99.264,4.302675619024091,-1.249869766026657,4.312395611508449,-1.2305506146508869,4.29148024107927,-1.2426557708724801,0
99.296,4.283263498046359,-1.249982499544895,4.267951283229447,-1.2462403455485322,4.270548665620462,-1.244097557020482,0
99.328,4.263866324075379,-1.250082295732975,4.247766829454141,-1.2463333429495969,4.249915935269428,-1.2449975179220094,0
99.36,4.244503394945615,-1.2501621016108797,4.253142533484353,-1.2590027682452962,4.239686576647884,-1.2506035031782599,0
99.392,4.225173076813219,-1.2502248055009604,4.21521617669929,-1.197400003175224,4.2183784176964885,-1.2293247274693018,0
99.424,4.205869867533765,-1.250274200900387,4.235530833452804,-1.2389146710411616,4.2137193845063505,-1.2331624814527298,0
99.456,4.1865883768090715,-1.2503134421780926,4.2345660828836005,-1.2912614019758852,4.210538064122124,-1.256403284851441,0
99.488,4.167324093849725,-1.2503449082013949,4.183899980810562,-1.2613478764670365,4.188362830950501,-1.2583820158073635,0
99.52,4.148073398755619,-1.2503703235540085,4.097671108932138,-1.2267921480868362,4.14056614224163,-1.2457467312363466,0
99.552,4.128833422746928,-1.2503909121985195,4.170004534815766,-1.275832367107375,4.1408214993388555,-1.2577814556049778,0
99.584,4.109601900861926,-1.250407536567886,4.1274782190948365,-1.2225172176150105,4.123964187287128,-1.2436760309573092,0
99.616,4.090377046719658,-1.250420811791858,4.109459347406946,-1.2747912551144571,4.106642251364013,-1.2561221602539607,0
99.648,4.071157451662979,-1.2504311938499375,4.077316816582185,-1.2092435302257183,4.083392077469395,-1.2373704789531377,0
99.68,4.051942004819456,-1.2504390435679815,4.067979246306241,-1.263527919788926,4.065706945021639,-1.2478329255179266,0
99.712,4.032729830033121,-1.250444669792986,4.0551855012020255,-1.2343150126758968,4.049978367525118,-1.2424249130853948,0
99.744,4.01352023616376,-1.2504483557070576,4.016800150092316,-1.2714659294145818,4.0251870806134225,-1.2540401558935246,0
99.776,3.994312677928432,-1.2504503723512672,4.032527108648563,-1.238259174566706,4.0166030919335665,-1.2477263025501322,0
99.808,3.975106725050564,-1.2504509831737554,3.9553303623319866,-1.285912995119451,3.9805740002531067,-1.2629992568352808,0
99.84,3.9559020379559655,-1.2504504429180294,3.9736476750314917,-1.2235620252621706,3.966283470380863,-1.2472224265780145,0
99.872,3.9366983486274725,-1.2504489935363616,3.9533473798632457,-1.2063909282779814,3.949589034440967,-1.2308877290961246,0
99.904,3.917495445522232,-1.2504468591418547,3.9658292245491062,-1.1987997506821366,3.944565110790315,-1.2180503361594301,0
99.936,3.8982931616861785,-1.250444241372332,3.893988655111329,-1.2311294845645737,3.9128145288479974,-1.223279746431372,0
99.968,3.8790913653830668,-1.2504413159787189,3.9355271417516278,-1.2697270071516733,3.9103795743449257,-1.2418564055724892,0
100.0,3.8598899527007045,-1.2504382309977058,3.8331780282830232,-1.2479189476534622,3.8911795748880875,-1.241852744855808,1
100.032,3.8406888417123235,-1.2504351065328314,3.8203252526325393,-1.228387521412555,3.871979575393901,-1.241849226581045,1
100.06400000000001,3.8214879678621925,-1.2504320359452061,3.8426447494525173,-1.249873138317849,3.852779575847409,-1.2418458977590225,1
100.096,3.802287280316237,-1.2504290881308644,3.781736826804065,-1.2567719037587204,3.833579576240314,-1.241842791416461,1
100.128,3.7830867390745238,-1.2504263105167253,3.756059660568867,-1.2617580186654855,3.8143795765702664,-1.241839927666847,1
100.16,3.763886312686151,-1.250423732420038,3.750944918863445,-1.2381373144127048,3.7951795768395935,-1.2418373153117324,1
100.19200000000001,3.744685976441116,-1.2504213684665255,3.7543615882903887,-1.269383331951255,3.7759795770538407,-1.2418349537164108,1
100.224,3.725485710940202,-1.2504192218324124,3.7355736819569874,-1.2402845496191326,3.756779577220385,-1.2418328347522236,1
100.256,3.7062855009646176,-1.2504172871509658,3.677208542376625,-1.2261596099169343,3.7375795773472866,-1.2418309446520934,1
100.288,3.687085334583316,-1.2504155529949132,3.656708388156249,-1.278176959690117,3.7183795774424415,-1.241829265678854,1
100.32000000000001,3.6678852024487085,-1.250414003905712,3.6512617334101667,-1.2547180632002013,3.699179577513034,-1.2418277775524518,1
100.352,3.648685097241559,-1.2504126219859721,3.6617529024453432,-1.2593037467204402,3.679979577565241,-1.2418264586193677,1
100.384,3.6294850132338867,-1.2504113881017762,3.632182558522176,-1.247440447953599,3.6607795776041323,-1.2418252867746113,1
100.416,3.610284945945074,-1.250410282758396,3.5936379951932236,-1.238562714394726,3.6415795776337023,-1.241824240163805,1
100.44800000000001,3.5910848918714993,-1.2504092867183247,3.5989632451795592,-1.23581317561729,3.6223795776569814,-1.2418232977015002,1
100.48,3.571884848274073,-1.2504083814274156,3.5620254578904103,-1.2352421976258192,3.6031795776761855,-1.2418224394437214,1
100.512,3.5526848130113264,-1.2504075493061915,3.582425735965373,-1.222746467044608,3.5839795776928782,-1.241821646849847,1
100.544,3.5334847844083126,-1.2504067739516407,3.5084813301276183,-1.239228073915326,3.5647795777081246,-1.2418209029631093,1
100.57600000000001,3.5142847611536445,-1.2504060402822437,3.4957132607033583,-1.2683348697812646,3.5455795777226253,-1.241820192531895,1
100.608,3.4950847422186615,-1.250405334647164,3.5114071670361704,-1.285735416330001,3.5263795777368316,-1.2418195020869103,1
100.64,3.4758847267940074,-1.2504046449105775,3.49820451612475,-1.2138797155600296,3.507179577751033,-1.2418188199830054,1
100.672,3.456684714239946,-1.2504039605145383,3.437779380257713,-1.2650550559142848,3.487979577765422,-1.2418181364096104,1
100.70400000000001,3.4374847040475354,-1.250403272518775,3.439228618657206,-1.238138118340945,3.468779577780138,-1.2418174433704898,1
100.736,3.418284695808416,-1.2504025736131914,3.4348154065116256,-1.2786261559499998,3.4495795777952964,-1.2418167346318987,1
100.768,3.399084689191446,-1.250401858098279,3.3526498917617547,-1.2710418464372915,3.430379577810998,-1.2418160056379954,1
100.8,3.3798846839247894,-1.2504011218296442,3.4280801299033805,-1.2601554797499572,3.4111795778273333,-1.2418152533932438,1
100.83200000000001,3.360684679782348,-1.2504003621249116,3.298432672119467,-1.3404225806952303,3.391979577844378,-1.2418144763131425,1
100.864,3.341484676573637,-1.2503995776338832,3.3870054822956126,-1.24462471165357,3.3727795778621896,-1.2418136740466084,1
100.896,3.322284674136368,-1.2503987681755968,3.306826045752212,-1.2045225095477465,3.353579577880798,-1.2418128472753913,1
100.928,3.3030846723311384,-1.2503979345484562,3.2731050167531275,-1.2382021484641672,3.3343795779002052,-1.2418119974976913,1
100.96000000000001,3.283884671037717,-1.2503970783216725,3.3029469399461613,-1.2284788891107772,3.315179577920383,-1.2418111268045249,1
100.992,3.2646846701524947,-1.2503962016176533,3.2681537526121938,-1.2530037610783158,3.2959795779412793,-1.241810237658166,1
101.024,3.2454846695867556,-1.250395306895651,3.29535592816204,-1.2250253665069029,3.2767795779628206,-1.241809332682129,1
101.056,3.2262846692654685,-1.2503943967468905,3.2295535975885343,-1.2467792749661966,3.257579577984923,-1.2418084144716386,1
101.08800000000001,3.2070846691263677,-1.25039347371061,3.149308683656788,-1.2249796146820946,3.2383795780074993,-1.241807485432391,1
101.12,3.1878846691191423,-1.2503925401190366,3.1527312392122795,-1.208561767815166,3.2191795780304693,-1.2418065476537865,1
101.152,3.1686846692046,-1.2503915979774227,3.210102521685101,-1.2596977801916578,3.1999795780537643,-1.241805602820754,1
101.184,3.1494846693537237,-1.250390648883037,3.1376414226111375,-1.2035641721454124,3.1807795780773325,-1.2418046521660233,1
101.21600000000001,3.130284669546573,-1.2503896939845793,3.124255666907833,-1.247469713439456,3.1615795781011413,-1.241803696462331,1
101.248,3.1110846697710204,-1.2503887339810575,3.1515887640710933,-1.2575699774504845,3.142379578125178,-1.2418027360517445,1
101.28,3.091884670021343,-1.2503877691568521,3.1313492049526115,-1.242126392115555,3.1231795781494465,-1.2418017709072071,1
101.312,3.0726846702967086,-1.2503867994476696,3.0785103625852352,-1.2569185234335976,3.103979578173965,-1.241800800719681,1
101.34400000000001,3.05348467059961,-1.2503858245304333,3.064467273192111,-1.2713085310742798,3.08477957819876,-1.2417998250029585,1
101.376,3.0342846709343254,-1.2503848439289966,3.040533918699638,-1.241225917816205,3.065579578223863,-1.241798843207445,1
101.408,3.015084671305462,-1.2503838571269354,3.062701834742422,-1.2500244888927943,3.0463795782493026,-1.2417978548340232,1
101.44,2.995884671716666,-1.2503828636786045,2.978730269171529,-1.2921301782272983,3.0271795782751014,-1.241796859539425,1
101.47200000000001,2.9766846721695526,-1.250381863310128,2.981495113709696,-1.2676830466799374,3.0079795783012693,-1.2417958572254506,1
101.504,2.9574846726629147,-1.2503808560029899,2.9596330718902735,-1.1954953008236537,2.9887795783278004,-1.2417948481056882,1
101.536,2.938284673192246,-1.250379842054317,2.930599074107853,-1.2702350245042808,2.9695795783546695,-1.2417938327451337,1
101.568,2.9190846737495932,-1.2503788221097247,2.9137658700383677,-1.223644768924964,2.9503795783818307,-1.2417928120700599,1
101.60000000000001,2.8998846743237436,-1.2503777971665853,2.9350088292262293,-1.2487711855294856,2.931179578409218,-1.2417917873476205,1
101.632,2.880684674900713,-1.2503767685476734,2.860716930000509,-1.2523219496381515,2.911979578436748,-1.2417907601367617,1
101.664,2.8614846754645042,-1.250375737847197,2.847478395761982,-1.2755576099738661,2.8927795784643218,-1.2417897322139886,1
101.696,2.842284675998062,-1.2503747068531015,2.919545082231197,-1.2674974886395929,2.8735795784918343,-1.2417887054792416,1
101.72800000000001,2.823084676484358,-1.250373677451155,2.8198069387884415,-1.2349711950978022,2.8543795785191786,-1.2417876818484839,1
101.76,2.8038846769075225,-1.2503726515175295,2.8158182162783607,-1.2525639233626105,2.835179578546254,-1.2417866631404841,1
101.792,2.7846846772539307,-1.2503716308073747,2.7836262326369394,-1.2183676364912661,2.8159795785729735,-1.24178565096568,1
101.824,2.765484677513171,-1.25037061684714,2.762869529677303,-1.2380779916561797,2.7967795785992697,-1.2417846466248572,1
101.85600000000001,2.7462846776788234,-1.250369610838162,2.7678099235280933,-1.2613779359540374,2.7775795786250987,-1.2417836510247537,1
101.888,2.727084677748985,-1.2503686135782839,2.7140734152367934,-1.3145946342822352,2.758379578650444,-1.2417826646165635,1
101.92,2.707884677726514,-1.2503676254070941,2.714078487661563,-1.24555067806337,2.739179578675316,-1.2417816873618084,1
101.952,2.6886846776189706,-1.2503666461788059,2.669151447688713,-1.2149544958855027,2.71997957869975,-1.2417807187282521,1
101.98400000000001,2.6694846774382572,-1.250365675264987,2.6351994356804513,-1.2385832134136412,2.7007795787238034,-1.2417797577165401,1
102.016,2.6502846771999815,-1.2503647115873728,2.6564885126155233,-1.2443847962701662,2.6815795787475527,-1.2417788029162198,1
102.048,2.6310846769225837,-1.25036375367901,2.632986574562632,-1.302763733553423,2.662379578771087,-1.2417778525878558,1
102.08,2.611884676626278,-1.250362799770104,2.6695645322423056,-1.2224869364115292,2.643179578794504,-1.241776904766221,1
102.11200000000001,2.5926846763318796,-1.250361847893299,2.6131089806722563,-1.2867737836650504,2.6239795788179032,-1.2417759573781455,1
102.144,2.5734846760595818,-1.250360896001822,2.54325355204991,-1.2226309424830404,2.604779578841384,-1.241775008367603,1
102.176,2.5542846758277635,-1.250359942093048,2.502376046314343,-1.2353403509319687,2.585579578865037,-1.2417740558201331,1
102.208,2.535084675651899,-1.250358984329659,2.5066923970530133,-1.2479895609977478,2.5663795788889434,-1.2417730980786694,1
102.24000000000001,2.5158846755436373,-1.2503580211506882,2.55457255303962,-1.2221603118252506,2.5471795789131684,-1.2417721338434031,1
102.272,2.4966846755101106,-1.2503570513653677,2.511158969019471,-1.2522525340935287,2.527979578937758,-1.241771162249297,1
102.304,2.477484675553523,-1.2503560742237803,2.4442718605260656,-1.2295715432570213,2.508779578962736,-1.241770182916275,1
102.336,2.458284675671041,-1.2503550894597901,2.455558255694516,-1.2862843590149573,2.4895795789881023,-1.2417691959688673,1
102.36800000000001,2.439084675855002,-1.250354097303498,2.3947111404502484,-1.2198665340783468,2.470379579013831,-1.241768202024043,1
102.4,2.419884676093433,-1.2503530984624103,2.42736978117204,-1.222187940746114,2.4511795790398714,-1.241767202147985,1
102.432,2.40068467637084,-1.250352094072516,2.3733969489989444,-1.2301162168650794,2.4319795790661516,-1.2417661977845567,1
102.464,2.3814846766692295,-1.250351085622386,2.401498603524607,-1.2700181015832455,2.4127795790925815,-1.2417651906600295,1
102.496,2.3622846769692893,-1.250350074855145,2.301678325511085,-1.2948707961390529,2.3935795791190606,-1.2417641826701613,1
102.528,2.3430846772516514,-1.2503490636545727,2.3260011235169142,-1.273936002189674,2.3743795791454847,-1.241763175756838,1
102.56,2.323884677498155,-1.250348053922618,2.2994583643080304,-1.2345074398046507,2.3551795791717534,-1.2417621717821716,1
102.592,2.304684677693025,-1.2503470474561573,2.2827893561190318,-1.2765867210409383,2.335979579197778,-1.2417611724081161,1
102.624,2.2854846778238898,-1.25034604583088,2.2690485442351664,-1.254817972984799,2.3167795792234886,-1.2417601789892951,1
102.656,2.266284677882568,-1.2503450502997253,2.26449160673755,-1.3258809510670968,2.2975795792488376,-1.2417591924859066,1
102.688,2.2470846778655846,-1.2503440617123716,2.2357387171014373,-1.2677683533150095,2.278379579273803,-1.241758213402264,1
102.72,2.2278846777743726,-1.2503430804609186,2.2070922818391985,-1.2552835273210246,2.259179579298389,-1.2417572417548954,1
102.752,2.2086846776151616,-1.2503421064552296,2.1902999786695254,-1.235798457930442,2.239979579322625,-1.2417562770722244,1
102.784,2.1894846773985592,-1.250341139129488,2.175963948306358,-1.2791673635250673,2.2207795793465626,-1.2417553184258094,1
102.816,2.1702846771388558,-1.2503401774795149,2.1567063120832604,-1.2510366557550607,2.201579579370271,-1.241754364491106,1
102.848,2.1510846768530962,-1.2503392201284123,2.1979778785450117,-1.2660896544392142,2.1823795793938325,-1.2417534136337964,1
102.88,2.131884676559984,-1.2503382654162747,2.1298955595392903,-1.2930335324361615,2.163179579417337,-1.2417524640161042,1
102.912,2.112684676278679,-1.2503373115081524,2.0840325210567126,-1.257969895783446,2.143979579440878,-1.2417515137162038,1
102.944,2.093484676027569,-1.2503363565132835,2.0687520800740016,-1.245439849192965,2.124779579464544,-1.241750560853012,1
102.976,2.0742846758230904,-1.2503353986078802,2.029573477382397,-1.2235418687898754,2.10557957948842,-1.2417496037082976,1
103.008,2.055084675678667,-1.2503344361535378,2.0743206496622264,-1.2388966974882292,2.0863795795125766,-1.2417486408382228,1
103.04,2.0358846756038425,-1.2503334678036122,2.0234819643906135,-1.2048902166670166,2.0671795795370698,-1.2417476711671147,1
103.072,2.0166846756036527,-1.2503324925907073,2.02285580940247,-1.2264865945050987,2.0479795795619355,-1.2417466940574262,1
103.104,1.9974846756782905,-1.2503315099896235,2.0164743922752146,-1.2320991179592107,2.028779579587187,-1.241745709351363,1
103.136,1.9782846758230779,-1.2503305199517183,1.963386771347213,-1.2358137064115375,2.0095795796128124,-1.2417447173815093,1
103.168,1.9590846760287577,-1.250329522908468,1.9729778702879663,-1.2318217773062776,1.9903795796387764,-1.241743718949768,1
103.2,1.9398846762820834,-1.2503285197440102,1.9275135130734324,-1.2747002279745259,1.971179579665019,-1.2417427152759755,1
103.232,1.9206846765666752,-1.2503275117384423,1.8671940903841397,-1.2674966028081631,1.9519795796914605,-1.2417417079195088,1
103.264,1.9014846768640818,-1.2503265004855417,1.9007590569186663,-1.172889378831162,1.932779579718006,-1.2417406986789497,1
103.296,1.8822846771549833,-1.2503254877902081,1.8981068328597446,-1.2501359208775618,1.9135795797445527,-1.2417396894762658,1
103.328,1.86308467742045,-1.2503244755522436,1.8417341000637537,-1.1921292832253285,1.8943795797709966,-1.2417386822329846,1
103.36,1.8438846776431759,-1.2503234656439621,1.8366166791167473,-1.2432559641602499,1.8751795797972408,-1.2417376787463505,1
103.392,1.824684677808604,-1.2503224597895166,1.8232023723184472,-1.1879303539535522,1.855979579823203,-1.2417366805734384,1
103.424,1.805484677905867,-1.2503214594537269,1.799936804439631,-1.2444135963709273,1.836779579848821,-1.2417356889307165,1
103.456,1.786284677928485,-1.250320465747581,1.7400186507099153,-1.2438527482440056,1.8175795798740564,-1.2417347046155327,1
103.488,1.767084677874776,-1.2503194793565118,1.7758743843654858,-1.228650908040643,1.7983795798988975,-1.2417337279546046,1
103.52,1.7478846777479538,-1.2503185004960837,1.7137167157397668,-1.2326184510625704,1.7791795799233585,-1.2417327587828295,1
103.552,1.7286846775559117,-1.2503175288979627,1.7341262421097725,-1.29625359535047,1.7599795799474776,-1.241731796453809,1
103.584,1.709484677310708,-1.2503165638270857,1.6795284150407161,-1.2156987648098514,1.7407795799713135,-1.2417308398814095,1
103.616,1.6902846770277888,-1.250315604128933,1.7475891207495384,-1.2385216357675433,1.7215795799949416,-1.2417298876096774,1
103.648,1.6710846767249985,-1.250314648303864,1.727755143310293,-1.270386773860551,1.702379580018448,-1.2417289379066208,1
103.68,1.6518846764214399,-1.2503136946037237,1.5923468802877423,-1.2290879072009968,1.683179580041925,-1.2417279888758002,1
103.712,1.6326846761362575,-1.2503127411444899,1.6090798564111684,-1.2440410149628618,1.6639795800654658,-1.2417270385785308,1
103.744,1.6134846758874155,-1.2503117860276944,1.6017249477726994,-1.23151849213736,1.6447795800891596,-1.2417260851588225,1
103.776,1.5942846756905507,-1.25031082746278,1.5798784863989908,-1.2193369845557969,1.6255795801130868,-1.2417251269629879,1
103.808,1.5750846755579668,-1.2503098638825019,1.5853049286403311,-1.2371947802098804,1.6063795801373146,-1.2417241626462177,1
103.84,1.5558846754978404,-1.2503088940439262,1.5753364979003386,-1.2405177663494058,1.5871795801618933,-1.2417231912592386,1
103.872,1.5366846755136845,-1.2503079171085176,1.4975903603804999,-1.2716813689922255,1.567979580186852,-1.241722212309477,1
103.904,1.5174846756041118,-1.250306932696153,1.5309914717780124,-1.2638313002492139,1.548779580212196,-1.241721225792782,1
103.936,1.4982846757629118,-1.2503059409095831,1.4705277008756192,-1.2353358607266844,1.5295795802379066,-1.2417202321936667,1
103.968,1.4790846759794423,-1.2503049423277741,1.4719736020942167,-1.3138034712537405,1.5103795802639401,-1.2417192324540554,1
104.0,1.4598846762393116,-1.2503039379685588,1.4788893732843749,-1.2851212618358585,1.49117958029023,-1.2417182279125474,1
104.032,1.4406846765253092,-1.2503029292230103,1.43611270399043,-1.2446885146363607,1.4719795803166906,-1.2417172202181173,1
104.06400000000001,1.421484676818523,-1.250301917765766,1.3733609296988798,-1.2439004718998077,1.4527795803432242,-1.2417162112238098,1
104.096,1.40228467709957,-1.2503009054470777,1.3679587713359371,-1.2807688665352757,1.4335795803697264,-1.2417152028672775,1
104.128,1.3830846773498588,-1.2502998941735421,1.3923832332440649,-1.2737850790540861,1.4143795803960948,-1.2417141970458534,1
104.16,1.3638846775527984,-1.2502988857851904,1.3193413766875928,-1.2942773137586203,1.3951795804222364,-1.2417131954942249,1
104.19200000000001,1.344684677694872,-1.2502978819368573,1.3470299693006162,-1.2284361286073469,1.3759795804480746,-1.2417121996725748,1
104.224,1.3254846777665084,-1.250296883991473,1.3623398444018253,-1.2559246337385972,1.3567795804735543,-1.241711210672414,1
104.256,1.3062846777626915,-1.250295892932157,1.3002474602356324,-1.2757225716187495,1.3375795804986454,-1.2417102291461741,1
104.288,1.2870846776832732,-1.2502949092987896,1.3086364284503609,-1.1949632649167745,1.3183795805233447,-1.2417092552651048,1
104.32000000000001,1.2678846775329702,-1.2502939331531528,1.3066755267034886,-1.2809320988369144,1.2991795805476742,-1.2417082887082023,1
104.352,1.2486846773210494,-1.2502929640749034,1.2540741669962931,-1.2925878165833942,1.2799795805716792,-1.2417073286828773,1
104.384,1.2294846770607253,-1.2502920011886407,1.2182141341087624,-1.3017053733796942,1.260779580595424,-1.2417063739760466,1
104.416,1.210284676768308,-1.2502910432203345,1.1724743433086906,-1.2117524358754388,1.2415795806189882,-1.2417054230323443,1
104.44800000000001,1.1910846764621579,-1.2502900885794743,1.2357372813144836,-1.2656838662050947,1.2223795806424602,-1.24170447405442,1
104.48,1.171884676161513,-1.2502891354616432,1.1627400504330019,-1.221817714598952,1.2031795806659331,-1.2417035251188457,1
104.512,1.152684675885261,-1.2502881819648963,1.161651613319879,-1.2340395123447188,1.1839795806894995,-1.2417025743001635,1
104.544,1.1334846756507329,-1.2502872262124352,1.106235586715335,-1.2652742880831545,1.164779580713246,-1.2417016197950617,1
104.57600000000001,1.1142846754725932,-1.2502862664736565,1.0866977489410108,-1.2253275077708654,1.1455795807372493,-1.2417006600386755,1
104.608,1.0950846753618948,-1.2502853012757709,1.054237672904793,-1.1973891217837584,1.1263795807615715,-1.2416996938055127,1
104.64,1.0758846753253613,-1.2502843294987855,1.0837862846991126,-1.2712013808956808,1.1071795807862563,-1.2416987202884895,1
104.672,1.0566846753649433,-1.2502833504477326,1.0371327331912832,-1.2562606860818477,1.0879795808113257,-1.2416977391509911,1
104.70400000000001,1.0374846754776808,-1.250282363897487,1.0341427214974863,-1.219451466586275,1.0687795808367773,-1.2416967505485952,1
104.736,1.0182846756558819,-1.2502813701072901,1.024451815057306,-1.2022754487771998,1.0495795808625838,-1.2416957551190653,1
104.768,0.9990846758876106,-1.2502803698040499,1.0080331059349483,-1.2164102690859802,1.030379580888694,-1.2416947539412575,1
104.8,0.9798846761574543,-1.250279364135496,0.9704127545742647,-1.2173799246000347,1.0111795809150346,-1.2416937484655883,1
104.83200000000001,0.9606846764475214,-1.2502783545962113,0.9495779451600587,-1.2552427883805353,0.9919795809415155,-1.241692740420555,1
104.864,0.9414846767386039,-1.2502773429313085,0.9327899690200401,-1.2890395011463158,0.9727795809680357,-1.2416917317013163,1
104.896,0.922284677011428,-1.2502763310239526,0.8979586604050652,-1.316923119445437,0.9535795809944907,-1.2416907242475226,1
104.928,0.9030846772479084,-1.250275320773976,0.8666984498794026,-1.1771100144950735,0.9343795810207802,-1.241689719918267,1
104.96000000000001,0.883884677432323,-1.2502743139754047,0.8518651214802667,-1.2148203790795777,0.9151795810468158,-1.241688720372217,1
104.992,0.8646846775523291,-1.2502733122007859,0.8425947072336499,-1.221978746102486,0.8959795810725273,-1.2416877269606483,1
105.024,0.845484677599757,-1.2502723166997731,0.8610333118888535,-1.2590311720119987,0.8767795810978674,-1.241686740640286,1
105.056,0.8262846775711272,-1.2502713283185094,0.7868079298224475,-1.220344604341346,0.8575795811228146,-1.2416857619115758,1
105.08800000000001,0.8070846774678637,-1.2502703474450152,0.7771839219195483,-1.2024468790233873,0.8383795811473741,-1.241684790786367,1
105.12,0.78788467729619,-1.2502693739841073,0.781291276621436,-1.2536836461271819,0.8191795811715757,-1.241683826787104,1
105.152,0.7686846770667188,-1.2502684073634782,0.7463187461110852,-1.2448564699587492,0.7999795811954715,-1.2416828689775767,1
105.184,0.7494846767937638,-1.250267446570553,0.714514404632948,-1.3160013875108227,0.7807795812191313,-1.2416819160232584,1
105.21600000000001,0.7302846764944197,-1.250266490217752,0.7402524779141391,-1.2490147530986286,0.7615795812426379,-1.2416809662773405,1
105.248,0.7110846761874677,-1.2502655366319533,0.6700655226091706,-1.302438337732706,0.7423795812660822,-1.241680017886914,1
105.28,0.6918846758921768,-1.2502645839623845,0.6599819438097035,-1.262158294305383,0.7231795812895574,-1.2416790689124517,1
105.312,0.6726846756270741,-1.250263630299982,0.6174504437452323,-1.289483002358243,0.7039795813131549,-1.2416781174528835,1
105.34400000000001,0.6534846754087603,-1.250262673800515,0.711509181472144,-1.2422752884260766,0.6847795813369587,-1.2416771617681912,1
105.376,0.6342846752508449,-1.2502617128035254,0.6332968438411676,-1.304365234052772,0.6655795813610413,-1.241676200391628,1
105.408,0.6150846751630674,-1.2502607459394164,0.6420174302247426,-1.2806605498920534,0.6463795813854593,-1.2416752322243052,1
105.44,0.5958846751506631,-1.2502597722177755,0.5980657194413105,-1.2643787603138041,0.6271795814102494,-1.2416742566060701,1
105.47200000000001,0.5766846752140138,-1.2502587910912453,0.582697528576966,-1.1914406354459826,0.6079795814354262,-1.2416732733580904,1
105.504,0.5574846753486103,-1.250257802490824,0.5497823353082391,-1.2647553331139867,0.5887795814609792,-1.2416722827944076,1
105.536,0.5382846755453331,-1.2502568068303268,0.5172147058107356,-1.222441993068879,0.5695795814868734,-1.2416712857017167,1
105.568,0.519084675791033,-1.2502558049797257,0.550541139640966,-1.266845263101474,0.5503795815130498,-1.2416702832886752,1
105.60000000000001,0.49988467606937936,-1.250254798209086,0.566831652118985,-1.1856950973958664,0.5311795815394291,-1.2416692771080102,1
105.632,0.48068467636191803,-1.2502537881067182,0.530876473185776,-1.283774340734306,0.5119795815659172,-1.241668268956437,1
105.664,0.4614846766492719,-1.2502527764768143,0.4467051727138042,-1.2760216159116904,0.4927795815924107,-1.241667260758849,1
105.696,0.44228467691240203,-1.2502517652231626,0.45701569121711433,-1.2561729610337729,0.47357958161880576,-1.241666254444229,1
105.72800000000001,0.42308467713384634,-1.2502507562264307,0.38328278550310063,-1.2639435238170424,0.45437958164500497,-1.2416652518212803,1
105.76,0.4038846772988522,-1.2502497512229205,0.46019503951570656,-1.2256983583738765,0.43517958167092513,-1.2416642544618026,1
105.792,0.3846846773963285,-1.2502487516926095,0.39180004499252014,-1.2252369575772086,0.41597958169650295,-1.2416632635993192,1
105.824,0.36548467741955587,-1.2502477587636953,0.3413180845892511,-1.261002635479461,0.39677958172169936,-1.2416622800495054,1
105.85600000000001,0.3462846773666099,-1.2502467731398006,0.2974925674509323,-1.2698893316046793,0.3775795817465014,-1.2416613041575457,1
105.888,0.327084677240473,-1.2502457950545425,0.3106213842481039,-1.2321105027776669,0.35837958177092244,-1.2416603357758225,1
105.92,0.307884677048831,-1.2502448242564026,0.31690327145500463,-1.2841991598963716,0.33917958179499985,-1.2416593742733864,1
105.952,0.2886846768035697,-1.2502438600248844,0.3118377404068988,-1.2297806158914752,0.319979581818792,-1.2416584185765949,1
105.98400000000001,0.2694846765200072,-1.2502429012169256,0.26294017262572256,-1.2678304207492876,0.3007795818423735,-1.2416574672383152,1
106.016,0.2502846762159104,-1.2502419463405774,0.2564243322984472,-1.2380644563753684,0.2815795818658305,-1.2416565185312152,1
106.048,0.23108467591035925,-1.250240993651198,0.2757143491770081,-1.2805421322327313,0.2623795818892551,-1.2416555705591439,1
106.08,0.21188467562252936,-1.250240041263961,0.17048868692578842,-1.282628150217503,0.24317958191274064,-1.2416546213794002,1
106.11200000000001,0.19268467537046752,-1.2502390872754106,0.1371708559302819,-1.3038764355286836,0.22397958193637657,-1.241653669128017,1
106.144,0.1734846751699375,-1.2502381298862273,0.1385353398883335,-1.2875306591737539,0.20477958196024376,-1.2416527121399676,1
106.176,0.1542846750334069,-1.2502371675172745,0.17732165053520316,-1.266801007137707,0.18557958198441002,-1.2416517490565544,1
106.208,0.13508467496924012,-1.250236198911445,0.19438388773197632,-1.2336258122353416,0.16637958200892597,-1.2416507789130342,1
106.24000000000001,0.11588467498115068,-1.2502352232147367,0.12939630022496398,-1.2644581518473454,0.14717958203382153,-1.2416498012008559,1
106.272,0.0966846750679497,-1.250234240031334,0.152059019643139,-1.257708268363014,0.12797958205910323,-1.2416488159004766,1
106.304,0.07748467522361015,-1.2502332494491473,0.10142199301176358,-1.2718185054560964,0.10877958208475273,-1.2416478234826562,1
106.336,0.05828467543764548,-1.2502322520341684,0.06602636500821996,-1.1832781218563477,0.08957958211072692,-1.241646824878144,1
106.36800000000001,0.03908467569578129,-1.2502312487940102,0.03862699938984821,-1.2425230841730792,0.0703795821369599,-1.2416458214177075,1
106.4,0.01988467598087699,-1.2502302411129809,0.0039238340351121885,-1.2493296014594,0.05117958216336685,-1.2416448147463754,1
106.432,0.0006846762740383983,-1.2502292306628793,0.010727928202457646,-1.2441561949898754,0.03197958218984972,-1.2416438067174118,1
106.464,-0.018515323444152992,-1.2502282192952532,-0.03629443137416814,-1.2843917705127368,0.012779582216304201,-1.2416427992728556,1
106.49600000000001,-0.03771532319237612,-1.2502272089220625,-0.0691716922356392,-1.261339301662039,-0.006420417757372492,-1.2416417943183307,1
106.528,-0.05691532298735618,-1.2502262013924323,-0.026551452526601266,-1.1958026664098191,-0.02562041773127395,-1.2416407936001748,1
106.56,-0.07611532284278132,-1.2502251983734332,-0.06913336799267135,-1.2028600752067697,-0.04482041770547762,-1.2416397985928287,1
106.592,-0.09531532276842102,-1.250224201242576,-0.0516579027464284,-1.2511677604370701,-0.06402041768003938,-1.2416388104037315,1
106.624,-0.11451532276950321,-1.2502232109989508,-0.10143404148668757,-1.2223945948235861,-0.08322041765499003,-1.241637829701868,1
106.656,-0.1337153228463879,-1.2502222281987458,-0.13070338674150397,-1.2548602133490458,-0.10242041763033394,-1.2416368566745755,1
106.688,-0.15291532299455637,-1.2502212529193113,-0.20690648483664767,-1.2548303455143237,-0.12162041760604969,-1.2416358910154024,1
106.72,-0.17211532320491288,-1.2502202847540995,-0.21116821378118128,-1.2621979552980667,-0.1408204175820926,-1.2416349319438127,1
106.752,-0.1913153234643766,-1.250219322838813,-0.16559117029854808,-1.282047303052559,-0.16002041755839852,-1.241633978255468,1
106.784,-0.21051532375672502,-1.2502183659070876,-0.2580650832132896,-1.2798658788977124,-0.17922041753488852,-1.2416330283998491,1
106.816,-0.22971532406363318,-1.25021741237212,-0.2082967395130854,-1.235234339548359,-0.19842041751147388,-1.241632080580219,1
106.848,-0.24891532436584415,-1.2502164604289805,-0.26591512942652645,-1.2955990983510106,-0.21762041748806144,-1.241631132869473,1
106.88,-0.2681153246443978,-1.250215508171009,-0.3058678324519715,-1.2377189697603057,-0.2368204174645585,-1.2416301833344094,1
106.912,-0.2873153248818416,-1.2502145537127798,-0.26430548529330244,-1.2695698103590947,-0.25602041744087783,-1.2416292301604017,1
106.944,-0.3065153250633484,-1.2502135953117066,-0.3288189799296766,-1.2079561797570717,-0.2752204174169423,-1.2416282717684277,1
106.976,-0.3257153251776711,-1.2502126314804338,-0.3210559829192508,-1.2618971763787676,-0.29442041739268915,-1.2416273069169195,1
107.008,-0.34491532521787255,-1.2502116610827703,-0.3915079795949383,-1.301575351636154,-0.31362041736807406,-1.2416263347818466,1
107.04,-0.36411532518178324,-1.250210683406976,-0.3636289796560376,-1.238479125685425,-0.3328204173430744,-1.2416253550098881,1
107.072,-0.38331532507215327,-1.250209698211681,-0.3614282225434644,-1.2536092081703778,-0.3520204173176915,-1.2416243677412546,1
107.104,-0.4025153248964872,-1.2502087057414792,-0.4429678208199377,-1.212993673063978,-0.3712204172919519,-1.2416233736006979,1
107.136,-0.42171532466656897,-1.2502077067111965,-0.46284106620734466,-1.329075470317183,-0.3904204172659063,-1.2416223736572747,1
107.168,-0.4409153243977045,-1.250206702259848,-0.44820070675427953,-1.3180822667499252,-0.4096204172396274,-1.2416213693554785,1
107.2,-0.46011532410773165,-1.250205693877255,-0.48348766293156675,-1.2158495324292973,-0.42882041721320496,-1.241620362422151,1
107.232,-0.47931532381586145,-1.2502046833080462,-0.4921401818328713,-1.1897943097975565,-0.44802041718674,-1.2416193547551926,1
107.264,-0.49851532354142797,-1.2502036724392265,-0.4352159187086423,-1.2997823748575836,-0.4672204171603373,-1.241618348301223,1
107.296,-0.5177153233026303,-1.2502026631785537,-0.5205038329498551,-1.2397619143127427,-0.48642041713409756,-1.2416173449300891,1
107.328,-0.5369153231153504,-1.250201657331557,-0.5762001812428115,-1.284134667268561,-0.50562041710811,-1.241616346314299,1
107.36,-0.5561153229921267,-1.2502006564851196,-0.6002901860151062,-1.245009394930097,-0.5248204170824456,-1.241615353821157,1
107.392,-0.5753153229413481,-1.2501996619051294,-0.5966323246657637,-1.2841660938266246,-0.5440204170571526,-1.2416143684245584,1
107.424,-0.594515322966722,-1.2501986744548015,-0.557772816142327,-1.2337320256608892,-0.5632204170322533,-1.2416133906421312,1
107.456,-0.6137153230670466,-1.2501976945389424,-0.5992912320882137,-1.2478067495037661,-0.5824204170077436,-1.2416124205017922,1
107.488,-0.6329153232363002,-1.250196722077764,-0.6731126342815136,-1.2402150581212772,-0.6016204169835941,-1.241611457539873,1
107.52,-0.6521153234640388,-1.250195756511945,-0.6132230649768033,-1.220887316420667,-0.6208204169597534,-1.2416105008309524,1
107.552,-0.6713153237360729,-1.250194796838623,-0.683053700277271,-1.256181479656642,-0.640020416936152,-1.2416095490474752,1
107.584,-0.6905153240353804,-1.2501938416760077,-0.7328739545376802,-1.3285643138282428,-0.659220416912707,-1.2416086005453155,1
107.616,-0.709715324343195,-1.2501928893524505,-0.7019650418440619,-1.2689884763263153,-0.6784204168893279,-1.2416076534697702,1
107.648,-0.7289153246402044,-1.2501919380142277,-0.7247816702752335,-1.2351450556228125,-0.6976204168659207,-1.2416067058751503,1
107.68,-0.7481153249077828,-1.250190985745082,-0.7169715278533607,-1.2389422008758575,-0.716820416842394,-1.2416057558502498,1
107.712,-0.7673153251291804,-1.2501900306898108,-0.7520290046975969,-1.3162060059709575,-0.7360204168186631,-1.2416048016416048,1
107.744,-0.7865153252905985,-1.2501890711739259,-0.8069971938180289,-1.2974190216554573,-0.7552204167946553,-1.2416038417665898,1
107.776,-0.8057153253820788,-1.2501881058116595,-0.7837216987222487,-1.2687456159080908,-0.7744204167703131,-1.2416028751090584,1
107.808,-0.8249153253981529,-1.2501871335953587,-0.8955969397270855,-1.2502354633268684,-0.7936204167455989,-1.2416019009913557,1
107.84,-0.8441153253382061,-1.2501861539604955,-0.8288425237346554,-1.2921942494891627,-0.8128204167204975,-1.2416009192180677,1
107.872,-0.8633153252065293,-1.2501851668221107,-0.8149473858872757,-1.2672445617934487,-0.8320204166950185,-1.2415999300886804,1
107.904,-0.8825153250120542,-1.2501841725803413,-0.8697714299424211,-1.3055004571161495,-0.8512204166691962,-1.2415989343783358,1
107.936,-0.9017153247677838,-1.2501831720946797,-0.8876262223430437,-1.2240225458202452,-0.8704204166430891,-1.2415979332879221,1
107.968,-0.9209153244899555,-1.2501821666286224,-0.9344570347665714,-1.2845665299639524,-0.8896204166167758,-1.2415969283667116,1
108.0,-0.9401153241969887,-1.2501811577682775,-0.9789539793144971,-1.266509395145353,-0.9088204165903507,-1.2415959214125363,1
108.032,-0.9593153239082882,-1.2501801473201695,-1.0155573265506677,-1.3202650467043662,-0.928020416563917,-1.2415949143559204,1
108.06400000000001,-0.9785153236429807,-1.2501791371948228,-0.9292724851475977,-1.2246714213050995,-0.947220416537579,-1.2415939091356432,1
108.096,-0.997715323418671,-1.250178129283622,-1.0025890422515693,-1.2626502345532487,-0.9664204165114347,-1.2415929075737449,1
108.128,-1.0169153232503005,-1.2501771253368779,-0.9821808564614396,-1.2272466643991289,-0.9856204164855683,-1.2415919112580336,1
108.16,-1.036115323149183,-1.2501761268509561,-1.0017530964949326,-1.262391963321003,-1.0048204164600438,-1.2415909214396679,1
108.19200000000001,-1.0553153231222798,-1.2501751349717496,-1.0300994712393121,-1.2593271251339722,-1.0240204164349016,-1.2415899389524228,1
108.224,-1.0745153231717606,-1.2501741504207167,-1.079841402981808,-1.1953946235059723,-1.0432204164101553,-1.2415889641588498,1
108.256,-1.0937153232948755,-1.250173173448269,-1.0889383275524027,-1.2678457639457419,-1.0624204163857922,-1.2415879969268149,1
108.288,-1.112915323484144,-1.2501722038175227,-1.1204663624858964,-1.2904419441286137,-1.0816204163617757,-1.2415870366379287,1
108.32000000000001,-1.1321153237278445,-1.250171240819474,-1.188829271913311,-1.2377255038156567,-1.100820416338048,-1.2415860822273437,1
108.352,-1.1513153240107716,-1.2501702833186346,-1.1391607656628868,-1.2913778050709244,-1.1200204163145342,-1.2415851322523503,1
108.384,-1.1705153243152113,-1.2501693298261867,-1.1440117744444809,-1.2202683046240612,-1.1392204162911486,-1.2415841849853613,1
108.416,-1.189715324622074,-1.25016837859595,-1.216573173450454,-1.2615905301171808,-1.1584204162677987,-1.241583238525281,1
108.44800000000001,-1.2089153249121112,-1.2501674277369694,-1.20814680205601,-1.2595082899483223,-1.1776204162443908,-1.2415822909200895,1
108.48,-1.2281153251671448,-1.2501664753354584,-1.2219856856310185,-1.249652809848324,-1.1968204162208351,-1.2415813402927243,1
108.512,-1.247315325371229,-1.250165519578233,-1.2781179306935773,-1.2704395122706993,-1.21602041619705,-1.2415803849621472,1
108.544,-1.2665153255116746,-1.2501645588696686,-1.2328130087483566,-1.1575893651067033,-1.2352204161729672,-1.2415794235517816,1
108.57600000000001,-1.28571532557987,-1.250163591934635,-1.2846315177410546,-1.2669250049046972,-1.2544204161485353,-1.241578455078334,1
108.608,-1.3049153255718442,-1.2501626179007719,-1.348598381000603,-1.2108355434843259,-1.2736204161237235,-1.2415774790152612,1
108.64,-1.324115325488536,-1.2501616363547983,-1.3544171751580396,-1.2271592226045063,-1.2928204160985244,-1.2415764953268014,1
108.672,-1.3433153253357453,-1.250160647369228,-1.3928987028043955,-1.2092463023293967,-1.3120204160729556,-1.2415755044703662,1
108.70400000000001,-1.3625153251237694,-1.2501596514977718,-1.287950917060762,-1.1688993732348423,-1.3312204160470598,-1.2415745073671371,1
108.736,-1.3817153248667453,-1.2501586497397221,-1.3525566622860645,-1.2211581184010636,-1.3504204160209021,-1.2415735053427652,1
108.768,-1.4009153245817367,-1.2501576434756148,-1.422649272768627,-1.2789885215989707,-1.369620415994567,-1.241572500041989,1
108.8,-1.4201153242876279,-1.2501566343783106,-1.4335843670450965,-1.2726329939061933,-1.388820415968153,-1.2415714933226651,1
108.83200000000001,-1.4393153240038952,-1.2501556243052225,-1.413204486651592,-1.2748560441799386,-1.4080204159417642,-1.241570487136038,1
108.864,-1.4585153237493402,-1.2501546151786238,-1.4454087327827985,-1.2465649466087918,-1.4272204159155042,-1.24156948340097,1
108.896,-1.4777153235408682,-1.2501536088617478,-1.4914432347857793,-1.218837640085299,-1.4464204158894676,-1.24156848388022,1
108.928,-1.4969153233923929,-1.2501526070386582,-1.5009227702675587,-1.234712088728448,-1.4656204158637325,-1.2415674900667588,1
108.96000000000001,-1.5161153233139406,-1.2501516111056323,-1.531583513760888,-1.298329157266578,-1.484820415838356,-1.2415665030874494,1
108.992,-1.5353153233110108,-1.2501506220810612,-1.5882191428258507,-1.2491488215101563,-1.5040204158133699,-1.2415655236303,1
109.024,-1.554515323384232,-1.2501496405396846,-1.5354934888829501,-1.2442236982767423,-1.5232204157887794,-1.2415645519,1
109.056,-1.573715323529333,-1.2501486665754116,-1.5704834082782313,-1.2403368871382647,-1.5424204157645638,-1.2415635876046094,1
109.08800000000001,-1.5929153237374292,-1.250147699795138,-1.5700056567496243,-1.2629001369086978,-1.561620415740679,-1.2415626299742726,1
109.12,-1.6121153239955999,-1.2501467393439734,-1.6044393044615775,-1.269020340587979,-1.580820415717061,-1.2415616778107579,1
109.152,-1.6313153242877207,-1.2501457839602639,-1.6424775081928444,-1.2454358488715904,-1.6000204156936306,-1.241560729564642,1
109.184,-1.6505153245954973,-1.2501448320568704,-1.6098205628718085,-1.2573448226500832,-1.6192204156702994,-1.2415597834351586,1
109.21600000000001,-1.6697153248996321,-1.2501438818234663,-1.653154604373207,-1.267767065393895,-1.6384204156469737,-1.2415588374862883,1
109.248,-1.6889153251810554,-1.2501429313432577,-1.6903173297739558,-1.2651132334582136,-1.6576204156235603,-1.2415578897715889,1
109.28,-1.7081153254221422,-1.2501419787165962,-1.7055639861712273,-1.2499998903962373,-1.6768204155999715,-1.2415569384597294,1
109.312,-1.727315325607841,-1.2501410221835092,-1.7040222031482806,-1.2060494618232966,-1.6960204155761294,-1.2415559819526225,1
109.34400000000001,-1.7465153257266417,-1.2501400602372408,-1.7471402474193838,-1.2640886901443251,-1.7152204155519706,-1.241555018988536,1
109.376,-1.7657153257713225,-1.2501390917214794,-1.7848342544972964,-1.2430751683713273,-1.7344204155274496,-1.2415540487235353,1
109.408,-1.7849153257394248,-1.2501381159050002,-1.7856546609427855,-1.2199431264863185,-1.7536204155025432,-1.2415530707860065,1
109.44,-1.8041153256334255,-1.2501371325289101,-1.762892523626558,-1.1954199746315206,-1.772820415477252,-1.2415520853007298,1
109.47200000000001,-1.823315325460589,-1.2501361418234493,-1.8201878577133603,-1.2292356604535113,-1.7920204154516015,-1.2415510928809637,1
109.504,-1.842515325232508,-1.2501351444932656,-1.832864751608982,-1.2231362684830491,-1.8112204154256422,-1.2415500945890345,1
109.536,-1.8617153249643608,-1.2501341416721083,-1.8702982712200502,-1.2718110013173762,-1.830420415399446,-1.2415490918679708,1
109.568,-1.8809153246739292,-1.2501331348498592,-1.8593915695478302,-1.2430240220935218,-1.849620415373103,-1.2415480864485815,1
109.60000000000001,-1.9001153243804454,-1.2501321257765936,-1.926356882912065,-1.2365919106585723,-1.8688204153467143,-1.2415470802379567,1
109.632,-1.919315324103341,-1.2501311163498479,-1.9139454139694994,-1.2784739297231102,-1.8880204153203852,-1.2415460751965768,1
109.664,-1.938515323860983,-1.2501301084923497,-1.9563491013521779,-1.2509195970012634,-1.9072204152942174,-1.2415450732119415,1
109.696,-1.9577153236694829,-1.250129104028084,-1.9719791577547239,-1.2139081054441776,-1.9264204152683009,-1.2415440759768632,1
109.72800000000001,-1.976915323541654,-1.2501281045646757,-1.9667087427485757,-1.2943054989980318,-1.9456204152427081,-1.2415430848802664,1
109.76,-1.9961153234861886,-1.2501271113896757,-2.014262906865127,-1.2977926566845086,-1.9648204152174882,-1.241542100917545,1
109.792,-2.0153153235071066,-1.2501261253874356,-1.9745169382947243,-1.2556996000409517,-1.9840204151926644,-1.2415411246262564,1
109.824,-2.034515323603507,-1.2501251469819457,-2.0157020800165477,-1.2589264011948296,-2.003220415168234,-1.2415401560513195,1
109.85600000000001,-2.0537153237696373,-1.250124176109334,-2.0013669683523467,-1.2615171672323766,-2.0224204151441674,-1.2415391947419632,1
109.888,-2.072915323995274,-1.2501232122218169,-2.046544436963552,-1.2545941858062,-2.041620415120414,-1.241538239780643,1
109.92,-2.0921153242663837,-1.2501222543228623,-2.0749159440854137,-1.225677033889203,-2.0608204150969045,-1.2415372898420698,1
109.952,-2.111315324566026,-1.2501213010313146,-2.1185340909271773,-1.218758554678854,-2.0800204150735553,-1.2415363432785587,1
109.98400000000001,-2.1305153248754345,-1.2501203506703542,-2.1513203482469523,-1.2298348702734638,-2.099220415050276,-1.2415353982261983,1
110.016,-2.1497153251752157,-1.2501194013755623,-2.1558584982553888,-1.3303742920031518,-2.1184204150269714,-1.2415344527249976,1
110.048,-2.1689153254465845,-1.2501184512151229,-2.1387674857765333,-1.277646054375044,-2.1376204150035503,-1.2415335048452714,1
110.08,-2.188115325672563,-1.2501174983144103,-2.2160271840393246,-1.2963438612213884,-2.156820414979927,-1.2415325528121053,1
110.11200000000001,-2.207315325839068,-1.250116540976922,-2.1828984313950404,-1.2869952424952744,-2.1760204149560276,-1.2415315951198784,1
110.144,-2.2265153259358215,-1.2501155777937567,-2.221374480662219,-1.255317228903675,-2.1952204149317938,-1.2415306306294565,1
110.176,-2.2457153259570157,-1.2501146077345744,-2.2521011656016565,-1.2444229879004973,-2.2144204149071873,-1.2415296586417799,1
110.208,-2.264915325901702,-1.2501136302141682,-2.2401159151646586,-1.287625907854068,-2.233620414882192,-1.2415286789431004,1
110.24000000000001,-2.2841153257738633,-1.2501126451303572,-2.2542091439637146,-1.2761599807222082,-2.2528204148568163,-1.2415276918189515,1
110.272,-2.30331532558217,-1.2501116528707517,-2.361609056155084,-1.2552165337363115,-2.2720204148310943,-1.2415266980359294,1
110.304,-2.32251532533943,-1.2501106542879505,-2.3284466653483165,-1.2755571487199144,-2.2912204148050836,-1.2415256987924623,1
110.336,-2.3417153250617635,-1.2501096506447649,-2.3827878602763026,-1.2803520400237975,-2.3104204147788634,-1.2415246956417296,1
110.36800000000001,-2.360915324767562,-1.2501086435329851,-2.309068250266343,-1.2686005249431882,-2.3296204147525277,-1.2415236903916846,1
110.4,-2.3801153244762934,-1.2501076347709204,-2.428249263414439,-1.3022559600728008,-2.3488204147261804,-1.2415226849886178,1
110.432,-2.399315324207237,-1.2501066262862965,-2.4266012725854345,-1.2980581452099933,-2.368020414699927,-1.2415216813917502,1
110.464,-2.4185153239782315,-1.2501056199920522,-2.4253490385533834,-1.2001770177958515,-2.387220414673866,-1.2415206814469424,1
110.49600000000001,-2.437715323804518,-1.2501046176630264,-2.533615509151999,-1.2382040073019236,-2.4064204146480836,-1.2415196867676515,1
110.528,-2.456915323697758,-1.2501036208214842,-2.510337657923623,-1.2532466228499115,-2.425620414622645,-1.2415186986308069,1
110.56,-2.4761153236652844,-1.2501026306388592,-2.472654550444984,-1.2627362797113248,-2.444820414597592,-1.2415177178943373,1
110.592,-2.4953153237096424,-1.2501016478600582,-2.5412820272012793,-1.2538948203696016,-2.4640204145729383,-1.2415167449416649,1
110.624,-2.514515323828433,-1.2501006727552215,-2.497504469918598,-1.2766537635176776,-2.4832204145486734,-1.2415157796567657,1
110.656,-2.53371532401448,-1.2500997051020684,-2.5745091132318905,-1.3071546772156424,-2.50242041452476,-1.2415148214314284,1
110.688,-2.5529153242563,-1.250098744199989,-2.5250034782185606,-1.2614324175747862,-2.521620414501141,-1.241513869204249,1
110.72,-2.5721153245388417,-1.2500977889149936,-2.5700273831103186,-1.2560470096111644,-2.540820414477741,-1.2415129215288738,1
110.752,-2.59131532484445,-1.2500968377526414,-2.5401390912397437,-1.2419169826484586,-2.560020414454474,-1.2415119766671026,1
110.784,-2.6105153251539934,-1.2500958889542575,-2.6639023491965315,-1.260889789776259,-2.579220414431247,-1.2415110327008607,1
110.816,-2.629715325448083,-1.2500949406102468,-2.610219314413062,-1.254597076349537,-2.598420414407965,-1.2415100876558274,1
110.848,-2.648915325708307,-1.250093990783199,-2.703966416788037,-1.2300984344574413,-2.617620414384537,-1.2415091396287468,1
110.88,-2.6681153259184063,-1.250093037632847,-2.6636765839603567,-1.2390531649911685,-2.636820414360881,-1.2415081869102238,1
110.912,-2.6873153260653178,-1.250092079534822,-2.6858283450419966,-1.2734661554874773,-2.656020414336927,-1.24150722809508,1
110.944,-2.7065153261400177,-1.25009111518554,-2.733314991191478,-1.237642396885824,-2.675220414312623,-1.2415062621731456,1
110.976,-2.725715326138112,-1.2500901436864524,-2.695796994787231,-1.2338669834651668,-2.694420414287937,-1.2415052885946338,1
111.008,-2.744915326060131,-1.250089164602226,-2.7072508544407783,-1.2638987928953158,-2.7136204142628606,-1.2415043073058705,1
111.04,-2.7641153259115083,-1.2500881779890909,-2.776960696805182,-1.2859758431745678,-2.732820414237411,-1.2415033187530642,1
111.072,-2.783315325702244,-1.2500871843915216,-2.837806953444526,-1.3353550614466063,-2.75202041421163,-1.241502323853861,1
111.104,-2.8025153254462656,-1.2500861848074531,-2.8141087660769597,-1.2131992649484753,-2.7712204141855823,-1.2415013239384987,1
111.136,-2.821715325160534,-1.2500851806242583,-2.846464215879981,-1.2417727859635714,-2.7904204141593536,-1.2415003206643358,1
111.168,-2.840915324863943,-1.2500841735295949,-2.835444318660416,-1.220675858714844,-2.8096204141330423,-1.241499315909247,1
111.2,-2.860115324576098,-1.2500831654028506,-2.8564356776199324,-1.2384245174943882,-2.828820414106754,-1.2414983116507423,1
111.232,-2.8793153243160385,-1.250082158194161,-2.8820796313054755,-1.2041416667778044,-2.848020414080594,-1.2414973098385784,1
111.264,-2.8985153241010067,-1.2500811537987822,-2.9022017580338773,-1.2076965584404022,-2.8672204140546573,-1.2414963122690712,1
111.296,-2.9177153239453304,-1.250080153934904,-2.9261046355992724,-1.1886193586880742,-2.886420414029025,-1.2414953204692027,1
111.328,-2.936915323859503,-1.2500791600327763,-2.8730381048200426,-1.2275439975327136,-2.9056204140037556,-1.2414943355980037,1
111.36,-2.956115323849514,-1.2500781731422983,-2.9386888325749454,-1.2548525707504965,-2.9248204139788823,-1.241493358371571,1
111.392,-2.9753153239164725,-1.250077193865045,-2.9925025643904233,-1.2516517497993747,-2.9440204139544117,-1.2414923890165785,1
111.424,-2.9945153240565485,-1.250076222315132,-2.968136120566387,-1.2605302885042695,-2.9632204139303235,-1.2414914272553006,1
111.456,-3.013715324261227,-1.2500752581114722,-3.0361946486204654,-1.2429962006660458,-2.9824204139065733,-1.2414904723231435,1
111.488,-3.0329153245178624,-1.2500743004019534,-2.982974343225356,-1.2676442174772315,-3.001620413883097,-1.2414895230175746,1
111.52,-3.0521153248104884,-1.25007334791801,-3.05479529418221,-1.2187430636515195,-3.0208204138598154,-1.2414885777753342,1
111.552,-3.0713153251208385,-1.250072399056099,-3.0992513686149614,-1.2029243120176192,-3.040020413836638,-1.2414876347729658,1
111.584,-3.090515325429509,-1.25007145198085,-3.1448637043294094,-1.237407153589936,-3.0592204138134704,-1.2414866920442105,1
111.616,-3.109715325717192,-1.2500705047432568,-3.080986173294117,-1.2477899897664964,-3.078420413790218,-1.2414857476067098,1
111.648,-3.1289153259659033,-1.2500695554063006,-3.1662981489407525,-1.3102838520977296,-3.097620413766791,-1.2414847995898555,1
111.68,-3.148115326160132,-1.250068602169913,-3.144380600190535,-1.2501332316819245,-3.1168204137431106,-1.2414838463555522,1
111.712,-3.1673153262878344,-1.2500676434872193,-3.197536415703085,-1.261420318702749,-3.136020413719111,-1.2414828866041003,1
111.744,-3.186515326341213,-1.2500666781645666,-3.2417978037433204,-1.2888668983858347,-3.155220413694747,-1.2414819194583664,1
111.776,-3.205715326317228,-1.250065705438877,-3.183616486351536,-1.2369315323652441,-3.1744204136699925,-1.2414809445208106,1
111.808,-3.2249153262178063,-1.2500647250273293,-3.243223821513006,-1.260552775797888,-3.1936204136448483,-1.241479961899658,1
111.84,-3.244115326049733,-1.2500637371461472,-3.2352566260654716,-1.2657102707522545,-3.2128204136193386,-1.2414789722025226,1
111.872,-3.263315325824223,-1.2500627424972592,-3.2399037266708923,-1.2408471343168936,-3.232020413593514,-1.2414779764978474,1
111.904,-3.28251532555621,-1.2500617422236662,-3.2867008888399614,-1.2346926522041413,-3.251220413567447,-1.2414769762466256,1
111.936,-3.3017153252633826,-1.2500607378363537,-3.3199212807423373,-1.2306095887419355,-3.2704204135412285,-1.24147597320876,1
111.968,-3.320915324965045,-1.2500597311174289,-3.3684603460878866,-1.2535485999404044,-3.289620413514961,-1.241474969330064,1
112.0,-3.340115324680865,-1.2500587240056817,-3.3738825477866454,-1.2411161798769128,-3.3088204134887524,-1.2414739666171501,1
112.032,-3.3593153244296023,-1.2500577184719164,-3.3927502434185355,-1.2216294361661997,-3.3280204134627067,-1.2414729670082498,1
112.06400000000001,-3.3785153242278967,-1.2500567163920535,-3.3802052722103455,-1.209993757708807,-3.347220413436917,-1.2414719722482597,1
112.096,-3.3977153240891953,-1.2500557194261654,-3.411261262771355,-1.2933509847636473,-3.3664204134114573,-1.2414709837760751,1
112.128,-3.4169153240228916,-1.2500547289112347,-3.406486828824749,-1.2430266810078903,-3.38562041338638,-1.2414700026314698,1
112.16,-3.4361153240337314,-1.2500537457745553,-3.428508007574813,-1.205353601290214,-3.40482041336171,-1.2414690293875423,1
112.19200000000001,-3.4553153241215178,-1.2500527704733824,-3.428777195473916,-1.2795264957029495,-3.4240204133374452,-1.2414680641131197,1
112.224,-3.4745153242811337,-1.2500518029647565,-3.4441914416198283,-1.2457729111568279,-3.4432204133135573,-1.2414671063675797,1
112.256,-3.493715324502878,-1.2500508427074966,-3.4986655239263706,-1.2109612002153234,-3.4624204132899945,-1.2414661552284794,1
112.288,-3.5129153247730884,-1.2500498886962876,-3.522930062543014,-1.2444400855985247,-3.481620413266686,-1.2414652093502547,1
112.32000000000001,-3.532115325075015,-1.250048939525723,-3.507761810897875,-1.29680037849262,-3.5008204132435474,-1.2414642670502816,1
112.352,-3.5513153253898815,-1.250047993480232,-3.5342928517183787,-1.2031991115188236,-3.5200204132204846,-1.24146332641678,1
112.384,-3.5705153256980733,-1.2500470486441473,-3.588147584727559,-1.2892372820328064,-3.5392204131974014,-1.2414623854316804,1
112.416,-3.5897153259803805,-1.2500461030248653,-3.5687762446408278,-1.2506682842720447,-3.5584204131742028,-1.241461442100557,1
112.44800000000001,-3.608915326219214,-1.2500451546811941,-3.6539882875939504,-1.2770820695595513,-3.5776204131508007,-1.2414604945812853,1
112.48,-3.6281153263997226,-1.2500442018486464,-3.5873704070236356,-1.279618251848984,-3.596820413127119,-1.2414595413031637,1
112.512,-3.647315326510744,-1.2500432430536137,-3.6548084674549703,-1.3108285764115444,-3.6160204131030964,-1.2414585810688081,1
112.544,-3.6665153265455244,-1.2500422772090667,-3.67440665967296,-1.1726983877001214,-3.6352204130786934,-1.2414576131322625,1
112.57600000000001,-3.685715326502161,-1.2500413036856006,-3.622942150697979,-1.2388730996295034,-3.6544204130538915,-1.2414566372482465,1
112.608,-3.7049153263837384,-1.2500403223532233,-3.7473472139605732,-1.2895292737108914,-3.673620413028699,-1.241455653689345,1
112.64,-3.7241153261981452,-1.2500393335911468,-3.664871394267085,-1.2604160872350194,-3.6928204130031492,-1.2414546632299523,1
112.672,-3.74331532595758,-1.2500383382648952,-3.752169326444022,-1.2493855332437016,-3.712020412977301,-1.2414536670979532,1
112.70400000000001,-3.7625153256777772,-1.2500373376721285,-3.762564848293966,-1.2269618358414842,-3.731220412951235,-1.2414526668971515,1
112.736,-3.7817153253770024,-1.2500363334605862,-3.7826170438051414,-1.2814297763426745,-3.750420412925048,-1.241451664505362,1
112.768,-3.8009153250748815,-1.2500353275233407,-3.767998329749402,-1.3168481025963663,-3.769620412898848,-1.2414506619546348,1
112.8,-3.820115324791143,-1.25003432187801,-3.797273930345388,-1.2655886592585133,-3.788820412872745,-1.2414496613012242,1
112.83200000000001,-3.839315324544352,-1.2500333185376133,-3.881934582085706,-1.238441090703468,-3.808020412846844,-1.2414486644936107,1
112.864,-3.8585153243507264,-1.2500323193813085,-3.8627139811050974,-1.230001918061585,-3.8272204128212346,-1.2414476732470006,1
112.896,-3.877715324223107,-1.250031326033267,-3.8852714693942234,-1.258621539716578,-3.8464204127959887,-1.2414466889323519,1
112.928,-3.8969153241701457,-1.250030339757453,-3.858373673485162,-1.247496623023565,-3.8656204127711513,-1.241445712487056,1
112.96000000000001,-3.9161153241957716,-1.250029361375076,-3.895915316801329,-1.2714191811921558,-3.88482041274674,-1.2414447443530408,1
112.992,-3.9348372151031565,-1.25002832840895,-3.9114995983893577,-1.28237254552457,-3.9035047223757458,-1.2414438722513537,1
113.024,-3.9529671001899844,-1.2500274392126074,-3.958231186442705,-1.253463815644694,-3.9215899314991547,-1.2414431138536888,1
113.056,-3.9705101571171015,-1.2500267019082834,-3.918093502053034,-1.2307470193932364,-3.93909498430213,-1.2414424556469879,1
113.08800000000001,-3.987483698109041,-1.2500260735526014,-3.973569204610932,-1.2062787774114028,-3.956038659284701,-1.2414418784216832,1
113.12,-4.003906975328352,-1.2500255225285992,-3.9675475576822032,-1.2668772778859299,-3.972439180956018,-1.2414413629323622,1
113.152,-4.019798953657361,-1.2500250262800563,-3.9918891413236137,-1.2830405327329881,-3.9883141577563443,-1.241440891669199,1
113.184,-4.0351778403230965,-1.2500245672378938,-4.007501382050952,-1.24497286549992,-4.00368059124995,-1.241440449496224,1
113.21600000000001,-4.050061037898764,-1.2500241312439349,-4.0854435222579975,-1.3000301547576487,-4.018554900369984,-1.2414400238514243,1
113.248,-4.064465191163673,-1.2500237070125386,-4.005141352165634,-1.2229201651869892,-4.032952947167325,-1.241439604719517,1
113.28,-4.078406247455628,-1.250023285840249,-4.063266862511957,-1.2564246402185948,-4.04689006105993,-1.2414391844693755,1
113.312,-4.091899512340492,-1.2500228613281346,-4.114011398972713,-1.2421251487336533,-4.060381061150933,-1.2414387576124533,1
113.34400000000001,-4.104959697660127,-1.2500224290800395,-4.053106975935351,-1.2368542248726797,-4.073440276765332,-1.241438320521841,1
113.376,-4.117600962515236,-1.2500219863905873,-4.048581851390052,-1.2966170357726812,-4.086081566449162,-1.2414378711399687,1
113.408,-4.129836948348304,-1.2500215319419103,-4.136098128599729,-1.2724568820469426,-4.098318335657216,-1.2414374086938407,1
113.44,-4.141680809230196,-1.2500210655225341,-4.111494243098494,-1.2334164642757963,-4.110163553318116,-1.241436933429643,1
113.47200000000001,-4.153145238268823,-1.2500205877756545,-4.15165578051665,-1.3072282519594458,-4.121629767430222,-1.2414364463733432,1
113.504,-4.164242490877763,-1.2500200999794648,-4.146646111332886,-1.2746359353716152,-4.132729119812452,-1.2414359491202658,1
113.536,-4.174984405491682,-1.2500196038592981,-4.156119134056534,-1.2634746022005379,-4.143473360110507,-1.2414354436541946,1
113.568,-4.185382422194086,-1.2500191014297533,-4.171609607406609,-1.2692870926084536,-4.153873859140201,-1.241434932195037,1
113.60000000000001,-4.1954475996267195,-1.2500185948642153,-4.166872649605513,-1.2622983639129186,-4.163941621634697,-1.2414344170731846,1
113.632,-4.205190630473908,-1.2500180863889259,-4.177255115165126,-1.2471530272702966,-4.173687298450647,-1.2414339006282278,1
113.664,-4.214621855755145,-1.2500175781987801,-4.243139265075167,-1.2316279823334744,-4.183121198278822,-1.2414333851294839,1
113.696,-4.223751278111903,-1.2500170723921722,-4.244539268737551,-1.256170497678386,-4.192253298897384,-1.2414328727157489,1
113.72800000000001,-4.232588574237285,-1.2500165709224016,-4.234008076629441,-1.267871179936581,-4.201093257999982,-1.2414323653517492,1
113.76,-4.241143106567656,-1.2500160755633463,-4.258041740207699,-1.245457951008249,-4.209650423626089,-1.241431864798892,1
113.792,-4.249423934332106,-1.2500155878873016,-4.209657924802808,-1.2887865641228715,-4.21793384421722,-1.2414313725980604,1
113.824,-4.2574398240371805,-1.250015109253048,-4.311288765164182,-1.2702359029935244,-4.225952278319557,-1.2414308900623805,1
113.85600000000001,-4.2651992594497745,-1.250014640802383,-4.273991114593822,-1.2322860793452157,-4.233714203951071,-1.2414304182780669,1
113.888,-4.272710451129544,-1.2500141834635,-4.252423652833723,-1.2686326885520103,-4.241227827649184,-1.2414299581116408,1
113.92,-4.2799813455530655,-1.250013737959761,-4.256073163608099,-1.254473607912491,-4.248501093213405,-1.2414295102220076,1
113.952,-4.2870196338647,-1.2500133048225521,-4.240712881758198,-1.2988460685112424,-4.255541690155982,-1.2414290750760597,1
113.98400000000001,-4.293832760283385,-1.2500128844070681,-4.283885949395666,-1.2383814334543537,-4.262357061872537,-1.241428652966656,1
114.016,-4.300427930189942,-1.2500124769100167,-4.270125633010779,-1.2304910756700926,-4.268954413543677,-1.2414282440319968,1
114.048,-4.306812117915843,-1.2500120823883831,-4.282589613200259,-1.2677900481831574,-4.275340719777817,-1.2414278482755758,1
114.08,-4.312992074251425,-1.2500117007785296,-4.36237255981065,-1.2555736517122789,-4.281522732004754,-1.2414274655860422,1
114.11200000000001,-4.318974333689172,-1.250011331915037,-4.322601456650742,-1.2267319709536448,-4.287506985628993,-1.24142709575644,1
114.144,-4.324765221415791,-1.2500109755488193,-4.284743127181773,-1.265893913178166,-4.293299806951271,-1.2414267385024176,1
114.176,-4.330370860065231,-1.2500106313641517,-4.360926962678417,-1.2379590390361188,-4.298907319866348,-1.2414263934791099,1
114.208,-4.33579717624356,-1.2500102989943522,-4.399097468804694,-1.2572421320638685,-4.304335452344693,-1.24142606029649,1
114.24000000000001,-4.341049906835549,-1.2500099780359457,-4.323475807714383,-1.2411657994815588,-4.3095899427053785,-1.24142573853307,1
114.272,-4.3461346051019785,-1.2500096680612112,-4.336792424350812,-1.2239655994540046,-4.314676345687162,-1.2414254277479009,1
114.304,-4.351056646575936,-1.2500093686290825,-4.321183426564696,-1.244952450857325,-4.319600038324456,-1.2414251274908727,1
114.336,-4.355967261921649,-1.2500090969432514,-4.404682085946187,-1.2428170676720587,-4.324523730961478,-1.2414248228131814,1
114.36800000000001,-4.356312262901573,-1.2410515938061342,-4.321958993220637,-1.2281493808379171,-4.324523136914277,-1.241424822795478,1
114.4,-4.35631088519844,-1.2314387980417527,-4.347206268508525,-1.2434840494617492,-4.324523423005715,-1.2414248228065599,1
114.432,-4.356250715343681,-1.2217377848443227,-4.348267921200431,-1.2308041827157254,-4.324523794865343,-1.2414248228185214,1
114.464,-4.35618850865403,-1.2120414041431944,-4.309634393350595,-1.223125241471041,-4.324524103668342,-1.2414248228256828,1
114.49600000000001,-4.356135712327529,-1.2023625810221608,-4.3534122481636,-1.1641711742855194,-4.324524326302548,-1.2414248228288842,1
114.528,-4.356093095301921,-1.1927001491583988,-4.378624615033331,-1.1887890302621495,-4.32452446434976,-1.2414248228297504,1
114.56,-4.356059185952295,-1.1830510451065148,-4.37217866779454,-1.2125474061186747,-4.324524524583884,-1.2414248228296865,1
114.592,-4.356032302259365,-1.1734124592705633,-4.334720370223683,-1.1167852780360974,-4.3245245143753035,-1.241424822829765,1
114.62400000000001,-4.3560109871617385,-1.16378211501731,-4.388622666124221,-1.2191357326442298,-4.324524440363802,-1.2414248228307847,1
114.656,-4.35599405868887,-1.1541582183292125,-4.331160503729961,-1.1865750166337647,-4.324524308108704,-1.241424822833347,1
114.688,-4.3559805761451775,-1.144539366017207,-4.361995943062888,-1.208741335495027,-4.324524122117287,-1.2414248228379212,1
114.72,-4.3559697952414105,-1.1349244631959574,-4.296411439744877,-1.1652097544006217,-4.324523886027226,-1.2414248228448856,1
114.752,-4.35596112826038,-1.1253126562877096,-4.307809690012583,-1.134256194790893,-4.324523602836369,-1.2414248228545528,1
114.784,-4.35595411158053,-1.1157032799688391,-4.420338394669745,-1.1325702662024202,-4.324523275125347,-1.2414248228671791,1
114.816,-4.355948379812347,-1.1060958154990075,-4.337268859432004,-1.0899914974763165,-4.324522905246708,-1.2414248228829674,1
114.848,-4.355943645328578,-1.0964898581239326,-4.363410321236888,-1.1172091645522058,-4.324522495470558,-1.2414248229020641,1
114.88,-4.355939682078588,-1.0868850916506105,-4.377734927605521,-1.112524771210992,-4.324522048085898,-1.2414248229245557,1
114.912,-4.355936312781393,-1.0772812686655582,-4.371617070908029,-1.0247785665202265,-4.324521565461916,-1.2414248229504659,1
114.944,-4.3559333987804205,-1.0676781951762049,-4.3305677235513205,-1.072052441510721,-4.324521050075819,-1.2414248229797549,1
114.976,-4.355930831996943,-1.0580757187074261,-4.340235371225539,-1.0696168958632395,-4.324520504514498,-1.2414248230123213,1
115.008,-4.355928528540741,-1.048473719088378,-4.333975536822116,-1.0175855936867957,-4.324519931457153,-1.2414248230480067,1
115.04,-4.355926423631663,-1.0388721013277815,-4.356778081513708,-1.0354435020678439,-4.324519333645191,-1.241424823086603,1
115.072,-4.355924467559986,-1.029270790105971,-4.376271343894623,-1.0739951973988326,-4.324518713844824,-1.2414248231278608,1
115.104,-4.355922622471431,-1.0196697255154978,-4.362481592447796,-1.0002771790815435,-4.324518074806665,-1.2414248231715006,1
115.136,-4.355920859807977,-1.010068859763965,-4.443043801188614,-0.9571838899691959,-4.324517419225697,-1.241424823217222,1
115.168,-4.355919158271056,-1.0004681546172796,-4.407158587857884,-0.9740999436687403,-4.324516749704026,-1.2414248232647151,1
115.2,-4.3559175022014935,-0.9908675794120781,-4.4221936759951035,-0.998645201501892,-4.324516068718103,-1.24142482331367,1
115.232,-4.355915880292369,-0.9812671095055631,-4.354266110493204,-0.9952759632816522,-4.3245153785914106,-1.2414248233637846,1
115.264,-4.355914284568142,-0.9716667250616493,-4.340789640243324,-0.9575995624018783,-4.324514681473128,-1.2414248234147722,1
115.296,-4.355912709576925,-0.9620664100960421,-4.372098099934315,-0.9142589368662994,-4.324513979322865,-1.2414248234663672,1
115.328,-4.355911151753485,-0.9524661517211342,-4.329185237971019,-0.9237831874794589,-4.324513273901257,-1.2414248235183285,1
115.36,-4.355909608919018,-0.9428659395456178,-4.370937044123818,-0.9320874409556751,-4.324512566766026,-1.2414248235704424,1
115.392,-4.3559080798904874,-0.9332657651944103,-4.31496563516768,-0.9822959835678797,-4.324511859272929,-1.2414248236225236,1
115.424,-4.355906564177662,-0.9236656219226429,-4.407515868782161,-0.9572048190428359,-4.324511152580972,-1.2414248236744154,1
115.456,-4.355905061750261,-0.9140655043036495,-4.334980620232014,-0.9302744508282516,-4.324510447661206,-1.2414248237259886,1
115.488,-4.355903572861036,-0.9044654079755761,-4.354396821334609,-0.879444301721791,-4.324509745308406,-1.24142482377714,1
115.52,-4.3559020979133685,-0.8948653294347806,-4.375032551924025,-0.9189277361897594,-4.324509046154993,-1.2414248238277898,1
115.552,-4.355900637364139,-0.88526526586687,-4.349547409442689,-0.9101256902169993,-4.324508350686544,-1.24142482387788,1
115.584,-4.355899191654432,-0.8756652150082472,-4.327750420522098,-0.8721071049143868,-4.324507659258331,-1.2414248239273709,1
115.616,-4.355897761162036,-0.8660651750325791,-4.3344902094418725,-0.8297385551370523,-4.324506972112347,-1.2414248239762382,1
115.648,-4.355896346170898,-0.8564651444577626,-4.351980033207313,-0.8464554147729314,-4.324506289394362,-1.2414248240244712,1
115.68,-4.355894946853579,-0.8468651220698566,-4.356906920517104,-0.8193549433716715,-4.3245056111706175,-1.2414248240720689,1
115.712,-4.355893563263584,-0.8372651068611343,-4.322648902572667,-0.8589347978543104,-4.324504937443793,-1.2414248241190387,1
115.744,-4.35589219533499,-0.8276650979799374,-4.3534845979565056,-0.8702099770006927,-4.324504268167985,-1.2414248241653933,1
115.776,-4.355890842887364,-0.818065094690432,-4.37030697976255,-0.8504902410624161,-4.324503603262464,-1.2414248242111499,1
115.808,-4.355889505634335,-0.8084650963406872,-4.338495154130904,-0.8104395595444625,-4.3245029426240285,-1.2414248242563268,1
115.84,-4.355888183194539,-0.7988651023377586,-4.420335147377914,-0.7587724164557943,-4.324502286137849,-1.241424824300944,1
115.872,-4.355886875103932,-0.789265112128667,-4.387440263462382,-0.774727507706323,-4.32450163368671,-1.2414248243450203,1
115.904,-4.355885580828683,-0.7796651251863291,-4.3542518798979035,-0.8007563526591858,-4.3245009851586165,-1.2414248243885735,1
115.936,-4.355884299778052,-0.7700651409996377,-4.340421484073727,-0.7867249065126793,-4.324500340452779,-1.2414248244316188,1
115.968,-4.355883031316815,-0.7604651590669977,-4.342623313232497,-0.8087670323037057,-4.32449969948399,-1.2414248244741697,1
116.0,-4.355881774776908,-0.7508651788927218,-4.3914612437123495,-0.7346943778456224,-4.324499062185476,-1.2414248245162365,1
116.032,-4.355880529468067,-0.7412651999857651,-4.3306987166219715,-0.7592664144033666,-4.324498428510302,-1.2414248245578265,1
116.06400000000001,-4.355879294687344,-0.7316652218603473,-4.371625004691136,-0.7123393160034815,-4.3244977984314525,-1.2414248245989452,1
116.096,-4.355878069727406,-0.722065244038061,-4.378884416220016,-0.7030325016829542,-4.324497171940706,-1.241424824639595,1
116.128,-4.355876853883615,-0.7124652660511182,-4.390014712877164,-0.7321183836926132,-4.32449654904646,-1.2414248246797766,1
116.16,-4.355875646459909,-0.7028652874464235,-4.367696052216283,-0.6794634920067646,-4.324495929770654,-1.2414248247194892,1
116.19200000000001,-4.35587444677354,-0.6932653077902016,-4.342649214572171,-0.7052307216251749,-4.324495314144963,-1.2414248247587314,1
116.224,-4.355873254158753,-0.6836653266729329,-4.305009297508782,-0.7004041087767066,-4.324494702206416,-1.241424824797501,1
116.256,-4.3558720679695,-0.6740653437143861,-4.356540332026443,-0.6850402239591666,-4.324494093992624,-1.2414248248357966,1
116.288,-4.355870887581309,-0.6644653585685556,-4.378093951573499,-0.6663723942757094,-4.324493489536771,-1.2414248248736175,1
116.32000000000001,-4.355869712392419,-0.65486537092834,-4.308884303035971,-0.6568258351250613,-4.32449288886254,-1.2414248249109647,1
116.352,-4.355868541824302,-0.6452653805298156,-4.342911000820004,-0.6891717341062463,-4.324492291979129,-1.241424824947841,1
116.384,-4.355867375321701,-0.6356653871559849,-4.372753966109486,-0.616073438649403,-4.324491698876491,-1.2414248249842523,1
116.416,-4.355866208853217,-0.6260653906602422,-4.328631695981255,-0.6432355209330022,-4.324491105773853,-1.2414248250204247,1
116.44800000000001,-4.3443530965094155,-0.6191143070403022,-4.327762624899973,-0.6408595644732592,-4.305291193586465,-1.2414181322262534,1
116.48,-4.325709502369397,-0.6186153216469747,-4.307230251940967,-0.6272170857884174,-4.286091228346223,-1.2414070146010894,1
116.512,-4.30639154148768,-0.6186425769564907,-4.308247513850689,-0.6074954940858626,-4.266891258065225,-1.2413903391599441,1
116.544,-4.2869784188331606,-0.618722460572231,-4.292069183890583,-0.6397068739681884,-4.2476912856397,-1.241368332017115,1
116.57600000000001,-4.267580925765066,-0.6187876589323966,-4.275404040638503,-0.6358194309696079,-4.228491313446165,-1.2413416773712858,1
116.608,-4.248217949057885,-0.6188314584424792,-4.254715357493393,-0.6139306536243162,-4.209291343072695,-1.2413112183331796,1
116.64,-4.22888768036943,-0.6188569622793143,-4.201981086288824,-0.5869708186828234,-4.190091375248132,-1.2412777914065292,1
116.672,-4.2095845563615555,-0.6188681107004034,-4.158859443519796,-0.6719251251402288,-4.170891410055395,-1.241242129310714,1
116.70400000000001,-4.190303164102806,-0.618868192192167,-4.183185456935872,-0.6701816336400284,-4.151691447231493,-1.2412048148009636,1
116.736,-4.1710389826639265,-0.6188597209105754,-4.145320486754699,-0.5602846434145168,-4.132491486416031,-1.2411662717049456,1
116.768,-4.151788386775165,-0.6188445556056199,-4.149131859505977,-0.5706148544078847,-4.113291527299372,-1.2411267803418384,1
116.8,-4.132548504781016,-0.6188240477700409,-4.137588921554918,-0.6037426791956756,-4.094091569680013,-1.241086506355875,1
116.83200000000001,-4.113317070466096,-0.6187991761361908,-4.076031302699033,-0.618460421433978,-4.074891613462339,-1.2410455344024878,1
116.864,-4.094092297284246,-0.6187706581100031,-4.110504479913026,-0.6104287000984182,-4.055691658624978,-1.2410039006154447,1
116.896,-4.0748727770822555,-0.618739036810727,-4.053092012412611,-0.5400406209199229,-4.036491705180649,-1.2409616200680968,1
116.928,-4.055657399830066,-0.6187047452502927,-4.136933803311742,-0.6071726965646297,-4.017291753139161,-1.2409187073560997,1
116.96000000000001,-4.03644529031278,-0.6186681505766992,-4.0828639662394615,-0.6186540542020347,-3.998091802478989,-1.240875189898757,1
116.992,-4.01723575827568,-0.618629581979553,-4.02345312872472,-0.613881668683985,-3.978891853129412,-1.2408311145747324,1
117.024,-3.9980282591823837,-0.6185893460362387,-4.015374569529932,-0.6509863491754989,-3.9596919049634103,-1.240786548916302,1
117.056,-3.9788223633330424,-0.6185477330960097,-3.9853085032600606,-0.6265710871206601,-3.94049195780035,-1.240741578353863,1
117.08800000000001,-3.959617731564033,-0.6185050178714032,-3.992630075304309,-0.6152233902815929,-3.92129201141653,-1.240696301011536,1
117.12,-3.9404140961260365,-0.6184614568363833,-3.954220446549653,-0.5883908150487238,-3.9020920655609737,-1.2406508213883929,1
117.152,-3.921211245633483,-0.6184172844081894,-3.948120763385423,-0.612404576793887,-3.882892119973509,-1.2406052439930246,1
117.184,-3.9020090132124987,-0.618372709285541,-3.8789927147823993,-0.6328954941955452,-3.863692174402358,-1.240559667693557,1
117.21600000000001,-3.8828072671602354,-0.6183279117791863,-3.885207901858133,-0.5912961091478997,-3.844492228619024,-1.2405141812469804,1
117.248,-3.8636059035759054,-0.6182830425310983,-3.8407109241694397,-0.5989225339071054,-3.8252922824291047,-1.2404688602114504,1
117.28,-3.8444048405406823,-0.6182382226876746,-3.8164383667432316,-0.6362152064104901,-3.80609233567854,-1.2404237652401622,1
117.312,-3.8252040135157372,-0.6181935453680015,-3.7897463914248077,-0.6296575119542432,-3.7868923882555507,-1.240378941610889,1
117.34400000000001,-3.8060033716999526,-0.6181490781388254,-3.8637931112480235,-0.6156853328397727,-3.7676924400890277,-1.2403344197588817,1
117.376,-3.786802875145216,-0.6181048661558592,-3.831465094220958,-0.6386912830846919,-3.748492491144393,-1.2402902165440923,1
117.408,-3.7676024924709774,-0.6180609356366517,-3.806830034848054,-0.6397258875887649,-3.72929254141797,-1.2402463369859797,1
117.44,-3.7484021990537153,-0.6180172973740398,-3.71653338169302,-0.6272777520821685,-3.7100925909307785,-1.2402027762282133,1
117.47200000000001,-3.7292019755932757,-0.6179739500639704,-3.7915766860886935,-0.6175673889838453,-3.6908926397224424,-1.2401595215405627,1
117.504,-3.710001806978541,-0.6179308832932269,-3.6764466034597185,-0.6231866033674205,-3.671692687845683,-1.2401165542166748,1
117.536,-3.69080168139088,-0.617888080101083,-3.6197164249240967,-0.6566650234567886,-3.652492735361637,-1.2400738512766467,1
117.568,-3.6716015895964023,-0.6178455190873854,-3.670973122890705,-0.5710968724350509,-3.6332927823360817,-1.2400313869278818,1
117.60000000000001,-3.652401524387965,-0.6178031760845619,-3.668867379258308,-0.6119038219575991,-3.614092828836526,-1.2399891337730928,1
117.632,-3.6332014801457944,-0.6177610254415445,-3.6479042107817126,-0.5783148822742521,-3.5948928749300593,-1.2399470637799441,1
117.664,-3.61400145249187,-0.6177190409845043,-3.6130571944425696,-0.5597072045114938,-3.5756929206818144,-1.2399051490426054,1
117.696,-3.5948014380182842,-0.6176771967246791,-3.5923755879042725,-0.6362254111876862,-3.556492966153898,-1.2398633623728033,1
117.72800000000001,-3.5756014340738544,-0.6176354673801479,-3.5390326902065605,-0.6219523878897528,-3.537293011404658,-1.2398216777584912,1
117.76,-3.5564014385965295,-0.6175938287690058,-3.503260633469123,-0.6081216415966278,-3.518093056488173,-1.2397800707239688,1
117.792,-3.5372014499817555,-0.6175522581186988,-3.5138709768600327,-0.5791742476939234,-3.498893101453889,-1.2397385186181915,1
117.824,-3.5180014669790767,-0.6175107343225285,-3.4726841084321354,-0.605399564658747,-3.479693146346342,-1.2396970008495443,1
117.85600000000001,-3.4988014886109227,-0.617469238161307,-3.5362110627559864,-0.6563966520972125,-3.460493191204939,-1.2396554990772377,1
117.888,-3.479601514108871,-0.6174277524970377,-3.487018281437296,-0.6576283259855191,-3.4412932360637867,-1.239613997362372,1
117.92,-3.4604015428637225,-0.6173862624370204,-3.453537030310988,-0.6426491082536693,-3.4220932809515667,-1.239572482276414,1
117.952,-3.4412015743865507,-0.6173447554612345,-3.3581560829187853,-0.6592246413033525,-3.402893325891478,-1.2395309429616392,1
117.98400000000001,-3.422001608278528,-0.6173032215031509,-3.3931147799213988,-0.6001509946880198,-3.38369337090126,-1.239489371136865,1
118.016,-3.4028016442078055,-0.6172616529739634,-3.33444666497082,-0.6555475851022563,-3.3644934159933166,-1.239447761042505,1
118.048,-3.3836016818920984,-0.6172200447221308,-3.338428899296645,-0.6374263320206496,-3.3452934611749585,-1.2394061093212334,1
118.08,-3.3644017210858923,-0.6171783939235265,-3.381905841423403,-0.6090855934215604,-3.326093506448771,-1.2393644148337568,1
118.11200000000001,-3.345201761571387,-0.617136699901816,-3.347559851878521,-0.615924774978069,-3.3068935518131095,-1.2393226784131581,1
118.144,-3.3260018031524345,-0.6170949638833616,-3.3515568814743912,-0.6189934164792895,-3.287693597262713,-1.2392809025652751,1
118.176,-3.3068018456508192,-0.6170531886955064,-3.322988900202591,-0.6056884922941207,-3.268493642789417,-1.2392390911263724,1
118.208,-3.2876018889043275,-0.6170113784210782,-3.3006074280468085,-0.6731718338279309,-3.2492936883829393,-1.2391972488924812,1
118.24000000000001,-3.2684019327660874,-0.616969538025078,-3.2608187387411527,-0.5638661922066273,-3.2300937340316986,-1.23915538123704,1
118.272,-3.249201977104737,-0.6169276729715429,-3.2524837258739345,-0.6266642285572912,-3.210893779723634,-1.2391134937346142,1
118.304,-3.2300020218050256,-0.6168857888493853,-3.2108749583346654,-0.6150118725853152,-3.1916938254469773,-1.2390715918085147,1
118.336,-3.210802066768509,-0.6168438910255806,-3.1895082161705997,-0.6187725092001645,-3.1724938711909414,-1.2390296804188654,1
118.36800000000001,-3.191602111914073,-0.6168019843424614,-3.168059356783716,-0.6179939767603008,-3.153293916946292,-1.2389877638055997,1
118.4,-3.1724021571780803,-0.6167600728732155,-3.111022106868565,-0.6354549481553301,-3.134093962705772,-1.2389458452975122,1
118.432,-3.153202202514005,-0.6167181597461624,-3.1693278791369677,-0.6131404573689567,-3.114894008464365,-1.23890392719481,1
118.464,-3.134002247891493,-0.6166762470442494,-3.1026389181708693,-0.6942057347652887,-3.0956940542193863,-1.238862010728192,1
118.49600000000001,-3.114802293294838,-0.616634335781721,-3.1602801182744606,-0.5904613760897883,-3.076494099970412,-1.2388200960930162,1
118.528,-3.0956023387209304,-0.6165924259553645,-3.126695015074644,-0.5991513881380095,-3.0572941457190494,-1.2387781825528088,1
118.56,-3.076402384176769,-0.6165505166634023,-3.0925797088786005,-0.6206219056018139,-3.0380941914685846,-1.2387362686023093,1
118.592,-3.0572024296766633,-0.6165086062812413,-3.0297884194248352,-0.5799069762734717,-3.018894237223522,-1.2386943521769591,1
118.62400000000001,-3.03800247523928,-0.6164666926801382,-3.018603270509844,-0.6317610908010285,-2.999694282989063,-1.2386524308932152,1
118.656,-3.0188025208846914,-0.6164247734725856,-3.0102014576917773,-0.6634842301516003,-2.980494328770554,-1.2386105023025205,1
118.688,-2.9996025666315873,-0.6163828462669783,-3.008038761823588,-0.6747612543445619,-2.9612943745729408,-1.238568564141349,1
118.72,-2.980402612494802,-0.616340908913979,-2.9589148229140805,-0.6648663040340962,-2.9420944204002706,-1.2385266145603788,1
118.75200000000001,-2.961202658483293,-0.6162989597279405,-3.0518125916214434,-0.6332141375396126,-2.9228944662552703,-1.2384846523175381,1
118.784,-2.9420027045986745,-0.6162569976687067,-2.9589231754133216,-0.5647956098551317,-2.9036945121390283,-1.2384426769223245,1
118.816,-2.922802750834392,-0.6162150224719801,-2.938865345516653,-0.6746019247004,-2.8844945580508035,-1.2384006887221808,1
118.848,-2.903602797175568,-0.6161730347200133,-2.9301797565915075,-0.6248784544004036,-2.8652946039879685,-1.2383586889256655,1
118.88,-2.884402843599525,-0.616131035848442,-2.893187362916043,-0.613759205786324,-2.8460946499460973,-1.2383166795614224,1
118.912,-2.8652028900769353,-0.6160890280893594,-2.894945584085797,-0.63994383390476,-2.8268946959191834,-1.2382746633761856,1
118.944,-2.846002936573515,-0.6160470143549639,-2.8327442533662595,-0.6363283639810529,-2.8076947418999807,-1.2382326436791358,1
118.976,-2.8268029830521395,-0.6160049980700328,-2.7811083524564464,-0.6175671463993795,-2.7884947878804396,-1.2381906241433747,1
119.008,-2.8076030294752217,-0.6159629829648194,-2.826167215428445,-0.5783490381002854,-2.7692948338522094,-1.2381486085781297,1
119.04,-2.7884030758071887,-0.6159209728425473,-2.755917205993488,-0.6578026611886364,-2.7500948798071723,-1.2381066006871826,1
119.072,-2.7692031220168722,-0.6158789713373061,-2.7299511164963812,-0.6055811971454494,-2.73089492573797,-1.2380646038298369,1
119.104,-2.7500031680796417,-0.6158369816787391,-2.747728118527319,-0.6496691077659674,-2.711694971638491,-1.2380226208006178,1
119.136,-2.730803213979127,-0.6157950064794387,-2.7213469541840904,-0.5853338734790331,-2.692495017504279,-1.2379806536425795,1
119.168,-2.711603259708414,-0.6157530475594382,-2.729613834100438,-0.6242574303224856,-2.673295063332839,-1.237938703506884,1
119.2,-2.6924033052706218,-0.6157111058197389,-2.696973683347965,-0.6056425634488046,-2.6540951091238165,-1.23789677056828,1
119.232,-2.6732033506788313,-0.6156691811735858,-2.650449196778709,-0.6087793958320109,-2.6348951548790414,-1.237854854002467,1
119.264,-2.654003395955368,-0.6156272725404172,-2.660803807826883,-0.6435898263760043,-2.6156952006024317,-1.2378129520272068,1
119.296,-2.6348034411304906,-0.6155853779033109,-2.5870536322623763,-0.5879497719737483,-2.5964952462997637,-1.237771062004947,1
119.328,-2.6156034862405715,-0.615543494426605,-2.628835745627273,-0.6953807663407976,-2.577295291978323,-1.237729180600682,1
119.36,-2.5964035313258886,-0.6155016186264295,-2.605739848576963,-0.6252784739093167,-2.5580953376464626,-1.2376873039851053,1
119.392,-2.5772035764281673,-0.6154597465834262,-2.6480834250391476,-0.6465662290150437,-2.53889538331309,-1.2376454280702245,1
119.424,-2.5580036215880266,-0.6154178741841657,-2.644725327914875,-0.6484534014027762,-2.5196954289871205,-1.2376035487623913,1
119.456,-2.538803666842485,-0.6153759973758657,-2.5828429584558106,-0.6534560316714894,-2.5004954746769292,-1.2375616622165828,1
119.488,-2.519603712222678,-0.6153341124181116,-2.5265273813317384,-0.6048862426630474,-2.4812955203898337,-1.237519765075592,1
119.52,-2.500403757751933,-0.6152922161154291,-2.532170402532063,-0.5932101006440726,-2.462095566131642,-1.2374778546787857,1
119.552,-2.481203803444315,-0.6152503060157463,-2.5375276254444312,-0.5956166578287395,-2.4428956119062932,-1.2374359292269488,1
119.584,-2.462003849303744,-0.6152083805619499,-2.437479668912758,-0.6725389064222602,-2.4236956577156135,-1.2373939878925677,1
119.616,-2.4428038953237436,-0.6151664391867311,-2.3795405236551535,-0.6554880226988619,-2.4044957035592067,-1.2373520308684272,1
119.648,-2.423603941487844,-0.6151244823445535,-2.4058469259972415,-0.6246152496533367,-2.385295749434482,-1.2373100593512876,1
119.68,-2.4044039877706234,-0.6150825114786159,-2.394261484756217,-0.6634588764569288,-2.3660957953368253,-1.2372680754616703,1
119.712,-2.3852040341393304,-0.6150405289248658,-2.4204693179804293,-0.5650657007998745,-2.3468958412598955,-1.2372260821047896,1
119.744,-2.3660040805559857,-0.6149985377591776,-2.3238022820514974,-0.6007135482072056,-2.327695887196039,-1.2371840827816134,1
119.776,-2.346804126979831,-0.6149565415974788,-2.388331308807709,-0.588954328590081,-2.3084959331367862,-1.2371420813620604,1
119.808,-2.3276041733699646,-0.6149145443616382,-2.347035202981875,-0.6680419183175278,-2.2892959790734,-1.2371000818349456,1
119.84,-2.3084042196879895,-0.6148725500261445,-2.3198296805884118,-0.621983645908007,-2.2700960249974473,-1.2370580880507154,1
119.872,-2.2892042659004943,-0.6148305623618431,-2.241868546731137,-0.6112999441333273,-2.2508960709013435,-1.2370161034734815,1
119.904,-2.2700043119812037,-0.6147885846931843,-2.2100980871724225,-0.6304726284008282,-2.2316961167788443,-1.2369741309582827,1
119.936,-2.250804357912652,-0.6147466196845649,-2.222192107985363,-0.6241143544642004,-2.2124961626254493,-1.2369321725678473,1
119.968,-2.2316044036872738,-0.6147046691694685,-2.1867203709214627,-0.5746789879949167,-2.193296208438687,-1.2368902294406308,1
120.0,-2.2124044493078436,-0.6146627340333526,-2.1680703363067004,-0.6544873771665359,-2.1740962542182696,-1.236848301718564,1
120.032,-2.1932044947872438,-0.6146208141577656,-2.158308877735355,-0.5919980560312027,-2.1548962999661048,-1.2368063885391207,1
120.06400000000001,-2.1740045401475805,-0.614578908429243,-2.1630674582581957,-0.6228519243374635,-2.135696345686165,-1.2367644880921764,1
120.096,-2.1548045854187157,-0.6145370148123592,-2.1730004911970764,-0.5947555267949809,-2.116496391384225,-1.236722597737931,1
120.128,-2.1356046306363146,-0.6144951304821933,-2.129147216719231,-0.5649514271147271,-2.0972964370674863,-1.2366807141783134,1
120.16,-2.116404675839536,-0.6144532520076468,-2.119592715958291,-0.6524205120205666,-2.0780964827441095,-1.2366388336707617,1
120.19200000000001,-2.097204721068512,-0.6144113755737842,-2.064826315116917,-0.6046425951235039,-2.05889652842269,-1.2365969522705949,1
120.224,-2.0780047663617753,-0.6143694972288564,-2.0599153118385565,-0.6559596786644263,-2.039696574111704,-1.2365550660863653,1
120.256,-2.0588048117537925,-0.614327613140083,-2.0417343985971024,-0.6342655734884751,-2.0204966198189673,-1.2365131715316826,1
120.288,-2.0396048572727525,-0.6142857198417019,-1.9877240128067897,-0.6113294818682372,-2.0012966655511297,-1.2364712655573193,1
120.32000000000001,-2.020404902938752,-0.6142438144592888,-2.0540578166189305,-0.5873119981605454,-1.982096711313249,-1.236429345848584,1
120.352,-2.0012049487624832,-0.6142018948958775,-2.025305700339895,-0.5677060019117368,-1.9628967571084628,-1.2363874109752557,1
120.384,-1.9820049947445213,-0.6141599599678689,-1.9721062338734086,-0.5726265735809962,-1.9436968029377815,-1.2363454604843926,1
120.416,-1.9628050408752509,-0.6141180094819518,-1.9747372723052665,-0.6518099850562475,-1.924496848800019,-1.236303494930038,1
120.44800000000001,-1.9436050871354522,-0.6140760442480669,-1.9665716697531772,-0.6172046457008373,-1.9052968946918634,-1.2362615158378896,1
120.48,-1.9244051334975116,-0.614034066027568,-1.9860749550476213,-0.6117151718858044,-1.8860969406080856,-1.2362195256072106,1
120.512,-1.9052051799271865,-0.6139920774199252,-1.9109380726900365,-0.6160011278001327,-1.8668969865418745,-1.2361775273563358,1
120.544,-1.8860052263858145,-0.6139500816952838,-1.9632771923702372,-0.5599355402962715,-1.8476970324852753,-1.2361355247217092,1
120.57600000000001,-1.866805272832822,-0.613908082583689,-1.8851749385487724,-0.5688744696322722,-1.828497078429704,-1.2360935216234683,1
120.608,-1.8476053192283675,-0.6138660840345889,-1.8142422533387026,-0.5703280960542478,-1.809297124366506,-1.2360515220126507,1
120.64,-1.828405365535941,-0.6138240899621403,-1.8142111326197559,-0.6293203255889525,-1.790097170287517,-1.2360095296163969,1
120.672,-1.8092054117247451,-0.6137821039927631,-1.8170662469471721,-0.5868876759526827,-1.7708972161855958,-1.2359675476975323,1
120.70400000000001,-1.7900054577716966,-0.6137401292312291,-1.7885660111729431,-0.5726070718129197,-1.751697262055086,-1.235925578844095,1
120.736,-1.7708055036629156,-0.6136981680603779,-1.7800479736448471,-0.6062964328538704,-1.732497307892182,-1.2358836248023337,1
120.768,-1.7516055493946066,-0.6136562219873711,-1.7379467924343732,-0.6027357876135252,-1.7132973536951734,-1.2358416863639776,1
120.8,-1.732405594973279,-0.6136142915463946,-1.7317513801540654,-0.6462926153689873,-1.6940973994645518,-1.2357997633150355,1
120.83200000000001,-1.713205640415298,-0.6135723762640772,-1.7429316264591779,-0.5506902432965096,-1.6748974452029746,-1.235757854449429,1
120.864,-1.6940056857458032,-0.61353047468985,-1.7244288321825143,-0.5667326061620962,-1.6556974909150897,-1.2357159576465755,1
120.896,-1.6748057309970723,-0.6134885844892896,-1.7211648481528656,-0.6061392624750378,-1.6364975366072338,-1.2356740700079365,1
120.928,-1.6556057762064382,-0.6134467025944343,-1.6735325206878229,-0.5738130784928922,-1.617297582287023,-1.2356321880437136,1
120.96000000000001,-1.6364058214138968,-0.6134048254013935,-1.640623449216194,-0.6269244877442989,-1.5980976279628636,-1.2355903078977069,1
120.992,-1.617205866659553,-0.613362949002524,-1.6157564306573167,-0.6197540641689946,-1.5788976736434133,-1.2355484255957876,1
121.024,-1.5980059119810677,-0.6133210694382211,-1.5404620125541164,-0.5486230985501964,-1.559697719337028,-1.2355065373020373,1
121.056,-1.578805957411258,-0.6132791829521039,-1.578291157447959,-0.6597720823299325,-1.5404977650512282,-1.235464639565993,1
121.08800000000001,-1.559606002976002,-0.6132372862331477,-1.5641221218483183,-0.6340536976346384,-1.5212978107922162,-1.2354227295450935,1
121.12,-1.5404060486925746,-0.6131953766291514,-1.5480136262775783,-0.6276131608397189,-1.5020978565644785,-1.2353808051879551,1
121.152,-1.5212060945685248,-0.6131534523177681,-1.474278465594697,-0.6248503249045037,-1.4828979023704951,-1.2353388653666644,1
121.184,-1.5020061406011649,-0.6131115124240559,-1.5553301770723373,-0.6605625285733876,-1.4636979482105767,-1.2352969099495321,1
121.21600000000001,-1.4828061867777125,-0.6130695570769521,-1.4587257475545188,-0.5758590752775069,-1.44449799408284,-1.2352549398096344,1
121.248,-1.4636062330760853,-0.6130275874010123,-1.46722261343319,-0.597267876550473,-1.4252980399833244,-1.235212956768542,1
121.28,-1.4444062794663017,-0.6129856054439339,-1.4488631230574915,-0.6043365036970292,-1.4060980859062442,-1.235170963478885,1
121.312,-1.4252063259124055,-0.6129436140445317,-1.4106864622644946,-0.6395006350551001,-1.3868981318443598,-1.2351289632533289,1
121.34400000000001,-1.4060063723747904,-0.6129016166496779,-1.4040181263385998,-0.6426988769826013,-1.3676981777894452,-1.235086959850959,1
121.376,-1.3868064188127742,-0.6128596170920182,-1.414590278379316,-0.6281685689932043,-1.348498223732821,-1.235044957234876,1
121.408,-1.3676064651872506,-0.6128176193428075,-1.3429953363277374,-0.5938521931407692,-1.329298269665918,-1.2350029593166536,1
121.44,-1.3484065114632398,-0.612775627255814,-1.3783287906795907,-0.652550342650337,-1.3100983155808352,-1.2349609697040935,1
121.47200000000001,-1.329206557612166,-0.6127336443188108,-1.3403141368485518,-0.6083294992340553,-1.2908983614708527,-1.2349189914685916,1
121.504,-1.3100066036137117,-0.6126916734286847,-1.3672963719669358,-0.6554115086219228,-1.2716984073308664,-1.2348770269470852,1
121.536,-1.2908066494571202,-0.6126497167046565,-1.27371959433295,-0.5998303729043852,-1.2524984531577175,-1.2348350775913643,1
121.568,-1.2716066951418716,-0.6126077753516505,-1.2602478215951731,-0.60831761643707,-1.233298498950394,-1.2347931438744544,1
121.60000000000001,-1.252406740677687,-0.6125658495826101,-1.2308980798271878,-0.61839165670095,-1.2140985447100914,-1.2347512252600852,1
121.632,-1.2332067860838716,-0.6125239386047588,-1.1900803064623657,-0.6371180149579889,-1.1948985904401317,-1.2347093202372457,1
121.664,-1.214006831388045,-0.6124820406706859,-1.2036123884998637,-0.5310117351630967,-1.1756986361457449,-1.2346674264175528,1
121.696,-1.1948068766243483,-0.6124401531909601,-1.1879071844556526,-0.5949361159309146,-1.1564986818337295,-1.234625540689215,1
121.72800000000001,-1.1756069218312448,-0.6123982729010201,-1.177276358271477,-0.5676973875976062,-1.1372987275120143,-1.2345836594175963,1
121.76,-1.1564069670490589,-0.6123563960715882,-1.1425067102306246,-0.6077960714831301,-1.1180987731891496,-1.2345417786795496,1
121.792,-1.1372070123174027,-0.6123145187490611,-1.12444730253936,-0.5880937249016754,-1.098898818873759,-1.2344998945163184,1
121.824,-1.1180070576726535,-0.6122726370103876,-1.1298985548339489,-0.6015528417730966,-1.0796988645739882,-1.2344580031888126,1
121.85600000000001,-1.0988071031456352,-0.612230747216017,-1.0979197407816847,-0.6493969415826225,-1.0604989102969846,-1.2344161014187072,1
121.888,-1.0796071487596461,-0.6121888462446073,-1.1292841525441624,-0.6649141029330292,-1.041298956048438,-1.2343741865998974,1
121.92,-1.0604071945289564,-0.6121469316943623,-1.0209782513745553,-0.651552426494447,-1.022099001832215,-1.2343322569666055,1
121.952,-1.0412072404578736,-0.6121050020379992,-1.062418736929287,-0.5964591728261912,-1.002899047650107,-1.2342903117073165,1
121.98400000000001,-1.0220072865404377,-0.6120630567213441,-1.0619103954953937,-0.617745581763389,-0.9836990935017117,-1.2342483510172186,1
122.016,-1.0028073327607745,-0.6120210961991778,-0.9617243599902765,-0.5734705137474697,-0.9644991393844536,-1.2342063760856918,1
122.048,-0.9836073790940894,-0.6119791219060041,-0.9859248481538426,-0.6200114256226592,-0.9452991852937462,-1.2341643890196798,1
122.08,-0.9644074255082489,-0.6119371361636151,-1.0027152522957294,-0.606661618715469,-0.9260992312232843,-1.2341223927078835,1
122.11200000000001,-0.945207471965848,-0.6118951420314108,-0.9249556214330008,-0.5896332299847652,-0.9068992771654495,-1.23408039063451,1
122.144,-0.9260075184266339,-0.6118531431091264,-0.9412378234943436,-0.6487422671905885,-0.887699323111803,-1.2340383866546225,1
122.176,-0.9068075648501248,-0.611811143304699,-0.9439452134818564,-0.6364765377373828,-0.8684993690536329,-1.2339963847455413,1
122.208,-0.8876076111982503,-0.6117691465822495,-0.8646032127066929,-0.6555882345434806,-0.8492994149825205,-1.2339543887503857,1
122.24000000000001,-0.8684076574378343,-0.6117271567064453,-0.8388382523823921,-0.6058550828069362,-0.8300994608908875,-1.233912402130227,1
122.272,-0.8492077035427542,-0.6116851769997304,-0.8601611013252761,-0.6333982764587418,-0.8108995067724882,-1.2338704277409063,1
122.304,-0.8300077494956297,-0.6116432101280815,-0.8408137845136465,-0.6412847563859813,-0.7916995526228137,-1.2338284676488547,1
122.336,-0.8108077952889347,-0.6116012579290995,-0.7485340659167056,-0.5911736124659732,-0.7724995984393811,-1.2337865229978342,1
122.36800000000001,-0.7916078409254594,-0.6115593212935118,-0.8070713581742821,-0.6425842747825439,-0.7532996442218917,-1.2337445939351441,1
122.4,-0.7724078864181014,-0.611517400107716,-0.7818372720815103,-0.6663424864286882,-0.734099689972245,-1.2337026796020587,1
122.432,-0.7532079317890047,-0.6114754932610614,-0.7157497517797148,-0.6237982994682696,-0.7148997356944127,-1.2336607781891538,1
122.464,-0.7340079770681113,-0.6114335987173954,-0.7524148114038565,-0.5511877388978731,-0.6956997813941788,-1.23361888705288,1
122.49600000000001,-0.7148080222912232,-0.6113917136462624,-0.6755757330009432,-0.5952706213657794,-0.676499827078765,-1.2335770028859507,1
122.528,-0.6956080674977023,-0.6113498346053075,-0.6779988627375548,-0.5988020379872526,-0.657299872756366,-1.233535121930507,1
122.56,-0.6764081127279543,-0.611307957762135,-0.6384344529797665,-0.5536094681191173,-0.6380999184356241,-1.233493240220357,1
122.592,-0.6572081580208536,-0.6112660791413368,-0.6128810378468849,-0.6432260312865035,-0.6188999641250756,-1.233451353836681,1
122.62400000000001,-0.6380082034112677,-0.6112241948807757,-0.6949901019837122,-0.5966456389564812,-0.5997000098326057,-1.2334094591606994,1
122.656,-0.6188082489278329,-0.6111823014806094,-0.6166122614387491,-0.5936420528735683,-0.5805000555649436,-1.2333675531070472,1
122.688,-0.5996082945911189,-0.6111403960290007,-0.6551354153859618,-0.6601702873369862,-0.5613001013272299,-1.2333256333227747,1
122.72,-0.5804083404122972,-0.6110984763899557,-0.5512251223794529,-0.6412987251255616,-0.5421001471226858,-1.233283698339143,1
122.75200000000001,-0.5612083863924021,-0.6110565413411633,-0.5801544827587237,-0.5876842962162839,-0.5229001929524024,-1.233241747666428,1
122.784,-0.5420084325222347,-0.6110145906529323,-0.5559229751907068,-0.5937779677947003,-0.5037002388152657,-1.2331997818256013,1
122.816,-0.5228084787829244,-0.610972625103119,-0.429941536979963,-0.6451769049727281,-0.4845002847080243,-1.233157802314819,1
122.848,-0.5036085251471193,-0.6109306464270633,-0.5304513980656524,-0.5887323253054805,-0.4653003306254945,-1.2331158115129013,1
122.88,-0.48440857158073614,-0.6108886572057561,-0.49993903837500037,-0.6175415388043692,-0.4461003765608921,-1.2330738125259697,1
122.912,-0.4652086180451585,-0.6108466606994434,-0.45389377401183145,-0.5962696743986273,-0.42690042250626964,-1.2330318089872108,1
122.944,-0.44600866449974286,-0.6108046606374036,-0.48815684572795237,-0.6193389595877355,-0.4077004684530308,-1.2329898048225922,1
122.976,-0.4268087109044655,-0.6107626609774607,-0.3882034393176099,-0.6717696212989216,-0.38850051439248856,-1.232947803997712,1
123.008,-0.4076087572225333,-0.6107206656507526,-0.3595522507176332,-0.6197047204700233,-0.3693005603164298,-1.2329058102620727,1
123.04,-0.3884088034227826,-0.6106786783082206,-0.3486516646005056,-0.5958692523725889,-0.35010060621764943,-1.2328638269072894,1
123.072,-0.36920884948170335,-0.610636702085174,-0.3812686997599671,-0.6025737431774401,-0.33090065209041747,-1.2328218565548095,1
123.104,-0.350008895384956,-0.6105947393991068,-0.34892734584848095,-0.6632803239311649,-0.3117006979308495,-1.2327799009868552,1
123.136,-0.33080894112828174,-0.6105527917938032,-0.36575464536332064,-0.6185508296086405,-0.2925007437371553,-1.2327379610314597,1
123.168,-0.3116089867177515,-0.610510859839769,-0.3128661749328311,-0.6249906839712307,-0.2733007895097511,-1.2326960365090174,1
123.2,-0.29240903216934455,-0.610468943097405,-0.23535644090705676,-0.5865440567138338,-0.25410083525122834,-1.2326541262437984,1
123.232,-0.2732090775078912,-0.6104270401452856,-0.2603498772308522,-0.6022692696109946,-0.23490088096618214,-1.2326122281396754,1
123.264,-0.2540091227654552,-0.6103851486717231,-0.2511279689599654,-0.6231688580593439,-0.2157009266609125,-1.2325703393151881,1
123.296,-0.2348091679792638,-0.6103432656237144,-0.22685384848816742,-0.6415031965087514,-0.19650097234301708,-1.2325284562892416,1
123.328,-0.2156092131893211,-0.6103013874036824,-0.2361402163838565,-0.5957887276022988,-0.1773010180209028,-1.23248657520549,1
123.36,-0.19640925843585397,-0.6102595101013414,-0.17836596662783272,-0.6536064713333523,-0.15810106370324728,-1.2324446920809264,1
123.392,-0.17720930375674981,-0.6102176297457516,-0.19197198068772692,-0.6361211529317444,-0.13890110939844363,-1.2324028030626712,1
123.424,-0.15800934918514323,-0.6101757425613281,-0.15556385899869346,-0.6514358757499535,-0.11970115511406387,-1.2323609046764186,1
123.456,-0.13880939474729997,-0.6101338452113029,-0.10714420047961243,-0.635550037065807,-0.10050120085637387,-1.2323189940504973,1
123.488,-0.1196094404609294,-0.6100919350129419,-0.08675792482363066,-0.6159145116315734,-0.08130124662993059,-1.2322770691011127,1
123.52,-0.10040948633403272,-0.6100500101106322,-0.13476408765383227,-0.5909495665614095,-0.062101292437287056,-1.232235128666818,1
123.552,-0.08120953236436396,-0.6100080695956631,-0.07514713354446337,-0.6126621590462787,-0.042901338278824565,-1.2321931725835173,1
123.584,-0.06200957853954375,-0.6099661135649576,-0.06831831284190944,-0.6275556919454637,-0.02370138415272349,-1.2321512016951601,1
123.616,-0.04280962483782689,-0.6099241431149494,-0.06360426206395947,-0.6163974461451341,-0.004501430055075903,-1.2321092177994073,1
123.648,-0.02360967122948131,-0.6098821602709853,-0.036263418740218434,-0.630836360097272,0.01469852401986628,-1.2320672235318189,1
123.68,-0.004409717678695274,-0.6098401678567971,-0.033035046801546536,-0.5386683467551877,0.0338984780793225,-1.232025222195943,1
123.712,0.01479023585410771,-0.6097981693124563,0.040826513881761305,-0.5526429525226285,0.053098432131517645,-1.2319832175503433,1
123.744,0.03399018940969714,-0.6097561684725586,0.011592831533427765,-0.5473424943673358,0.07229838618514896,-1.231941213566239,1
123.776,0.05319014302737876,-0.6097141693189475,0.04049773835084314,-0.5909639597130087,0.09149834024882109,-1.231899214171427,1
123.808,0.07239009674243047,-0.6096721757239343,0.07243176128064698,-0.7049320085757627,0.11069829433048664,-1.2318572229969988,1
123.84,0.0915900505838045,-0.6096301912005803,0.1165096889869437,-0.5741500080037958,0.12989824843692943,-1.2318152431431626,1
123.872,0.11079000457224972,-0.6095882186761443,0.1278038737438346,-0.5941876774352302,0.14909820257332485,-1.2317732769793093,1
123.904,0.12998995871897825,-0.6095462603033052,0.06729800171382218,-0.5905973714135136,0.16829815674290616,-1.2317313259911762,1
123.936,0.14918991302496082,-0.6095043173213228,0.17286184997914875,-0.6003449016122822,0.18749811094675822,-1.2316893906849804,1
123.968,0.1683898674808918,-0.609462389976083,0.17866596322867528,-0.5654292539201425,0.20669806518375133,-1.2316474705547007,1
124.0,0.1875898220678191,-0.6094204775041735,0.1966074489765955,-0.6074892321182793,0.2258980194506185,-1.2316055641146106,1
124.032,0.2067897767583901,-0.6093785781820136,0.191777625519665,-0.6567178275879958,0.2450979737421698,-1.2315636689949705,1
124.06400000000001,0.2259897315186276,-0.6093366894368728,0.19325650439501296,-0.6495531597200157,0.2642979280516294,-1.2315217820947209,1
124.096,0.24518968631011742,-0.6092948080126288,0.25860554681657444,-0.6332749983998918,0.2834978823710724,-1.2314798997813101,1
124.128,0.26438964109246693,-0.6092529301795905,0.20766028784722357,-0.6106210706253583,0.3026978366919336,-1.2314380181248563,1
124.16,0.2835895958258813,-0.6092110519748797,0.30709978690864154,-0.6234257850557887,0.3218977910055562,-1.231396133151478,1
124.19200000000001,0.3027895504736974,-0.6091691694578831,0.3211047594791329,-0.646097861514128,0.3410977453037449,-1.231354241099498,1
124.224,0.3219895050047201,-0.6091272789643208,0.30465515292168854,-0.6311682918308712,0.3602976995792905,-1.2313123386620293,1
124.256,0.34118945939521744,-0.6090853773425533,0.34523909738495284,-0.5632169416915453,0.3794976538264318,-1.2312704232002674,1
124.288,0.36038941363044985,-0.609043462156887,0.3334636163611153,-0.6447710586551078,0.39869760804122706,-1.2312284929137352,1
124.32000000000001,0.37958936770563523,-0.6090015318447577,0.37045551023784623,-0.6117461821225,0.41789756222180957,-1.2311865469565035,1
124.352,0.3987893216262839,-0.6089595858176389,0.3999207243924048,-0.6141595679603878,0.43709751636851224,-1.2311445854918823,1
124.384,0.41798927540787517,-0.6089176244991483,0.4395186969484336,-0.6116618671215515,0.45629747048385066,-1.2311026096820108,1
124.416,0.4371892290748887,-0.6088756492978747,0.4455430091456025,-0.626560830782586,0.4754974245723657,-1.2310606216130382,1
124.44800000000001,0.4563891826592456,-0.608833662516664,0.4768713919665539,-0.5791097655929068,0.4946973786403339,-1.231018624160699,1
124.48,0.4755891361982555,-0.6087916672042057,0.4655273808584574,-0.5853695916488966,0.513897332695364,-1.2309766208049457,1
124.512,0.49478908973220037,-0.6087496669584893,0.5198970572544531,-0.622805661605049,0.5330972867459052,-1.2309346154055902,1
124.544,0.5139890433017145,-0.6087076656948093,0.58762547095639,-0.593863563577432,0.552297240800699,-1.2308926119534205,1
124.57600000000001,0.5331889969451349,-0.6086656673932879,0.567146260887229,-0.6113918912266607,0.5714971948682112,-1.2308506143128668,1
124.608,0.5523889506960016,-0.6086236758422056,0.5373491216083061,-0.5753931155509246,0.5906971489560814,-1.2308086259727864,1
124.64,0.5715889045808751,-0.6085816943936944,0.5672290030022119,-0.5904325508475887,0.6098971030706268,-1.2307666498214422,1
124.672,0.5907888586176178,-0.6085397257475504,0.6063344347771332,-0.5542777541969187,0.6290970572164336,-1.2307246879602196,1
124.70400000000001,0.6099888128142514,-0.6084977717771038,0.6440132578560603,-0.6559075530587396,0.6482970113960616,-1.2306827415680417,1
124.736,0.6291887671684621,-0.6084558334083652,0.5829826411878973,-0.5825671317739478,0.6674969656098818,-1.2306408108252582,1
124.768,0.6483887216677776,-0.6084139105602353,0.6030402559322054,-0.599085173828856,0.6866969198560573,-1.2305988949019049,1
124.8,0.6675886762904013,-0.6083720021496288,0.65338564712341,-0.5800134794892846,0.705896874130665,-1.2305569920110941,1
124.83200000000001,0.6867886310066369,-0.6083301061611791,0.6785653607023651,-0.639046738127824,0.7250968284279529,-1.2305150995240923,1
124.864,0.705988585780811,-0.6082882197770378,0.7064844079519663,-0.6156099710323268,0.7442967827407114,-1.2304732141396864,1
124.896,0.7251885405735646,-0.6082463395584129,0.7046333902337745,-0.6106351679377363,0.7634967370607388,-1.2304313320969233,1
124.928,0.7443884953443681,-0.6082044616671561,0.7249009536367005,-0.5894541768519879,0.782696691379366,-1.2303894494175183,1
124.96000000000001,0.763588450054104,-0.6081625821131339,0.7593058695053367,-0.5665885370421145,0.8018966456880121,-1.2303475621623254,1
124.992,0.7827884046675575,-0.6081206970114474,0.817242401946886,-0.6258837071845388,0.8210965999787324,-1.2303056666853165,1
125.024,0.801988359155662,-0.608078802832928,0.7810566818205616,-0.5572687417409655,0.8402965542447276,-1.2302637598687276,1
125.056,0.8211883134973618,-0.6080368966317606,0.8256985479074901,-0.6092351536311089,0.8594965084807797,-1.23022183932419,1
125.08800000000001,0.8403882676809735,-0.6079949762355499,0.8550857256801438,-0.5626906059150855,0.8786964626835891,-1.230179903546862,1
125.12,0.8595882217049592,-0.6079530403855592,0.8655097477914931,-0.5855922383893283,0.8978964168519897,-1.2301379520125983,1
125.152,0.8787881755780541,-0.6079110888180587,0.9256280425747739,-0.5331140794952056,0.9170963709870288,-1.230095985211946,1
125.184,0.8979881293187366,-0.6078691222815183,0.9189611378692402,-0.5940713360646591,0.9362963250919042,-1.230054004618645,1
125.21600000000001,0.9171880829540633,-0.6078271424885106,0.9158439108762105,-0.6066116394964765,0.9554962791717626,-1.2300120125947525,1
125.248,0.9363880365179407,-0.607785152005415,0.9631822518943041,-0.6100647119132409,0.9746962332333704,-1.2299700122384354,1
125.28,0.9555879900489394,-0.6077431540870265,0.9520605861589798,-0.668917139038284,0.993896187284678,-1.2299280071842693,1
125.312,0.9747879435877924,-0.6077011524667321,0.9599943502679857,-0.6025174602895654,1.0130961413343051,-1.2298860013689303,1
125.34400000000001,0.9939878971747441,-0.6076591511157932,0.9848496321186501,-0.5898698876866284,1.0322960953909817,-1.229843998777346,1
125.376,1.0131878508469252,-0.6076171539872601,1.0086240889682894,-0.6133934236894225,1.0514960494629795,-1.2298020031857373,1
125.408,1.0323878046359327,-0.6075751647610431,1.0418725640432247,-0.638702741337568,1.0706960035575752,-1.2297600179180646,1
125.44,1.0515877585657778,-0.6075331866065795,1.0544178925569345,-0.5934596352986257,1.0898959576805778,-1.2297180456316323,1
125.47200000000001,1.0707877126513357,-0.607491221978405,1.046176214449358,-0.5749870673267831,1.1090959118359531,-1.229676088145657,1
125.504,1.0899876668974002,-0.6074492724578049,1.1164438764310147,-0.5951359381219279,1.1282958660255695,-1.2296341463238307,1
125.536,1.1091876212984002,-0.6074073386507507,1.1198357086523947,-0.60447033467412,1.1474958202490806,-1.2295922200185074,1
125.568,1.1283875758387873,-0.6073654201486987,1.173852514129678,-0.6077163102313357,1.1666957745039517,-1.2295503080800552,1
125.60000000000001,1.1475875304940653,-0.607323515554776,1.1201543051125864,-0.5973313408051775,1.185895728785627,-1.2295084084308172,1
125.632,1.1667874852323852,-0.6072816225736704,1.1060377672547725,-0.6013464242416889,1.205095683087827,-1.2294665181989008,1
125.664,1.1859874400166013,-0.6072397381594378,1.2038829607122568,-0.6474230191034299,1.224295637402953,-1.2294246339031885,1
125.696,1.2051873948066516,-0.6071978587117167,1.2231494872095265,-0.6086450096064828,1.2434955917225765,-1.229382751677662,1
125.72800000000001,1.2243873495621147,-0.6071559803077169,1.2161785222140211,-0.610988584407688,1.2626955460379787,-1.2293408675205828,1
125.76,1.2435873042447836,-0.6071140989550456,1.2146108759521925,-0.607044792410328,1.2818955003407084,-1.2292989775524719,1
125.792,1.2627872588210982,-0.6070722108490872,1.2653529911028374,-0.6051466736025958,1.3010954546231224,-1.229257078266274,1
125.824,1.2819872132642884,-0.6070303126183495,1.2981129266096745,-0.5992010975132154,1.3202954088788745,-1.2292151667535824,1
125.85600000000001,1.3011871675560929,-0.606988401541957,1.2690354591020911,-0.5815033826860451,1.3394953631033248,-1.2291732408922738,1
125.888,1.3203871216879455,-0.6069464757252555,1.2865911375865628,-0.6078122687469776,1.3586953172938387,-1.229131299483551,1
125.92,1.3395870756615516,-0.6069045342221899,1.3275864221823528,-0.5904855699040233,1.377895271449961,-1.2290893423294267,1
125.952,1.3587870294888091,-0.6068625770965359,1.3449451147004938,-0.5845675954187025,1.3970952255734495,-1.2290473702457014,1
125.98400000000001,1.377986983191074,-0.6068206054180154,1.4274307785736662,-0.5928578480520003,1.416295179668167,-1.2290053850095555,1
126.016,1.3971869367978074,-0.6067786211935235,1.4280494796775265,-0.6216492530030456,1.4354951337398365,-1.2289633892451368,1
126.048,1.4163868903446883,-0.6067366272378868,1.4159711154263876,-0.6456101341983023,1.4546950877956737,-1.22892138625448,1
126.08,1.435586843871309,-0.6066946269924751,1.4454901827245603,-0.6338536826286201,1.4738950418439218,-1.2288793798046855,1
126.11200000000001,1.4547867974186046,-0.6066526243033669,1.449219142172302,-0.6680344663737764,1.4930949958933182,-1.2288373738850595,1
126.144,1.4739867510261864,-0.6066106231733721,1.523400893793292,-0.6289536700015769,1.5122949499525256,-1.2287953724498837,1
126.176,1.493186704729759,-0.6065686275039133,1.4124076718217617,-0.616815790943403,1.53149490402957,-1.228753379163413,1
126.208,1.5123866585587957,-0.6065266408434113,1.5039808837314097,-0.6089465407629295,1.5506948581313182,-1.2287113971635186,1
126.24000000000001,1.531586612534627,-0.6064846661584065,1.5351199757641694,-0.5596592273605678,1.5698948122630332,-1.2286694288592532,1
126.272,1.5507865666690683,-0.6064427056421714,1.531428148540089,-0.6255521946385414,1.589094766428034,-1.2286274757753584,1
126.304,1.5699865209636767,-0.6064007605731558,1.5634900476615143,-0.6073082720955663,1.6082947206274836,-1.2285855384537807,1
126.336,1.589186475409677,-0.6063588312323863,1.5248544766515304,-0.5777750829839866,1.6274946748603176,-1.2285436164185213,1
126.36800000000001,1.6083864299885553,-0.6063169168851464,1.6514611462426922,-0.607746446484893,1.6466946291233173,-1.2285017082060994,1
126.4,1.6275863846732777,-0.6062750158281214,1.65115140461818,-0.6266341367797129,1.66589458341132,-1.2284598114596794,1
126.432,1.6467863394300428,-0.6062331254989786,1.6472530537769041,-0.6002572417129733,1.6850945377175546,-1.2284179230808172,1
126.464,1.6659862942204582,-0.6061912426413358,1.6378914210691757,-0.5768574756018201,1.7042944920340783,-1.228376039429029,1
126.49600000000001,1.6851862490039955,-0.6061493635145019,1.692116351234103,-0.6132904642912835,1.723494446352286,-1.22833415655637,1
126.528,1.7043862037405741,-0.6061074841344914,1.7226727375773405,-0.6124806615625756,1.7426944006634615,-1.2282922704618864,1
126.56,1.723586158393112,-0.6060656005307968,1.699502611428809,-0.6140360109532217,1.7618943549593344,-1.228250377349568,1
126.592,1.7427861129298876,-0.6060237090023765,1.743534496724868,-0.581089587499652,1.7810943092326101,-1.2282084738731547,1
126.62400000000001,1.761986067326567,-0.605981806356361,1.8070802450993035,-0.5739235593539681,1.8002942634774364,-1.2281665573520335,1
126.656,1.7811860215677717,-0.6059398901140829,1.7756893542950969,-0.6205006225062579,1.8194942176897813,-1.2281246259442646,1
126.688,1.8003859756480842,-0.6058979586711281,1.8672461842011772,-0.6434764552651647,1.8386941718676943,-1.2280826787656085,1
126.72,1.8195859295724244,-0.6058560114010675,1.7678535880342168,-0.6502135050154901,1.8578941260114374,-1.2280407159467956,1
126.75200000000001,1.8387858833557655,-0.6058140486961504,1.810988479297623,-0.6287066213327347,1.8770940801234721,-1.227998738625389,1
126.784,1.8579858370222004,-0.6057720719423078,1.8395495227869163,-0.6242849391348695,1.8962940342083061,-1.2279567488726861,1
126.816,1.8771857906034095,-0.6057300834300515,1.8983466599433445,-0.661846883198411,1.915493988272207,-1.227914749560399,1
126.848,1.896385744136627,-0.6056880862069982,1.9298610044985776,-0.6008995540084408,1.934693942322799,-1.2278727441756547,1
126.88000000000001,1.9155856976622316,-0.605646083881513,1.8990622264574701,-0.6387784260327887,1.9538938963685704,-1.2278307365962662,1
126.912,1.934785651221123,-0.6056040803901347,1.959263553134222,-0.5657887099636418,1.973093850418324,-1.2277887308407611,1
126.944,1.9539856048520572,-0.605562079743779,1.93038830348684,-0.5743055011379379,1.9922938044806042,-1.2277467308092458,1
126.976,1.9731855585891203,-0.6055200857690881,1.9666956493943868,-0.5847184744203187,2.011493758563142,-1.2277047400318688,1
127.008,1.9923855124595118,-0.6054781018616121,1.9894134136813668,-0.6181665171216241,2.030693712672351,-1.2276627614410744,1
127.04,2.011585466481785,-0.6054361307667372,2.008522032196618,-0.5875797377276691,2.049893666812916,-1.2276207971823192,1
127.072,2.0307854206646585,-0.6053941744024877,1.993734913406123,-0.6214666129314335,2.0690936209874855,-1.2275788484755294,1
127.104,2.049985375006475,-0.60535223373563,2.123883925475233,-0.6120827043707653,2.0882935751965084,-1.2275369155361444,1
127.136,2.0691853294953373,-0.605310308719064,2.060693919180615,-0.6089758274383738,2.1074935294382047,-1.2274949975609168,1
127.168,2.0883852841098993,-0.6052683982945483,2.068431371094228,-0.5521501768411246,2.1266934837086873,-1.2274530927793832,1
127.2,2.1075852388207643,-0.6052265004605932,2.144829749069361,-0.5939807138670797,2.145893438002213,-1.227411198567671,1
127.232,2.1267851935923834,-0.6051846124011633,2.0746629674198407,-0.6125068354666665,2.1650933923115563,-1.2273693116173807,1
127.264,2.1459851483853387,-0.6051427306669175,2.1404165193293556,-0.5946842717600682,2.184293346628473,-1.2273274281486397,1
127.296,2.1651851031588585,-0.6051008513973298,2.126174386203366,-0.6204221893462939,2.203493300944229,-1.227285544153624,1
127.328,2.1843850578734134,-0.6050589705693981,2.2076341485658824,-0.5909031824676308,2.2226932552501597,-1.2272436556548636,1
127.36,2.203585012493232,-0.6050170842569303,2.1951630056691376,-0.5535663607162177,2.2418932095382234,-1.2272017589617035,1
127.392,2.2227849669885784,-0.6049751888837077,2.2048699011077595,-0.6069209164322711,2.261093163801516,-1.2271598509083708,1
127.424,2.241984921337657,-0.6049332814542026,2.234545131452676,-0.6112400033988035,2.2802931180347152,-1.2271179290583105,1
127.456,2.261184875528021,-0.6048913597469692,2.3091342610155374,-0.6482086436571565,2.2994930722344225,-1.2270759918615675,1
127.488,2.280384829557394,-0.6048494224582136,2.279042852526168,-0.6217596261840129,2.3186930263993872,-1.2270340387551064,1
127.52,2.2995847834338488,-0.604807469286258,2.3014318143564716,-0.6348513974064569,2.3378929805305906,-1.2269920701994785,1
127.552,2.318784737175318,-0.6047655009514137,2.3079284870259333,-0.6330084083779117,2.357092934631189,-1.2269500876495492,1
127.584,2.3379846908084723,-0.6047235191499516,2.3193656505899116,-0.6352753239947364,2.3762928887063146,-1.2269080934610446,1
127.616,2.3571846443670172,-0.6046815264451001,2.4274230892813886,-0.6491815177919579,2.3954928427627484,-1.2268660907389861,1
127.648,2.376384597889527,-0.6046395261020789,2.344854297118554,-0.5698200662766465,2.4146927968084837,-1.2268240831377373,1
127.68,2.395584551416946,-0.6045975218777881,2.4112504713924268,-0.5882611296835615,2.43389275085221,-1.2267820746255307,1
127.712,2.414784504989926,-0.6045555177787021,2.3937714388887836,-0.6082804746230545,2.4530927049027476,-1.226740069228681,1
127.744,2.4339844586461807,-0.6045135178025803,2.425852861220344,-0.5846093980237239,2.4722926589684753,-1.2266980707719437,1
127.776,2.453184412418028,-0.6044715256806469,2.450079939290757,-0.6202516332970137,2.4914926130567863,-1.2266560826317696,1
127.808,2.4723843663302927,-0.6044295446368658,2.4901655749896854,-0.5708866402594486,2.5106925671736056,-1.2266141075183845,1
127.84,2.491584320398703,-0.6043875771798373,2.488023219790565,-0.607501879515112,2.529892521323009,-1.2265721473007156,1
127.872,2.510784274628892,-0.6043456249407351,2.444127707860914,-0.6097621293796713,2.549092475506959,-1.226530202885505,1
127.904,2.5299842290160552,-0.6043036885677415,2.555008925887832,-0.6142824362503027,2.5682924297251817,-1.2264882741583805,1
127.936,2.5491841835452878,-0.6042617676837952,2.4981985318854707,-0.6069994203992914,2.5874923839751873,-1.2264463599907327,1
127.968,2.5683841381925703,-0.6042198609103954,2.521838503167337,-0.6424477433795381,2.606692338252435,-1.2264044583119762,1
128.0,2.5875840929263294,-0.6041779659559499,2.6287263669072187,-0.6247301386327694,2.625892292550627,-1.2263625662425415,1
128.032,2.606784047709472,-0.604136079763005,2.630206675933087,-0.655454921564232,2.6450922468621156,-1.2263206802790882,1
128.064,2.625984002501759,-0.6040941987049032,2.623911691582673,-0.5806439599563199,2.664292201178393,-1.2262787965200248,1
128.096,2.6451839572623683,-0.604052318819229,2.699433777146975,-0.6356907770440996,2.6834921554906384,-1.2262369109168063,1
128.12800000000001,2.6643839119524904,-0.6040104360630305,2.695590939902499,-0.5940568706529659,2.70269210979028,-1.226195019534863,1
128.16,2.6835838665377953,-0.6039685465733899,2.671670576562021,-0.5808763058243708,2.7218920640695443,-1.2261531188073271,1
128.192,2.702783820990623,-0.6039266469165601,2.7239776244272416,-0.5871253688078764,2.741092018321954,-1.2261112057652197,1
128.224,2.7219837752917555,-0.6038847343096047,2.738841698482243,-0.6359749237564948,2.7602919725427437,-1.2260692782292295,1
128.256,2.7411837294316643,-0.6038428068002348,2.752904003245092,-0.6007575204791343,2.779491926729171,-1.2260273349507098,1
128.288,2.7603836834111504,-0.6038008633932185,2.7631992505833205,-0.6199400942763473,2.798691880880695,-1.2259853756927472,1
128.32,2.7795836372413256,-0.6037589041151666,2.790914845695776,-0.5733895623373021,2.8178918349990187,-1.2259434012460682,1
128.352,2.798783590942932,-0.603716930013475,2.822308997228708,-0.6196501008148403,2.837091789087984,-1.2259014133786816,1
128.38400000000001,2.8179835445450365,-0.603674943089436,2.8315713036778924,-0.636711565447443,2.8562917431533297,-1.2258594147224648,1
128.416,2.837183498083174,-0.6036329461697902,2.879662931027879,-0.5993672682491588,2.875491697202325,-1.2258174086039761,1
128.448,2.8563834515970585,-0.6035909427249601,2.869455006175757,-0.6320119956169786,2.894691651243301,-1.22577539883038,1
128.48,2.8755834051280145,-0.603548936645656,2.8917574746371972,-0.6065547299187544,2.913891605285111,-1.2257333894442073,1
128.512,2.8947833587162886,-0.6035069319922369,2.9138418289611683,-0.5815165923524799,2.933091559336557,-1.2256913844628217,1
128.544,2.913983312398432,-0.6034649327329727,2.925719509001131,-0.592442222890313,2.952291513405817,-1.225649387619308,1
128.576,2.933183266204925,-0.6034229424880777,2.9696634536669846,-0.6226654895233,2.9714914674999124,-1.225607402121526,1
128.608,2.952383220158201,-0.6033809642960167,2.9653425356987366,-0.5900088624063983,2.9906914216242515,-1.2255654304448538,1
128.64000000000001,2.971583174271207,-0.6033390004171573,2.991219546443686,-0.6314022847762049,3.0098913757822814,-1.2255234741720187,1
128.672,2.990783128546581,-0.6032970521874355,2.968920305900173,-0.6048643228026528,3.029091329975264,-1.2254815338903142,1
128.704,3.0099830829765093,-0.6032551199314882,3.043242673748707,-0.6074126243710355,3.0482912842021985,-1.225439609152928,1
128.736,3.0291830375432536,-0.6032132029408828,3.0466825423762742,-0.5829794308156802,3.067491238459888,-1.225397698506862,1
128.768,3.048382992220312,-0.6031712995188836,3.010555388563885,-0.6110658703652366,3.086691192743147,-1.2253557995857074,1
128.8,3.0675829469741327,-0.6031294070889207,3.061457273595168,-0.6511679502400834,3.105891147045138,-1.225313909261369,1
128.832,3.0867829017662647,-0.6030875223598278,3.115717362255845,-0.6015421544196812,3.125091101357812,-1.22527202384499,1
128.864,3.10598285655581,-0.6030456415372587,3.113296326935813,-0.5925543944471899,3.144291055672422,-1.2252301393241862,1
128.89600000000002,3.1251828113020204,-0.6030037605677173,3.1420777389629326,-0.6035016208877237,3.163491009980085,-1.225188251621368,1
128.928,3.144382765966883,-0.602961875399524,3.155211549882179,-0.5927034024687231,3.1826909642723464,-1.2251463568564966,1
128.96,3.163582720517535,-0.6029199822439336,3.1740162199525463,-0.6091686657096876,3.201890918541725,-1.2251044515973772,1
128.992,3.182782674928356,-0.6028780778195958,3.197747113537375,-0.6629983008382885,3.2210908727821903,-1.2250625330813703,1
129.024,3.2019826291826163,-0.6028361595645931,3.1951538213304165,-0.5671971682776294,3.2402908269895523,-1.2250205993941667,1
129.056,3.2211825832735683,-0.6027942258023623,3.2324771955091482,-0.5573814610151585,3.2594907811617357,-1.2249786495941073,1
129.088,3.2403825372049098,-0.6027522758507541,3.228298392791429,-0.6334722163883957,3.2786907352989187,-1.2249366837739526,1
129.12,3.259582490990584,-0.602710310067135,3.2351161812381326,-0.6459097313486961,3.2978906894035287,-1.2248947030560295,1
129.15200000000002,3.278782444653922,-0.6026683298265466,3.2476172705752644,-0.6083848604934842,3.317090643480093,-1.2248527095210655,1
129.184,3.2979823982261713,-0.6026263374342501,3.308868520736978,-0.5989638363215686,3.3362905975349535,-1.2248107060751279,1
129.216,3.317182351744501,-0.6025843359782108,3.306242754531282,-0.6164677145126912,3.35549055157586,-1.2247686962632285,1
129.248,3.336382305249613,-0.602542329130959,3.3049112030723986,-0.632543374203475,3.374690505611473,-1.2247266840415256,1
129.28,3.355582258783113,-0.6025003209135362,3.2898749089347414,-0.5876112395417306,3.3938904596508013,-1.2246846735227406,1
129.312,3.3747822123848095,-0.6024583154366895,3.3636862241827905,-0.6312246576527394,3.413090413702619,-1.2246426687111758,1
129.344,3.3939821660901357,-0.6024163166359572,3.3725555655619623,-0.6103855862867836,3.432290367774893,-1.2246006732443546,1
129.376,3.413182119927851,-0.6023743280176974,3.4346289697609347,-0.5763898170511631,3.4514903218742656,-1.2245586901579446,1
129.40800000000002,3.432382073918188,-0.6023323524324192,3.435196909464223,-0.6239118053034605,3.470690276005622,-1.2245167216891268,1
129.44,3.4515820280715577,-0.6022903918900341,3.4504783694669654,-0.6547962924336859,3.4898902301717736,-1.224474769131103,1
129.472,3.470781982387897,-0.6022484474289614,3.442080437051171,-0.6339713579592742,3.509090184373274,-1.224432832748167,1
129.504,3.4899819368566956,-0.6022065190475694,3.481240085211791,-0.5629575776553924,3.5282901386083867,-1.224390911756876,1
129.536,3.5091818914576907,-0.6021646057024408,3.598555250414126,-0.5841045585490454,3.547490092873195,-1.2243490043746508,1
129.568,3.5283818461621794,-0.6021227053736676,3.5358329943769,-0.6372851971764384,3.566690047161857,-1.22430710793276,1
129.6,3.5475818009348585,-0.6020808151930745,3.5499483661714675,-0.6097101703836257,3.5858900014669777,-1.2242652190465122,1
129.632,3.566781755736069,-0.602038931627233,3.575894360098879,-0.575417804986559,3.6050899557800835,-1.2242233338318433,1
129.66400000000002,3.585981710524308,-0.6019970507036037,3.5408146109957457,-0.6177856890951969,3.6242899100921644,-1.2241814481544486,1
129.696,3.6051816652588475,-0.6019551682653592,3.599086050652372,-0.57182000317807,3.643489864394246,-1.224139557895473,1
129.728,3.6243816199023033,-0.6019132802385762,3.6154047242981084,-0.609578598732416,3.6626898186779666,-1.2240976592167938,1
129.76,3.643581574422999,-0.6018713828946656,3.614891284261114,-0.6037596239032642,3.6818897729361084,-1.224055748808773,1
129.792,3.6627815287969767,-0.6018294730911803,3.6834772058352954,-0.5973525723264086,3.7010897271630654,-1.2240138241046044,1
129.824,3.681981483009533,-0.6017875484754911,3.6644765577981233,-0.5750984880713729,3.7202896813552067,-1.2239718834473552,1
129.856,3.701181437056184,-0.6017456076381711,3.7195273234406256,-0.6134608143427284,3.7394896355111173,-1.2239299261988985,1
129.888,3.7203813909429857,-0.601703650206126,3.771327882823892,-0.6023083082054957,3.758689589631698,-1.2238879527836404,1
129.92000000000002,3.7395813446861914,-0.6016616768693537,3.7606340669076754,-0.6065289426354461,3.7778895437201205,-1.2238459646640176,1
129.952,3.758781298311255,-0.6016196893394496,3.7056335877272306,-0.6034466444003452,3.797089497781631,-1.223803964249235,1
129.984,3.7779812518512395,-0.6015776902423631,3.8033667600349004,-0.5638383080988308,3.8162894518232253,-1.223761954742906,1
130.016,3.7971812053447214,-0.6015356829521135,3.7797062783696136,-0.6454209964973605,3.835489405853201,-1.2237199399392171,1
130.048,3.816381158833335,-0.6014936713759829,3.793122321158427,-0.6789610858979123,3.854689359880629,-1.2236779239805526,1
130.08,3.835581112359108,-0.601451659704823,3.8476229477603408,-0.6568623957323508,3.8738893139147654,-1.2236359110919983,1
130.112,3.854781065961766,-0.6014096521443744,3.821192096378887,-0.6266536508035931,3.893089267964455,-1.2235939053096536,1
130.144,3.8739810196761866,-0.6013676526447378,3.885384739173051,-0.6227944862226923,3.9122892220375522,-1.2235519102201275,1
130.17600000000002,3.8931809735301726,-0.6013256646452834,3.8625497318560686,-0.6225008445629214,3.9314891761404107,-1.2235099287278672,1
130.208,3.9123809275426837,-0.6012836908513287,3.8575701080060076,-0.6415258895555509,3.9506891302774654,-1.2234679628652658,1
130.24,3.931213607137058,-0.6012426025594035,3.909357529434933,-0.6489477806572089,3.9694929406884363,-1.2234269270534837,1
130.272,3.949459470958062,-0.6012028473161305,3.988507748296962,-0.5946231037562774,3.9876941055556636,-1.223387299339007,1
130.304,3.96711631531062,-0.6011644215932139,3.965954576012418,-0.5862920998525577,4.005311402964537,-1.2233490285712716,1
130.336,3.9842000521932364,-0.6011273136007235,4.0121197249256815,-0.6241329379084184,4.0223636814987405,-1.2233120544588294,1
130.368,4.0007297517429254,-0.6010914759476733,4.0026574491454125,-0.6802704863475717,4.038869280557645,-1.2232763167116654,1
130.4,4.016724479949941,-0.6010568488357512,4.023155927294619,-0.5747848626810297,4.054845929299237,-1.223241757763628,1
130.43200000000002,4.032202600076131,-0.6010233723655571,4.027886434048254,-0.6406153567771126,4.070310746773905,-1.2232083237330778,1
130.464,4.047181671187921,-0.6009909906537741,4.049015459715038,-0.6321448148214575,4.085280264412315,-1.223175964748762,1
130.496,4.061678483663988,-0.6009596527917159,4.0812100668167375,-0.5615558271124362,4.099770451759873,-1.2231446349645168,1
130.528,4.075709118575199,-0.6009293127567411,4.065385198484358,-0.6327379102787623,4.113796741074643,-1.2231142923913756,1
130.56,4.089289004613269,-0.6008999289948613,4.0858865271671725,-0.5910301331003297,4.127374050024894,-1.2230848986203533,1
130.592,4.102432967655865,-0.6008714639130455,4.096534282020518,-0.6306466070391507,4.140516802564806,-1.2230564184861124,1
130.624,4.1151552730909495,-0.6008438833667642,4.12457187326369,-0.6296133187684163,4.153238948224017,-1.2230288197069492,1
130.656,4.127469662006545,-0.6008171561771372,4.10209948763552,-0.5861141385261502,4.165553980042776,-1.2230020725256,1
130.68800000000002,4.139389382374489,-0.6007912536920921,4.10626810059975,-0.5513855942081555,4.177474951349026,-1.2229761493668256,1
130.72,4.150927216184308,-0.6007661493965911,4.163341658910312,-0.5865751999675335,4.1890144915376375,-1.2229510245214172,1
130.752,4.162095503299488,-0.6007418185720993,4.170170878269519,-0.6348087214318993,4.200184820981392,-1.2229266738617832,1
130.784,4.1729061626512225,-0.6007182380029118,4.182117875389644,-0.5548862138684159,4.210997765178619,-1.2229030745912206,1
130.816,4.1833707112577905,-0.600695385725737,4.204126391062222,-0.589339864181654,4.221464768222668,-1.2228802050268732,1
130.848,4.193500281456766,-0.6006732408184854,4.1754102102456025,-0.6426159969293125,4.231596905662819,-1.2228580444150976,1
130.88,4.203305636657506,-0.6006517832241827,4.150854364896402,-0.6556106819803775,4.241404896813807,-1.2228365727771537,1
130.912,4.212797185858386,-0.6006309936060944,4.213529493984071,-0.588890580672484,4.250899116561308,-1.2228157707826413,1
130.94400000000002,4.2219849971235694,-0.600610853230391,4.246817915979613,-0.6165399762869397,4.260089606702916,-1.2227956196478877,1
130.976,4.2308788101748895,-0.600591343872939,4.176042782449377,-0.5993974563259502,4.2689860868579075,-1.2227761010564062,1
131.008,4.239488048223465,-0.6005724477470435,4.261506142776048,-0.6314470324271104,4.277597964974092,-1.2227571970985542,1
131.04,4.247821829141248,-0.6005541474491982,4.226073265534112,-0.6136250096360552,4.285934347456086,-1.2227388902275993,1
131.072,4.255888976053366,-0.6005364259201051,4.256871009509678,-0.6024804337970433,4.294004048936126,-1.2227211632295625,1
131.104,4.263698027416856,-0.6005192664184442,4.291380156101689,-0.6115892720546346,4.3018156017059415,-1.2227039992044189,1
131.136,4.271257246639308,-0.6005026525050737,4.253837384330635,-0.602564897167212,4.309377264826135,-1.2226873815563573,1
131.168,4.278574631281322,-0.6004865680355556,4.256432014517306,-0.5983464117340979,4.316697032927776,-1.222671293991104,1
131.2,4.285657921879115,-0.6004709971591148,4.32109379257236,-0.6194823657646458,4.323782644719531,-1.2226557205185256,1
131.232,4.292514610417546,-0.6004559243223596,4.310881347973124,-0.557966309666815,4.3306415912124745,-1.2226406454589214,1
131.264,4.299151948479015,-0.6004413342762983,4.3085495476827465,-0.5788115289600612,4.337281123673774,-1.2226260534516806,1
131.296,4.3055769550898635,-0.6004272120854061,4.304039592966892,-0.5932258416021889,4.343708261319612,-1.2226119294651854,1
131.328,4.311796424282798,-0.6004135431376926,4.297903909752163,-0.6043270801440006,4.349929798757018,-1.2225982588070416,1
131.36,4.3178169323914135,-0.6004003131549153,4.2723068754213065,-0.6060994483668477,4.35595231318372,-1.222585027133905,1
131.392,4.323644845090877,-0.6003875082022556,4.3268986765559045,-0.6430694547732124,4.361782171354549,-1.2225722204603444,1
131.424,4.329286324197238,-0.6003751146969418,4.339109291399881,-0.5415602468095839,4.367425536322555,-1.2225598251663352,1
131.456,4.334747334236484,-0.6003631194154385,4.342681705460573,-0.5707162062234981,4.372888373962535,-1.2225478280031068,1
131.488,4.340033648793411,-0.6003515094989559,4.346084756009837,-0.5919433589857532,4.378176459284351,-1.2225362160971711,1
131.52,4.34515085664946,-0.6003402724571307,4.3665078739657375,-0.622699827368005,4.383295382543074,-1.2225249769524686,1
131.552,4.350104367717957,-0.6003293961698286,4.347008881084692,-0.5675650746298465,4.388250555152723,-1.2225140984506446,1
131.584,4.3550463793224905,-0.6003185195176042,4.330946039365301,-0.5666627058123154,4.393205727753617,-1.2225032159617604,1
131.616,4.3553555036939695,-0.5913615151257255,4.337252305150462,-0.616742810612406,4.393184644455164,-1.2225032628639398,1
131.648,4.355310980177655,-0.5817476164761856,4.277502571084221,-0.5812672323630875,4.3931632882761695,-1.2225033103585885,1
131.68,4.355206438926167,-0.5720463045961284,4.322203515521037,-0.6066139522955211,4.393141938652695,-1.2225033576484177,1
131.712,4.3551003166120275,-0.5623500446645463,4.325911696829373,-0.6083156327259721,4.393120674570885,-1.2225034045796617,1
131.744,4.355004107858801,-0.5526714371704461,4.308755849437016,-0.5436143863909434,4.393099486834858,-1.2225034512326298,1
131.776,4.354918460838488,-0.5430092068189178,4.340212901945002,-0.46848548838739174,4.393078348836697,-1.2225034977184186,1
131.808,4.354841805052779,-0.5333602689874853,4.361553320557892,-0.5811439625408661,4.393057237026066,-1.22250354412637,1
131.84,4.354772387905688,-0.5237218181137682,4.3564472899612525,-0.50547214155447,4.393036134421971,-1.222503590518178,1
131.872,4.354708702409556,-0.5140915862978629,4.405757814089385,-0.4966734040948156,4.39301502995542,-1.222503636932448,1
131.904,4.354649531946954,-0.5044677875080359,4.3267832345983015,-0.5565372467134748,4.3929939171338654,-1.2225036833903875,1
131.936,4.354593912759298,-0.4948490247934611,4.3002183883076714,-0.5123366135426881,4.392972792811078,-1.2225037299007036,1
131.968,4.354541086173893,-0.4852342078838985,4.322537463558202,-0.4778973508498221,4.392951656187013,-1.2225037764635094,1
132.0,4.3544904563565865,-0.4756224865197233,4.383864530660588,-0.5223743957900784,4.392930508024256,-1.2225038230733556,1
132.032,4.354441555839406,-0.4660131977010432,4.3797619718657925,-0.4728269294233811,4.3929093500469145,-1.2225038697215393,1
132.064,4.354394018051352,-0.4564058242564833,4.35374251539037,-0.4798219009546448,4.392888184489374,-1.2225039163978226,1
132.096,4.354347555603402,-0.44679996242755615,4.382680627814092,-0.48616000117811103,4.3928670137671055,-1.2225039630916685,1
132.12800000000001,4.354301943178108,-0.4371952965798684,4.372971068815391,-0.3946700811004999,4.392845840245786,-1.2225040097930906,1
132.16,4.3542570040720365,-0.4275915795231222,4.376248065741005,-0.45651006947345973,4.392824666088487,-1.2225040564931968,1
132.192,4.354212599626331,-0.41798861722900965,4.378294062666675,-0.38372847125422194,4.392803493163742,-1.2225041031844952,1
132.224,4.354168620936512,-0.4083862569857704,4.363243406357713,-0.4062721469330646,4.39278232299996,-1.2225041498610207,1
132.256,4.354124982358452,-0.39878437822962526,4.36935042339339,-0.38828059305942647,4.392761156774103,-1.2225041965183325,1
132.288,4.354081616427868,-0.38918288545498486,4.3244971758064095,-0.34482576628893763,4.392739995324693,-1.2225042431534194,1
132.32,4.354038469890588,-0.37958170273451586,4.324588441016974,-0.38709527190788545,4.392718839181168,-1.222504289764548,1
132.352,4.353995500604373,-0.36998076948287806,4.362439761169499,-0.39080131081844427,4.39269768860327,-1.2225043363510757,1
132.38400000000001,4.353952675123489,-0.36038003717927275,4.338277441258741,-0.3707806782614222,4.392676543625587,-1.2225043829132516,1
132.416,4.353909966817252,-0.35077946682801775,4.3714199555559015,-0.35352219673395074,4.392655404103599,-1.2225044294520138,1
132.448,4.353867354405478,-0.3411790269866166,4.3536970195098075,-0.3370553776181499,4.392634269758568,-1.2225044759687984,1
132.48,4.353824820818863,-0.33157869223001935,4.3134923633724,-0.3142316712686942,4.39261314021943,-1.2225045224653646,1
132.512,4.353782352312158,-0.3219784419502541,4.392985169315488,-0.32249291597544866,4.392592015060471,-1.2225045689436378,1
132.544,4.353739937773692,-0.31237825941419384,4.342750735346191,-0.27638046602133004,4.392570893834107,-1.2225046154055788,1
132.576,4.3536975681871235,-0.3027781310203914,4.359798418202534,-0.32426302607622076,4.392549776098434,-1.2225046618530728,1
132.608,4.353655236211036,-0.29317804570985323,4.305224851953478,-0.28530767381756134,4.392528661439507,-1.2225047082878437,1
132.64000000000001,4.353612935849609,-0.2835779944962838,4.341415885789088,-0.24883869684384285,4.392507549488516,-1.2225047547113888,1
132.672,4.3535706621936185,-0.27397797008945307,4.377949725628649,-0.263889354047959,4.392486439934179,-1.222504801124934,1
132.704,4.3535284112156605,-0.2643779665915128,4.351066228033703,-0.30023084442137843,4.392465332530721,-1.2225048475294085,1
132.736,4.353486179607206,-0.2547779792507733,4.342905631346694,-0.27098311771771266,4.392444227101909,-1.2225048939254337,1
132.768,4.3534439646479095,-0.24517800426100197,4.348466460602512,-0.27493716852358313,4.392423123541621,-1.2225049403133281,1
132.8,4.353401764099845,-0.23557803859699733,4.299492041278338,-0.2651964694826076,4.392402021811429,-1.2225049866931235,1
132.832,4.353359576121045,-0.22597807987923574,4.363954004743803,-0.19569693676784164,4.392380921935669,-1.2225050330645908,1
132.864,4.353317399194101,-0.21637812626194575,4.298381826090425,-0.16443463229226124,4.392359823994505,-1.2225050794272747,1
132.89600000000002,4.353275232066539,-0.20677817634015425,4.339526564110577,-0.19645638863036713,4.392338728115357,-1.2225051257805335,1
132.928,4.353233073700568,-0.19717822907216376,4.34351071120071,-0.20006619775050874,4.3923176344631845,-1.222505172123584,1
132.96,4.353190923230341,-0.18757828371463334,4.396113330631693,-0.22567169853550592,4.392296543229961,-1.2225052184555485,1
132.992,4.353148779925372,-0.1779783397679872,4.366852144897108,-0.12275339796565649,4.392275454623728,-1.2225052647755033,1
133.024,4.353106643159091,-0.1683783969303157,4.388188115435531,-0.14434944249211565,4.392254368857535,-1.2225053110825268,1
133.056,4.353064512381773,-0.15877845505828325,4.320118168172005,-0.14460587467336847,4.392233286138584,-1.2225053573757467,1
133.088,4.353022387097312,-0.14917851413383626,4.334054691216498,-0.19582397745772395,4.392212206657813,-1.2225054036543836,1
133.12,4.35298026684341,-0.13957857423573514,4.384303593508776,-0.08054617175535915,4.392191130580198,-1.2225054499177919,1
133.15200000000002,4.352938151174885,-0.1299786355151192,4.357955638969001,-0.1742681769031573,4.392170058035914,-1.2225054961654958,1
133.184,4.352896039649861,-0.12037869817446716,4.325824326312378,-0.08656914125796346,4.392148989112596,-1.2225055423972213,1
133.216,4.352853931818661,-0.11077876244944063,4.35536217013481,-0.17962180005270262,4.392127923848786,-1.2225055886129212,1
133.248,4.3528118272152385,-0.10117882859320199,4.354042776187614,-0.07582773959824311,4.392106862228705,-1.222505634812795,1
133.28,4.352769725351007,-0.09157889686288434,4.356572685227299,-0.09210227266579654,4.392085804178418,-1.2225056809973025,1
133.312,4.352727625710933,-0.08197896750795712,4.323574190923727,-0.027214946953476003,4.392064749563444,-1.222505727167171,1
133.344,4.352685527751757,-0.07237904076028945,4.331628964456578,-0.12247312058675543,4.392043698187842,-1.222505773323396,1
133.376,4.352643430902196,-0.06277911682575667,4.365374130559204,-0.08921157372531369,4.392022649794752,-1.2225058194672345,1
133.40800000000002,4.352601334564946,-0.053179195877268846,4.359197074760371,-0.05636806211702992,4.392001604068354,-1.222505865600195,1
133.44,4.3525592381203575,-0.0435792780491277,4.308766438086226,-0.04740713350342591,4.391980560637213,-1.2225059117240191,1
133.472,4.352517140931558,-0.03397936343263624,4.358057292696086,-0.019444023277681532,4.391959519078884,-1.2225059578406583,1
133.504,4.352475042350852,-0.02437945207289758,4.3303695939042655,0.03954445536270398,4.391938478925714,-1.2225060039522473,1
133.536,4.3524329417271765,-0.014779543966749686,4.393458446509577,-0.04727877899066342,4.391917439671684,-1.2225060500610712,1
133.568,4.352390838414407,-0.00517963906178274,4.354594483888842,-0.03195053867723297,4.391896400780169,-1.2225060961695307,1
133.6,4.352348731780277,0.0044202627436102995,4.321247292138855,-0.018029242691317577,4.391875361692449,-1.2225061422801031,1
133.632,4.352306621215702,0.014020161599204946,4.356765325473141,-0.008926739511416138,4.391854321836813,-1.2225061883953021,1
133.66400000000002,4.352264506144252,0.02362005770099545,4.372408817458195,0.06431212371872472,4.391833280638058,-1.2225062345176358,1
133.696,4.352222386031581,0.03321995128838758,4.401536470274511,0.03065183370728839,4.391812237527242,-1.2225062806495641,1
133.728,4.352180262696413,0.042819842637582366,4.394212180137915,0.020164522228647966,4.391791194416441,-1.2225063267883125,1
133.76,4.340641254521235,0.04972919138925776,4.31524369357892,0.11431099288610673,4.3725913088344965,-1.2225390026304417,1
133.792,4.321993796194896,0.05018979499419835,4.312793437448232,0.034875206480213604,4.353391352458033,-1.2225628487975726,1
133.824,4.302677672247657,0.05013127359552325,4.290027654174792,0.036419827035728554,4.33419137509229,-1.222580738544353,1
133.856,4.283265557057901,0.0500187193167292,4.281469000074297,0.039779125172929454,4.314991387654808,-1.222593873219938,1
133.888,4.263868388056403,0.04991905584686026,4.25369059148423,0.0673382445583646,4.2957913943834205,-1.2226031969579034,1
133.92000000000002,4.244505460872492,0.04983933515214186,4.2322330154691645,0.03975845271777531,4.276591397809063,-1.2226096214609121,1
133.952,4.225175142158464,0.04977667402311608,4.20779834956922,0.09745761017329305,4.257391399499187,-1.2226139768444793,1
133.984,4.205871930705928,0.04972728610606545,4.1574334641703095,0.09191923754499295,4.2381914003405345,-1.2226169460378968,1
134.016,4.186590437018034,0.049688024927432003,4.185125715169353,0.018371775331972123,4.2189914007859945,-1.2226190331933005,1
134.048,4.167326150871882,0.049656519687325734,4.1954102895977865,0.049234875815713446,4.19979140104793,-1.2226205655696245,1
134.08,4.148075452724993,0.049631053640200325,4.157634603366565,0.08619585419484296,4.180591401219479,-1.2226217181461805,1
134.112,4.1288354739986275,0.0496104100923176,4.113502857444104,0.13130428533324998,4.16139140133874,-1.2226225500568522,1
134.144,4.109603949825459,0.04959373301454531,4.099155655485438,0.01997089711216387,4.14219140142025,-1.2226230441538979,1
134.17600000000002,4.090379093851476,0.049580412571317733,4.120579004688092,0.03824242432294481,4.122991401471557,-1.2226231436301542,1
134.208,4.071159497406367,0.04956999678458951,4.03828446696449,0.056959825258490665,4.103791401502981,-1.222622782051365,1
134.24,4.051944049581489,0.04956212742440745,4.025207022861851,0.06766695931651344,4.084591401532433,-1.2226219051565683,1
134.272,4.032731874171153,0.04955649679693301,4.053657189912392,0.03634519529834675,4.0653914015853,-1.2226204842984865,1
134.304,4.01352227997684,0.049552821470391556,4.015259527737642,0.07695794626584909,4.046191401690191,-1.2226185224210002,1
134.336,3.9943147216514903,0.049550828865707254,3.9516452401717674,0.056219453684416124,4.026991401872528,-1.222616054059146,1
134.368,3.975108768850926,0.049550252890902285,3.94338106319802,0.06270101416459116,4.007791402148489,-1.2226131410786132,1
134.4,3.9559040819325744,0.04955083529297005,3.9333605002431833,0.0933163260067625,3.9885914025212705,-1.222609865837493,1
134.43200000000002,3.9367003928133797,0.04955233002855044,3.92955833949865,0.08540193572450563,3.9693914029805586,-1.222606323242479,1
134.464,3.917497489890628,0.04955450862331204,3.884596596669983,0.04872711473140037,3.950191403504946,-1.2226026128642653,1
134.496,3.8982952061597627,0.0495571651284371,3.857636471729723,0.04255558583478892,3.9309914040662557,-1.2225988319365568,1
134.528,3.879093409846106,0.049560119842275686,3.871364535793766,0.0784941934425886,3.911791404634456,-1.222595069737177,1
134.56,3.859891997012822,0.049563221418477264,3.857533453320995,0.02338200819716795,3.892591405182026,-1.2225914035688186,1
134.592,3.8406908857229256,0.0495663473191824,3.8570372668813184,0.02679229435289283,3.873391405687036,-1.2225878963368573,1
134.624,3.821490011424487,0.04956940279757109,3.809041462449081,0.05148520546343822,3.8541914061346936,-1.2225845955673391,1
134.656,3.802289323299941,0.04957231872208463,3.7333774809846063,0.028252739952270137,3.83499140651748,-1.2225815336150474,1
134.68800000000002,3.7830887813765677,0.04957504860420574,3.8047012751813813,0.04117181458014493,3.8157914068342516,-1.2225787287709116,1
134.72,3.7638883542389,0.04957756518376822,3.7653941707837952,0.03237168133578881,3.7965914070887425,-1.2225761869774223,1
134.752,3.7446880172178254,0.0495798568805269,3.727699700562394,0.02914899681139811,3.777391407287886,-1.222573903888186,1
134.784,3.7254877509575834,0.04958192435558824,3.732426452382934,0.043741269326962706,3.7581914074402523,-1.2225718670515449,1
134.816,3.7062875402825304,0.04958377735513722,3.7289035786850895,0.06278718158757751,3.7389914075547868,-1.2225700580488206,1
134.848,3.6870873733017215,0.04958543194158675,3.706067506764911,0.06123112245672888,3.719791407639917,-1.222568454468097,1
134.88,3.667887240702126,0.049586908160016575,3.69060866391321,0.0653085466682809,3.700591407703017,-1.2225670316395036,1
134.912,3.648687135191382,0.049588228143571736,3.6019449937887056,0.04621397222039064,3.6813914077501724,-1.2225657640950933,1
134.94400000000002,3.6294870510590047,0.04958941463088147,3.6513099039314736,0.0379283269685462,3.6621914077861613,-1.2225646267446195,1
134.976,3.6102869838313567,0.04959048985034588,3.593121596801274,0.05252128349132018,3.6429914078145726,-1.222563595778097,1
135.008,3.591086930000748,0.0495914747180969,3.587608578362697,0.056107098084720836,3.623791407837999,-1.2225626493181165,1
135.04,3.571886886813108,0.04959238829590388,3.5390349105006362,0.05431980230950464,3.604591407858247,-1.222561767851121,1
135.072,3.5526868521018726,0.04959324745960132,3.541911443934735,0.04569288601964048,3.5853914078765357,-1.2225609344688395,1
135.104,3.5334868241583246,0.04959406673544321,3.546072937839053,-0.00973606371630608,3.566191407893667,-1.2225601349503794,1
135.136,3.5142868016306292,0.049594858269276655,3.5347915659720384,0.053462374669048206,3.5469914079101574,-1.2225593577134637,1
135.168,3.495086783445446,0.04959563190030152,3.5331630889700874,0.054294313687108596,3.5277914079263337,-1.2225585936608074,1
135.2,3.475886768747254,0.049596395316696185,3.4917054458345826,0.09454195549934305,3.508591407942401,-1.222557835945289,1
135.232,3.4566867568515436,0.049597154274267224,3.39938578220741,0.037488991785926996,3.4893914079584865,-1.2225570796757002,1
135.264,3.437486747208815,0.04959791286160087,3.4549859502982554,0.08042052936380084,3.470191407974666,-1.222556321583418,1
135.296,3.4182867393769465,0.049598673796290016,3.4074214226513133,0.06314343207298767,3.4509914079909816,-1.222555559669281,1
135.328,3.399086732999997,0.04959943873712658,3.3843240400674928,0.02691533685793253,3.4317914080074563,-1.2225547928489489,1
135.36,3.379886727791905,0.0496002085971846,3.402172446871721,0.04944061850556104,3.4125914080240998,-1.2225540206139043,1
135.392,3.3606867235238496,0.04960098384290718,3.3528127521594087,0.06015638526304752,3.3933914080409195,-1.2225532427237378,1
135.424,3.3414867200143243,0.049601764765005316,3.32614290531461,0.04749242728823227,3.374191408057925,-1.2225524589432875,1
135.456,3.3222867171211616,0.04960255170839531,3.3144940062086667,0.10718429199824296,3.354991408075135,-1.222551668835546,1
135.488,3.3030867147349405,0.049603345250628234,3.2983898830692904,0.08500882286599998,3.3357914080925815,-1.2225508716179814,1
135.52,3.283886712773355,0.04960414632125696,3.238816464189193,0.05108907283067779,3.3165914081103116,-1.2225500660861803,1
135.552,3.264686711176239,0.049604956258190246,3.2737908240882025,0.08869261410807938,3.29739140812839,-1.2225492506047062,1
135.584,3.2454867099010536,0.04960577680106153,3.263332235932557,0.038522735845606795,3.2781914081468977,-1.2225484231609922,1
135.616,3.226286708918722,0.04960661002570895,3.2801904673652706,0.10787441783564852,3.258991408165931,-1.2225475814742623,1
135.648,3.207086708209768,0.04960745822771924,3.1795626777951096,0.020953776614647462,3.239791408185597,-1.222546723148074,1
135.68,3.1878867077607653,0.04960832376633977,3.1544418345145617,0.08320987429327067,3.2205914082060123,-1.2225458458524714,1
135.712,3.168686707561135,0.04960920888265588,3.158752159408725,0.05078807285611252,3.201391408227293,-1.2225449475199879,1
135.744,3.1494867076003623,0.0496101155075721,3.1330236669690916,0.016953229943991947,3.182191408249549,-1.2225440265390575,1
135.776,3.1302867078657,0.049611045075705726,3.149327455525789,0.019609659456539207,3.162991408272872,-1.2225430819287848,1
135.808,3.11108670834043,0.04961199836075331,3.1384892824702466,0.01765211200350695,3.1437914082973264,-1.2225421134805217,1
135.84,3.091886709002731,0.049612975346268184,3.0622288786871152,0.00022160264737584867,3.1245914083229365,-1.2225411218541269,1
135.872,3.072686709825186,0.04961397514320617,3.0754931118809603,0.08057053604527031,3.1053914083496763,-1.2225401086200656,1
135.904,3.0534867107749237,0.04961499596223454,3.0229101885576277,0.026598887540937845,3.0861914083774624,-1.2225390762423327,1
135.936,3.034286711814352,0.049616035144895765,3.063552259155011,0.013896231557619279,3.0669914084061523,-1.2225380280013893,1
135.968,3.015086712902418,0.049617089253535245,3.00314585500536,0.10380903979088008,3.0477914084355473,-1.2225369678605134,1
136.0,2.995886713996281,0.049618154215731784,2.999869953934141,0.03094020666672319,3.028591408465402,-1.2225359002829674,1
136.032,2.976686715053273,0.04961922551508879,2.9922979907269616,0.03944757250567015,3.009391408495441,-1.2225348300108847,1
136.064,2.9574867160329963,0.04962029841691382,2.961897976689616,0.03727059571183233,2.990191408525378,-1.2225337618195458,1
136.096,2.9382867168993987,0.04962136821475986,2.8939683525679403,0.06922527144469895,2.970991408554938,-1.2225327002625632,1
136.12800000000001,2.919086717622682,0.04962243048218825,2.943580337494853,0.06852514604014538,2.9517914085838797,-1.2225316494243073,1
136.16,2.899886718180897,0.04962348131354794,2.8997667699701735,0.02843800383104307,2.932591408612011,-1.2225306126956472,1
136.192,2.880686718561118,0.049624517538088254,2.8786987238338244,0.04001675016885692,2.9133914086392037,-1.22252959258772,1
136.224,2.861486718760106,0.04962553689329355,2.8846172390092053,0.09028960031528108,2.894191408665398,-1.2225285905961232,1
136.256,2.842286718784414,0.04962653814584577,2.8669975349005963,0.020342716312151492,2.8749914086906028,-1.2225276071247546,1
136.288,2.823086718649921,0.04962752115192023,2.813804536841941,0.04213196524482198,2.8557914087148872,-1.2225266414747595,1
136.32,2.8038867183808187,0.04962848685238087,2.8732275341661326,0.08512204512911885,2.836591408738372,-1.222525691899846,1
136.352,2.7846867180081074,0.04962943720261484,2.7757555986635154,0.05127387993359629,2.8173914087612144,-1.2225247557250127,1
136.38400000000001,2.765486717567691,0.04963037504095262,2.7422540413988905,0.07066470089730376,2.798191408783597,-1.222523829521587,1
136.416,2.7462867170981857,0.049631303903590836,2.7358952290767156,0.058900804441551234,2.7789914088057146,-1.2225229093278613,1
136.448,2.727086716638566,0.0496322277974063,2.671229204748121,0.028603207884308052,2.759791408827765,-1.2225219909016252,1
136.48,2.7078867162258025,0.04963315094479056,2.6437733074461964,0.025631336733505268,2.74059140884994,-1.222521069988804,1
136.512,2.688686715892618,0.04963407751647838,2.692167261836039,0.022631406317548636,2.72139140887242,-1.2225201425913386,1
136.544,2.669486715665521,0.04963501136915326,2.677131724559588,0.027781981713377896,2.702191408895367,-1.2225192052174334,1
136.576,2.6502867155632193,0.04963595580434884,2.700279714035891,-0.005626636183237568,2.6829914089189173,-1.2225182550984146,1
136.608,2.6310867155955324,0.049636913363834606,2.639730999918115,0.0782248927636776,2.6637914089431742,-1.2225172903585289,1
136.64000000000001,2.611886715762866,0.04963788567436559,2.646604547027768,0.045584916885277535,2.6445914089682008,-1.222516310127018,1
136.672,2.592686716056287,0.04963887335153891,2.5603326229002925,0.06378577823259772,2.625391408994011,-1.2225153145854772,1
136.704,2.5734867164581976,0.04963987596873125,2.540283360706439,0.033031623409831026,2.606191409020566,-1.222514304947631,1
136.736,2.554286716943565,0.049640892092938003,2.5480301486795307,0.04185868259175912,2.58699140904777,-1.2225132833729941,1
136.768,2.5350867174816294,0.049641919385061156,2.5529480970942044,0.04434848288858371,2.567791409075478,-1.222512252820098,1
136.8,2.5158867180379794,0.049642954758073024,2.499286064046764,0.11781232996614159,2.548591409103501,-1.2225112168488166,1
136.832,2.4966867185768504,0.0496439945827855,2.533062710469046,0.04726815507488158,2.5293914091316205,-1.2225101793846078,1
136.864,2.4774867190635037,0.04964503492791072,2.41366807715814,0.06048621274741164,2.5101914091596083,-1.2225091444598746,1
136.89600000000002,2.4582867194665208,0.049646071818912514,2.483114511089281,0.08092378337854586,2.4909914091872443,-1.222508115949143,1
136.928,2.439086719759871,0.04964710149895512,2.4124743983343424,0.029859029257326808,2.471791409214336,-1.222507097315106,1
136.96,2.4198867199246106,0.04964812067513416,2.4505245282214108,0.023931305402909744,2.4525914092407337,-1.2225060913818877,1
136.992,2.400686719950117,0.049649126734136656,2.4578726604730154,0.07744621408200975,2.4333914092663433,-1.222505100150115,1
137.024,2.3814867198347707,0.04965011791345674,2.4048621052352663,0.06167402240344736,2.4141914092911296,-1.2225041246656723,1
137.056,2.3622867195860566,0.049651093417166746,2.324209846427091,0.0032415775850015704,2.3949914093151152,-1.2225031649505687,1
137.088,2.343086719220077,0.04965205346882458,2.297238839545037,0.08377434573631035,2.3757914093383756,-1.2225022200003142,1
137.12,2.323886718760513,0.049652999298157106,2.3813847372320307,0.06372723993244889,2.356591409361029,-1.222501287847934,1
137.15200000000002,2.3046867182371025,0.04965393306243237,2.275550507888671,0.03482906945968597,2.337391409383225,-1.222500365690437,1
137.184,2.285486717683734,0.0496548577076475,2.2885615023907078,0.04274649424194689,2.318191409405134,-1.2224994500695225,1
137.216,2.266286717136272,0.04965577677854013,2.264476423643286,0.0007828874131996302,2.2989914094269372,-1.2224985370948318,1
137.248,2.2470867166302564,0.04965669418973015,2.278230803722031,0.06278455817581015,2.2797914094488174,-1.2224976226952793,1
137.28,2.2278867161986153,0.049657613972801475,2.1626249474618175,0.05852341058994291,2.260591409470952,-1.2224967028822185,1
137.312,2.208686715869539,0.04965854001568008,2.1869403750642276,0.07370063104912362,2.2413914094935063,-1.222495774007414,1
137.344,2.1894867156646507,0.049659475811156845,2.2326029013648028,0.04431938859128132,2.2221914095166273,-1.2224948329991574,1
137.376,2.1702867155975927,0.04966042423080644,2.1281127929727828,0.04520240161913429,2.2029914095404344,-1.2224938775612477,1
137.40800000000002,2.151086715673123,0.04966138733891138,2.1495023073512654,0.05350207014035093,2.1837914095650124,-1.2224929063219996,1
137.44,2.1318867158867834,0.04966236625841599,2.1261242309168495,0.07146448111529775,2.164591409590403,-1.2224919189236252,1
137.472,2.112686716225168,0.04966336109757517,2.1411465414916404,0.0835598296567133,2.1453914096165976,-1.2224909160462312,1
137.504,2.093486716666775,0.04966437094204801,2.0985154189230357,0.04073148322969927,2.1261914096435324,-1.2224898993648483,1
137.536,2.07428671718339,0.04966539391296371,2.061933276453628,0.05945335788513897,2.106991409671089,-1.2224888714422637,1
137.568,2.0550867177419105,0.049666427287231786,2.0729731495303394,0.07664121842985662,2.0877914096990997,-1.222487835564555,1
137.6,2.035886718306495,0.04966746767235355,2.0923930214216515,0.005565086108764501,2.0685914097273583,-1.2224867955299166,1
137.632,2.016686718840885,0.04966851122447574,2.044217876132444,-0.010107262513160985,2.0493914097556356,-1.2224857554043818,1
137.66400000000002,1.9974867193107577,0.049669553895635085,1.9963163365312613,0.017598440944955246,2.030191409783699,-1.2224847192601922,1
137.696,1.9782867196859435,0.049670591694257187,1.9533407303961152,0.033993487133463916,2.0109914098113304,-1.2224836909136776,1
137.728,1.9590867199423696,0.04967162094211299,1.9422811198583358,0.022002470796921896,1.991791409838348,-1.2224826736795347,1
137.76,1.9398867200636043,0.04967263851116158,1.979289898169546,0.023874439517554438,1.9725914098646176,-1.2224816701573715,1
137.792,1.9206867200419004,0.04967364202499951,1.9045749022326688,0.06687178834759817,1.9533914098900624,-1.222480682064273,1
137.824,1.9014867198786796,0.04967463001191701,1.8602661208277962,0.06921343994318975,1.934191409914667,-1.2224797101241995,1
137.856,1.8822867195844268,0.04967560199968006,1.846267716624343,0.0029570945046672806,1.914991409938473,-1.2224787540213673,1
137.888,1.8630867191780076,0.04967655854591509,1.8725819913636301,-0.0028347195666119027,1.895791409961572,-1.2224778124206273,1
137.92000000000002,1.8438867186854537,0.04967750120212549,1.7755194374928431,0.06009694824626959,1.8765914099840955,-1.2224768830535415,1
137.952,1.8246867181382946,0.04967843241365309,1.8038774710271015,0.06820805745439534,1.857391410006203,-1.2224759628646173,1
137.984,1.805486717571542,0.04967935536202659,1.7694244464639155,0.025242029551963998,1.838191410028071,-1.2224750482082827,1
138.016,1.7862867170214525,0.049680273759858874,1.828244711922258,0.045011918516273036,1.8189914100498836,-1.2224741350839015,1
138.048,1.7670867165232071,0.04968119161151467,1.7604688899723253,0.07670063011243383,1.799791410071824,-1.2224732193936743,1
138.08,1.7478867161086575,0.04968211295497749,1.739217852890836,0.015278240556061008,1.7805914100940674,-1.2224722972068043,1
138.112,1.728686715804275,0.049683041601556566,1.7610638187368197,0.03808804481646524,1.7613914101167751,-1.22247136501289,1
138.144,1.7094867156294395,0.04968398089021352,1.7329701188518734,0.044763076593172746,1.7421914101400866,-1.2224704199482035,1
138.17600000000002,1.69028671559518,0.049684933472344435,1.6902732995685077,0.049977296424760766,1.7229914101641117,-1.2224694599802746,1
138.208,1.671086715703446,0.049685901140889985,1.703086423016589,0.04942884337808364,1.703791410188923,-1.2224684840388755,1
138.24,1.6518867159469681,0.04968688471478695,1.5954492123529558,0.07217678785249995,1.6845914102145474,-1.222467492084964,1
138.272,1.6326867163097172,0.049687883986209956,1.638203357701605,0.06838348237013875,1.665391410240959,-1.2224664851131555,1
138.304,1.6134867167679339,0.049688897734002965,1.609760009190211,0.061192134357162524,1.6461914102680772,-1.2224654650875453,1
138.336,1.5942867172916673,0.04968992380243823,1.6065516097930443,0.03287474645774763,1.6269914102957677,-1.2224644348150417,1
138.368,1.5750867178467194,0.049690959240227275,1.5287660472691833,0.00359160151532599,1.607791410323849,-1.2224633977643633,1
138.4,1.555886718396867,0.04969200049082709,1.546360449324712,-0.00774382023274587,1.5885914103521064,-1.2224623578423621,1
138.43200000000002,1.5366867189062137,0.0496930436217777,1.5180044169310702,0.007220378299182678,1.5693914103803075,-1.2224613191421043,1
138.464,1.5174867193415176,0.04969408457828852,1.5130821685574534,0.06966613118596443,1.5501914104082226,-1.2224602856789302,1
138.496,1.4982867196743401,0.04969511944472726,1.5262630816142269,0.03504886703361557,1.5309914104356441,-1.2224592611315093,1
138.528,1.4790867198828752,0.04969614469715099,1.4670081779447735,0.025502459158147216,1.511791410462404,-1.2224582486045978,1
138.56,1.4598867199533447,0.04969715743059494,1.4598796088835366,0.03648515213221274,1.492591410488386,-1.2224572504287736,1
138.592,1.4406867198808706,0.049698155546459705,1.4656007378373774,0.05347456184682769,1.4733914105135333,-1.2224562680100852,1
138.624,1.4214867196697727,0.04969913788790688,1.4053813873126224,0.029536039243797593,1.454191410537849,-1.222455301739305,1
138.656,1.402286719333278,0.049700104314528155,1.420081129692789,0.013519223056916461,1.4349914105613921,-1.2224543509666517,1
138.68800000000002,1.383086718892661,0.04970105571146619,1.3687995099493748,0.10981959527977153,1.4157914105842682,-1.2224534140436116,1
138.72,1.3638867183758758,0.04970199393239562,1.361192328010161,0.08167963076454662,1.3965914106066186,-1.2224524884291796,1
138.752,1.3446867178157647,0.049702921680038877,1.3529964600922955,0.03593569972094679,1.3773914106286098,-1.2224515708536667,1
138.784,1.3254867172479563,0.049703842331920704,1.3265858029189048,0.003863033787663339,1.3581914106504214,-1.2224506575295122,1
138.816,1.3062867167085872,0.049704759722598836,1.2835428054135603,0.0062133311311092995,1.3389914106722378,-1.2224497443955047,1
138.848,1.287086716231986,0.04970567789641441,1.240035164884298,0.029617348941394925,1.3197914106942406,-1.222448827378673,1
138.88,1.267886715848468,0.0497066008467062,1.2481545682180983,0.08023766694179056,1.3005914107166012,-1.222447902656935,1
138.912,1.2486867155823809,0.049707532258306215,1.215976931529673,0.014066486520152487,1.2813914107394744,-1.222446966905581,1
138.94400000000002,1.2294867154505256,0.04970847526991906,1.256365554882432,0.04232958075373423,1.2621914107629908,-1.2224460175116911,1
138.976,1.210286715461058,0.049709432271706155,1.1734910496608149,0.07001237818756814,1.2429914107872495,-1.2224450527426571,1
139.008,1.191086715612945,0.04971040475112471,1.2040239801017205,0.036108747014962445,1.223791410812309,-1.2224440718579492,1
139.04,1.1718867158960171,0.0497113931969608,1.1787363099285844,0.03508083433014792,1.2045914108381794,-1.2224430751569155,1
139.072,1.1526867162916135,0.04971239706774479,1.1165945271062787,0.04393766815256334,1.1853914108648178,-1.222442063959541,1
139.104,1.1334867167737845,0.049713414826587976,1.1292290642135647,0.03882915135337793,1.1661914108921252,-1.222441040521398,1
139.136,1.1142867173109725,0.049714444040199146,1.1309733023300748,0.056537912172152774,1.146991410919951,-1.2224400078882771,1
139.168,1.0950867178680594,0.04971548153570273,1.0646595364604743,0.10052647730988457,1.1277914109481015,-1.222438969699866,1
139.20000000000002,1.0758867184086482,0.04971652360515466,1.0690844549302219,0.03339366332126005,1.108591410976354,-1.2224379299551225,1
139.232,1.0566867188974247,0.04971756624457609,1.0186573962083583,0.05949541600139133,1.0893914110044747,-1.2224368927544722,1
139.264,1.0374867193024442,0.049718605412098264,1.0702409145380882,0.061158877642072444,1.0701914110322388,-1.2224358620354367,1
139.296,1.0182867195971927,0.04971963728857574,1.0035634297782665,0.017351719899022164,1.0509914110594496,-1.2224348413187498,1
139.328,0.9990867197622906,0.0497206585238644,0.9947085895345438,-0.0021127524794064267,1.0317914110859543,-1.2224338334813118,1
139.36,0.9798867197867277,0.04972166645288107,1.0197944551034503,0.11118190612956672,1.0125914111116556,-1.2224328405706373,1
139.392,0.9606867196685569,0.04972265926750731,1.0069134988764932,0.05333267431322155,0.9933914111365161,-1.2224318636727611,1
139.424,0.9414867194150035,0.049723636133246034,0.931739036304214,0.02964914008311276,0.9741914111605577,-1.2224309028421336,1
139.456,0.9222867190419883,0.04972459724310075,0.8971437950635283,0.05229010241106937,0.9549914111838556,-1.2224299570980244,1
139.488,0.9030867185730981,0.04972554380519779,0.8691391301424131,0.10553431206387626,0.9357914112065282,-1.2224290244876848,1
139.52,0.8838867180380705,0.04972647796494405,0.8513764231702565,0.07040010577766304,0.9165914112287264,-1.2224281022122028,1
139.552,0.8646867174708902,0.04972740266673705,0.891654708714203,0.04833235282368904,0.897391411250622,-1.2224271868069323,1
139.584,0.8454867169076147,0.049728321464143466,0.8687420290781003,0.046368985639139534,0.8781914112723974,-1.2224262743648742,1
139.616,0.826286716384067,0.049729238290787035,0.8413612314981955,0.04432370282396077,0.858991411294237,-1.2224253607885935,1
139.648,0.8070867159335395,0.04973015720671894,0.8146334114279227,-0.015160581503183744,0.8397914113163196,-1.2224244420544346,1
139.68,0.7878867155846525,0.049731082136626845,0.8266842672288403,0.020667220361344503,0.8205914113388122,-1.2224235144719877,1
139.712,0.7686867153595058,0.04973201661676196,0.7781696563808069,0.044559197512545654,0.8013914113618628,-1.222422574922079,1
139.744,0.7494867152722429,0.04973296356690162,0.7370067927320414,0.06963175296923928,0.7821914113855927,-1.2224216210579286,1
139.776,0.7302867153281222,0.04973392510204959,0.7184331094576161,0.0981880796914882,0.7629914114100887,-1.2224206514565157,1
139.808,0.7110867155231615,0.04973490239601438,0.70165437543974,0.09289006163170987,0.7437914114353946,-1.2224196657103785,1
139.84,0.6918867158443804,0.0497358956056613,0.6900189799330622,0.024062347039414463,0.7245914114615039,-1.2224186644539503,1
139.872,0.6726867162706307,0.049736903860724095,0.7147931867192255,0.10008173469656345,0.7053914114883553,-1.2224176493227081,1
139.904,0.6534867167739608,0.04973792531983724,0.7101852401842066,0.03142126236127739,0.6861914115158328,-1.2224166228477935,1
139.936,0.6342867173214277,0.049738957289181575,0.6202569692639484,0.06923357400762156,0.6669914115437706,-1.2224155882928722,1
139.968,0.6150867178772366,0.04973999639610065,0.5865149159513324,0.06491379771422906,0.6477914115719637,-1.2224145494437664,1
140.0,0.5958867184050641,0.04974103880650181,0.6408128991283237,0.054816045738488944,0.6285914116001836,-1.2224135103644036,1
140.032,0.5766867188704149,0.04974208047203091,0.5240250554903227,0.06497246218321673,0.5752448691730474,-0.7074585002076006,0
140.064,0.5574867192428526,0.04974311739108886,0.5913336868898051,0.03749935025831856,0.570160396276304,-0.40947474349318125,0
140.096,0.5382867194979614,0.049744145866861794,0.5245899245337803,0.08702584954954155,0.5404122075954829,-0.21087389636110454,0
140.12800000000001,0.5190867196189107,0.04974516274572641,0.5247979751909729,0.03523609434111634,0.5226465146494208,-0.11242929835597315,0
140.16,0.4998867195975257,0.04974616562065349,0.49348118363806887,0.03146440623777072,0.49946038226012823,-0.05487122403520629,0
140.192,0.48068671943479685,0.04974715298648811,0.4940547432572682,0.06044707028570889,0.48577812667372816,-0.00874332351955152,0
140.224,0.46148671914080164,0.04974812433708522,0.49039088871569636,0.0572431795086671,0.47610323150477896,0.017651850952653703,0
140.256,0.4422867187340458,0.04974908019803008,0.42350402730850334,0.03703441400720057,0.44354354984010613,0.025405440692367255,0
140.288,0.4230867182402703,0.04975002209282631,0.468256365436437,0.06597890396742763,0.44190867609212797,0.04163538312388967,0
140.32,0.4038867176907999,0.04975095244472749,0.39384815653468325,0.04016086524194181,0.41116446828238706,0.041046127519323974,0
140.352,0.38468671712053887,0.04975187442053831,0.41146993727194947,0.05568592716958705,0.3997666558913022,0.04690259553643025,0
140.38400000000001,0.3654867165657381,0.04975279172645733,0.38084185527985287,0.09975253826605968,0.38067673565977633,0.06804311979441507,0
140.416,0.3462867160616748,0.049753708369124724,0.3281879718649009,0.02830011207124462,0.34816123015495376,0.05214646534425555,0
140.448,0.3270867156403891,0.04975462839728374,0.3243083530766366,0.03286224755564274,0.32710007933693375,0.04443333070935874,0
140.48,0.30788671532862066,0.049755555640713565,0.29460542708491433,0.04384328512440054,0.30258221844970906,0.04419787091771235,0
140.512,0.2886867151460792,0.04975649346326743,0.24761756228806758,0.04317027636480526,0.26907635599899593,0.04378739923616211,0
140.544,0.2694867151041603,0.04975744454593798,0.2869150485032694,-0.006815261963077662,0.26469183301507593,0.023546909832049122,0
140.576,0.2502867152051936,0.04975841071393808,0.27282415439242436,0.0932323887795177,0.2564247615808573,0.05142168608458204,0
140.608,0.23108671544227588,0.04975939281894469,0.2653622542519368,0.07938597489318097,0.24847975866461944,0.06260799592209743,0
140.64000000000001,0.21188671579970433,0.04976039068410121,0.2187273745139982,0.06668789899128821,0.22505880502017533,0.0642405605247313,0
140.672,0.19268671625398417,0.04976140311532647,0.19725541137804384,0.1049190447033862,0.20241744757955366,0.08051256546749391,0
140.704,0.17348671677534772,0.049762427978207756,0.11195948218845012,0.027348574082145364,0.15471426143968994,0.059247586406606385,0
140.736,0.1542867173296851,0.04976346233552639,0.09008843306405935,0.0699630885794412,0.11734393010625419,0.06353440891460982,0
140.768,0.13508671788075916,0.049764502636558364,0.1190231464394576,0.05939153214612681,0.10649561665646204,0.06187788164726555,0
140.8,0.11588671839255787,0.049765544945952506,0.13625452762115944,0.05542338682031358,0.1068791810592381,0.05929670649630096,0
140.832,0.09668671883162785,0.0497665851974353,0.09702463401445001,0.06322941340197687,0.09141736225805225,0.06087040895845992,0
140.864,0.07748671916923591,0.04976761945598935,0.06280430719979671,0.07072152293520509,0.06845214025118627,0.06481146894715825,0
140.89600000000002,0.05828671938321782,0.04976864417160137,0.04429107570087493,0.07851007298129074,0.047267714447102746,0.07029151777598781,0
140.928,0.03908671945939569,0.04976965640821618,0.07575955691664826,0.06024438637092291,0.04714445145049584,0.06627326382772117,0
140.96,0.01988671939247599,0.049770654033127415,-0.023796923767604092,0.08987900407534162,0.007247901378329272,0.07571614907438465,0
140.992,0.0006867191863739915,0.0497716358545867,-0.020481095919497833,0.05768584313667061,-0.015363697526228817,0.06850460612573159,0
141.024,-0.018513281146051754,0.049772601698747615,0.016928906362607812,0.03289090116924884,-0.013966655956587698,0.05425969421954806,0
141.056,-0.03771328158383444,0.0497735524209753,-0.03541490954078237,0.03144337895741269,-0.034065957376562615,0.04513372981457409,0
141.088,-0.056913282099248105,0.049774489850785,-0.015301643477290426,0.06679451683624389,-0.0380802318034697,0.05379859945970571,0
141.12,-0.07611328265958407,0.04977541667395375,-0.03893425145215229,0.06291041536811091,-0.049941839649778115,0.05744387575132584,0
141.15200000000002,-0.09531328322924315,0.04977633625940422,-0.08426591073656219,0.027513697735765556,-0.07519146807143855,0.045472351836420184,0
141.184,-0.11451328377201266,0.049777252442021136,-0.10141122346451098,0.08440538281969581,-0.0971993702156149,0.061046111324994906,0
141.216,-0.13371328425338586,0.04977816927540429,-0.13214955871166892,0.09207514222412949,-0.1226994456008753,0.07345827303697322,0
141.248,-0.1529132846427779,0.04977909077050002,-0.15707821979532058,0.11379139207575623,-0.1479709552652804,0.08959207456902454,0
141.28,-0.17211328491549763,0.04978002063696468,-0.13814698936464803,0.08213797910259443,-0.15556136889134928,0.0866109968756072,0
141.312,-0.1913132850543478,0.04978096204393589,-0.1938298124151962,0.09579373900991955,-0.1823887462868256,0.09028466238696442,0
141.344,-0.21051328505074918,0.04978191741563638,-0.22442758751878877,0.04160902976093756,-0.21072428276510408,0.07081498721955616,0
141.376,-0.22971328490531062,0.0497828882749891,-0.29533786430564296,0.016971333806883634,-0.2560897153663325,0.049278113428328926,0
141.40800000000002,-0.2489132846278058,0.04978387514532846,-0.2299983604591252,0.00138044463869718,-0.25717317338797485,0.030119643017136738,0
141.44,-0.268113284236553,0.04978487751654798,-0.21116051996821725,0.05420754222566791,-0.2502881120041344,0.03975540856077567,0
141.472,-0.28731328375723597,0.04978589387787204,-0.2898517324585166,0.04571901863825342,-0.27763356016954543,0.04214146586699814,0
141.504,-0.3065132832212415,0.04978692181514659,-0.35718229438901483,0.04683115695451523,-0.32097305384067637,0.04401796117274638,0
141.536,-0.3257132826636228,0.04978795816638551,-0.39014895940704075,0.07957523669812216,-0.3601634160503661,0.05824149366798047,0
141.568,-0.3449132821208236,0.04978899922555248,-0.3606624698962737,0.05894411265706565,-0.3718830375718074,0.05852316456078706,0
141.6,-0.3641132816283134,0.04979004098144906,-0.37436773520021704,0.012799216593736985,-0.38439691660632436,0.04023420721475207,0
141.632,-0.38331328121829117,0.04979107937631344,-0.3775073132572812,0.08895722393566219,-0.39316107525007055,0.0597240319119619,0
141.66400000000002,-0.40251328091760774,0.04979211056745937,-0.3708337493147561,0.017551510302122,-0.39575014485963766,0.042855635315487355,0
141.696,-0.421713280746041,0.04979313117508575,-0.5032458475591164,-0.004111963400275989,-0.4502684259235443,0.024069200169254273,0
141.728,-0.4409132807150344,0.04979413850027438,-0.43145313773472727,0.056728886162333576,-0.4542623106326147,0.037133669949238717,0
141.76,-0.4601132808269759,0.049795130699112546,-0.46525165255913836,0.05829633316969525,-0.470178047388327,0.04559932098966207,0
141.792,-0.4793132810750602,0.04979610690170384,-0.4665575468985051,0.020549191612799163,-0.4802498471779947,0.035579845307674884,0
141.824,-0.4985132814437383,0.04979706726838238,-0.5265344741519826,0.03935934323691712,-0.5102836979536356,0.0370922114353974,0
141.856,-0.5177132819097231,0.049798012979496986,-0.5081220407651441,0.07952608939377517,-0.5209390350646634,0.05406632161978914,0
141.888,-0.5369132824434852,0.049798946159414464,-0.5537147651957063,0.08203346874062631,-0.5455693271037934,0.06525373318433683,0
141.92000000000002,-0.556113283011143,0.04979986973963623,-0.5382154634318327,0.06832972040079727,-0.5541477816219074,0.06648467657723423,0
141.952,-0.5753132835766293,0.049800787269851036,-0.5621321154164625,0.08752300277103639,-0.5688615151267035,0.07490055369711054,0
141.984,-0.5945132841039987,0.04980170268910353,-0.6523954749472255,0.02736791324584686,-0.6137950990418513,0.055888044760704615,0
142.016,-0.6137132845597313,0.04980262007183307,-0.624474031170953,-0.01614592954172571,-0.629586671880288,0.0270750053120486,0
142.048,-0.6329132849148872,0.04980354336515704,-0.6742149274306003,0.017357617965782828,-0.6589579740869655,0.023188605904837317,0
142.08,-0.6521132851469751,0.04980447613433836,-0.714393923187928,0.051001253463091575,-0.6926523537135705,0.03431422760959389,0
142.112,-0.6713132852414131,0.04980542133284847,-0.7140192487319889,0.07182070447184861,-0.7127191117067515,0.049317389615720145,0
142.144,-0.6905132851924849,0.04980638111185175,-0.6580471394827265,0.08880759916790198,-0.702370322802496,0.06511405415338781,0
142.17600000000002,-0.7097132850037258,0.04980735668139673,-0.7345411775315787,0.041433375194846564,-0.7267586646789971,0.05564237300779051,0
142.208,-0.7289132846877091,0.04980834823226731,-0.7219943585884628,0.006055167203736715,-0.736372942227168,0.03580809048292883,0
142.24,-0.7481132842652436,0.04980935492353797,-0.7540748530669864,0.032561555496450796,-0.754973706547032,0.0345100846776851,0
142.272,-0.7673132837640307,0.04981037493664335,-0.756707939163112,0.032103814279114906,-0.7671873995770215,0.033548191591795784,0
142.304,-0.7865132832168706,0.049811405592485945,-0.8665084441324459,0.022540678532335864,-0.8184358173824684,0.029145806372484206,0
142.336,-0.805713282659533,0.049812443524043175,-0.8117391304274774,0.05675201399776955,-0.8272771425835913,0.04018891208575788,0
142.368,-0.8249132821284353,0.0498134848933558,-0.811022037604329,0.05124005466155723,-0.8322951005749852,0.044609991993148225,0
142.4,-0.8441132816582815,0.04981452563891778,-0.8652128610704611,0.062430790456685904,-0.8569822047563942,0.05173893200983854,0
142.43200000000002,-0.8633132812798175,0.04981556173752277,-0.8725049058841403,0.04935593130778526,-0.8747112851909626,0.050786347798452196,0
142.464,-0.8825132810178506,0.04981658946368832,-0.8389174682957404,0.046068572566874036,-0.8719137584167069,0.04889984719038672,0
142.496,-0.9017132808896585,0.0498176056299291,-0.8997075819019215,0.13499663355955904,-0.8945512877950719,0.08333916303823104,0
142.528,-0.9209132809038909,0.049818607792381016,-0.8440315031702699,0.06975265820926463,-0.8858633739299246,0.07790515314962061,0
142.56,-0.9401132810600289,0.049819594408508784,-0.9525489855742271,0.06744692372820697,-0.9240576185729255,0.07372244369000058,0
142.592,-0.959313281348433,0.04982056493671658,-0.9434076713163106,0.07714336875443717,-0.9433176396560428,0.07509138644068011,0
142.624,-0.9785132817509732,0.04982151987142755,-0.954991761209141,0.026135241836557955,-0.959507288263475,0.05550949250713773,0
142.656,-0.9977132822421977,0.04982246071135728,-1.0227772973339064,0.10201196758047693,-0.9963352918781923,0.07411103896289918,0
142.68800000000002,-1.0169132827909653,0.04982338986301763,-1.0110358048253527,0.009476591754975935,-1.0137354970438577,0.04825781084146023,0
142.72,-1.0361132833624371,0.04982431048566535,-0.9903472154879459,0.030395577063956646,-1.015900184408445,0.0411134646092471,0
142.752,-1.055313283920304,0.04982522628768627,-1.0594499672707893,-0.020455938750012802,-1.0448400975403747,0.016486249467274096,0
142.784,-1.07451328442911,0.049826141287541384,-1.072072917065926,0.09812689082859502,-1.0672532253375167,0.04914305361137137,0
142.816,-1.0937132848565263,0.04982705955468577,-1.0567049778379187,0.0052430583907745396,-1.0745539263244224,0.03158360690485849,0
142.848,-1.1129132851754309,0.049827984947164394,-1.113637231540977,0.11334640557815119,-1.1017072483975152,0.06428928367803052,0
142.88,-1.1321132853656632,0.04982892086280379,-1.0933600974602156,0.0071976917071197855,-1.1098883880087076,0.041453211873242406,0
142.912,-1.151313285415336,0.049829870020042126,-1.1612335431687058,0.056749333410804986,-1.1419464500583927,0.04757223441338023,0
142.94400000000002,-1.1705132853216194,0.049830834282530066,-1.128432605942601,0.038951405960946726,-1.1480609123972905,0.04412448658365299,0
142.976,-1.1897132850909395,0.04983181453881659,-1.1704812023133582,0.013580819057864027,-1.1685490283484423,0.03190761281385959,0
143.008,-1.2089132847385777,0.049832810644881216,-1.1982825764396394,0.10897013818105021,-1.19196244756917,0.06273322532804677,0
143.04,-1.2281132842876903,0.049833821433228016,-1.2194530421999819,0.08432811967779943,-1.2144786854053136,0.0713717934100924,0
143.072,-1.2473132837678134,0.049834844787965876,-1.2477524750126925,0.06142716078199209,-1.2393082012317334,0.0673945570085777,0
143.104,-1.2665132832129478,0.049835877781048026,-1.2887631469368193,0.06188402493561758,-1.2706101794969924,0.06519096506155168,0
143.136,-1.2857132826593527,0.0498369168609004,-1.3030645595635422,-0.005475091896235386,-1.2951119315067223,0.036925165043702676,0
143.168,-1.304913282143193,0.04983795808129106,-1.2775862565755105,0.08200061767388805,-1.2996216615173726,0.054955968272069056,0
143.20000000000002,-1.3241132816981964,0.049838997355695226,-1.2817031442879927,0.11965765833293901,-1.30397425460892,0.08083726344826228,0
143.232,-1.343313281353475,0.04984003072076251,-1.3119219780231957,0.059681694009416225,-1.3186733439582201,0.07237564955829484,0
143.264,-1.3625132811316525,0.04984105459190107,-1.3605667205499585,0.01440810209075051,-1.3469506945788994,0.04918923728697895,0
143.296,-1.3817132810474169,0.04984206599449679,-1.380271264279718,0.050398383522348926,-1.3717989224436773,0.049673493884410724,0
143.328,-1.4009132811065903,0.04984306275585083,-1.4012614571623545,0.02461648519788586,-1.395103936316102,0.039651279012275144,0
143.36,-1.42011328130577,0.049844043645448435,-1.4183139165583043,0.10174711395287486,-1.4159079283984402,0.06449019181335018,0
143.392,-1.4393132816325604,0.04984500845450017,-1.4337881562158294,0.08186171576314044,-1.4345800195113232,0.07143937079317375,0
143.424,-1.4585132820663786,0.049845958009611724,-1.4717389249774444,0.0491477852503262,-1.4609635816841067,0.06252329751065427,0
143.456,-1.4777132825797776,0.04984689411968683,-1.44980885677778,0.05507330281508443,-1.468021691708234,0.05954385360656884,0
143.488,-1.4969132831402037,0.049847819459473273,-1.5121934432066897,0.023224273245446854,-1.4972103922944981,0.045016570428839345,0
143.52,-1.516113283712078,0.049848737397250896,-1.5385403224955418,0.04735716943171827,-1.5252623643619128,0.04595335626472746,0
143.552,-1.5353132842590709,0.049849651777763876,-1.542088056366233,0.12413741665912964,-1.5435126411506421,0.07722752637639366,0
143.584,-1.5545132847464265,0.04985056667438682,-1.5841043229337604,0.06218838874084181,-1.5712693138507852,0.07121241946407736,0
143.616,-1.5737132851431939,0.04985148612650179,-1.5404981573341692,0.026567911032500436,-1.570480851230825,0.05335516874865073,0
143.648,-1.5929132854242207,0.049852413879016205,-1.5851985000688684,0.055133858545892644,-1.5878879107524253,0.05406720387571177,0
143.68,-1.6121132855717826,0.04985335314081718,-1.625014533730696,0.02240622771009835,-1.6142585599297332,0.04140338078127886,0
143.712,-1.63131328557674,0.04985430637773737,-1.6523503935275243,0.07199007769601679,-1.641015293354405,0.05363863616826794,0
143.744,-1.6505132854391449,0.0498552751533848,-1.6881850873564768,0.04532799825109548,-1.671403210940308,0.05031496736022878,0
143.776,-1.669713285168254,0.049856260028105906,-1.6820148679797062,0.01365136848378766,-1.6871678737406521,0.03565012376586604,0
143.808,-1.6889132847819421,0.04985726052260738,-1.7457172228573001,0.074581290587341,-1.7221076133714306,0.05122319528779756,0
143.84,-1.708113284305555,0.04985827514859439,-1.703301043963971,0.09137452387812234,-1.7261049855921575,0.06728433902310729,0
143.872,-1.7273132837702687,0.04985930150446732,-1.7551821509523968,0.0626200492385697,-1.7492558517196444,0.06541924109768481,0
143.904,-1.7465132832110692,0.049860336429925205,-1.7692304548073967,0.0173079781831214,-1.7687656929379323,0.0461753574245066,0
143.936,-1.7657132826644824,0.0498613762095251,-1.7806397812056682,0.05435061188949672,-1.7850353282281433,0.04944608179489406,0
143.968,-1.7849132821662057,0.04986241681209062,-1.7982241857846644,0.0791917601653641,-1.801830871233939,0.06134497433464101,0
144.0,-1.8041132817487984,0.04986345415054622,-1.789578194403984,0.04746196729893115,-1.8084498004853518,0.05579238892261162,0
144.032,-1.8233132814395812,0.04986448434543162,-1.8349987063792825,0.024457024987936494,-1.8305893628266467,0.043258854807866266,0
144.064,-1.8425132812588825,0.04986550397510805,-1.875560712141537,0.08595443579467837,-1.8600979025367477,0.060337690946347014,0
144.096,-1.861713281218741,0.04986651029651794,-1.8453415289365027,0.08555834676671643,-1.8657153530812782,0.070426548026607,0
144.12800000000001,-1.8809132813221465,0.04986750142225435,-1.9223113630439148,0.05934198507134825,-1.8998737570514699,0.06599330790709708,0
144.16,-1.900113281562864,0.04986847644250669,-1.9237032948507187,0.008968474271808274,-1.9209255721568042,0.04318394975174803,0
144.192,-1.919313281925845,0.04986943548400193,-1.9319741680198714,-0.01229564787048,-1.9368650104881198,0.020992676792021468,0
144.224,-1.9385132823882003,0.0498703797021207,-1.9971919953763964,0.044820461816731876,-1.9725158044299027,0.03052434882867014,0
144.256,-1.9577132829206694,0.049871311206677774,-1.9865862006255586,0.03296631262017573,-1.9896639628949306,0.03150168597600363,0
144.288,-1.9769132834894911,0.04987223292613425,-1.9667916868022737,0.08005948754253249,-1.9920350524448234,0.05092535391553302,0
144.32,-1.9961132840585607,0.0498731484189818,-1.9962585617311028,0.035217507360825344,-2.0052444561463707,0.04464276064492196,0
144.352,-2.0153132845917376,0.04987406164444822,-2.003120482902228,0.05301693561291395,-2.0159148668357174,0.047992976503997295,0
144.38400000000001,-2.0345132850551586,0.04987497670729963,-2.005730464143809,0.0757026985438383,-2.023361105745817,0.059077414160708955,0
144.416,-2.0537132854194136,0.04987589759318637,-2.0621841107151124,0.05506783456810527,-2.0504103077201568,0.0574741363897721,0
144.448,-2.072913285661441,0.04987682791159429,-2.0925964703717326,0.052925330994554515,-2.078804772767077,0.05565517544212294,0
144.48,-2.092113285766025,0.049877770662974386,-2.0524272473058818,0.051040879857555246,-2.0797737625684825,0.0538100270207896,0
144.512,-2.1113132857267924,0.049878728045069216,-2.080821799411836,0.09323217645001929,-2.091712977291248,0.06957946610932526,0
144.544,-2.1305132855466398,0.04987970131093001,-2.132368100625074,0.0638803307940734,-2.1194950266097146,0.0673004010929218,0
144.576,-2.1497132852375636,0.04988069068779209,-2.1396051947117036,0.07391960093699944,-2.1390590938349594,0.06994867958900872,0
144.608,-2.168913284819895,0.049881695362055646,-2.182711256455589,0.07966357420533017,-2.1680399588672086,0.07383524448802843,0
144.64000000000001,-2.188113284320992,0.049882713531361214,-2.1188610638593697,-0.0022722165261039665,-2.159888400847686,0.04339287412489435,0
144.672,-2.207313283773469,0.049883742520426835,-2.217539328919807,0.031463302065622235,-2.194468772059862,0.03862166437721351,0
144.704,-2.2265132832130825,0.04988477895320363,-2.222083098211363,0.1081232932942275,-2.217034502503627,0.06642293777050384,0
144.736,-2.245713282676414,0.04988581897027596,-2.2407025087578782,0.06460950114960888,-2.238021704988467,0.06569818523657528,0
144.768,-2.264913282198499,0.04988685847750968,-2.2951494392887235,-0.02916234946989338,-2.272392798691825,0.02775459127308752,0
144.8,-2.2841132818105647,0.04988789340993411,-2.268575134860737,0.05166405009518257,-2.282385733142895,0.037318990181756134,0
144.832,-2.3033132815380175,0.049888919993852254,-2.2932414681940285,-0.01707725593169425,-2.298248027147216,0.015561100523512329,0
144.864,-2.3225132813988174,0.04988993499028029,-2.3293887613344872,0.09410929751892994,-2.3222243208064404,0.04698097988572385,0
144.89600000000002,-2.3417132814023347,0.04989093590401249,-2.3710397501664566,0.014562204555435977,-2.3532704925352603,0.03401406099248479,0
144.928,-2.3609132815487635,0.0498919211448161,-2.381648450763027,0.0568397301814809,-2.3761416758116916,0.04314491007931465,0
144.96,-2.3801132818291224,0.049892890130341525,-2.3896349718931944,0.059332076547633984,-2.393058994230106,0.04962034837999767,0
144.992,-2.3993132822258425,0.049893843324085745,-2.3859386414048243,0.09940036190389738,-2.4017308530862427,0.06953291655894736,0
145.024,-2.418513282713898,0.04989478220593425,-2.398025132942049,0.04268590247951165,-2.4117685650151723,0.05879466608229275,0
145.056,-2.4377132832624078,0.04989570917715176,-2.4321051540896055,0.07205835209498518,-2.431423200631815,0.06410068984819481,0
145.088,-2.456913283836608,0.04989662740592105,-2.44873674908181,0.045659449295129585,-2.4498686199988375,0.05672473938659704,0
145.12,-2.4761132844000726,0.04989754062336642,-2.477687291511569,0.03859909734424995,-2.4725160885909983,0.049475027153038365,0
145.15200000000002,-2.4953132849170383,0.04989845288319184,-2.4679865511423653,0.012476429150316451,-2.4822242735985456,0.03467613385959935,0
145.184,-2.514513285354696,0.04989936830041738,-2.575529414213213,-0.018980600267760113,-2.531066329831239,0.013213989855434899,0
145.216,-2.5337132856852973,0.04990029078604759,-2.549996003256049,0.03413179981782022,-2.550158199187716,0.02158166939972947,0
145.248,-2.5529132858879477,0.04990122379477432,-2.560219081987719,0.024864477543992493,-2.5657025522939114,0.0228953559210629,0
145.28,-2.5721132859499627,0.04990217010198119,-2.5518935873674136,0.04607144687707562,-2.5716989663090795,0.032166364565680144,0
145.312,-2.5913132858677033,0.0499031316244357,-2.608625336212757,0.07568006610256535,-2.5979895142558433,0.04957242715438383,0
145.344,-2.6105132856468267,0.049904109296243344,-2.6362142424905675,0.10433947497851451,-2.6247994055345334,0.0714798380554523,0
145.376,-2.6297132853019374,0.0499051030080839,-2.6413085308914632,0.0804748333750114,-2.642923055661625,0.07507843720460228,0
145.40800000000002,-2.648913284855654,0.0499061116136765,-2.6675538286212643,-0.0026610627843410978,-2.664295364829365,0.043983246334383025,0
145.44,-2.6681132843371516,0.04990713300309085,-2.6843508204087017,0.08205772786878611,-2.683837547044627,0.05921365450687799,0
145.472,-2.687313283780275,0.04990816423821587,-2.644268329093271,0.08849610433700392,-2.6795298598473627,0.0709272543430184,0
145.504,-2.7065132832213465,0.0499092017416915,-2.69546027649904,0.03097849384746521,-2.697422026491191,0.0549483720232325,0
145.536,-2.7257132826968156,0.04991024152715791,-2.7690935377927275,0.008369145583931654,-2.737610630994984,0.03631730279897871,0
145.568,-2.7449132822408995,0.04991127945601002,-2.748056150748709,0.06099337226773102,-2.753308838879814,0.04618834894053825,0
145.6,-2.7641132818833785,0.04991231150412538,-2.7958421871098285,0.04198431469396113,-2.78184217815545,0.04450734831828135,0
145.632,-2.783313281647682,0.049913334021380595,-2.777828459916922,0.11101468377882961,-2.791756690844065,0.07111088835820072,0
145.66400000000002,-2.802513281549394,0.04991434396722428,-2.7956919524448636,0.06546603994541611,-2.804850795468882,0.06885354614789337,0
145.696,-2.8217132815952617,0.049915339107105744,-2.7721883311571687,0.04173453158012036,-2.8033058097292036,0.05800652785297556,0
145.728,-2.8409132817827816,0.0499163181570712,-2.849735735128071,0.02219522304122482,-2.8333977798742684,0.04368258353441899,0
145.76,-2.8601132821003707,0.0499172808671716,-2.848172947930596,0.03211673371921513,-2.8508278470827957,0.03905681162326355,0
145.792,-2.8793132825281167,0.04991822803826416,-2.903702117716425,0.05398039365036368,-2.883497555322659,0.04502680380973972,0
145.824,-2.8985132830390556,0.04991916147107944,-2.899083655441931,0.048202549370407376,-2.9012519953571103,0.04629765427841542,0
145.856,-2.9177132836008934,0.04992008385079214,-2.9299926375319534,0.07699276216479804,-2.92426825221402,0.05857624451348542,0
145.888,-2.9369132841780643,0.04992099857449275,-2.997687489346777,0.06546384513216581,-2.9651559470542157,0.06133182897765069,0
145.92000000000002,-2.956113284733999,0.04992190953264223,-3.001706169916476,0.016836982168428632,-2.9912960361862204,0.04353443409154374,0
145.952,-2.975313285233456,0.04992282085856378,-2.9782948500259914,0.019559974002360255,-2.9976155617091256,0.03394519602360117,0
145.984,-2.994513285644779,0.04992373666209472,-2.974871662232375,0.09706039676573851,-3.0000380019052137,0.059191826790342024,0
146.016,-3.0137132859419293,0.04992466076455042,-2.977298384374607,0.04086238808908089,-3.0024621548794554,0.051860608363555966,0
146.048,-3.032913286106167,0.04992559645207812,-3.066537392941868,0.10809577161113451,-3.0396122500905194,0.07435523895700544,0
146.08,-3.05211328612727,0.04992654626330543,-3.0822176876997847,0.06891344690309231,-3.068174425119877,0.07217909679541548,0
146.112,-3.07131328600421,0.04992751182498873,-3.0839268841415226,0.06759244495687969,-3.0859954087137007,0.07034502060537692,0
146.144,-3.090513285745236,0.04992849374628567,-3.099703512353857,0.09012040679830863,-3.1029986501544333,0.07825576939408738,0
146.17600000000002,-3.1097132853673566,0.04992949157850982,-3.0863543231389947,0.06498928433631895,-3.107860919332455,0.07294977869744504,0
146.208,-3.1289132848952534,0.049930503843014465,-3.1222581202122304,-0.0019002194465347136,-3.125139799668146,0.04301039044583367,0
146.24,-3.1481132843596917,0.049931528125469846,-3.1475370119447295,0.08532868252790361,-3.1456186845622325,0.059938324130070025,0
146.272,-3.167313283795534,0.04993256123052232,-3.1751217901282445,0.04045037954630393,-3.1689399267718787,0.05214376677835274,0
146.304,-3.186513283239487,0.04993359938693353,-3.216026637144558,0.04084985480043854,-3.199294610904116,0.04762682364572815,0
146.336,-3.2057132827277335,0.049934638490037375,-3.163999572675046,0.021544802794366276,-3.1966965955957205,0.037194635606155484,0
146.368,-3.224913282293596,0.04993567436593788,-3.240245632472026,0.03379159905423146,-3.2256362103296823,0.035834037477031344,0
146.4,-3.244113281965399,0.04993670304045567,-3.2130510629501186,0.04003334024183368,-3.2321221513616276,0.037514369054188756,0
146.43200000000002,-3.263313281764655,0.049937720995506786,-3.288926361584759,0.07106889039291492,-3.2663638354350795,0.050936780212885446,0
146.464,-3.2825132817046963,0.04993872539638744,-3.334329531144379,0.032286511013575325,-3.3050701137034917,0.043477265982413145,0
146.496,-3.3017132817898367,0.049939714275292674,-3.288481815573778,0.11375235341535064,-3.309954794436819,0.07158788449271837,0
146.528,-3.3209132820151077,0.04994068665919962,-3.3332702894435444,0.042039356389157644,-3.3308009924252318,0.05976904677418454,0
146.56,-3.3401132823665893,0.04994164263381278,-3.3659861723909965,0.06161271004668166,-3.3563950643977276,0.06050707613313679,0
146.592,-3.359313282822303,0.049942583339377046,-3.354788097172264,0.05675866793758813,-3.3672722774941275,0.05900826858258323,0
146.624,-3.378513283353615,0.049943510898545075,-3.4174458218812487,0.08723769233705346,-3.3988616952358646,0.07030058717636858,0
146.656,-3.397713283927057,0.04994442828085976,-3.409762419817493,0.05170983194070515,-3.4147419850556027,0.06286482965301235,0
146.68800000000002,-3.4169132845064496,0.049945339112496975,-3.376532237518054,0.09441255954490341,-3.4109780860277548,0.07548446406640354,0
146.72,-3.436113285055202,0.04994624744344559,-3.480021175193905,0.06298358177999792,-3.4501153216813574,0.07048465403849821,0
146.752,-3.4553132855386375,0.04994715748705408,-3.432812694094551,0.01908631522408754,-3.454714270633637,0.04992586434736347,0
146.784,-3.4745132859262067,0.0499480733486681,-3.501470914615951,0.025123484178425023,-3.4849369282133207,0.04000546339161111,0
146.816,-3.4937132861934423,0.04994899876080239,-3.5421184238296046,0.07855372854635055,-3.5193295264462563,0.05542532783253323,0
146.848,-3.512913286323535,0.049949936841892854,-3.5166829149530847,0.07138384113520227,-3.5297908818349972,0.061809300321749104,0
146.88,-3.532113286308424,0.04995088989417829,-3.5564107193982406,0.10251563923323181,-3.5519588168458363,0.07809241279847808,0
146.912,-3.551313286149332,0.049951859253768605,-3.5038462882033357,0.006666494590966257,-3.5442338053738793,0.049522632496781994,0
146.94400000000002,-3.5705132858567032,0.04995284520262101,-3.606289999071462,0.04458714386376014,-3.580576282837457,0.047549033767343776,0
146.976,-3.589713285449545,0.0499538469481825,-3.596376278056864,0.06328782646182494,-3.5984162809093,0.053845156352453474,0
147.008,-3.6089132849542174,0.0499548626721243,-3.5882855693705475,0.05181569804797008,-3.6058839962774822,0.05303398579080654,0
147.04,-3.628113284402744,0.04995588964515889,-3.6052143208731047,0.036463679003124916,-3.617136126099117,0.04640648108349572,0
147.072,-3.6473132838307567,0.04995692440068734,-3.67726128508582,0.06023542898718959,-3.6527061896770117,0.051938681148665206,0
147.104,-3.6665132832752083,0.049957962956237265,-3.664952347856284,0.006142362772149801,-3.6691246529319033,0.03362077505010259,0
147.136,-3.6857132827720034,0.04995900106856758,-3.69944786898881,0.028215841945220897,-3.692773939337964,0.031459420828586944,0
147.168,-3.704913282353704,0.0499600345061328,-3.723898226611883,0.07771240015966659,-3.716743654231085,0.04996122690348968,0
147.20000000000002,-3.7241132820474574,0.04996105932145549,-3.743380478826971,0.0771765478857527,-3.738918384053367,0.06084796280593661,0
147.232,-3.7433132818732764,0.04996207210592854,-3.7732885919374204,0.0744603205003356,-3.7641864671913803,0.06629350483621799,0
147.264,-3.762513281842784,0.04996307021066056,-3.745554499729911,0.049137840846523506,-3.7682536801917044,0.05943182845479121,0
147.296,-3.781713281958492,0.04996405191912122,-3.7714654134597634,0.008384806742697752,-3.7810583734843752,0.03901359868592141,0
147.328,-3.80091328221366,0.04996501656039834,-3.7462342293478414,0.010416605584619688,-3.7786487158157236,0.027575370161077622,0
147.36,-3.820113282592735,0.04996596455566077,-3.841907400878425,0.07064333701280978,-3.8154721898272257,0.04480311616976432,0
147.392,-3.839313283072342,0.049966897394675955,-3.8354802839969655,0.05301243790925534,-3.834995427481923,0.048087396046687866,0
147.424,-3.8585132836227594,0.04996781754369669,-3.8250028839230996,0.07844215074214539,-3.8425184100454737,0.060229842902782424,0
147.45600000000002,-3.877713284209786,0.04996872829042034,-3.921876279773266,0.05674085627481299,-3.8857815579238375,0.05883478931358173,0
147.488,-3.896913284796887,0.0499696335357507,-3.9091346790447217,0.0509269432967366,-3.9066428063594874,0.055672190598336,0
147.52,-3.9161132853474796,0.04997053754550657,-3.9160498047323786,0.08142725258170556,-3.9219256056958716,0.06597475635365932,0
147.552,-3.934835237083584,0.049971509080836043,-3.9453980090177097,0.07746436942992116,-3.942525191949301,0.07057109451963815,0
147.584,-3.9529651856493575,0.04997235355538521,-3.9443003673521013,0.04494512559366112,-3.9540864255632373,0.060321142524815935,0
147.616,-3.9705083046857843,0.04997306430514135,-3.972506188283423,0.14357564514706728,-3.9719573990925783,0.09362333006659661,0
147.648,-3.987481905664873,0.04997368409924589,-3.985039456923882,0.039303002991937064,-3.9873564627813125,0.07189554758077886,0
147.68,-4.0039052406704565,0.049974243152475215,-4.024868678595335,0.0847674991783187,-4.012201696524471,0.07704464877961187,0
147.712,-4.019797274667671,0.049974761753425745,-4.0190596737768125,0.05826627862857574,-4.024469906810813,0.06953360240944856,0
147.744,-4.035176215000599,0.049975254657549005,-4.08943263967675,0.0377093698812288,-4.0596748922897286,0.05680419947553604,0
147.776,-4.050059464361456,0.04997573294319667,-4.102042174500606,0.056582004805575264,-4.085546421852078,0.05671560570593809,0
147.808,-4.064463667642151,0.04997620478591177,-4.118919686246758,0.04177970899940628,-4.107534585900053,0.05074152929853505,0
147.84,-4.078404772284384,0.049976675936629356,-4.046023302411677,0.08945705819560526,-4.0912923700916375,0.06622802418334907,0
147.872,-4.091898083948554,0.04997715013828452,-4.087894427449709,0.05282656909461012,-4.098027821412473,0.06086772833087019,0
147.904,-4.104958314561596,0.0499776295202102,-4.097667959906929,0.024383627403814553,-4.10571943360369,0.04627437794938685,0
147.936,-4.117599623300005,0.0499781149615567,-4.14108466029004,0.024640397466776487,-4.1274503246436485,0.03762107983852227,0
147.968,-4.129835651673159,0.049978606411252555,-4.1321226956027,0.057602143985303,-4.136661360264636,0.04561380346660471,0
148.0,-4.1416795538104845,0.04997910315810078,-4.155930149913713,0.02124769025069472,-4.151476031616573,0.035867659483305225,0
148.032,-4.1531440228708165,0.04997960405069874,-4.087418135117329,0.08636141015744266,-4.132732625587831,0.05606546360661214,0
148.064,-4.164241314311819,0.04998010767091928,-4.1660677086064535,0.11136226901165241,-4.1527262935599545,0.07818449125424168,0
148.096,-4.174983266606264,0.04998061246679723,-4.2202151197380156,0.028660200525218497,-4.18616839079986,0.05837508109885237,0
148.12800000000001,-4.185381319870678,0.04998111685136049,-4.159091603795075,0.0037484188208227118,-4.181577997282254,0.0365247219850382,0
148.16,-4.195446532775615,0.04998161927377159,-4.150762545150059,0.07553243445847457,-4.175292495090698,0.052128111475128525,0
148.192,-4.205189598030856,0.0499821182685084,-4.216092670331763,0.08890981359983174,-4.197459991760379,0.06684109463025792,0
148.224,-4.214620856678782,0.049982612487481336,-4.266973915243733,0.049813036048358975,-4.230925920873801,0.06003017048545843,0
148.256,-4.223750311381913,0.04998310071913116,-4.221297246514724,0.055725363303487985,-4.23255373068396,0.05830854314891436,0
148.288,-4.232587638853192,0.04998358189776377,-4.234545120155392,0.05085937968595529,-4.238654280495795,0.0553291689059697,0
148.32,-4.241142201548167,0.04998405510569953,-4.20416699320673,0.06834232655903123,-4.229993682915779,0.06053471816579842,0
148.352,-4.249423058714903,0.049984519570248596,-4.280178507841731,0.058083890619766966,-4.255037682617846,0.05955466794284731,0
148.38400000000001,-4.257438976879085,0.04998497465707026,-4.298165045567921,0.07062606589342993,-4.277099705071803,0.06398350214134368,0
148.416,-4.265198439827174,0.049985419861114044,-4.250457908154059,0.05961038647002291,-4.271100157949743,0.062234524819200304,0
148.448,-4.27270965813902,0.04998585479605692,-4.247440105163354,0.02972710290159782,-4.266144326791503,0.04923181870443835,0
148.48,-4.279980578312132,0.049986279182931796,-4.293498556252437,0.06122095427185972,-4.2814499931405035,0.05402772913246531,0
148.512,-4.287018891512604,0.049986692838471035,-4.26671241913188,0.06159157058578446,-4.27977933643427,0.05705351536419356,0
148.544,-4.293832041981896,0.0499870956635544,-4.3151087523922955,0.09495918014965923,-4.298000340101174,0.07221602432907032,0
148.576,-4.300427235124095,0.04998748763204543,-4.291790714740705,0.11770268574442119,-4.299474914751607,0.09041092534054268,0
148.608,-4.306811445294595,0.049987868780219026,-4.324187509222909,0.031144383885776818,-4.313191749626364,0.0667045386298133,0
148.64000000000001,-4.31299142330819,0.04998823919691641,-4.3300394573336485,0.03657909563452043,-4.3236400529601955,0.05465458479072424,0
148.672,-4.318973703682228,0.04998859901451197,-4.321912982635419,0.05044436668234221,-4.326539789503302,0.05297071448155611,0
148.704,-4.324764611628529,0.049988948400737816,-4.305944536898711,0.05131237566385629,-4.321777393351267,0.05230758957148111,0
148.736,-4.3303702698062585,0.04998928755137721,-4.366269807910842,0.03494400549713772,-4.3429388786322995,0.045362360365210595,0
148.768,-4.33579660484664,0.0499896166838167,-4.308275228143546,0.10057514982173435,-4.332330309256962,0.06744767451353242,0
148.8,-4.341049353659392,0.049989936031424625,-4.325603494318072,0.06106746193732835,-4.332792288468772,0.06489578193561563,0
148.832,-4.346134069529894,0.04999024583871472,-4.3486461928113656,0.10601724646063969,-4.342185702615948,0.08134455443563962,0
148.864,-4.3510561280153475,0.049990546357238486,-4.347191269968968,0.0670585718448789,-4.347142155422561,0.07563034248099815,0
148.89600000000002,-4.355966760350535,0.04999082030451321,-4.372215007015281,0.0623181743830315,-4.3601255219248465,0.07030565967976295,0
148.928,-4.356311701990635,0.058948354131711414,-4.35035205303266,0.05451321188407281,-4.356215774760194,0.06398868057209615,0
148.96,-4.35631024442292,0.06856119290939663,-4.3445032453339385,0.07526725556154941,-4.35153093292308,0.06850011056132765,0
148.992,-4.356249995337311,0.07826224925334582,-4.33198179835663,0.01739708932505782,-4.343711501105899,0.048058902059711146,0
149.024,-4.3561877109598335,0.08795867101912695,-4.368383293135884,0.08468824031743108,-4.353580402348683,0.06271063735855026,0
149.056,-4.3561348387463035,0.09763753226963573,-4.330771456450615,0.09572914308610053,-4.344456956686587,0.07591803964768988,0
149.088,-4.35609214774184,0.10729999880841748,-4.351156657531086,0.10720927679376382,-4.3471369186508815,0.08843453450563296,0
149.12,-4.356058166378124,0.11694913364487389,-4.365018389841161,0.12655740462569515,-4.354289541457243,0.10368368255371047,0
149.15200000000002,-4.356031212668798,0.1265877459752178,-4.34664883949579,0.11926909880554513,-4.351233251841386,0.1099178490543703,0
149.184,-4.3560098295670615,0.13621811207138435,-4.317495398556051,0.154655933905126,-4.337738062241483,0.12781308299396285,0
149.216,-4.355992835099893,0.1458420256396964,-4.386635712977123,0.108378998863954,-4.357297037872995,0.12003944934021656,0
149.248,-4.355979288554238,0.15546088961973198,-4.356395819717547,0.14452672828228016,-4.356936432043582,0.12983436091394426,0
149.28,-4.355968445611908,0.16507579871868555,-4.342063296894953,0.1749457905885645,-4.350987027495927,0.14787893277906944,0
149.312,-4.355959718519902,0.174687606414743,-4.353351790522507,0.15183178754726434,-4.351932751935468,0.1494600746797686,0
149.344,-4.355952643619043,0.18429697801542475,-4.354824200510449,0.17903789826980662,-4.353089121742329,0.1612912041071538,0
149.376,-4.355946855485451,0.1939044323311057,-4.29486839097302,0.19098536328938256,-4.329800592300105,0.17316886776920523,0
149.40800000000002,-4.355942066465449,0.2035103742728406,-4.341803494938861,0.20078653836201982,-4.334601490050077,0.18421593599316238,0
149.44,-4.3559380504939655,0.2131151202758027,-4.321441290872972,0.2383267431706827,-4.32933712230484,0.20586025884859938,0
149.472,-4.355934630290802,0.22271891807791003,-4.3078055540729965,0.23521973793961404,-4.3207241836698405,0.21760405046700607,0
149.504,-4.355931667217701,0.23232196207366268,-4.436927124696883,0.22211676030756886,-4.367205027086207,0.2194091343828285,0
149.536,-4.355929053233106,0.2419244052113555,-4.390027777080421,0.17756130185555405,-4.376333774166714,0.2026700013491868,0
149.568,-4.355926704503184,0.25152636819867186,-4.328971608620793,0.3298112378046889,-4.357388536938354,0.2535264959064479,0
149.6,-4.355924556322787,0.26112794661868,-4.35594428866644,0.25573595332871435,-4.356810450435292,0.25441027884837064,0
149.632,-4.355922559074321,0.2707292164280976,-4.353605419438342,0.30197851046252794,-4.355528036617924,0.2734375714652052,0
149.66400000000002,-4.355920675010461,0.2803302382062181,-4.36915879652428,0.3498505931463822,-4.36097992691949,0.30400278010723103,0
149.696,-4.355918875691956,0.28993106044101197,-4.302450036541812,0.25920655581852386,-4.337567546838828,0.2860842903599342,0
149.728,-4.355917139947213,0.29953172207441386,-4.287609391014402,0.33307596128158046,-4.31758385224765,0.3048809586956688,0
149.76,-4.355915452248148,0.30913225447823306,-4.389823095899829,0.31754534232024106,-4.346479110988567,0.309946712111726,0
149.792,-4.355913801418611,0.31873268299264884,-4.340975254724817,0.34467283969653584,-4.344277125090789,0.3238371631112882,0
149.824,-4.355912179608861,0.32833302812858406,-4.332559968861073,0.28535196195927853,-4.339589816213432,0.3084430826157792,0
149.856,-4.355910581483095,0.33793330651152514,-4.33362461500235,0.37507400722715445,-4.337203287905977,0.335095452425511,0
149.888,-4.355909003577754,0.34753353162608397,-4.329761804113501,0.4277034811987801,-4.334226246547844,0.37213866390009653,0
149.92000000000002,-4.355907443796765,0.3571337144065764,-4.322110284715591,0.3262228146361448,-4.329379415229722,0.35377232416007554,0
149.952,-4.355905901016639,0.3667338637081784,-4.348003592615244,0.3273789514802255,-4.336828641977447,0.34321497505413684,0
149.984,-4.355904374779646,0.3763339866850557,-4.32358650617878,0.3985205410544436,-4.331531346799046,0.3653372014208357,0
150.016,-4.355902865057596,0.38593408909565813,-4.363677402903834,0.3670670917971217,-4.344389332544374,0.36602915753860765,0
150.048,-4.355901372072126,0.3955341755506636,-4.324478925385533,0.3658309609106482,-4.336424737809816,0.3659498788554437,0
150.08,-4.355899896160148,0.40513424971549344,-4.31952452609931,0.3775221374857396,-4.32966422659635,0.37057878227640084,0
150.112,-4.35589843767526,0.4147343144766159,-4.388271642330033,0.35044713248917175,-4.353106772077858,0.36252612233120113,0
150.144,-4.355896996917739,0.42433437207880753,-4.364594739994844,0.4507588475640839,-4.3577015443927625,0.39781921239491325,0
150.17600000000002,-4.355895574087091,0.4339344242389803,-4.300779894771349,0.4202928305670988,-4.3349324757715175,0.40680865963520974,0
150.208,-4.35589416925232,0.44353447224099274,-4.37990711246469,0.4301427679266776,-4.352921927760914,0.4161423029240631,0
150.24,-4.355892782335974,0.453134517014946,-4.324422938396606,0.4623797797654285,-4.341521935315024,0.4346372936336873,0
150.272,-4.355891413108791,0.4627345592037596,-4.327009614911769,0.46608384843946704,-4.335716616252824,0.4472159155298462,0
150.304,-4.355890061192366,0.472334599219266,-4.351231660716261,0.47218220371852265,-4.341922248668474,0.45720243077988143,0
150.336,-4.355888726067744,0.4819346372896306,-4.422730020265381,0.4400300560626814,-4.374244977132756,0.450333480868226,0
150.368,-4.355887407088263,0.49153467349955654,-4.335865800355675,0.4967133877975065,-4.358892931050718,0.46888544361576034,0
150.4,-4.355886103495284,0.5011347078244573,-4.32445082822308,0.443049675738798,-4.345115718915348,0.4585511364413299,0
150.43200000000002,-4.35588481443572,0.5107347401595562,-4.384268616887038,0.5526829478667692,-4.3607765109971215,0.4962038609883256,0
150.464,-4.355883538980475,0.5203347703446898,-4.377716884885673,0.5265076586557185,-4.367552296851372,0.5083253800325009,0
150.496,-4.355882276143114,0.5299347981854454,-4.3254389713900325,0.529349568766708,-4.350706605867889,0.5167350555037339,0
150.528,-4.355881024898212,0.5395348234711405,-4.333055576455038,0.5278220918569142,-4.34364583570043,0.5211698700228233,0
150.56,-4.355879784198942,0.5491348459900534,-4.3690409190930914,0.5365955952607876,-4.353803512553171,0.5273401600960315,0
150.592,-4.355878552993597,0.5587348655422357,-4.343541818648448,0.6127413431489968,-4.349698479901556,0.561500633295386,0
150.624,-4.355877330240784,0.568334881950171,-4.355440621750485,0.5864715450943092,-4.351994982505287,0.5714889979932145,0
150.656,-4.3558761149231335,0.577934895067494,-4.3325242110766355,0.6152837858683947,-4.344206320320421,0.5890069131215856,0
150.68800000000002,-4.3558749060593955,0.5875349047859441,-4.344640861028905,0.576083331378044,-4.3443797831163256,0.5838374804024615,0
150.72,-4.355873702714863,0.5971349110406969,-4.3491219417073514,0.5774077525379675,-4.346276292834322,0.5812655892349088,0
150.752,-4.355872504010098,0.6067349138141941,-4.359819195411518,0.6694495835033537,-4.3516930996024925,0.6165391869204483,0
150.784,-4.355871309127961,0.6163349131385757,-4.335635257127801,0.6075372694795735,-4.345269607538583,0.6129384199221464,0
150.816,-4.355870117318989,0.6259349090968109,-4.362513459400663,0.5962028529789519,-4.352166792179287,0.6062441931227788,0
150.848,-4.355868927905175,0.6355349018226156,-4.353387325558416,0.6580813118628641,-4.352654648227224,0.6269790405965668,0
150.88,-4.355867740282238,0.6451348914992414,-4.366872113528362,0.6675374052373404,-4.358341275724298,0.6432023864304615,0
150.912,-4.355866553920464,0.6547348783572261,-4.353787407307911,0.6794327378173964,-4.356519368343314,0.6576945269626452,0
150.94400000000002,-4.355865368364246,0.6643348626711933,-4.400957813538486,0.6896338381923888,-4.374294384991726,0.670470251431776,0
150.976,-4.355864185400678,0.6739348447684208,-4.327015381389255,0.7009184711725518,-4.355382422121081,0.682649539305232,0
151.008,-4.344351108263714,0.6808858500450072,-4.320742386272286,0.6440788368963408,-4.330006460533337,0.6672252376645014,0
151.04,-4.325707554597791,0.6813848059520354,-4.329851798458056,0.6789060576303911,-4.318424616597511,0.6719041891566258,0
151.072,-4.306389595038474,0.6813574666608364,-4.279507231027202,0.6884521485020275,-4.291337680227832,0.6785333264082725,0
151.104,-4.286976469576419,0.6812774879047464,-4.267721400903751,0.6994308836224108,-4.2703711850466455,0.6869055003428591,0
151.136,-4.267578973277688,0.6812121936852695,-4.23884678033065,0.6205219918789309,-4.246241439824796,0.6603680378424531,0
151.168,-4.248215993973925,0.6811683037394441,-4.261357383336935,0.6979633093942248,-4.240767834969216,0.6754243740516523,0
151.20000000000002,-4.228885723587967,0.6811427195835597,-4.273024873595021,0.6532649535640082,-4.242150669680468,0.6665806207883278,0
151.232,-4.2095825987691535,0.6811315048160118,-4.180081163672024,0.6421020533653834,-4.205802888118805,0.6568105586510798,0
151.264,-4.190301206468525,0.6811313739995627,-4.220314571551099,0.6430854484457365,-4.2000875837649865,0.6513428813346838,0
151.296,-4.171037025600141,0.6811398151091868,-4.127489859674692,0.6689786166347221,-4.159528517623901,0.6584202909280801,0
151.328,-4.151786430730281,0.6811549704919283,-4.184149039066503,0.6752210488759071,-4.157856750735991,0.6651642904782187,0
151.36,-4.132546550050892,0.6811754886452703,-4.157594127607557,0.6981137047297599,-4.146231726940495,0.6783682337265655,0
151.392,-4.113315117216165,0.6812003897074388,-4.126821138138066,0.6755713559562908,-4.126947517738545,0.6772740895189842,0
151.424,-4.094090345575836,0.6812289540764316,-4.108903054006248,0.6598959166644213,-4.108209759412928,0.6703478332874863,0
151.45600000000002,-4.074870826897899,0.6812606354886408,-4.046922829489895,0.6971086907011211,-4.072175015463395,0.6810775839387815,0
151.488,-4.055655451094369,0.6812949970180049,-3.9809947752405086,0.6732631529623294,-4.0241829482473666,0.6779776026724555,0
151.52,-4.0364433429075,0.68133166706185,-4.043416154250907,0.6804559381020989,-4.020356260356563,0.6789950921491325,0
151.552,-4.017233812049485,0.6813703117020119,-4.022127952612556,0.6605020143129454,-4.00954496775235,0.6716243495172274,0
151.584,-3.998026313957,0.6814106196463164,-3.9761334112470172,0.7012364228404001,-3.9846603763461035,0.6834959573026075,0
151.616,-3.97882041890797,0.6814522961346007,-3.9791198596324073,0.6967205179668278,-3.970924201443981,0.6888127962969948,0
151.648,-3.9596157877217806,0.681495062620611,-3.9767131567891423,0.664733104248374,-3.9617198158128524,0.6792081096353233,0
151.68,-3.9404121526391296,0.6815386596119174,-3.9791609614456607,0.6507767684245905,-3.957176306589248,0.6678628746449663,0
151.712,-3.9212093022736068,0.6815828506746707,-3.8861864510176973,0.6420400275437927,-3.917260397017688,0.6575610851960338,0
151.744,-3.9020070697613227,0.6816274262179056,-3.8882457455558117,0.6508533144000676,-3.894134569072218,0.6549053148144126,0
151.776,-3.8828053234208957,0.6816722062132147,-3.907008570821882,0.6970743258353846,-3.8877642022580865,0.6718001931177053,0
151.808,-3.8636039593838807,0.6817170414502913,-3.8500215330994347,0.6815998653568239,-3.861147166814237,0.6757472278492751,0
151.84,-3.8444028957728458,0.6817618132648962,-3.786637124586668,0.6891698647518412,-3.8198231817891024,0.6811433058745454,0
151.872,-3.8252020680966416,0.68180643190494,-3.8635659335035166,0.6608766418982004,-3.8258003139262007,0.6730634961259845,0
151.904,-3.80600142560479,0.6818508338340755,-3.811542890934938,0.7220458174050954,-3.8085773757306214,0.6926830973973546,0
151.936,-3.7868009283992916,0.6818949783276792,-3.789159194152029,0.6619197408545038,-3.7892901336358413,0.6804042370587812,0
151.968,-3.767600545145893,0.6819388437129863,-3.769646507680332,0.6598089448398651,-3.7699127133302843,0.6721924116141313,0
152.0,-3.748400251260707,0.6819824235627421,-3.7241385441335857,0.6601814115978815,-3.7400830752864818,0.6674141175548685,0
152.032,-3.729200027474321,0.6820257230872191,-3.7682776433824814,0.6432182699022391,-3.7398409317462313,0.6577617086229832,0
152.064,-3.7099998586959324,0.682068755896785,-3.7271883638339607,0.7003287771850495,-3.723259933423862,0.674814303105147,0
152.096,-3.690799733115975,0.6821115412367545,-3.687780549724599,0.7237885229450991,-3.697548208446137,0.6944296097231518,0
152.12800000000001,-3.6715996414982492,0.682154101734819,-3.690198755951558,0.6728018472356437,-3.6830884556492194,0.6858039907479785,0
152.16,-3.6523995766224533,0.68219646165262,-3.6518728249446526,0.704737198582123,-3.6590822313062805,0.6934026432302465,0
152.192,-3.633199532845918,0.6822386455982322,-3.7072976616628908,0.6782793473515443,-3.666848431163217,0.6873785932732959,0
152.224,-3.613999505759612,0.6822806776347968,-3.6320076587957613,0.6946297535415552,-3.641392149741032,0.690304239879594,0
152.256,-3.594799491918544,0.6823225807105319,-3.5789180676154277,0.6680432940300867,-3.60488254425848,0.681424972298138,0
152.288,-3.5755994886307216,0.6823643763344069,-3.5841816214711537,0.6074321908478888,-3.585082202383667,0.6518529118517062,0
152.32,-3.556399493792087,0.6824060844273641,-3.554187768005223,0.6548862719940675,-3.5612044557715445,0.6530912614399107,0
152.352,-3.5371995057574606,0.6824477232886507,-3.502899105244109,0.6436939811242004,-3.5263623426229693,0.6493573191703774,0
152.38400000000001,-3.517999523239619,0.6824893096285615,-3.5291622292926337,0.6561131149485889,-3.5159623242978535,0.6520845815287843,0
152.416,-3.4987995452303258,0.6825308586310312,-3.496098458174832,0.7028879177128101,-3.4964968048194094,0.6724308430880015,0
152.448,-3.479599570938471,0.6825723840209315,-3.50798566641774,0.6625876630908336,-3.489572376410199,0.668518489093491,0
152.48,-3.460399599741545,0.6826138981208668,-3.4362561448271514,0.656206278462002,-3.4567259107240407,0.6636185207203731,0
152.512,-3.441199631147524,0.6826554118903811,-3.395362469698743,0.636958190036424,-3.4206605612695684,0.6529793082691104,0
152.544,-3.4219996647649102,0.6826969349466607,-3.4337149351869187,0.6931807879580786,-3.414362337811877,0.6690848291147917,0
152.576,-3.4027997002791843,0.6827384755701593,-3.386200788593473,0.6447727999549026,-3.391577745128947,0.659384959929063,0
152.608,-3.3835997374343383,0.6827800407012847,-3.4092444643117505,0.7086596836954036,-3.3871244598431476,0.679119808951419,0
152.64000000000001,-3.3643997760184616,0.682821635935623,-3.3556159289265604,0.6680279935815973,-3.3630010745600956,0.6747080620686301,0
152.672,-3.3451998158525833,0.6828632655254335,-3.3469258828365755,0.6421068989980798,-3.3450510250009335,0.6616925977657163,0
152.704,-3.3259998567821563,0.682904932394576,-3.320572459592062,0.6432442305645983,-3.3237396260168035,0.6543382746051833,0
152.736,-3.3067998986706875,0.6829466381728513,-3.3143489260971486,0.6784452881554623,-3.3084633732784576,0.6640061269331947,0
152.768,-3.2875999413951207,0.6829883832541669,-3.2362782554033402,0.7099703903940582,-3.2680693534074594,0.6824169021143225,0
152.8,-3.268399984842641,0.6830301668811161,-3.277000678421416,0.7119452519073511,-3.2601219107396933,0.6942533337886876,0
152.832,-3.249200028908621,0.6830719872566361,-3.2358043913315457,0.6590534712714363,-3.238874930347553,0.6801985010189993,0
152.864,-3.2300000734954653,0.6831138416814853,-3.2064685299430367,0.7610419904718135,-3.214392397597182,0.7125610275763694,0
152.89600000000002,-3.2108001185121404,0.6831557267144674,-3.2165324658607846,0.6416456274279666,-3.2037284523494267,0.6842200145328765,0
152.928,-3.191600163874198,0.6831976383507029,-3.2014021315278103,0.6720068696935753,-3.191277951497444,0.6793599173053104,0
152.96,-3.172400209504124,0.6832395722118906,-3.208901931939352,0.703280133280261,-3.1868075711749126,0.6889531754151096,0
152.992,-3.1532002553318668,0.6832815237414892,-3.130704167022473,0.6724886177497593,-3.1528462370328088,0.6823925323809767,0
153.024,-3.1340003012954183,0.683323488397123,-3.1491226272954447,0.6919396387657097,-3.1398368206692098,0.686236560670255,0
153.056,-3.1148003473413395,0.6833654618323208,-3.1328475853007975,0.6520577717862589,-3.125521154060383,0.6725902341372729,0
153.088,-3.095600393425147,0.6834074400599671,-3.0820204011811945,0.6783672562106824,-3.0966008804497536,0.6749262331311702,0
153.12,-3.0764004395114934,0.6834494195905435,-3.098737892670805,0.6874977335452661,-3.0859357128777978,0.6799800228094214,0
153.15200000000002,-3.0572004855741013,0.6834913975393723,-3.0631716921213337,0.7030382111754803,-3.065310132110343,0.6892284856144137,0
153.184,-3.038000531595417,0.6835333716985547,-3.0474056341993196,0.7024618268178464,-3.046628360474422,0.694547006517918,0
153.216,-3.018800577565989,0.6835753405710768,-3.0446610671716487,0.6894173640792642,-3.0343214706739348,0.692520330368587,0
153.248,-2.999600623483578,0.6836173033665032,-2.9693635584456395,0.7188366202945029,-2.9968183332950327,0.7030720234130855,0
153.28,-2.9804006693520346,0.683659259959707,-3.0065839293155165,0.7033898075456432,-2.989204599207892,0.703224310595886,0
153.312,-2.9612007151799866,0.6837012108160553,-3.0035865297808875,0.6608226972240754,-2.9834373989351306,0.686288835746192,0
153.344,-2.94200076097941,0.6837431568882729,-2.952457622902925,0.6454534715725091,-2.959525516015299,0.6699798582929042,0
153.376,-2.922800806764143,0.6837850994917151,-2.9607025374250573,0.715462383794827,-2.9484763520692336,0.6881980353281557,0
153.40800000000002,-2.9036008525484336,0.6838270401659173,-2.926499610276088,0.6277882809695889,-2.9281656828411045,0.6640593000064325,0
153.44,-2.884400898345588,0.6838689805309597,-2.9088942868148138,0.6933907671583459,-2.9089371519208957,0.6758170538282338,0
153.472,-2.865200944166805,0.6839109221473617,-2.8729865181737115,0.6895862901419741,-2.8830369259153796,0.681349916710698,0
153.504,-2.8460009900202485,0.6839528663878682,-2.894463791236987,0.6712370962189006,-2.876087699541944,0.6773299589598526,0
153.536,-2.826801035910412,0.6839948143286514,-2.8378476065913287,0.7083387188712941,-2.849271689865224,0.6897586359349359,0
153.568,-2.807601081837797,0.6840367666661471,-2.812362501270961,0.6529632533727111,-2.822988041937137,0.6750656587075443,0
153.6,-2.7884011277989145,0.6840787236640832,-2.7469895665954653,0.6777702179333451,-2.781068679316075,0.6761726609345546,0
153.632,-2.7692011737865943,0.6841206851333101,-2.7078116875960774,0.6891997693787572,-2.7402459101489844,0.6814086852733487,0
153.66400000000002,-2.750001219790564,0.6841626504449633,-2.716077307805368,0.6731073834968369,-2.7190584967365274,0.6781133473890582,0
153.696,-2.7308012657982537,0.6842046185753707,-2.7444210590278106,0.7305469105144959,-2.7176835491804407,0.6991119565670268,0
153.728,-2.7116013117957527,0.6842465881791265,-2.7245694506086773,0.6610173166668042,-2.7089179372795478,0.6838992847224672,0
153.76,-2.692401357768862,0.6842885576849905,-2.7139659379338767,0.7224676387099475,-2.6994171650673193,0.6993518096220634,0
153.792,-2.6732014037041547,0.6843305254078629,-2.624776927624166,0.7115557383986378,-2.658041097612111,0.7042585626140252,0
153.824,-2.654001449589987,0.6843724896691065,-2.678759687232244,0.6961136426762674,-2.654808560976145,0.701025773343454,0
153.856,-2.6348014954173857,0.6844144489170185,-2.6227065929455433,0.6868655500961177,-2.630447801272008,0.6953868591463945,0
153.888,-2.615601541180758,0.6844564018393007,-2.616960352335917,0.6944097011071569,-2.613532849196406,0.6950211667923071,0
153.92000000000002,-2.5964015868783785,0.6844983474599542,-2.6307203696035177,0.6977833718108827,-2.6088878848479413,0.6961512150199316,0
153.952,-2.577201632512626,0.6845402852140883,-2.572526504862372,0.7014693035572623,-2.5828233603319757,0.6983036118815888,0
153.984,-2.5580016780899433,0.6845822149956081,-2.518991066131482,0.7091908242016814,-2.545770470119947,0.7026836536347543,0
154.016,-2.5388017236205305,0.6846241371745488,-2.543676142368845,0.7014547240052871,-2.533412766478529,0.702217234418323,0
154.048,-2.5196017691177817,0.6846660525828228,-2.513279338082346,0.6405858538467679,-2.513839422571439,0.677589831324459,0
154.08,-2.500401814597499,0.6847079624692262,-2.5048068986815277,0.678179025127783,-2.4987064404612003,0.6778506553867217,0
154.112,-2.4812018600769314,0.6847498684265706,-2.4852393512185644,0.6631335813882362,-2.481799632206549,0.6719889708044,0
154.144,-2.462001905573703,0.6847917722956263,-2.4897728085762463,0.7269996205140457,-2.473468930196056,0.6940183753491278,0
154.17600000000002,-2.442801951104695,0.6848336760520929,-2.416430523209502,0.6703777590651367,-2.4391335948448902,0.6845872743331836,0
154.208,-2.4236019966849613,0.6848755816839193,-2.4635890633995636,0.6762777883033273,-2.437395809714537,0.6812886273994384,0
154.24,-2.404402042326753,0.6849174910669341,-2.3772581716757406,0.6964049333628792,-2.401820781953349,0.6873603002662299,0
154.272,-2.385202088038713,0.6849594058468705,-2.409677699971291,0.6679541578815025,-2.3934435766232367,0.6796229976339904,0
154.304,-2.366002133825306,0.6850013273354583,-2.3123010198228564,0.6553026442850897,-2.3494665813754843,0.6699200150547109,0
154.336,-2.3468021796865184,0.6850432564273659,-2.3059747434901383,0.695193148587509,-2.32054987370414,0.6800544319885207,0
154.368,-2.327602225617849,0.6850851935434216,-2.3558580433675016,0.6905484299102993,-2.32315316906273,0.6842771994630334,0
154.4,-2.308402271610591,0.6851271386038579,-2.3166085643665544,0.6662888818350093,-2.309015354687362,0.6771070452287729,0
154.43200000000002,-2.2892023176523875,0.6851690910333859,-2.3413816736524997,0.7052333537563372,-2.3104419097851667,0.6883827454127158,0
154.464,-2.270002363728017,0.685211049797851,-2.2932159515296533,0.6885318361735696,-2.2920315540016096,0.6884675616449503,0
154.496,-2.2508024098203574,0.6852530134701832,-2.2550797256196593,0.6853418993389586,-2.2657308501722015,0.6872424788097325,0
154.528,-2.2316024559114673,0.6852949803214591,-2.230700621080713,0.674642154569468,-2.240198786061238,0.6822275322332776,0
154.56,-2.2124025019837106,0.6853369484312696,-2.21478654201377,0.6591394162850367,-2.2185139159675487,0.6730174688201218,0
154.592,-2.193202548020857,0.6853789158103317,-2.198594991131327,0.6719273533771948,-2.199026373555466,0.6726066042861657,0
154.624,-2.17400259400909,0.6854208805274892,-2.2241135123968188,0.694530421851526,-2.197541256609163,0.6814013105543997,0
154.656,-2.154802639937861,0.68546284083295,-2.2101900341326264,0.6214481684408422,-2.191080795128446,0.6574452296317349,0
154.68800000000002,-2.1356026858005395,0.6855047952698481,-2.087860441136972,0.6456624287751039,-2.138272681032968,0.6527572811927498,0
154.72,-2.1164027315948175,0.685546742766959,-2.0795323750776182,0.6765967523701278,-2.103256586142201,0.6623182371114039,0
154.752,-2.09720277732285,0.6855886827066131,-2.114801487174427,0.7103456445005953,-2.0963545740364085,0.68155436291232,0
154.784,-2.078002822991108,0.6856306149634366,-2.0868837036751198,0.6971234115815107,-2.0810462533634912,0.6878071407755009,0
154.816,-2.0588028686099675,0.6856725399114394,-2.0613930128518643,0.7096840036537201,-2.0616649846216877,0.6965830403141074,0
154.848,-2.0396029141930416,0.6857144583989943,-2.0686207097566216,0.71724455255347,-2.0529273021312915,0.7048727962904013,0
154.88,-2.0204029597563053,0.6857563716933308,-2.056395982727458,0.629316592747675,-2.0427948018201714,0.6746754635627226,0
154.912,-2.0012030053170626,0.6857982813981235,-1.985718411897813,0.7424773219799905,-2.0084442732987613,0.7018213542983538,0
154.94400000000002,-1.9820030508928195,0.6858401893494881,-2.0400172271390358,0.6678045112126062,-2.009553482282047,0.6882397642680436,0
154.976,-1.9628030965001415,0.6858820974970922,-1.9487356837072143,0.7159019311295884,-1.9737063903014778,0.6993297792185875,0
155.008,-1.9436031421535658,0.6859240077780376,-1.9784333037564388,0.7127390847289758,-1.9640771831374173,0.7047186517325874,0
155.04,-1.924403187864647,0.6859659219916414,-1.9224889957329654,0.7200786975608231,-1.9359219356362918,0.7108878234437231,0
155.072,-1.9052032336411973,0.686007841683178,-1.9279055549377728,0.6883862856821034,-1.921195410825916,0.7019123655566865,0
155.104,-1.8860032794867767,0.68604976804407,-1.9130271256280436,0.7071152609299589,-1.9064081242253126,0.7040186852812595,0
155.136,-1.8668033254004643,0.6860917018349524,-1.8196674948805382,0.7019819000707272,-1.8601918999759857,0.7032291373683753,0
155.168,-1.847603371376927,0.6861336433365597,-1.8183605032863097,0.6507977692533844,-1.8319393687986112,0.6822817608313216,0
155.20000000000002,-1.8284034174067778,0.6861755923315975,-1.85311762998805,0.6630795245653354,-1.828890700782031,0.674626041219921,0
155.232,-1.809203463477196,0.6862175481187587,-1.7614002541512601,0.6781288595233366,-1.7903745496451589,0.676052347000358,0
155.264,-1.7900035095727682,0.6862595095579792,-1.8547910605649778,0.6988632487036637,-1.8046211815344533,0.6852018888525755,0
155.296,-1.770803555676489,0.68630147514401,-1.7512404967884525,0.680111775622699,-1.7717489351611053,0.6831910264158265,0
155.328,-1.751603601770857,0.6863434431035605,-1.754996954951536,0.677723187628305,-1.7535281706035302,0.6810290743038668,0
155.36,-1.7324036478389973,0.6863854115097491,-1.752005243155693,0.6391164410788968,-1.741399027149284,0.6642892037927373,0
155.392,-1.7132036938657353,0.6864273784064745,-1.7051698624377944,0.726110112244372,-1.7153873887857372,0.6890427481961051,0
155.424,-1.6940037398385623,0.6864693419346887,-1.710900772452409,0.7080160453395,-1.7020727697673874,0.6966572453012441,0
155.45600000000002,-1.6748037857484281,0.6865113004524201,-1.6394174179832,0.7160846036810304,-1.6654906565607903,0.7044533632861606,0
155.488,-1.655603831590318,0.6865532526408048,-1.649473539129869,0.648911293269824,-1.6475638370862717,0.6822617056911875,0
155.52,-1.6364038773635774,0.6865951975892807,-1.6232417565629214,0.6344065667813711,-1.6263150323648259,0.6631448159830993,0
155.552,-1.6172039230719601,0.6866371348544479,-1.5833616874817462,0.6850001961656602,-1.5976137218894477,0.6719121293159669,0
155.584,-1.5980039687234018,0.686679064488794,-1.5960481806299927,0.696736497631676,-1.5854675328540426,0.6818670335624919,0
155.616,-1.578804014329523,0.6867209870374298,-1.5447704646234048,0.708443751059742,-1.5576687330218624,0.6925228736786289,0
155.648,-1.5596040599048948,0.6867629035030464,-1.5825495779046435,0.6818443614052476,-1.556101098428458,0.6882766188657601,0
155.68,-1.5404041054661095,0.6868048152813523,-1.504093594840665,0.6769117620404694,-1.5237781244423672,0.6837558241889043,0
155.712,-1.5212041510307122,0.6868467240711564,-1.529117676366374,0.711458840661408,-1.5143939726589615,0.6948621778977613,0
155.744,-1.5020041966160642,0.6868886317648943,-1.4576288704004912,0.72623107656708,-1.4801679592030843,0.7074348847225314,0
155.776,-1.4828042422382117,0.6869305403266599,-1.4972833195436908,0.6861559330951227,-1.4754941307898788,0.6989484528217199,0
155.808,-1.463604287910836,0.6869724516656065,-1.4459532142942535,0.6465854027970588,-1.4521577916475485,0.6780283840218577,0
155.84,-1.4444043336443566,0.6870143675128789,-1.3980455241258165,0.7024397117774785,-1.4189929121021276,0.6878180697027514,0
155.872,-1.4252043794452496,0.6870562893100117,-1.4219145190011886,0.7030327195637891,-1.4086415823338883,0.6939290882866991,0
155.904,-1.4060044253156254,0.687098218115987,-1.4117064189739812,0.6871460655628723,-1.3983475444718694,0.6912410423286385,0
155.936,-1.3868044712530982,0.6871401545389446,-1.3832951900358685,0.6752434190004007,-1.380806630189534,0.6848671607627932,0
155.968,-1.3676045172509492,0.687182098696948,-1.3539956294429243,0.7038231850489458,-1.3585622573927387,0.6924747427205342,0
156.0,-1.3484045632985748,0.6872240502103383,-1.3401918288610912,0.6933331711321948,-1.3396941134907445,0.6928432903620023,0
156.032,-1.3292046093821843,0.6872660082261717,-1.2496202889857082,0.7595608743470912,-1.292144611206675,0.7195555035625345,0
156.064,-1.3100046554856992,0.6873079714731718,-1.344403523536033,0.6731276356933525,-1.3015282036616385,0.7010095384330505,0
156.096,-1.2908047015917934,0.6873499383436564,-1.304861301205211,0.7040492187116886,-1.2913414702052175,0.7022505939013973,0
156.12800000000001,-1.271604747683007,0.687391906997163,-1.285280280383581,0.6732550449863722,-1.2773970218031083,0.6906775578721807,0
156.16,-1.2524047937428604,0.6874338754790942,-1.2780738146648642,0.6675322247342111,-1.266147766472192,0.6814446071637961,0
156.192,-1.233204839756902,0.6874758418467356,-1.2212955000486836,0.7071311903723203,-1.236686887422588,0.691744420898468,0
156.224,-1.2140048857136243,0.6875178042945205,-1.1778389818040695,0.6573566179574486,-1.201627752688277,0.6780144771078696,0
156.256,-1.194804931605194,0.687559761270462,-1.2140013760438457,0.6818799766456878,-1.1950572295352115,0.6795858504716153,0
156.288,-1.1756049774279504,0.6876017115762428,-1.119570922166891,0.6380833239718223,-1.1533427340830584,0.6630100090593396,0
156.32,-1.1564050231826437,0.6876436544445051,-1.1838869473667122,0.6986786914260912,-1.1540404468816365,0.6773026465906373,0
156.352,-1.1372050688743958,0.6876855895883521,-1.1709792520839342,0.6705940400222234,-1.1492959964377383,0.6746443640000945,0
156.38400000000001,-1.1180051145123844,0.6877275172198686,-1.1367952528742995,0.700585462428517,-1.1327757264783773,0.685045959209565,0
156.416,-1.0988051601092668,0.6877694380364638,-1.0859482289528395,0.6313931376400819,-1.102524754926366,0.6636099828414771,0
156.448,-1.079605205680376,0.687811353175917,-1.0477183289660499,0.6853002685962167,-1.0690822119944934,0.6723112466762995,0
156.48,-1.0604052512427402,0.6878532641430253,-1.0744069924872979,0.6893632888025423,-1.059692151640164,0.6791572113609554,0
156.512,-1.0412052968139838,0.6878951727125863,-1.023383869499376,0.7145730321738181,-1.0336488662311765,0.693348686959627,0
156.544,-1.0220053424111835,0.687937080814969,-0.9729510508293834,0.7529816793074788,-0.9978497675191288,0.7172270317865442,0
156.576,-1.0028053880497536,0.6879789904116527,-1.0422691687814698,0.7071143738078656,-1.0040975554765545,0.7132071182329871,0
156.608,-0.9836054337424376,0.688020903368759,-0.9159198500192629,0.7023884057042754,-0.9573065007521806,0.7089047856332069,0
156.64000000000001,-0.9644054794984723,0.6880628213367286,-0.9688329282119696,0.7311942640280944,-0.9503970992025381,0.7178457330220694,0
156.672,-0.9452055253229849,0.6881047456438992,-0.9534880090766821,0.6649010087161548,-0.9401134906278759,0.6966930035624568,0
156.704,-0.9260055712166609,0.6881466772108443,-0.8778045202077885,0.6731159206716627,-0.9036699299455052,0.6872873352410993,0
156.736,-0.9068056171757081,0.6881886164909954,-0.9014276769514821,0.6625491549699416,-0.8912530562436483,0.6774172325858963,0
156.768,-0.8876056631921115,0.6882305634413748,-0.9081095073412536,0.6641204313514765,-0.8864756641879856,0.6721236859125281,0
156.8,-0.868405709254167,0.6882725175253319,-0.8602512964736602,0.6829862230171391,-0.8644659446159336,0.676493878409659,0
156.832,-0.8492057553472487,0.6883144777471055,-0.8717106779828853,0.7255291850162409,-0.855843865483075,0.6961331817634206,0
156.864,-0.8300058014547609,0.6883564427159915,-0.8579676832069106,0.6470259645179923,-0.8451734200975207,0.6765154776566074,0
156.89600000000002,-0.8108058475592095,0.6883984107359822,-0.8097772165067648,0.6965855163542105,-0.8194949661882553,0.684568676897952,0
156.928,-0.7916058936433239,0.6884403799151014,-0.7591097530338862,0.6652503955762994,-0.783820908453108,0.6768665479311124,0
156.96,-0.7724059396911583,0.68848234828739,-0.7586266100517406,0.6664286918503787,-0.7622232166161915,0.6727165877021348,0
156.992,-0.7532059856891045,0.6885243139396761,-0.7334724846740953,0.6685803935015882,-0.7392029513576732,0.6710872897967887,0
157.024,-0.734006031626754,0.6885662751349556,-0.7489139639582575,0.7325830687777048,-0.7315673839089212,0.695710777822732,0
157.056,-0.7148060774975599,0.6886082304244244,-0.6986052588391926,0.6739954025510281,-0.7068625613832158,0.6870498001094474,0
157.088,-0.6956061232992548,0.6886501787409353,-0.7204898948391673,0.7078005374304926,-0.7007935222580037,0.6953752629591132,0
157.12,-0.676406169034002,0.6886921194678487,-0.6563012896256426,0.6969375187093841,-0.6714766566873699,0.6960253285593945,0
157.15200000000002,-0.6572062147082679,0.6887340524788349,-0.6321925353080949,0.6583491521236432,-0.6442430356082086,0.6809800168157947,0
157.184,-0.6380062603324197,0.688775978146057,-0.6438011576866728,0.7478357640698384,-0.6325463119033461,0.7077474705190203,0
157.216,-0.6188063059200726,0.6888178973162075,-0.6124234921980675,0.6748520682411255,-0.6129772114777223,0.6946144610811447,0
157.248,-0.5996063514872233,0.6888598112559419,-0.5816870022942447,0.6538460985461281,-0.588941155255556,0.6783322651280927,0
157.28,-0.5804063970512238,0.6889017215702299,-0.6023632329045873,0.6762068935374478,-0.5827900137634711,0.6775072642126458,0
157.312,-0.5612064426296597,0.6889436300988881,-0.5419463549343928,0.7003171286629637,-0.5549325776797496,0.6866563575326934,0
157.344,-0.5420064882392066,0.688985538797967,-0.5878143508861209,0.7145502135929948,-0.5565653144123709,0.6978390484874386,0
157.376,-0.5228065338945408,0.6890274496136395,-0.49158995980978776,0.693132447042787,-0.5190552000259916,0.6959815585393074,0
157.40800000000002,-0.503606579607378,0.6890693643567225,-0.5389298492812267,0.7008284996112959,-0.5154850871894459,0.6979454886706788,0
157.44,-0.4844066253857057,0.6891112845859186,-0.5197709645045743,0.6765708432613807,-0.5056794655852591,0.6894207880586721,0
157.472,-0.4652066712332632,0.6891532115073052,-0.44671013530812703,0.695997429781616,-0.4705717609537261,0.692076606677459,0
157.504,-0.4460067171493013,0.6891951458965493,-0.4465202435431824,0.6607245961154404,-0.449431181478929,0.6795609690072757,0
157.536,-0.4268067631286403,0.6892370880488655,-0.40316900747116496,0.669465803487476,-0.4194063393752374,0.675548073928508,0
157.568,-0.40760680916201714,0.6892790377599427,-0.3896354132198878,0.6912050629954396,-0.39597799642175524,0.6818360449140856,0
157.6,-0.38840685523669766,0.6893209943390721,-0.40565248486476085,0.7016525002524658,-0.38832781931551325,0.6897878060208507,0
157.632,-0.36920690133731016,0.6893629566536373,-0.3874737952262551,0.6977264900668849,-0.37646623720240896,0.6929884613738287,0
157.66400000000002,-0.35000694744684274,0.6894049232021,-0.36212372838004414,0.7260820583301464,-0.35920926119986046,0.7062510836269604,0
157.696,-0.33080699354773924,0.6894468922107827,-0.31322170944661526,0.7058117874070131,-0.3292942680262686,0.7061005492070876,0
157.728,-0.31160703962302255,0.6894888617482127,-0.2752010963267626,0.6982584592936316,-0.29613702687290755,0.7029888967307614,0
157.76,-0.29240708565737566,0.6895308298496549,-0.3138342367638826,0.7380569026542705,-0.29169593835198315,0.7170412808714798,0
157.792,-0.27320713163811333,0.6895727946438068,-0.22128083503829632,0.679128306884945,-0.25200992454319127,0.7019012703030413,0
157.824,-0.2540071775559865,0.689614754473484,-0.2780777274188454,0.6634363418668551,-0.2509170732022754,0.6865404743597694,0
157.856,-0.23480722340577037,0.6896567080025112,-0.2140051028809853,0.6785507710294157,-0.22463231257337332,0.6833697642463985,0
157.888,-0.21560726918660067,0.6896986543019229,-0.24158744692810952,0.7126113240280915,-0.21989439380492132,0.695091554820165,0
157.92000000000002,-0.19640731490203645,0.6897405929099102,-0.21892236941483015,0.6616989317673366,-0.20798561152847034,0.6817596676516796,0
157.952,-0.17720736055984374,0.6897825238616453,-0.16930591674827272,0.7019880595775272,-0.18099376108645182,0.6898761821132398,0
157.984,-0.15800740617151068,0.6898244476870576,-0.10661449093869893,0.670569378117822,-0.13972208048904444,0.6821786143737627,0
158.016,-0.13880745175152112,0.6898663653767041,-0.11705810278224324,0.6861312787650563,-0.11913651686134905,0.6837848309331258,0
158.048,-0.1196074973164309,0.689908278317932,-0.10467082154797047,0.6898826015550653,-0.1018302661864823,0.6862490879033343,0
158.08,-0.1004075428838029,0.6899501882054538,-0.06258245526889522,0.6489636858289584,-0.07461116926781315,0.671360074822956,0
158.112,-0.0812075884710694,0.689992096932096,-0.1001757011832865,0.72011361127426,-0.07331700948280795,0.6908866373535666,0
158.144,-0.06200763409439686,0.6900340064667717,-0.06491142840817578,0.6652388740721127,-0.05843480450473218,0.6806526813523892,0
158.17600000000002,-0.04280767976762872,0.6900759187275408,-0.07034238038816223,0.6488980644803753,-0.051677862315195264,0.6679759863498869,0
158.208,-0.023607725501378445,0.69011783545794,-0.017249130005251218,0.7136336086614536,-0.02638639685562503,0.6862641903730674,0
158.24,-0.0044077713023351235,0.6901597581145585,-0.0324335746418253,0.6675136336747708,-0.017285295443362367,0.6787891268465045,0
158.272,0.014792182827171246,0.6902016877731035,-0.044248473303331315,0.7353352877834077,-0.01655059407042281,0.7014327548694952,0
158.304,0.033992136889315766,0.6902436250590123,0.0738426092253544,0.7245408793316028,0.03112665975466426,0.7107011729501422,0
158.336,0.05319209089062774,0.6902855701070848,0.05074872535093447,0.7191037114478209,0.05049545849011494,0.7140873611456877,0
158.368,0.07239204484155526,0.6903275225527439,0.0657267661552271,0.7049176038800573,0.06810795404421921,0.7104446351000979,0
158.4,0.09159199875577712,0.6903694815554875,0.10723205042693158,0.7417531507097992,0.09527756507800314,0.7229932215708943,0
158.43200000000002,0.11079195264931027,0.69041144585303,0.10392319148207185,0.6848913012677375,0.11025578811496656,0.7077776361283763,0
158.464,0.12999190653947323,0.6904534138426441,0.1067014160253567,0.709042093501986,0.12035401175143873,0.7083086031364434,0
158.496,0.14919186044377292,0.6904953836844673,0.18391081965081707,0.7118696444757802,0.1572967073830242,0.7097582039503024,0
158.528,0.16839181437878664,0.6905373534201135,0.15895808530119312,0.6799054756009336,0.16948123102421198,0.6978422959342139,0
158.56,0.18759176835910815,0.6905793210989469,0.1745357983390648,0.704645142088454,0.18302303042859158,0.7005886156532494,0
158.592,0.20679172239642213,0.690621284903874,0.1915656668868836,0.7120495674114053,0.19796005749700388,0.7051981745695014,0
158.624,0.2259916764987632,0.6906632432685417,0.25286437378411836,0.7037884247659997,0.2314417565053091,0.7046594490356234,0
158.656,0.24519163067000355,0.6907051949783817,0.2836763069013674,0.6953323633897558,0.2638555491667207,0.7009537848055116,0
158.68800000000002,0.2643915849096016,0.6907471392489795,0.2694120882049264,0.6871025021046271,0.2775981372950681,0.6954384371420285,0
158.72,0.2835915392126271,0.6907890757767113,0.3082600548690459,0.7096076966827847,0.3013828768476974,0.7011313018097842,0
158.752,0.302791493570065,0.69083100475838,0.3192215739145876,0.7166048857488561,0.32003832820671624,0.7073458920124833,0
158.784,0.3219914479693807,0.6908729268785794,0.357677932201095,0.6913939224695499,0.3466141423446111,0.7009902572121569,0
158.816,0.3411914023953142,0.6909148432656014,0.362232137613009,0.6914932664647443,0.36438131299814147,0.697216611167536,0
158.848,0.3603913568308569,0.6909567554187281,0.37524134521288294,0.7115533727230324,0.38024529843399535,0.7029764643082124,0
158.88,0.37959131125834744,0.6909986651115949,0.38674716147021854,0.6705864188505273,0.3943660161997413,0.6900455940471442,0
158.912,0.3987912656606182,0.6910405742778583,0.395363743160027,0.6913930553538027,0.4062850795338402,0.6906097270740447,0
158.94400000000002,0.4179912200221144,0.6910824848865375,0.4062864987124077,0.702894949182814,0.41780561975148833,0.6955489661460448,0
158.976,0.4371911743299126,0.691124398815067,0.4646364190459712,0.7401432205720245,0.4480579120094879,0.7134118209009053,0
159.008,0.45639112857456665,0.6911663177282439,0.440406436389254,0.7144314084364372,0.4565172942937196,0.713844812510434,0
159.04,0.47559108275072526,0.6912082429708705,0.4759546553848194,0.7572381458752635,0.4758122112532423,0.7312273066854206,0
159.072,0.494791036857478,0.6912501754810187,0.48394453516138924,0.703122982153329,0.49058511332957283,0.7200107422860919,0
159.104,0.5139909908984072,0.6912921157295036,0.5016523427648868,0.6967390568881601,0.5065319776066338,0.7107272381807603,0
159.136,0.5331909448813451,0.6913340636894713,0.5501676836740832,0.6532035448343011,0.5355062325269391,0.687742935293756,0
159.168,0.5523908988178543,0.6913760188380691,0.5959383035292578,0.7113391404086283,0.5711990334127273,0.6972065956635525,0
159.20000000000002,0.5715908527224682,0.6914179801900918,0.559333272180469,0.6547265394604701,0.5779727013979103,0.6802397546039372,0
159.232,0.5907908066117461,0.6914599463614428,0.5698055749308942,0.6558653509005647,0.5862258232845433,0.6705151766683608,0
159.264,0.6099907605032037,0.6915019156583249,0.6319489202494504,0.6995857012758603,0.6160350345417254,0.6821685710713179,0
159.296,0.6291907144141903,0.6915438861864163,0.6198460484001302,0.6863722235359896,0.629079412556656,0.6838752164565738,0
159.328,0.6483906683607825,0.6915858559729966,0.6298698626382432,0.6811558000676257,0.6409155650637548,0.6828126329760236,0
159.36,0.6675906223567634,0.6916278230941495,0.6922129356962544,0.678891633517917,0.6729544857964713,0.6812694138656861,0
159.392,0.6867905764127488,0.6916697857988408,0.6786254251139011,0.6894493358755088,0.686742834010429,0.684566560018175,0
159.424,0.7059905305355133,0.6917117426218683,0.718239166648404,0.6980075885447876,0.7108613395614188,0.6899681447458448,0
159.45600000000002,0.725190484727557,0.6917536924783967,0.725410683930813,0.6723246204573757,0.7282010498147641,0.6829359038694177,0
159.488,0.7443904389869394,0.6917956347339755,0.7165021780492284,0.7454850810830757,0.7350414736242652,0.7079807389587377,0
159.52,0.7635903933073935,0.6918375692455221,0.7276654515514993,0.6638990246314914,0.7436110373206869,0.6903732129392027,0
159.552,0.7827903476787142,0.6918794963706204,0.8120429721294395,0.7190035801840562,0.7825037837785793,0.7018505154891173,0
159.584,0.8019903020874004,0.6919214169445338,0.7630779554858325,0.7477710868698313,0.7862534250032136,0.7202438963296879,0
159.616,0.8211902565175133,0.6919633322264108,0.818063903767417,0.7016248180082243,0.8104975890559738,0.7128214148391836,0
159.648,0.8403902109516987,0.6920052438181519,0.7924099803263098,0.7139624942482387,0.8147825181141916,0.7133029950630885,0
159.68,0.8595901653723079,0.6920471535611674,0.8809070056159383,0.6499826706516442,0.8527522856654419,0.6880000135432002,0
159.71200000000002,0.8787901197625444,0.6920890634176807,0.844505880363462,0.6836987354811916,0.8609736960931021,0.6863046515245879,0
159.744,0.8979900741075609,0.6921309753442307,0.8775318916149434,0.6974559462059075,0.8791169468457565,0.6907903206809054,0
159.776,0.9171900283954316,0.6921728911655269,0.9338266937356922,0.7408120541332602,0.9125208181389686,0.7108241684063674,0
159.808,0.9363899826179325,0.6922148124567884,0.9249500839644952,0.6529723562684495,0.9290124969980188,0.687708601743211,0
159.84,0.9555899367710776,0.6922567404421529,0.9501569337745785,0.6749108991392921,0.9489902442279039,0.6826146832807782,0
159.872,0.9747898908553748,0.6922986759157053,0.9625095700827675,0.6942403412818267,0.9659179470789667,0.6872901137051204,0
159.904,0.9939898448757845,0.6923406191902163,0.9616362696001501,0.7410752058545937,0.9757252485864996,0.7088293223926553,0
159.936,1.013189798841386,0.6923825700769046,0.9891271405726113,0.7015509785536924,0.9926059778706788,0.70594316095163,0
159.968,1.0323897527647787,0.6924245278975274,1.0545207245917372,0.6592309811672407,1.0288918490408447,0.6872834687878902,0
160.0,1.0515897066612567,0.6924664915280312,1.0637569277332537,0.6732862401361062,1.054357852993407,0.6817097598862971,0
160.032,1.0707896605478169,0.6925084594709516,1.0606455483553865,0.6563147836508071,1.0683929036098978,0.6715769537335396,0
160.064,1.0899896144420647,0.6925504299519082,1.0011073544953724,0.7011359057190465,1.052998656434382,0.6834257195104649,0
160.096,1.109189568361087,0.6925924010339727,1.11276262564719,0.7078162363869334,1.0884242165909799,0.6932071107033376,0
160.12800000000001,1.1283895223203662,0.6926343707425442,1.1467505895249352,0.6539630328883829,1.1232747382397243,0.6775346623330144,0
160.16,1.147589476332796,0.6926763371926824,1.173318781790786,0.7058734278575906,1.1548123281412668,0.688895348575144,0
160.192,1.1667894304078652,0.6927182987106836,1.210663982396914,0.6941065730181656,1.1886729623324797,0.6910050148008848,0
160.224,1.185989384551054,0.6927602539420603,1.1627060583997915,0.6881104725923317,1.1898061732575669,0.6898723701536731,0
160.256,1.205189338763482,0.6928022019389571,1.1595095051124256,0.7045170248852408,1.1892074785076574,0.6957553997140518,0
160.288,1.224389293041828,0.6928441422213573,1.2212940360365285,0.7379698253007088,1.2135620740374669,0.7126663329873015,0
160.32,1.243589247378532,0.69288607480813,1.2607718769726661,0.6493909038500102,1.2439659677393964,0.6873813199804958,0
160.352,1.2627892017622648,0.6929280002159104,1.212914962033479,0.723617442207658,1.2430655379933233,0.7019009236517414,0
160.38400000000001,1.2819891561786452,0.6929699194258786,1.2793792226353773,0.7182581700868385,1.2691109843931923,0.708468973911573,0
160.416,1.301189110611155,0.6930118338205774,1.2603177247592519,0.6850567928653888,1.27711365308729,0.6991292510580476,0
160.448,1.3203890650422014,0.6930537450948412,1.3364339442543067,0.7235559234595307,1.3123617421039708,0.7089250685743452,0
160.48,1.3395890194542552,0.6930956551465742,1.386864645873622,0.6898904489109614,1.3536828761613355,0.7013363694332736,0
160.512,1.3587889738309917,0.6931375659544204,1.4083090567354883,0.6799540418895343,1.387053320937583,0.6928085884767573,0
160.544,1.3779889281583575,0.6931794794502083,1.3787335627899762,0.6845985056925108,1.3952453902198454,0.6895497078438482,0
160.576,1.397188882425491,0.6932213973943954,1.4229470540204334,0.738889509041768,1.4178460282740781,0.709310784151871,0
160.608,1.4163888366254322,0.6932633212625381,1.365812739536987,0.6949130600737159,1.408552685304373,0.7035768544110435,0
160.64000000000001,1.4355887907555756,0.6933052521501091,1.414438695761245,0.7092778951291632,1.4224270620023962,0.7058824351030362,0
160.672,1.4547887448178336,0.6933471907017986,1.4495766371423766,0.7260553911318909,1.4448068645634473,0.7139767865963238,0
160.704,1.4739886988185043,0.6933891370698617,1.4593962072998081,0.6660736194734628,1.4621625741531328,0.6948406933680363,0
160.736,1.49318865276785,0.6934310909042017,1.5206443214824237,0.7452731926397916,1.4970752455710081,0.7150388708070442,0
160.768,1.512388606679423,0.693473051374836,1.4676658493733814,0.7521569417045563,1.4968314595706478,0.7299112803120189,0
160.8,1.531588560569181,0.6935150172253076,1.5844752864960538,0.6444783246269441,1.5434089628140266,0.6957632816864074,0
160.832,1.5507885144544546,0.6935569868536074,1.5410074726793463,0.7260111796798849,1.5539683392302441,0.7078876259608519,0
160.864,1.5699884683528353,0.6935989584153951,1.5190106494677422,0.7074133858742009,1.551505235794755,0.7077231152666963,0
160.89600000000002,1.5891884222810513,0.6936409299428763,1.6010795302601672,0.6904672967498064,1.5828549260524376,0.7008459722824678,0
160.928,1.6083883762539046,0.6936828994716724,1.5677264789515282,0.7206528314709852,1.5883235196880512,0.7087938983409456,0
160.96,1.6275883302833332,0.6937248651675049,1.6273351341296771,0.6701041889178609,1.6154481379473018,0.6933431939261413,0
160.992,1.6467882843776533,0.6937668254445246,1.6004226453053965,0.7200377676370017,1.6209579133814962,0.7040461989432005,0
161.024,1.66598823854103,0.6938087790676509,1.6126190593047076,0.6780706643716791,1.6291423442512847,0.6936811562798306,0
161.056,1.6851881927732064,0.6938507252323178,1.679742956326904,0.6335837360434393,1.6609025615921558,0.6696673547198331,0
161.088,1.7043881470695108,0.6938926636164753,1.716890966782603,0.6848926251043557,1.6948178961889946,0.6757826248139188,0
161.12,1.723588101421143,0.6939345944014862,1.6968641337099053,0.6956520128284739,1.707156363727323,0.683755537699452,0
161.15200000000002,1.7427880558157247,0.6939765182605645,1.7480842627290336,0.7500144217612079,1.7350474958659414,0.7102842453528992,0
161.184,1.7619880102380843,0.6940184363154943,1.7862625232947706,0.7101535140637512,1.7670534793815276,0.7102571040612603,0
161.216,1.7811879646712243,0.6940603500644134,1.8013883108804205,0.6988729738090514,1.7923073845290136,0.7057286014080644,0
161.248,1.800387919097417,0.6941022612853148,1.7802137511063076,0.7031806964360673,1.798989903709237,0.7047345882349074,0
161.28,1.8195878734993536,0.6941441719214829,1.856401028407954,0.7279992092397055,1.833474326136818,0.7140655860068633,0
161.312,1.8387878278612713,0.6941860839562473,1.8219330401884273,0.6846359214514135,1.8403777843018312,0.7023188712612389,0
161.344,1.8579877821699844,0.6942279992851279,1.8629743336341968,0.6688077422655175,1.8609363765731448,0.6889395734895449,0
161.376,1.8771877364157472,0.6942699195936097,1.856364557550721,0.6897248164269422,1.8706276214946462,0.6892788281087482,0
161.40800000000002,1.8963876905928905,0.6943118462484282,1.8519786904161315,0.7339256530578607,1.8746880215844257,0.7071627197860006,0
161.44,1.915587644700188,0.6943537802093741,1.9227282390307123,0.6933302848324531,1.9054240810740453,0.7016549121183113,0
161.472,1.9347875987409302,0.6943957219673075,1.9368581468912098,0.7096308120821087,1.9295176799017875,0.7048704431000266,0
161.504,1.9539875527226993,0.6944376715123836,2.0046249125926,0.7372709065632661,1.9710805454692686,0.7178558039295395,0
161.536,1.973187506656868,0.6944796283345455,1.9550259130041971,0.6847417779507744,1.97617866496581,0.7046353729100684,0
161.568,1.992387460557853,0.6945215914562651,2.021148526203817,0.687411709240943,2.0056865819366823,0.6977710899697713,0
161.6,2.0115874144421775,0.6945635594954331,2.0170940063964116,0.718489242999172,2.0217695241914737,0.7060835358891528,0
161.632,2.0307873683274065,0.6946055307543542,2.0113426531737812,0.7788720433858958,2.029118748252964,0.7352241246609568,0
161.66400000000002,2.0499873222310203,0.6946475033291216,2.0808455546616162,0.6733855084314052,2.0613294432852465,0.7105138638250751,0
161.696,2.069187276169302,0.6946894752323299,2.11314633500353,0.6919443932966312,2.093576172444205,0.7031112599781999,0
161.728,2.088387230156304,0.6947314445212144,2.099075368216976,0.6877339326583641,2.1072958232301664,0.6969855110331855,0
161.76,2.107587184202956,0.6947734094229615,2.0888800852499942,0.6634588609032012,2.1114495005222045,0.6836000296468466,0
161.792,2.126787138316375,0.6948153684491052,2.145039151459656,0.6958677759080297,2.1364053333901207,0.6885323027788861,0
161.824,2.1459870924994062,0.6948573204916292,2.145557917750545,0.6928924883409822,2.151586339637057,0.6903015471337972,0
161.856,2.1651870467504373,0.6948992648945687,2.1461283123139423,0.687588887226878,2.160923101220773,0.6892416486353392,0
161.888,2.1843870010634894,0.6949412014964879,2.212216904335955,0.7227612331890312,2.1929605949897075,0.7026746433891824,0
161.92000000000002,2.203586955428587,0.6949831306410811,2.212177518846708,0.6968754611978076,2.2121673370643316,0.700380127340447,0
161.952,2.222786909832384,0.6950250531552052,2.1983164119788214,0.6666240219906694,2.218146939569397,0.6869028386173106,0
161.984,2.2419868642590095,0.6950669702957504,2.217791618808256,0.6802598124704132,2.229524783809656,0.6842707790793086,0
162.016,2.261186818691085,0.6951088836687648,2.260074272203842,0.6758288477836849,2.2532645517151386,0.6809191560634238,0
162.048,2.280386773110845,0.6951507951260414,2.30499593166264,0.7084207278364999,2.2854770762424854,0.6919449340274506,0
162.08,2.2995867275012887,0.6951927066458268,2.346816594434551,0.6712521482757635,2.321532856065603,0.6836929699225809,0
162.112,2.3187866818472895,0.6952346202053362,2.2850923958992846,0.6851559762694753,2.318476644540847,0.6843033247278782,0
162.144,2.3379866361365838,0.695276537653292,2.3231907354898036,0.6875118004566237,2.3318822534555035,0.685611870354665,0
162.17600000000002,2.3571865903605724,0.6953184605906971,2.295096866556693,0.6800640045496391,2.328688071222604,0.6834178832386067,0
162.208,2.3763865445148817,0.6953603902675326,2.381396975773623,0.67099814303435,2.3612916055599755,0.6784751507875544,0
162.24,2.3955864985996436,0.6954023275020408,2.3770041591431728,0.7018295176798702,2.379096599499965,0.6878420658701606,0
162.272,2.4147864526194796,0.6954442726278051,2.4077400818023267,0.7001288088347519,2.40207396491743,0.6927819360457892,0
162.304,2.433986406583191,0.6954862254720467,2.442180608088462,0.7473712194795594,2.4296365946728913,0.7146428267428917,0
162.336,2.4531863605031776,0.6955281853665525,2.4891641589951843,0.6905155710281378,2.464967592880712,0.7050171055058629,0
162.368,2.4723863143946274,0.6955701511905448,2.418389403895929,0.7178046675806804,2.457856289759409,0.7101573142623272,0
162.4,2.491586268274535,0.6956121214427482,2.51115870182184,0.6722519723814828,2.490697227052953,0.6950203632820369,0
162.43200000000002,2.5107862221606068,0.6956540943380203,2.477372290686441,0.692753885061894,2.4968872249733964,0.6941389584613373,0
162.464,2.5299861760701314,0.6956960679223355,2.503194318300893,0.6939926061513233,2.5109300347725325,0.6941056035058862,0
162.496,2.5491861300188794,0.6957380401987183,2.5396643201553335,0.6868141062446979,2.53394372139742,0.6912141889101305,0
162.528,2.568386084020106,0.6957800092560118,2.54939957046638,0.7426777010845049,2.5516460335027036,0.7118247753757241,0
162.56,2.5875860380837086,0.695821973392185,2.6113626757884587,0.6889572893893068,2.587052662902556,0.7027029589870463,0
162.592,2.606785992215601,0.695863931224221,2.6189510571195855,0.6427399548723899,2.611331993084175,0.6787429311126605,0
162.624,2.6259859464173325,0.6959058817774961,2.5901272451274755,0.6917455128392888,2.6143700664063667,0.683969132970236,0
162.656,2.645185900685978,0.6959478245488755,2.589334616863821,0.6987672364869333,2.6158758591044373,0.6899135388674786,0
162.68800000000002,2.664385855014316,0.6959897595394404,2.6438761695844764,0.7295463962980981,2.638595955821251,0.7057918418852558,0
162.72,2.6835858093912734,0.6960316872547244,2.7155003638441912,0.7047322090169933,2.6808776915637953,0.7053931448581681,0
162.752,2.702785763802624,0.696073608672426,2.703189447751003,0.7261385501112305,2.701322366578923,0.7137164599290875,0
162.784,2.721985718231891,0.6961155251796629,2.7167490830365377,0.6932554481202324,2.719013025706948,0.7055572060047715,0
162.816,2.7411856726614037,0.6961574384837985,2.7447733424432226,0.6313236980044418,2.7408371249487224,0.6758889525556722,0
162.848,2.760385627073438,0.6961993505025755,2.7642717442271576,0.682985621746074,2.761730945207044,0.6787527701269185,0
162.88,2.779585581451367,0.6962412632406286,2.8277285733897917,0.7011525899906668,2.7996499690241885,0.6877378492969628,0
162.912,2.798785535780745,0.6962831786603244,2.748160161469802,0.614937936526184,2.7905740185411716,0.6586430378448178,0
162.94400000000002,2.817985490050251,0.6963250985552528,2.8602868215292285,0.6995791561495404,2.8299791122677562,0.6750426422023197,0
162.976,2.8371854442524262,0.6963670244345181,2.854627800168967,0.6652421129497978,2.8513585599506257,0.6711475916486525,0
163.008,2.856385398384161,0.6964089574252917,2.8210787362219483,0.7300884452064603,2.850766602971537,0.6947490988002526,0
163.04,2.875585352446891,0.6964508981999173,2.8626411875950213,0.7045530633091971,2.867036409322922,0.6986958550895311,0
163.072,2.8947853064464937,0.6964928469322768,2.903061603365182,0.7152418914889106,2.8929664594317037,0.7053394447634305,0
163.104,2.9139852603929,0.6965348032862504,2.936772549741438,0.7030830169717063,2.9220088680382883,0.7044620529637868,0
163.136,2.9331852142994412,0.6965767664370366,2.889093273898156,0.7587470872062838,2.920362602857256,0.7262012494856469,0
163.168,2.9523851681819835,0.6966187351239829,2.95985054831612,0.6448928942315216,2.9476777535101615,0.6937030927966861,0
163.20000000000002,2.971585122057904,0.6966607077315496,2.9659806128782997,0.6776883056694462,2.966518869723489,0.6873223648605843,0
163.232,2.9907850759449786,0.6967026823932135,2.975073220820736,0.68819883064578,2.9814605826277565,0.6876981384100114,0
163.264,3.0099850298602506,0.6967446571116357,2.997501145194539,0.6944029209534651,2.9993967801217627,0.6904052377820438,0
163.296,3.029184983818951,0.6967866298873637,2.958354068810732,0.7783567128304563,2.99449966806907,0.7256110121318855,0
163.328,3.0483849378335344,0.696828598847785,3.0429569036061883,0.7130548516214125,3.025402534762277,0.7206137292221018,0
163.36,3.0675848919128916,0.6968705623680186,3.042631863815408,0.6856466017528331,3.0438142388703096,0.7066520556778075,0
163.392,3.086784846061783,0.696912519175949,3.059553756801308,0.7135350800585423,3.0616300185391436,0.7094304384573078,0
163.424,3.1059848002805315,0.6969544684346166,3.046142743549919,0.6818399515515384,3.06695508105015,0.6984194120271894,0
163.45600000000002,3.1251847545649896,0.6969964097966387,3.1427495102461642,0.7256071103616619,3.1087928252454526,0.7093196550240228,0
163.488,3.1443847089067907,0.6970383434271278,3.1460214723800006,0.6682717642030062,3.135204256625647,0.6929256580187044,0
163.52,3.163584663293868,0.6970802699936003,3.1518806504856207,0.7118637614258468,3.153394786704151,0.7005260549763144,0
163.552,3.1827846177112145,0.6971221906235008,3.17021096281105,0.6501199315875487,3.171641229687696,0.6803887583421546,0
163.584,3.2019845721418343,0.6971641068320465,3.1839737609807095,0.6234138070707025,3.188094214749678,0.6576239287249266,0
163.616,3.221184526567834,0.6972060204250167,3.1921250682213422,0.6784509824989081,3.20122652868457,0.6659799004607556,0
163.648,3.240384480971574,0.6972479333827221,3.261791807441224,0.6902188742771883,3.2369726127322638,0.6757006407598678,0
163.68,3.259584435336814,0.6972898477326112,3.230428333126484,0.690420349999789,3.245874873431215,0.6816136769546381,0
163.71200000000002,3.278784389649769,0.6973317654187032,3.313757232330204,0.7057325479613717,3.284547789525965,0.6912863806548402,0
163.744,3.297984343900006,0.697373688176253,3.3363131282362306,0.6948406300341792,3.3167738975371615,0.6927332393984951,0
163.776,3.317184298081124,0.6974156174197176,3.294381518672908,0.704145731278839,3.319336918509041,0.6973233994980041,0
163.808,3.3363842521911646,0.6974575541512523,3.3419839993515543,0.7144898186463123,3.339915723353278,0.7042151352436407,0
163.84,3.355584206232736,0.697499498895646,3.3752088611908713,0.7479163665269206,3.3655529509850184,0.7217208006631017,0
163.872,3.3747841602128323,0.6975414516659169,3.410956512196098,0.722373158040742,3.3952343479561167,0.7220069211128349,0
163.904,3.3939841141423757,0.6975834119618172,3.398329750218064,0.6837358181007368,3.4079924813386615,0.7067236614779353,0
163.936,3.4131840680355032,0.6976253788013895,3.415449939826523,0.7481005858419625,3.422495437204378,0.7232996160827465,0
163.968,3.4323840219086557,0.6976673507835897,3.4563636459219276,0.7108423450856748,3.4475626931569456,0.7183418948396794,0
164.0,3.4515839757795255,0.6977093261779885,3.455212497933478,0.6775817630764767,3.4621425875305736,0.7020630304470372,0
164.032,3.470783929665931,0.6977513030358269,3.4591076821603215,0.7300304236381845,3.472448597845609,0.7132751759796145,0
164.064,3.4899838835846886,0.6977932793153083,3.512076807077457,0.7224000478290471,3.499819854004251,0.71695031171001,0
164.096,3.5091838375505553,0.6978352530130929,3.483506438749384,0.727111859418737,3.504814460373438,0.7210401153920599,0
164.12800000000001,3.528383791575298,0.697877222293545,3.5787522054202787,0.7228060578913812,3.545909530870664,0.7217716736269335,0
164.16,3.5475837456669526,0.6979191856074166,3.539138209971445,0.6967971884275854,3.554720974998467,0.7118070566657403,0
164.192,3.566783699829312,0.697961141792316,3.5858295588195523,0.6833055276181266,3.5786843810244537,0.7004316175626337,0
164.224,3.585983654061678,0.6980030901484697,3.606225272278143,0.6419618920185617,3.601220710033949,0.6770688950714141,0
164.256,3.605183608358892,0.6980450304848638,3.6328090138036377,0.6823023014558735,3.625376004060035,0.6791874206869752,0
164.288,3.6243835627116483,0.698086963132748,3.6328645205807177,0.7319935766641629,3.639891383195767,0.700335041904401,0
164.32,3.643583517107066,0.6981288889255732,3.687347450379111,0.7170780737791321,3.6703937826042656,0.7070574099526334,0
164.352,3.6627834715294973,0.6981708091465937,3.6208271123894877,0.6830289552102222,3.662087087059164,0.6974711807656084,0
164.38400000000001,3.681983425961515,0.6982127254474356,3.7040165431580836,0.6450161488830697,3.690378842042759,0.6765143192468659,0
164.416,3.7011833803850234,0.6982546397428079,3.677935862084351,0.6913581393692952,3.6969216226039903,0.6824769982689725,0
164.448,3.720383334782414,0.6982965540880628,3.689842326793999,0.7112146311865637,3.705609876822453,0.6939972033864957,0
164.48,3.7395832891377006,0.698338470547428,3.7723958040300754,0.707136420579945,3.7438442202432447,0.699278044374591,0
164.512,3.758783243437548,0.6983803910613401,3.735259841751956,0.6896858030001852,3.7519304413774623,0.6954663051468264,0
164.544,3.7779831976721314,0.6984223173213796,3.801387569508394,0.6985928275028493,3.7832332651516998,0.6967420754737945,0
164.576,3.797183151835765,0.6984642506608394,3.756952033920869,0.689495508115129,3.7842407451710596,0.693868614573627,0
164.608,3.8163831059272613,0.6985061919679705,3.8310392906658746,0.6767765096185792,3.814480135869843,0.687056943595608,0
164.64000000000001,3.8355830599500016,0.6985481416275146,3.80469675181803,0.7036591572001345,3.822086754739165,0.6937230049894999,0
164.672,3.8547830139117076,0.6985900994943385,3.848437341408336,0.7171914195419291,3.844146961886781,0.7031355513831821,0
164.704,3.8739829678239404,0.6986320649009453,3.8445656523650014,0.6636972386196248,3.8558344105492743,0.6873854108487482,0
164.736,3.89318292170136,0.698674036698479,3.9529073101327334,0.7359135714864732,3.9061835428470384,0.7068218627947727,0
164.768,3.9123828755607963,0.6987160133287094,3.9006425242165297,0.6774944804065987,3.9154871078547484,0.695116099571524,0
164.8,3.9312154970594246,0.698757122950198,3.937471636332109,0.7286764169456709,3.935563168058207,0.7085648684018947,0
164.832,3.9494612999250713,0.698796915618593,3.9945918737566566,0.7019011223573405,3.970095312921038,0.7059231750337095,0
164.864,3.967118084356471,0.6988353910529544,3.9578960868794133,0.7019479548032949,3.9757859657697776,0.7043560833793125,0
164.89600000000002,3.9842017631344944,0.69887255671636,3.9823297616730886,0.7412693438699631,3.988634817213882,0.7191436090261554,0
164.928,4.00073140654005,0.698908455693415,4.013485825024562,0.7377970643312456,4.008478546847973,0.7266264713648338,0
164.96,4.016726080553823,0.6989431438349293,4.0356946349742735,0.674705943868279,4.028950939496919,0.7058790317474775,0
164.992,4.032204148392165,0.6989766776614529,4.082066569306266,0.7287566400529982,4.059476051104198,0.7150501681794721,0
165.024,4.047183169067593,0.6990091103636992,4.044522403206795,0.6641179676128647,4.0624762727386585,0.6946967313736777,0
165.056,4.061679932902063,0.6990404908889952,4.116347443573799,0.7239352379119103,4.092718824669851,0.7064109543226629,0
165.088,4.075710520907617,0.6990708640179104,4.134625147997891,0.6902303025808894,4.117897099723651,0.6999569155732298,0
165.12,4.089290361714978,0.6991002707274542,4.113617866057691,0.651517581935718,4.124331764673565,0.6805988286025109,0
165.15200000000002,4.102434281138766,0.6991287486159752,4.089219641009927,0.679966058459304,4.118172540658479,0.6803628128582906,0
165.184,4.115156544502226,0.6991563323161698,4.08627174585055,0.6975687879629221,4.113045484906067,0.6872617608551623,0
165.216,4.127470892827609,0.6991830538717319,4.090793594963048,0.7252078077390797,4.111533723613527,0.7024562216915633,0
165.248,4.139390574020665,0.6992089430709811,4.152894151868048,0.7250458751100217,4.135230454081003,0.7115076265720739,0
165.28,4.150928370005323,0.699234027738096,4.180684505346683,0.6930921756658839,4.160335775842261,0.7041565074058217,0
165.312,4.16209662058073,0.6992583339856218,4.1622922958123025,0.7401470151062899,4.167820559370801,0.7185673046905741,0
165.344,4.17290724461573,0.6992818864329241,4.17629391736847,0.7095600653631542,4.177697647668682,0.7149785506804156,0
165.376,4.183371759068858,0.6993047083952068,4.207546135329869,0.7142773412833164,4.195917223821263,0.7147117699476973,0
165.40800000000002,4.193501296221057,0.6993268220471865,4.191903315130341,0.6647304348353591,4.200390922728099,0.6947325133917173,0
165.44,4.203306619428548,0.699348248564825,4.147331238077134,0.6994273633537045,4.1850518241123105,0.6966233179309675,0
165.472,4.2127981376403145,0.699369008247855,4.248717695467294,0.7288958877058043,4.2162146856703355,0.7095448095754279,0
165.504,4.221985918875006,0.6993891206252915,4.274185043391996,0.6684357160494396,4.244917104604784,0.6931132467636172,0
165.536,4.230879702812836,0.6994086045457095,4.209908438372734,0.7210654305165395,4.236251508539888,0.7043058170298264,0
165.568,4.239488912627119,0.6994274782537909,4.232651543566437,0.7293988376418845,4.2399786323110575,0.7143543551681193,0
165.6,4.24782266615566,0.6994457594544685,4.270246359111216,0.7165622714910385,4.257087535949767,0.7152484953748001,0
165.632,4.255889786492863,0.699463465365896,4.244402095549061,0.7182576677930569,4.256855164629087,0.716462792180611,0
165.66400000000002,4.263698812068192,0.6994806127624187,4.237696418486341,0.753597597489957,4.253878582291836,0.7313270064241952,0
165.696,4.271258006264499,0.6994972180086859,4.301741856722031,0.6758377469558114,4.2775608748852765,0.7091412689188697,0
165.728,4.278575366620146,0.6995132970860231,4.311906785532926,0.6843311930667009,4.295691085431341,0.6992268886764402,0
165.76,4.285658633651274,0.6995288656121483,4.270683639826465,0.6838619792483096,4.289939460153237,0.6930902682569566,0
165.792,4.292515299324489,0.6995439388552815,4.297821782559081,0.6955795587055776,4.297207743349358,0.694095030267488,0
165.824,4.299152615205431,0.699558531743634,4.250191755119372,0.7414979268705183,4.282385054308233,0.7130649462381563,0
165.856,4.305577600304872,0.6995726588712055,4.301091531698158,0.7132378532911082,4.293723915049068,0.7131425867014898,0
165.888,4.311797048640857,0.6995863345007338,4.284035122327285,0.7224267830639559,4.293581308030949,0.7168644718117554,0
165.92000000000002,4.3178175365329725,0.6995995725645598,4.294408015798129,0.7414502747250187,4.297525487800581,0.7267067368719187,0
165.952,4.323645429642815,0.6996123866640754,4.299570173023114,0.6932394814743087,4.30184126518548,0.7133275241391341,0
165.984,4.329286889773108,0.6996247900683372,4.282222578876926,0.6385383005054641,4.297379798411207,0.6834192776396092,0
166.016,4.334747881436609,0.6996367957123292,4.303911930300217,0.6709391062771096,4.303270342882638,0.678434413366052,0
166.048,4.340034178204848,0.6996484161952766,4.3171029014582265,0.7081258292830633,4.311976206990062,0.6903179529044126,0
166.08,4.345151368845884,0.6996596637793263,4.338792953486998,0.7268399146279413,4.3257742493694185,0.7049334870405082,0
166.112,4.350104863259471,0.6996705503888349,4.3394006356364825,0.7241607306506546,4.334197897597845,0.7126309173738486,0
166.144,4.355046858264558,0.6996814372792685,4.370955319781545,0.722439680229283,4.351873960187772,0.7165609577499268,0
166.17600000000002,4.355355934204445,0.7086384194923131,4.361696546745563,0.6918844450694537,4.355790333668461,0.7066903244800129,0
166.208,4.355311361321474,0.7182522993198104,4.353668074506936,0.7503741363784218,4.354928601928533,0.7241638206704457,0
166.24,4.355206769742172,0.7279535966665267,4.317444163002134,0.7856327161462384,4.339921998539031,0.7487513503985459,0
166.272,4.35510059532851,0.7376498462572928,4.346115685118023,0.7465889565152717,4.342386693011703,0.7478863645826838,0
166.304,4.355004332483237,0.7473284478383109,4.327307684054761,0.7282286346264808,4.33634235159769,0.7400232444902024,0
166.336,4.354918629426869,0.7569906769931875,4.316046066354566,0.7387551069428623,4.328211126324524,0.7395159614485642,0
166.368,4.354841915925757,0.7666396185454298,4.309156568262899,0.7797408852213701,4.320576604827018,0.7556059029704055,0
166.4,4.3547724398377765,0.776278078133899,4.341277710238666,0.7394360296697184,4.3288443518828865,0.7491379256632795,0
166.43200000000002,4.354708694786059,0.7859083236095419,4.37413253998145,0.8137830069735981,4.346946929044499,0.7749959301800982,0
166.464,4.3546494648847895,0.7955321408390129,4.373738284501752,0.8025412750695359,4.357650766838951,0.7860140400978557,0
166.496,4.354593787191075,0.8051509265037777,4.37681924078638,0.7877896591184302,4.365305444417318,0.7867242596347446,0
166.528,4.354540903896386,0.814765770512704,4.3223243640667155,0.8923299241465864,4.348100292789455,0.8289664973374333,0
166.56,4.354490220045724,0.8243775226841902,4.311210452525599,0.8209523561888724,4.33333163077773,0.8257608127512184,0
166.592,4.354441269034352,0.8339868455089906,4.337416797777615,0.8274215764046718,4.334952966891149,0.8264250900689323,0
166.624,4.354393685110585,0.8435942555931817,4.37069533104334,0.8279401649355658,4.349237179009989,0.8270310918637194,0
166.656,4.354347181635886,0.8532001560853995,4.395719677400219,0.8260004696875876,4.367817443970838,0.8266188148418956,0
166.68800000000002,4.354301533952738,0.8628048619771427,4.3831041093113985,0.8247012561979783,4.37391937678901,0.8258517632416045,0
166.72,4.354256565908678,0.8724086197941946,4.331810228199762,0.8493416576419268,4.357062986869445,0.8352476928748963,0
166.752,4.354212139271783,0.882011622890053,4.369017147269039,0.8848591949381249,4.361831924899372,0.855092265595347,0
166.784,4.3541681454287655,0.8916140233025475,4.365882981823074,0.8547924560777723,4.36343962714067,0.8549723137103451,0
166.816,4.3541244988825945,0.9012159409333591,4.360348785110654,0.8799348833104923,4.362190576365114,0.8649573135029158,0
166.848,4.354081132166961,0.9108174706484428,4.395108200688379,0.9613126116289036,4.3753449193767,0.9034994047387053,0
166.88,4.354037991874781,0.9204186877681568,4.334561775844335,0.9098436217623701,4.35901896290578,0.9060370635677123,0
166.912,4.353995035561397,0.9300196523131605,4.340260982904451,0.8868463045558078,4.351503079675597,0.8983607320168783,0
166.94400000000002,4.3539522293335695,0.9396204122908113,4.3143399002490606,0.9048574865956655,4.3366251244534375,0.9009594059360471,0
166.976,4.353909545975309,0.9492210062427173,4.32766082571012,0.9783998101715241,4.333026729042591,0.9319355397501888,0
167.008,4.353866963493273,0.9588214652238564,4.331007218603952,0.9285382995697302,4.332206256091382,0.9305766158281865,0
167.04,4.353824463989535,0.9684218143444511,4.351661144076169,0.9311375053362786,4.339975549116139,0.9308009438092574,0
167.072,4.353782032789331,0.9780220739753229,4.325845786283429,1.0086129158867838,4.334310987786459,0.9619257048427874,0
167.104,4.353739657767042,0.9876222606938794,4.31238593839385,0.9942448410887837,4.325528317094795,0.9748533315651442,0
167.136,4.353697328825971,0.9972223880297377,4.318139692055355,1.0213930519714396,4.322560220643474,0.9934691919696355,0
167.168,4.353655037497237,1.006822467055071,4.389470109217598,0.9972081892926926,4.349311533343489,0.9949647631553358,0
167.20000000000002,4.353612776630608,1.0164225068541235,4.305981117777745,1.0151739827536348,4.331966727289789,1.0030484232621222,0
167.232,4.353570540156198,1.0260225148982445,4.374000095055208,1.0634746134853401,4.348767436674118,1.0272188716264168,0
167.264,4.353528322900577,1.0356224973466357,4.358243573434899,1.0498810136246537,4.352545254987829,1.0362837007049392,0
167.296,4.353486120444474,1.0452224592883474,4.379885968953705,1.0339971244592328,4.363468904776068,1.035369042486966,0
167.328,4.353443929012192,1.0548224049375274,4.340958591471591,1.0845111410729014,4.354452143556741,1.0550258541998185,0
167.36,4.353401745385027,1.0644223377912532,4.353762826504359,1.0642974433247874,4.354163780103113,1.0587344621238042,0
167.392,4.353359566832758,1.0740222607572592,4.416937052176676,1.0710383898346865,4.379260450992814,1.0636560054753177,0
167.424,4.353317391058608,1.0836221762573226,4.374056145560803,1.1432382012171443,4.377166089071055,1.0954888560303293,0
167.45600000000002,4.35327521615418,1.0932220863109026,4.384348170664552,1.1414293696208286,4.380026279722172,1.113865033714218,0
167.488,4.353233040561648,1.1028219926027232,4.340600281220024,1.1172564982237596,4.364243235746562,1.1152215917537602,0
167.52,4.353190863041175,1.1124218965372867,4.297396792556374,1.1115023266423147,4.337492011034567,1.1137338579319167,0
167.552,4.353148682641996,1.1220217992827637,4.376362313514732,1.1249728602009021,4.353027481535456,1.1182294310485692,0
167.584,4.353106498676026,1.1316217018062644,4.368176957447023,1.1559790249685276,4.359074618237127,1.1333292408115847,0
167.616,4.353064310693166,1.1412216049021568,4.3904480585497145,1.0770943482439341,4.371611337486293,1.1108352559655048,0
167.648,4.3530221184576865,1.150821509214808,4.317301705557088,1.1539864706149987,4.349874824656851,1.128095713992513,0
167.68,4.352979921925309,1.1604214152568983,4.390941803434793,1.13715503072394,4.366288953027373,1.1317194128390948,0
167.71200000000002,4.352937721220706,1.1700213234242647,4.3656114650339255,1.2127550859314724,4.3660052917683725,1.1641336542176923,0
167.744,4.35289551661531,1.1796212340080634,4.361256418902763,1.1477307721544627,4.364093073858596,1.1575724735227548,0
167.776,4.352853308505355,1.1892211472049117,4.395148670719727,1.231354574032564,4.376502641407333,1.1870852858470213,0
167.808,4.352811097390196,1.1988210631255456,4.401355321035839,1.1968309035108218,4.3864310399442275,1.1909835050243298,0
167.84,4.352768883850965,1.2084209818024305,4.337821951876841,1.2032296076822886,4.366974729633586,1.1958819181923472,0
167.872,4.3527266685297095,1.218020903196678,4.389988099300722,1.175851854524829,4.376167401025663,1.1878698648249282,0
167.904,4.352684452109108,1.227620827204543,4.394929938120102,1.2623478043214094,4.383659738396165,1.2176610127196446,0
167.936,4.352642235292972,1.2372207536637134,4.3091278700556055,1.2672882205822917,4.353834313011241,1.2375118679591826,0
167.968,4.352600018787674,1.2468206823595456,4.329598443520467,1.269236057957029,4.344127287000337,1.2502015160529771,0
168.0,4.352557803284673,1.2564206130313544,4.411279437439617,1.22127489538678,4.370975469207702,1.2386308398831212,0
168.032,4.352515589444331,1.2660205453788231,4.285079772864444,1.2605460181739436,4.336604513349465,1.247396883299766,0
168.064,4.352473377881157,1.2756204790685606,4.338320407899821,1.2884499981877404,4.337278194879061,1.2638181013605947,0
168.096,4.352431169150612,1.285220413740812,4.3538590244363515,1.244090772545273,4.343897851799848,1.2559271419469349,0
168.12800000000001,4.352388963737632,1.2948203490162962,4.323695397711972,1.3414066400283222,4.335804196977898,1.2901189133001454,0
168.16,4.3523467620469605,1.3044202845031254,4.3490042631821435,1.2741023257229256,4.341071552278399,1.2837122503992848,0
168.192,4.35230456439536,1.314020219803753,4.394476593758119,1.3632480031751564,4.362420899943518,1.3155265236500253,0
168.224,4.352262371005784,1.3236201545218724,4.353802718998723,1.3521028482997206,4.358960961096631,1.3301570256614452,0
168.256,4.352220182003518,1.3332200882691934,4.391883348383922,1.2927956726083525,4.372117252155125,1.315212456603466,0
168.288,4.352177993186643,1.3428200206774916,4.329516169805407,1.3135586036149391,4.3550641553588,1.3145508875776872,0
168.32,4.340639116463983,1.3497291554800346,4.385377940258024,1.3438195405949787,4.355669738237437,1.3262386879656254,0
168.352,4.321991839006352,1.350189829116765,4.281126249008082,1.4000235907140035,4.314332368871984,1.3557382962502973,0
168.38400000000001,4.302675725012269,1.3501312353000499,4.28458806893487,1.2949149104570152,4.290914662564138,1.331398174491365,0
168.416,4.283263608068844,1.3500186214684704,4.289675438608952,1.3713885285486067,4.278898980564083,1.3473864154336757,0
168.448,4.26386643731458,1.3499189253947081,4.26370882959302,1.3485973447245283,4.261302924228675,1.3478651884003614,0
168.48,4.244503510207744,1.3498392020160124,4.263303438500912,1.3233002591318148,4.250583131991417,1.3380353735257917,0
168.512,4.225173193140633,1.3497765676751041,4.210078375467915,1.3729740750490045,4.222861230385958,1.3520082680611423,0
168.544,4.20586998428317,1.349727233651072,4.225238114605071,1.3708409721191759,4.212291984565315,1.3595396094464816,0
168.576,4.186588493583186,1.3496880495960457,4.253373388928686,1.357091925235341,4.2172045465647185,1.3585593363886044,0
168.608,4.167324210410258,1.3496566395665552,4.212060556332382,1.3701593603511268,4.203626950616682,1.363198487816081,0
168.64000000000001,4.1480735149543415,1.3496312806720934,4.1431598705804875,1.3716031309420316,4.167920118694202,1.366559719254298,0
168.672,4.128833538481151,1.3496107494057246,4.142401873451315,1.366187803084797,4.1461928206593415,1.366410519629115,0
168.704,4.109602016050476,1.349594182645828,4.145884876392283,1.3185323726400024,4.134549642994308,1.3472590263652682,0
168.736,4.090377161292551,1.3495809636063767,4.077179789166074,1.3828099171717008,4.100081701489251,1.361479376979724,0
168.768,4.071157565558225,1.3495706339259272,4.054838919644253,1.3686124511086606,4.070464588768158,1.3643328660384175,0
168.8,4.051942117982173,1.3495628299568962,4.0549048169379285,1.35676974903523,4.052720680053783,1.3613081735505022,0
168.832,4.0327299424143535,1.3495572398972717,4.011992504476547,1.4209474095488444,4.024909409855383,1.3851647325136875,0
168.864,4.013520347718365,1.3495535777803014,3.991069424048696,1.3363420873906304,3.99985341559544,1.365636846709886,0
168.89600000000002,3.9943127886127074,1.349551570229696,3.9676553111209594,1.3202025974729823,3.9754541739121123,1.3474646065114286,0
168.928,3.9751068348208216,1.3495509521473323,3.957946505962027,1.3922020856501696,3.956931106890597,1.3653613091579795,0
168.96,3.955902146769081,1.3495514680029541,3.965953929095525,1.364283958728063,3.949020235984381,1.3649322844037695,0
168.992,3.9366984564438896,1.3495528760310025,3.95781748927672,1.3737894384045313,3.9410191375604318,1.3684772120821729,0
169.024,3.917495552311182,1.3495549533158198,3.921742669077569,1.362868343817812,3.9217885504618906,1.3662358255751703,0
169.056,3.898293267432287,1.3495575003915536,3.8820010775933027,1.3802320623457713,3.8943535616292912,1.3718365216448074,0
169.088,3.8790914700931802,1.3495603445480246,3.8308602915282357,1.3544578163309173,3.857436253907869,1.3648872321688383,0
169.12,3.8598900564097085,1.3495633414907302,3.8586149984394895,1.3594402544734783,3.8463877520290737,1.3627105827729005,0
169.15200000000002,3.840688944486937,1.349566375342374,3.7969001373060034,1.3388887519292696,3.8150727064263625,1.3531839071016285,0
169.184,3.8214880698020726,1.349569357199114,3.828635168658769,1.3593847250219593,3.8089776915759477,1.3556661804300587,0
169.216,3.802287381552146,1.3495722225810816,3.8034425400308596,1.3363710677034621,3.7952436311805284,1.347949953743652,0
169.248,3.7830868397636954,1.3495749281629006,3.781312062800738,1.3724847503563316,3.7781510040163475,1.3577655532232225,0
169.28,3.763886413005295,1.3495774481571852,3.7349974880813437,1.3230940667993312,3.749369597796785,1.3438984984377669,0
169.312,3.7446860765776964,1.3495797706726782,3.711219936621864,1.347148143062761,3.7225897334511604,1.345199756633055,0
169.344,3.725485811082712,1.3495818942966777,3.7651080666827563,1.3427076527708754,3.728077066842103,1.344204181452902,0
169.376,3.7062856012925938,1.3495838250729186,3.7157520655942924,1.3247035897609005,3.7116270664195543,1.3364050853122196,0
169.40800000000002,3.6870854352577886,1.3495855739715124,3.723905171326742,1.3204740035608369,3.705018308441422,1.330033677167731,0
169.44,3.6678853036036987,1.3495871548835485,3.665155246492895,1.3680005474509422,3.6775530837071493,1.3452213445931434,0
169.472,3.648685198977146,1.3495885831229808,3.62187648102395,1.3591589048995585,3.6437624426683466,1.3507971937939003,0
169.504,3.629485115611247,1.3495898743833823,3.639910815957737,1.3455314501007218,3.6307017920105515,1.3486916380147216,0
169.536,3.610285048983788,1.3495910440761438,3.624327408146709,1.3177278319027212,3.6166320384855433,1.336306784314911,0
169.568,3.591084995549274,1.3495921069676806,3.6043961082543032,1.3722540060083637,3.6002176664093026,1.350686278641735,0
169.6,3.571884952528908,1.3495930770335964,3.6006790548369936,1.3774709187120053,3.588882221793621,1.3614006864638126,0
169.632,3.5526849177460016,1.34959396745483,3.5107785865864356,1.2841101738767797,3.5461207677219213,1.3304849880042742,0
169.66400000000002,3.5334848894969393,1.3495947906920438,3.5407237524547974,1.323413188985444,3.532441961624876,1.3276567378346724,0
169.696,3.5142848664498985,1.3495955585877835,3.534285819849315,1.3487991934244519,3.5216595049235906,1.3361141599552924,0
169.728,3.4950848475652005,1.3495962824595915,3.4826716028192197,1.3239001394766905,3.494544344090275,1.3312289692333032,0
169.76,3.4758848320325066,1.349596973160098,3.480426566159286,1.367042007913886,3.477377232926057,1.3455545864839467,0
169.792,3.4566848192211324,1.349597641091398,3.4557676438893745,1.3477482493565083,3.4572133973194785,1.346432444038479,0
169.824,3.4374848086406034,1.3495982961703612,3.3979363961883142,1.3355991716131708,3.4219825968751474,1.3420995239946434,0
169.856,3.4182847999092374,1.3495989477487829,3.389763687003593,1.3739484572212186,3.3975750329347916,1.3548394881596648,0
169.888,3.3990847927290613,1.3495996044975151,3.4151951368113798,1.264596809104477,3.393103074493902,1.3187428142610185,0
169.92000000000002,3.3798847868657766,1.3496002742671156,3.4129899816261315,1.3457530500703445,3.3895378373555545,1.3295473174609056,0
169.952,3.360684782132791,1.3496009639393098,3.33715493672843,1.2969106496603484,3.357064677113832,1.3164930740026488,0
169.984,3.3414847783785717,1.3496016792839547,3.3636484400225117,1.3327783989114814,3.348178182286885,1.323007645309046,0
170.016,3.3222847754767453,1.3496024248354357,3.3263932673767047,1.3790118641637201,3.32794421633294,1.3454097939783505,0
170.048,3.3030847733184943,1.3496032038007628,3.288435045754421,1.3392182965102026,3.3006205481122954,1.342933677182756,0
170.08,3.2838847718068895,1.3496040180092526,3.284190223143057,1.3390648412510573,3.282528418136078,1.3413866465151645,0
170.112,3.2646847708528557,1.3496048679107902,3.2479632208368794,1.3811368416379273,3.257182339228649,1.3572872494246266,0
170.144,3.2454847703725136,1.3496057526264411,3.2272447623097844,1.3640661709280018,3.2336873084741535,1.3599993629301521,0
170.17600000000002,3.2262847702856647,1.3496066700518083,3.2389582776471735,1.4140966149797833,3.2242756961572017,1.3816388269174675,0
170.208,3.207084770515204,1.349607617010182,3.2065471997801835,1.4031081939575534,3.205664297620973,1.3902271528262014,0
170.24,3.187884770987264,1.3496085894493826,3.133560089997348,1.37690036481247,3.1653026145867496,1.3848970298772865,0
170.272,3.1686847716318938,1.3496095826734211,3.1502364468172623,1.3501712772313963,3.1477561474947056,1.371007331205338,0
170.304,3.1494847723840937,1.3496105915978434,3.1537111223063374,1.3896830179058424,3.1386181374354862,1.3784782152546287,0
170.336,3.1302847731850374,1.349611611016013,3.1617210423773803,1.3573675115229376,3.1363392994285895,1.3700345470138915,0
170.368,3.1110847739833183,1.3496126358627265,3.076966167825777,1.2939246734069243,3.101070046803871,1.3395912118062645,0
170.4,3.0918847747360796,1.3496136614614933,3.105437064887381,1.3241532543017034,3.0912968540536,1.3334166414606847,0
170.43200000000002,3.0726847754099063,1.349614683742573,3.0425186732522924,1.3767493851984454,3.060265581749203,1.3507503479229146,0
170.464,3.053484775981378,1.349615699420401,3.051575001531293,1.367170386392909,3.0452693496778798,1.357318967016233,0
170.496,3.034284776437215,1.349616706121277,3.006198466296485,1.3676544106863249,3.018120996340828,1.3614537419449897,0
170.528,3.0150847767739744,1.3496177024550082,3.056279009952773,1.3418314572639634,3.0218642018007635,1.3536054189125033,0
170.56,2.995884776997293,1.3496186880274188,2.977226021291923,1.317359193031188,2.992488929612053,1.339107512990206,0
170.592,2.9766847771207026,1.3496196633940805,3.0040105320638197,1.3475609603367624,2.9855775706072984,1.3424894706942125,0
170.624,2.9574847771640758,1.3496206299590663,2.979320522317038,1.355613923349519,2.9715547513055114,1.3477398260514764,0
170.656,2.93828477715179,1.349621589825764,2.944596417274497,1.3659612567698618,2.9492514177072806,1.3550289696992417,0
170.68800000000002,2.9190847771107156,1.3496225456096098,2.8914402638700825,1.3503074713669814,2.914606956186521,1.3531409405418229,0
170.72,2.899884777068147,1.3496235002248413,2.8895803613127438,1.3635287570135355,2.8930763182511634,1.3572966379488731,0
170.752,2.8806847770498014,1.3496244566588558,2.897740338965213,1.278529344531904,2.8834219265510552,1.3257902938118096,0
170.784,2.8614847770780067,1.3496254177484248,2.8292152936822084,1.3593731717057453,2.8502192734179848,1.3392240221898821,0
170.816,2.842284777170182,1.3496263859717876,2.8080419384958026,1.3461454084442641,2.821828339463842,1.3419931591792091,0
170.848,2.823084777337696,1.349627363269545,2.84585527572332,1.3836405144166801,2.8199191139826727,1.3586526899107048,0
170.88,2.8038847775851714,1.3496283509053746,2.853043224766532,1.382985587854077,2.8216487583115932,1.3683864442978502,0
170.912,2.784684777910253,1.3496293493749836,2.8242759142445806,1.3377572582507253,2.811179620700506,1.356135371597882,0
170.94400000000002,2.765484778303859,1.349630358368603,2.78690001279511,1.3490946938336825,2.789947777554386,1.3533197081699897,0
170.976,2.7462847787508764,1.3496313767888712,2.7358083504070594,1.3579492787993368,2.756772006711766,1.3551721490580013,0
171.008,2.727084779231254,1.349632402822407,2.7333277739777193,1.2923701683032562,2.7358743136346586,1.3300519729664493,0
171.04,2.707884779721416,1.3496334340599276,2.658586155406816,1.3553160869586227,2.6934390503601437,1.3401582366715334,0
171.072,2.688684780195904,1.3496344676566852,2.6959100372949907,1.3283146729687145,2.682907445150712,1.3354214293404205,0
171.104,2.669484780629141,1.3496355005224205,2.6943704890515314,1.3062798109710578,2.6759726627275695,1.3237653982727506,0
171.136,2.650284780997201,1.3496365295281916,2.6353147201757694,1.359391536672088,2.6481894857231767,1.3380164662034475,0
171.168,2.6310847812794793,1.3496375517163812,2.6950665943499597,1.3317311650521484,2.6554203291899245,1.3355029529619866,0
171.20000000000002,2.6118847814601445,1.3496385645000402,2.588798293135424,1.3332623570471294,2.6172515147837974,1.334607315128053,0
171.232,2.592684781529285,1.3496395658384488,2.5734704368599095,1.3478776585795984,2.58821908362951,1.3399160454175063,0
171.264,2.57348478148367,1.349640554377362,2.580353532694338,1.339880670386532,2.5735528632702875,1.3399024802191808,0
171.296,2.5542847813270675,1.3496415295447155,2.58149155738875,1.3197478634109612,2.5652083409321103,1.3318412102434185,0
171.328,2.5350847810701036,1.3496424915954774,2.562820133313745,1.2677438844431803,2.5527330578988296,1.3062028491351256,0
171.36,2.5158847807296603,1.3496434416026417,2.5324328847783533,1.3246505173271979,2.533092988664392,1.3135824790914061,0
171.392,2.4966847803278522,1.3496443813948575,2.4925539186136376,1.3596508855872815,2.5053573606576056,1.3320103992518746,0
171.424,2.4774847798906485,1.3496453134446587,2.525284619908452,1.3316859572868416,2.5018082643713075,1.3318811766494174,0
171.45600000000002,2.4582847794462332,1.349646240714461,2.4114373107016784,1.3693653625387947,2.4541398829167598,1.3468754037634767,0
171.488,2.43908477902321,1.3496471664702459,2.388355155908642,1.3594764252076692,2.4163059921268504,1.3519163657185935,0
171.52,2.4198847786487754,1.3496480940749511,2.3997843280193747,1.336519073450336,2.398177326497323,1.3457580048135327,0
171.552,2.4006847783469785,1.3496490267749126,2.431947022524866,1.3340935956294582,2.400165204922013,1.3410928016062396,0
171.584,2.3814847781371884,1.3496499674931715,2.408534833886578,1.3715772681067155,2.3919930565217955,1.3532871546924712,0
171.616,2.3622847780328624,1.3496509186430246,2.369441644883461,1.3248783052661268,2.3714524918807625,1.3419241886002635,0
171.648,2.3430847780406983,1.3496518819739005,2.40218143892922,1.3429265135575854,2.3722240707148328,1.3423257001684357,0
171.68,2.323884778160221,1.349652858459565,2.3355105261654785,1.334611363850372,2.3460186529101854,1.3392405553443643,0
171.71200000000002,2.3046847783838267,1.3496538482359248,2.3536293360050253,1.3482555453631884,2.337542926163618,1.3428471488669147,0
171.744,2.285484778697279,1.3496548505925035,2.2506950147559452,1.337573606103732,2.291283761616416,1.3407383362851744,0
171.776,2.2662847790806233,1.3496558640181942,2.267960410366772,1.3756464341841126,2.2704344211327383,1.3547021857277635,0
171.808,2.247084779509463,1.3496568862983893,2.260942130292795,1.3213981139358202,2.2551175048131724,1.3413811714390136,0
171.84,2.2278847799565096,1.3496579146572698,2.246768480296918,1.3810690988092984,2.240257895023213,1.3572569590839598,0
171.872,2.2086847803933205,1.3496589459361206,2.226332310340304,1.3508078349716495,2.2231676611666114,1.3546779263872213,0
171.904,2.189484780792109,1.3496599767962147,2.1168686549620412,1.3456235871380995,2.1691280587012507,1.351056805857969,0
171.936,2.1702847811275165,1.349661003933221,2.1666786362189248,1.3150926056052856,2.156628289724587,1.3366717372389498,0
171.96800000000002,2.1510847813782368,1.3496620242893453,2.1625046387585387,1.3489046299742002,2.1474588293541426,1.3415655004574276,0
172.0,2.1318847815283872,1.3496630352495615,2.141637043725736,1.327964012611089,2.133610115118395,1.3361255047645684,0
172.032,2.1126847815685372,1.3496640348093103,2.0808545547450312,1.3027164916901048,2.100987890984263,1.3227624914137008,0
172.064,2.093484781496325,1.3496650217028763,2.025249999731721,1.3932543243460165,2.0591727344980466,1.350959808500476,0
172.096,2.074284781316623,1.349665995484188,2.0719775256801847,1.3726753696406806,2.052774650985305,1.3596466090220107,0
172.12800000000001,2.0550847810412285,1.3496669565548405,2.024571985892524,1.3250506157702562,2.0299735849622405,1.345808780562102,0
172.16,2.0358847806881064,1.34966790613754,2.057390102302379,1.3022307963222832,2.0294201919120507,1.3283781495725262,0
172.192,2.0166847802802264,1.349668846196681,1.9758709459763066,1.3011749801002008,1.9964804935512923,1.3174974398415853,0
172.224,1.997484779844069,1.34966977931117,2.0050102495764643,1.3532081383992585,1.9883723959747721,1.331782274460107,0
172.256,1.978284779407903,1.3496707085076873,1.959985483338507,1.3615242128688734,1.9654976309336414,1.3436796041266945,0
172.288,1.959084778999948,1.3496716370651307,1.9770822159179657,1.3596755339269329,1.9586114649408037,1.3500785314847383,0
172.32,1.9398847786465416,1.3496725683028428,1.8931279005895754,1.2722307629583016,1.9208980392138915,1.3189399826003831,0
172.352,1.920684778370437,1.3496735053662712,1.9079343284512722,1.2934031933616992,1.9041925549226513,1.308725830272847,0
172.38400000000001,1.9014847781893385,1.3496744510238863,1.9008304461293741,1.3352935983829233,1.8913277114194464,1.3193535071668332,0
172.416,1.8822847781147705,1.349675407488449,1.8666915947971718,1.3486733210934345,1.8699532647849963,1.3310820097036344,0
172.448,1.8630847781513507,1.349676376274158,1.8231030718219838,1.3523961975141148,1.8396931876146403,1.339608269671518,0
172.48,1.8438847782965095,1.3496773580988894,1.82697129186041,1.3394114065547345,1.823084429328199,1.339530117198262,0
172.512,1.8246847785406715,1.3496783528378329,1.8469221932758468,1.3668044256979819,1.8210995349228978,1.3504404408411366,0
172.544,1.805484778867881,1.3496793595315075,1.8103682275696766,1.4292073493194493,1.805287011997598,1.3819478110019476,0
172.576,1.786284779256833,1.3496803764476382,1.8249976238581425,1.3256227828370877,1.8016512567580873,1.3594184116669892,0
172.608,1.7670847796822409,1.3496814011928895,1.746485161428361,1.3379844011724273,1.7680648186426635,1.3508454228627147,0
172.64000000000001,1.7478847801164537,1.349682430867245,1.74490770339298,1.3507771932043555,1.7472819725593478,1.3508187479321907,0
172.672,1.7286847805312262,1.3496834622510683,1.7131894905694025,1.3465723982121023,1.7221249797799056,1.3491208244926332,0
172.704,1.7094847808995268,1.349684492012777,1.7665530143663906,1.391072256370644,1.7283761936309023,1.3659020112145615,0
172.736,1.6902847811972743,1.3496855169237367,1.6851796300002975,1.2979012073642495,1.699577568194828,1.3387022993327742,0
172.768,1.6710847814048901,1.349686534066518,1.7142857407227483,1.3394587199729517,1.693940837221845,1.3390054713772912,0
172.8,1.6518847815085702,1.3496875410230929,1.691029844538624,1.3598446118892054,1.681256440164027,1.3473417243207269,0
172.832,1.6326847815011885,1.3496885360308388,1.6519430929776562,1.3690952344599159,1.65801110130454,1.3560437173391857,0
172.864,1.6134847813827737,1.349689518096295,1.6345356719148674,1.3554507679877121,1.6371009295633208,1.3558071185600589,0
172.89600000000002,1.5942847811605245,1.349690487059337,1.6047572184175651,1.3926728611503516,1.6126434451192821,1.3705539888461833,0
172.928,1.5750847808483548,1.3496914436036296,1.5883239413387158,1.304393597722136,1.5913956436209822,1.3440903987216735,0
172.96,1.5558847804660016,1.3496923892126769,1.5173952697765896,1.3860171750151804,1.5502754940968821,1.3608616698718947,0
172.992,1.5366847800377474,1.3496933260742956,1.5101559413751249,1.3442132222427412,1.5227076730216487,1.3542028473600005,0
173.024,1.5174847795908442,1.3496942569396595,1.552957762727863,1.3491165268889678,1.523287708917506,1.3521688734811002,0
173.056,1.4982847791537408,1.3496951849459964,1.5443621154388776,1.3302332182592498,1.5201974715394215,1.3433951654778862,0
173.088,1.479084778754236,1.3496961134143608,1.506292774505992,1.358739918953403,1.503115592739504,1.349533622750016,0
173.12,1.4598847784176752,1.3496970456355206,1.4834368551268253,1.344563665721111,1.4837240977080612,1.3475461995209965,0
173.15200000000002,1.4406847781653132,1.349697984657766,1.4447505984705105,1.3898790868104913,1.456614698026923,1.3644799193852206,0
173.184,1.421484778012949,1.3496989330903268,1.3789173356192415,1.4037727815013215,1.4140157530780515,1.3801976358648878,0
173.216,1.402284777969918,1.349699892935085,1.393174409897319,1.364661842167176,1.394159215820328,1.3739838975913363,0
173.248,1.3830847780385056,1.3497008654574396,1.3783257374753475,1.3426909660503947,1.3763058244973019,1.3614673121516556,0
173.28,1.363884778213815,1.349701851104664,1.3735194433898028,1.3053468374636819,1.3636712720696695,1.3390197173087959,0
173.312,1.3446847784840947,1.3497028494770198,1.314191022686949,1.310357844289361,1.3323591723323283,1.3275555703665067,0
173.344,1.3254847788315005,1.3497038593534976,1.3542431891885927,1.3533233508789542,1.3295927790909121,1.3378632909808155,0
173.376,1.3062847792332424,1.349704878770519,1.3429919203712906,1.3177177138464393,1.3234324356193992,1.3298056731943153,0
173.40800000000002,1.287084779663044,1.349705905148526,1.303542702106335,1.3736060115996231,1.3039565422306725,1.3473264244948577,0
173.44,1.2678847800928212,1.3497069354582887,1.2489558218901802,1.3151274172571688,1.2704362541110301,1.3344474384369684,0
173.472,1.2486847804944767,1.3497079664162033,1.251551698848057,1.3571726869900507,1.2513624320223378,1.343538153563256,0
173.504,1.2294847808416993,1.3497089946959924,1.2314425186922175,1.3410853199280586,1.231874466706619,1.3425576327236284,0
173.536,1.2102847811116526,1.3497100171431518,1.1144035175651321,1.3258816218718044,1.1733660870660891,1.3358878361469688,0
173.568,1.1910847812864502,1.349711030978327,1.16809693605585,1.3648605782084906,1.1597384266777173,1.3474775344376464,0
173.6,1.1718847813543172,1.3497120339765083,1.1520675817393664,1.3444248910020429,1.1451500887177095,1.3462570711893642,0
173.632,1.1526847813103636,1.3497130246104991,1.1605543519136405,1.3025313395633193,1.139791794011001,1.3287673647554152,0
173.66400000000002,1.1334847811569158,1.3497140021494074,1.1773848303566428,1.3255886683167941,1.1433090085637703,1.327496464427043,0
173.696,1.1142847809033802,1.3497149667058144,1.0920040592357476,1.3414490281212035,1.1112670288467008,1.3330780606358692,0
173.728,1.0950847805656452,1.3497159192285724,1.101856043408882,1.330923399079869,1.0959826346853956,1.3322167601663777,0
173.76,1.075884780165056,1.3497168614416921,1.0854217931720556,1.3714738614788538,1.0802382980936378,1.3479201596274426,0
173.792,1.0566847797270318,1.349717795733247,1.02585794413576,1.3518547019678877,1.0469661565239052,1.3494945319802771,0
173.824,1.037484779279413,1.34971872500145,1.0781311775650206,1.387508072950825,1.047912164953702,1.364700502189712,0
173.856,1.0182847788506524,1.349719652467817,1.0050881903254785,1.3477018233990183,1.0192625751157882,1.3579015849256875,0
173.888,0.9990847784679655,1.3497205814694586,1.0016077265124068,1.3313962530995305,1.0006806356879276,1.3473000088768115,0
173.92000000000002,0.9798847781555685,1.3497215152438895,0.9801976491787948,1.347034126638248,0.9809674410979676,1.3471942169335493,0
173.952,0.960684777933116,1.349722456720236,0.9537023297351539,1.3933217688958934,0.9585413965668113,1.365645804506666,0
173.984,0.9414847778144407,1.3497234083303096,0.8796144471430977,1.3467416536882346,0.915450616811632,1.3580847179921562,0
174.016,0.9222847778066741,1.3497243718517367,0.9131393224331369,1.2757337115213145,0.9030060990749199,1.3251448969765935,0
174.048,0.9030847779098025,1.34972534829327,0.9072128551834653,1.3712527127110026,0.8931688015334251,1.343588612837398,0
174.08,0.8838847781166821,1.3497263378296835,0.8627836398383331,1.3876299291707834,0.8694947368708726,1.361205736650413,0
174.112,0.8646847784135094,1.349727339790452,0.8942687655600365,1.370813506503913,0.8678843483623893,1.3650494488045852,0
174.144,0.8454847787807127,1.3497283527029489,0.8497460291725136,1.3510313131827458,0.8491090207026001,1.3594428044746047,0
174.17600000000002,0.8262847791942081,1.3497293743873733,0.808141235776434,1.3554487748194504,0.8212019067485239,1.357845806641635,0
174.208,0.8070847796269399,1.349730402097281,0.8170109162760805,1.407107650899094,0.8080055105760666,1.3775511606227435,0
174.24,0.7878847800506091,1.3497314326966552,0.797823841382096,1.3697284378581407,0.7924128429150176,1.3744226880370891,0
174.272,0.7686847804374822,1.349732462862097,0.7936582086041831,1.362558375705326,0.7813909892071288,1.3696775778433783,0
174.304,0.7494847807621684,1.3497334892970978,0.7573602642489594,1.373985553825225,0.7602586992401053,1.3714013792848256,0
174.336,0.7302847810032523,1.3497345089445794,0.7586060821079585,1.3457486354619048,0.7480776524031989,1.361140887442239,0
174.368,0.711084781144679,1.3497355191840035,0.7345583513938679,1.353708755226395,0.7311499320150583,1.358168633553576,0
174.4,0.6918847811768001,1.3497365180003476,0.6960164408239138,1.3217188289732242,0.7055765355537903,1.3435893031340593,0
174.43200000000002,0.6726847810970111,1.3497375041140551,0.7034414496220973,1.3081842992792292,0.6932025011958884,1.3294278850120134,0
174.464,0.6534847809099354,1.3497384770635843,0.6665204396099963,1.321479486343792,0.6710096765759084,1.32624910107898,0
174.496,0.6342847806271377,1.349739437235233,0.6285496627149275,1.3617372869301707,0.6425056710455354,1.3404449436831265,0
174.528,0.6150847802663845,1.3497403858383095,0.6295873857452946,1.38004985718266,0.6258183569391629,1.3562874711594015,0
174.56,0.5958847798504963,1.3497413248272425,0.5947117138945959,1.3421074099297146,0.6018556997348419,1.3506160040386723,0
174.592,0.5766847794058666,1.3497422567756416,0.5777637418831647,1.359387617387311,0.5806989166075464,1.3541252038288425,0
174.624,0.5574847789607464,1.349743184710416,0.5815894346388736,1.3372516896849496,0.5695351238334145,1.3473763516743698,0
174.656,0.5382847785434076,1.3497441119166418,0.5379461734991396,1.3322970231762643,0.5453795437130969,1.341345174864089,0
174.68800000000002,0.5190847781803076,1.3497450417257513,0.5117983538265647,1.3255191879263202,0.5204270677720209,1.3350153377268992,0
174.72,0.4998847778943784,1.349745977300703,0.4839168117222295,1.3771741172239376,0.4943029653658679,1.3518794119786337,0
174.752,0.4806847777035489,1.3497469214319877,0.4557701785040461,1.349912989047655,0.4673698506352002,1.3510934115292697,0
174.784,0.4614847776195986,1.3497478763576323,0.45363783802598345,1.280047991593828,0.4503570456059277,1.3226758195985426,0
174.816,0.44228477764741225,1.3497488436188168,0.41261836094750554,1.2897857775721082,0.4237415717573625,1.3095203867296075,0
174.848,0.42308477778468007,1.3497498239604229,0.40567063728640745,1.3981751412183945,0.4049931979841869,1.3449828804328843,0
174.88,0.40388477802206013,1.3497508172829342,0.42637388476155663,1.3626408994660806,0.40202547271073186,1.352046687473745,0
174.912,0.3846847783437873,1.3497518226487948,0.33833985903229474,1.3342426056068342,0.36503122725530546,1.344925660742593,0
174.94400000000002,0.36548477872868923,1.349752838342815,0.3652169319743153,1.3271990612394229,0.3535855091591443,1.3378356321877418,0
174.976,0.34628477915154293,1.3497538619827296,0.40122992838511473,1.396500067328837,0.3611232768659663,1.3613020210262228,0
175.008,0.3270847795846864,1.3497548906727739,0.30852082510632445,1.3829659262089076,0.32856229617863836,1.3699681994931079,0
175.04,0.3078847799997862,1.349755921190375,0.314741638584669,1.406434160959972,0.3115140331575617,1.3845552000569161,0
175.072,0.2886847803696492,1.3497569501939166,0.22118846932058914,1.316162580558606,0.2638638076391539,1.3571987658155034,0
175.104,0.26948478066996673,1.3497579744381833,0.2150824360156529,1.3138550979562376,0.23283125900590235,1.339861907963369,0
175.136,0.2502847808808803,1.3497589909835954,0.27568131363380793,1.3349210460065946,0.2384512808728964,1.337886166633026,0
175.168,0.23108478098826857,1.3497599973857495,0.24975104534452625,1.3438638579589635,0.23145118667700287,1.340277839579453,0
175.20000000000002,0.2118847809846703,1.3497609918530482,0.22065216493447196,1.3502697700157567,0.2156115779950355,1.3442752003895824,0
175.232,0.19268478086978155,1.3497619733622597,0.17423919550210365,1.3407899580663085,0.18754262501249508,1.3428816840723168,0
175.264,0.1734847806504902,1.349762941724557,0.16708638695154593,1.3688579275837331,0.16784012980235954,1.3532727543389864,0
175.296,0.15428478034044227,1.3497638975977742,0.19977352510650961,1.3642312499459741,0.169093487937924,1.3576567184667248,0
175.328,0.13508477995916537,1.349764842444085,0.15905855833729246,1.420430360519709,0.15355951611130367,1.3827667354178668,0
175.36,0.11588477953080481,1.3497657784358181,0.09185068571333355,1.3687629535254657,0.11735598396555713,1.3771657786286489,0
175.392,0.09668477908255602,1.3497667083154745,0.09683089218803609,1.3273485924451358,0.09762594726788915,1.3572394578215174,0
175.424,0.07748477864289614,1.3497676352189565,0.08392672396236267,1.3690713421252905,0.08062625795901115,1.3619727649165467,0
175.45600000000002,0.05828477823973387,1.3497685624734022,0.06056319308616862,1.3651977865629714,0.0610810320232913,1.3632633286830507,0
175.488,0.0390847778985996,1.3497694933826545,0.016716864874034704,1.3384394173137197,0.031815365177177965,1.3533343228925534,0
175.52,0.019884777640995818,1.349770431014199,0.004698396719523141,1.3097687560959432,0.009448577807956403,1.3359086602595502,0
175.552,0.0006847774830155036,1.349771378001313,-0.03492151897367071,1.2563090690980858,-0.019819460890536607,1.3040693945440303,0
175.584,-0.018515222565684927,1.3497723363731935,-0.019899645736285554,1.3025640471120676,-0.03137153481431105,1.3034678338885504,0
175.616,-0.03771522250249276,1.3497733074240263,-0.03313671603565479,1.3522828905958304,-0.043597607287926776,1.3229944428732359,0
175.648,-0.05691522233199252,1.3497742916294475,-0.01037419749249191,1.3481221583924925,-0.04182824335442908,1.333046123267948,0
175.68,-0.07611522206565914,1.3497752886157928,-0.04585264507171767,1.3485554318688782,-0.05495800402563969,1.3392504481722356,0
175.71200000000002,-0.09531522172111352,1.3497762971841196,-0.08268745961558309,1.334989105508905,-0.07756978624557888,1.3375465187694826,0
175.744,-0.11451522132099015,1.349777315387456,-0.06478968046736758,1.3289026828599955,-0.08397774391799562,1.334089596788265,0
175.776,-0.13371522089148827,1.34977834065629,-0.15411234395820145,1.38150120540262,-0.12355158391761226,1.3530548555527964,0
175.808,-0.15291522046069864,1.3497793699642109,-0.17983392181793906,1.3095648743485822,-0.15758451906121815,1.3356594793521892,0
175.84,-0.17211522005680865,1.3497804000230151,-0.1711562979778594,1.3387872043747242,-0.17453323061140424,1.336911184567754,0
175.872,-0.1913152197062985,1.3497814274946986,-0.23726775179333864,1.3277284531020135,-0.21114703906787224,1.3332387041450815,0
175.904,-0.21051521943224102,1.3497824492066683,-0.21752553351687204,1.3365908846402146,-0.22521843683142867,1.334580183690765,0
175.936,-0.2297152192528128,1.3497834623563016,-0.22204980594157528,1.3519877471496382,-0.23547098445978348,1.3415438101425528,0
175.96800000000002,-0.24891521918011367,1.3497844646916684,-0.220950586297261,1.3586391661920054,-0.241182825179462,1.3483825462918366,0
176.0,-0.2681152192193725,1.3497854546567671,-0.2970076325833816,1.3540839102287776,-0.27503274812613143,1.3506636776704468,0
176.032,-0.2873152193685937,1.349786431491916,-0.25887686513686314,1.2819410982821964,-0.2800903949159338,1.3231752237166923,0
176.064,-0.30651521961867234,1.3497873952828203,-0.29665263025079985,1.3557335835295015,-0.2982352890357652,1.3361991378797793,0
176.096,-0.3257152199539721,1.349788346955151,-0.298819122373557,1.3826696432443166,-0.3099888223570869,1.3547879036257857,0
176.12800000000001,-0.3449152203533334,1.3497892882149707,-0.3228494659790871,1.337626229134547,-0.3266530797923394,1.3479237921449905,0
176.16,-0.3641152207914437,1.3497902214388382,-0.36936431908455986,1.326763061965511,-0.3552575754958426,1.3394600547979456,0
176.192,-0.38331522124048256,1.349791149520664,-0.3896105546478811,1.344587147884371,-0.3805187671433442,1.3415114450909356,0
176.224,-0.4025152216719298,1.3497920756851787,-0.3851561280705229,1.3286205086207548,-0.3938937115008796,1.3363556239265808,0
176.256,-0.4217152220584178,1.3497930032800347,-0.43144570878657523,1.3827823226039775,-0.4204345104017082,1.354926859194168,0
176.288,-0.44091522237550407,1.3497939355599424,-0.47974450034171645,1.3515445124544005,-0.45567850636406293,1.3535744805219272,0
176.32,-0.46011522260324783,1.349794875476762,-0.4723292475247677,1.3653386804655459,-0.47385880281442205,1.3582807263311283,0
176.352,-0.47931522272748894,1.349795825489092,-0.4537192860196823,1.3771672220487239,-0.4773229960822676,1.3658358974639884,0
176.38400000000001,-0.498515222740748,1.3497967874036427,-0.5464630684940632,1.3607937025438823,-0.5164990250323478,1.3638196001089415,0
176.416,-0.5177152226426934,1.3497977622586321,-0.5303090959497504,1.3109643024003153,-0.5335430533842694,1.3426780696572795,0
176.448,-0.5369152224401483,1.3497987502567343,-0.5249502646744562,1.3706007570612053,-0.5416259378849063,1.3538477410032907,0
176.48,-0.5561152221466417,1.34979975075191,-0.5342509240276626,1.3188972345680186,-0.5501959323262022,1.3398681417994855,0
176.512,-0.5753152217815338,1.3498007622909725,-0.5711634001036446,1.3724099755538497,-0.5701029194210598,1.352885484439351,0
176.544,-0.5945152213687751,1.349801782707212,-0.6255224334024967,1.4015489639146173,-0.6037907249972827,1.3723514895445779,0
176.576,-0.6137152209353745,1.349802809260038,-0.5955917567296957,1.3939783633933038,-0.6120311376737626,1.381002854715133,0
176.608,-0.6329152205096744,1.3498038388116371,-0.6551764528450942,1.2951849805618718,-0.6408092637257872,1.3466763209894963,0
176.64000000000001,-0.6521152201195404,1.3498048680292527,-0.6945410380822584,1.3458464559286893,-0.6738219734519586,1.3463449891734758,0
176.672,-0.6713152197905754,1.349805893600047,-0.6787871718170431,1.308735041819635,-0.6873280527817736,1.3313016207912827,0
176.704,-0.6905152195444745,1.3498069124446932,-0.7171099134654326,1.3844071509201623,-0.7107607970393084,1.352544438065902,0
176.736,-0.7097152193976219,1.3498079219159325,-0.6806604821456419,1.2904786598333862,-0.7102406710662728,1.3277187253154676,0
176.768,-0.7289152193600248,1.3498089199692964,-0.728870849698693,1.3557392793790177,-0.7292127425040743,1.3389275378885617,0
176.8,-0.7481152194346516,1.3498099052949915,-0.7637668423523871,1.3736836324477566,-0.7545543824286487,1.3528305586394511,0
176.832,-0.7673152196172258,1.3498108774024424,-0.7399127317040923,1.3362709307735958,-0.7602177221244762,1.3462072824906524,0
176.864,-0.7865152198964883,1.3498118366520389,-0.7953707788916863,1.3251064432450819,-0.7857989448173706,1.3377675144616787,0
176.89600000000002,-0.8057152202549174,1.3498127842320293,-0.8041126381109261,1.3925613529475365,-0.8046444221211017,1.3596856112702582,0
176.928,-0.8249152206698599,1.3498137220820419,-0.8217594359975485,1.3309722752598836,-0.8230104276582106,1.3482008335013544,0
176.96,-0.8441152211150004,1.3498146527681456,-0.8032515245803297,1.2978863456403773,-0.8266268664137222,1.3280755919968819,0
176.992,-0.863315221562071,1.3498155793174964,-0.89773205833301,1.3648204867752063,-0.8665889431681424,1.3427741025291209,0
177.024,-0.8825152219826888,1.3498165050232156,-0.8973358606658556,1.3533458263279965,-0.8904077101538805,1.3470033456921207,0
177.056,-0.9017152223501974,1.3498174332320751,-0.8697639707526421,1.329509231094828,-0.893670214379896,1.3400062564943211,0
177.088,-0.9209152226413907,1.3498183671286779,-0.9135915862020236,1.2874646837335664,-0.9131587630950331,1.3189901888101203,0
177.12,-0.9401152228380075,1.3498193095300512,-0.9673913143899093,1.331279935390912,-0.9463717835989737,1.323906655114118,0
177.15200000000002,-0.9593152229279002,1.3498202627039078,-1.0101438076713236,1.347660473358324,-0.9834005932135514,1.3334087574039315,0
177.184,-0.9785152229058031,1.3498212282223,-0.987640742228544,1.3583537438278284,-0.9966166528047967,1.343387334882229,0
177.216,-0.997715222773657,1.3498222068601216,-1.0156193736514796,1.3672859281668066,-1.0157377411283144,1.3529473631063444,0
177.248,-1.0169152225404714,1.3498231985450042,-1.005495886999043,1.3012415849061139,-1.0231609994610582,1.3322656503062584,0
177.28,-1.0361152222217362,1.3498242023618559,-1.0094604387470056,1.3513001634217028,-1.0292007751595356,1.3398800606813495,0
177.312,-1.0553152218384252,1.3498252166117461,-1.0162998378102388,1.3512002372083505,-1.035560400203626,1.3444087417194717,0
177.344,-1.074515221415652,1.3498262389213502,-1.0929805116105693,1.3535592326319297,-1.0700484447500098,1.3480695521170163,0
177.376,-1.0937152209810659,1.3498272663958908,-1.0845113350933422,1.369136955899082,-1.0873536008708506,1.3564971293409194,0
177.40800000000002,-1.1129152205630874,1.3498282958057197,-1.1137591592158154,1.3241554091397478,-1.1094358241923585,1.3435610566139475,0
177.44,-1.1321152201890903,1.3498293237945094,-1.110652421821046,1.3967644644572832,-1.1214424632274824,1.3648430327329837,0
177.472,-1.151315219883647,1.3498303470956323,-1.136002326562415,1.3781260958977306,-1.1387864085453345,1.3701568667463189,0
177.504,-1.1705152196669468,1.349831362742783,-1.1901562966587367,1.312250605137474,-1.1708543637748905,1.346994965025329,0
177.536,-1.1897152195534888,1.3498323682612647,-1.1488423918063306,1.3139851794951496,-1.173569574972039,1.3337916466947433,0
177.568,-1.2089152195511332,1.3498333618276148,-1.2060855630763982,1.4057867474537151,-1.1980959701987657,1.3625902750755163,0
177.6,-1.2281152196605798,1.3498343423872732,-1.2166712572473974,1.4052595733888322,-1.217046085003616,1.3796585744127186,0
177.632,-1.2473152198753066,1.3498353097227087,-1.2990722288122125,1.3491471651606222,-1.2613765425128434,1.3674545829166012,0
177.66400000000002,-1.2665152201819796,1.3498362644676012,-1.2837874476560274,1.3271086027568417,-1.2818609045562486,1.3513167560110415,0
177.696,-1.2857152205613085,1.3498372080661527,-1.2860630433566267,1.3531697080028509,-1.295061760062807,1.3520584961341742,0
177.728,-1.3049152209892938,1.3498381426801365,-1.282461751710798,1.3207314109256638,-1.301541756708605,1.3395282171351273,0
177.76,-1.3241152214387841,1.3498390710496588,-1.2966226933581242,1.3313983731806565,-1.3110941313551185,1.336276832258517,0
177.792,-1.343315221881241,1.3498399963165966,-1.380240045858626,1.3276098021214915,-1.3502724971432383,1.332810572545482,0
177.824,-1.362515222288592,1.349840921822081,-1.407875596109936,1.3492634565413473,-1.3848337367165522,1.339392280160908,0
177.856,-1.38171522263505,1.3498418508910799,-1.3366509720899944,1.378259246322206,-1.377080630852394,1.3549396242479763,0
177.888,-1.4009152228987796,1.3498427866179648,-1.4401863057989397,1.3822160205293632,-1.4138429008172277,1.3658507456856661,0
177.92000000000002,-1.4201152230632992,1.3498437316668968,-1.4309728837810622,1.3673801623217516,-1.4322148939886605,1.3664630819223964,0
177.952,-1.4393152231185333,1.349844688099909,-1.4758447779038417,1.329218553658998,-1.461186847540265,1.3515658477811074,0
177.984,-1.4585152230614469,1.349845657243787,-1.483200638444558,1.3961818889335733,-1.481512363887117,1.3694128494228837,0
178.016,-1.477715222896226,1.349846639604339,-1.4805795841058407,1.3591421256894582,-1.492659251959338,1.3653051530441576,0
178.048,-1.4969152226339972,1.3498476348336017,-1.4218399849736,1.3248217604370438,-1.475851545149391,1.3491123964543845,0
178.08,-1.5161152222921062,1.349848641752102,-1.4884276847171944,1.3380413430093976,-1.4924020009605243,1.3446845817981965,0
178.112,-1.5353152218930035,1.3498496584247468,-1.5509937292361657,1.3693087661152645,-1.5273586922545286,1.3545348670404826,0
178.144,-1.55451522146281,1.3498506822854548,-1.5208055683236144,1.317047256545049,-1.5362574426657398,1.3395404373659743,0
178.17600000000002,-1.5737152210296477,1.3498517103024945,-1.588493757791576,1.327711166383136,-1.5686719686995882,1.3348093445239482,0
178.208,-1.5929152206218458,1.3498527391738733,-1.5696140695769585,1.3354872913226545,-1.5805688090341015,1.3350811377735692,0
178.24,-1.612115220266128,1.3498537655401812,-1.6290186908081346,1.4020658928140783,-1.611468761727442,1.3618756513149188,0
178.272,-1.631315219985898,1.3498547862011714,-1.6490855998285658,1.3432655693114641,-1.6380354969518796,1.35443222524199,0
178.304,-1.6505152197997306,1.3498557983221182,-1.6228278463442514,1.3631873144661573,-1.643472436693156,1.3579348613795972,0
178.336,-1.6697152197201655,1.3498567996166515,-1.6859561122230335,1.4154466041531413,-1.6719859068898266,1.3809401515762418,0
178.368,-1.688915219752885,1.3498577884942806,-1.6484831163961207,1.296691299179001,-1.6741047906774802,1.3472411957370278,0
178.4,-1.7081152198963316,1.3498587641630968,-1.7040481784341692,1.330524251240619,-1.6976021457657027,1.3405549949963853,0
178.43200000000002,-1.7273152201417934,1.349859726681022,-1.715739584319613,1.3296307373375398,-1.7163771211731926,1.3361858613536173,0
178.464,-1.746515220473956,1.3498606769522903,-1.7311404134276225,1.2894801824414923,-1.7338024380612143,1.3175041524885798,0
178.496,-1.7657152208718891,1.34986161666937,-1.7573123978169811,1.3543725418943728,-1.7547264219500218,1.3322520655785768,0
178.528,-1.7849152213104,1.3498625482040525,-1.7736280071121584,1.3238669487746149,-1.7738070560015435,1.3288985725071303,0
178.56,-1.8041152217616692,1.3498634744547073,-1.7861908384099954,1.3241598288208118,-1.790280568951666,1.3270036269363634,0
178.592,-1.8233152221970574,1.349864398659536,-1.8402187636508027,1.3615872949682903,-1.821775846818043,1.340837646349771,0
178.624,-1.8425152225889647,1.3498653241878489,-1.8007038677360951,1.336884035253704,-1.824867055171875,1.3392567564324578,0
178.656,-1.8617152229126162,1.3498662543228188,-1.8914177459721504,1.3846960112835844,-1.8630073314783993,1.3574330170879265,0
178.68800000000002,-1.8809152231476594,1.349867192049715,-1.9022594502492087,1.3384109827686166,-1.890228178972864,1.3498247678715183,0
178.72,-1.9001152232794696,1.3498681398632824,-1.9314449702525391,1.3931460532157962,-1.9182348954705397,1.3671538535447865,0
178.752,-1.9193152233000792,1.3498690996066949,-1.90384232690543,1.3418557175911823,-1.9239978680299217,1.357035178497345,0
178.784,-1.9385152232086769,1.3498700723524824,-1.9799507628325186,1.3119964260879202,-1.9578990259359834,1.3390202649364293,0
178.816,-1.9577152230116448,1.349871058333127,-1.9476663847808813,1.3386181516818716,-1.965325969458565,1.3388600148553595,0
178.848,-1.9769152227221403,1.3498720569258182,-1.9382454512212257,1.2821446803577194,-1.9660137621478797,1.3161744833386728,0
178.88,-1.9961152223592458,1.3498730666923615,-2.04153318750596,1.343706024640965,-2.0077415322750465,1.3271877079905865,0
178.912,-2.0153152219467465,1.3498740854716813,-2.010265059603713,1.3634311727845625,-2.0202709431902113,1.3416857062961838,0
178.94400000000002,-2.0345152215116116,1.3498751105189601,-2.0112195478333197,1.3360359053198447,-2.028170385031015,1.3394264006829264,0
178.976,-2.053715221082274,1.349876138682452,-2.020111087865644,1.3382776739463347,-2.0364666661484003,1.3389675251313102,0
179.008,-2.072915220686814,1.3498771666065754,-2.053145645527094,1.3111638677727502,-2.0546582578834998,1.327846675647741,0
179.04,-2.0921152203511655,1.349878190948198,-2.0811644423349502,1.3816523790799844,-2.076780731647898,1.3493695668551229,0
179.072,-2.1113152200974463,1.349879208592177,-2.131378901581433,1.2924268095268978,-2.11013999960542,1.3265930684226936,0
179.104,-2.130515219942532,1.3498802168522592,-2.1631560210958063,1.3388439145146942,-2.1428664081860433,1.331494004654767,0
179.136,-2.149715219896959,1.349881213644397,-2.1506598361177782,1.3819416298023,-2.1575037793436107,1.351673644868106,0
179.168,-2.168915219964226,1.349882197621299,-2.155274662339594,1.3557890577967746,-2.1681321325272966,1.3533203921067813,0
179.20000000000002,-2.1881152201405563,1.3498831682595371,-2.1744618501575665,1.334442940440943,-2.182184019565102,1.3457699854944984,0
179.232,-2.207315220415125,1.3498841258935812,-2.2359905221600322,1.4179787605500331,-2.215226620589136,1.3746540621471253,0
179.264,-2.2265152207707506,1.3498850716945427,-2.171339754624002,1.3356175986967143,-2.2091918741894476,1.35904003704098,0
179.296,-2.2457152211849998,1.3498860075949806,-2.2714488035811464,1.3412729638828218,-2.2456146459327178,1.3519337631716715,0
179.328,-2.2649152216316435,1.3498869361645849,-2.2456117782587306,1.3654368982141853,-2.2571334988498513,1.3573355694929292,0
179.36,-2.284115222082357,1.3498878604447309,-2.326369312448394,1.3331510287526287,-2.296347824276041,1.3476623044004072,0
179.392,-2.303315222508558,1.3498887837525453,-2.3246162957335463,1.3356889563660752,-2.3191752128457668,1.3428735173491484,0
179.424,-2.322515222883261,1.349889709467103,-2.3196801637960816,1.3923526497330987,-2.330897193212476,1.3626657254212882,0
179.45600000000002,-2.341715223182818,1.3498906408115305,-2.324365477910375,1.3638101625247452,-2.3398045070779956,1.3631240601433703,0
179.488,-2.360915223388444,1.349891580645067,-2.333885472274054,1.3937820278634105,-2.348956893142483,1.375387813372566,0
179.52,-2.380115223487414,1.3498925312784962,-2.3828924043899367,1.3738795032552806,-2.3740510976271754,1.3747850628211828,0
179.552,-2.3993152234738706,1.3498934943248664,-2.379886774566286,1.342693365812249,-2.38790536838814,1.3619489654861823,0
179.584,-2.418515223349188,1.3498944705951452,-2.369230764570655,1.34308155790172,-2.3919555268460604,1.3544025919974245,0
179.616,-2.437715223121869,1.349895460045554,-2.440400715874924,1.3058182201899289,-2.422853602442125,1.3349694404771582,0
179.648,-2.456915222806993,1.3498964617800027,-2.429795227498845,1.3371302851886802,-2.437150252448974,1.3358343823080658,0
179.68,-2.476115222425246,1.3498974741074887,-2.4989004397991748,1.3758609453528283,-2.4733703273729217,1.3518456168650335,0
179.71200000000002,-2.4953152220015995,1.3498984946507744,-2.474341669896445,1.3777283217804868,-2.4852788643659913,1.3621993118624696,0
179.744,-2.5145152215637188,1.3498995204993556,-2.5000516099217567,1.3437230178581197,-2.5027079625718547,1.3548094090433118,0
179.776,-2.5337152211401976,1.3499005483968733,-2.5640271732805315,1.3131452027514676,-2.538755646838893,1.3381443410043377,0
179.808,-2.5529152207587344,1.3499015749508958,-2.6140096724864916,1.3618458674128562,-2.5803772570816252,1.3476255637017596,0
179.84,-2.5721152204443603,1.3499025968515619,-2.5381093017836234,1.322356101502852,-2.5749900749463466,1.337518386722198,0
179.872,-2.5913152202178282,1.3499036110849956,-2.5880564449329406,1.3434046576921082,-2.5917366229252234,1.3398734971564865,0
179.904,-2.610515220094272,1.3499046151277392,-2.6406718129560924,1.3740512584507674,-2.62283069892219,1.3535451966223335,0
179.936,-2.6297152200822187,1.3499056071096711,-2.6192316736829544,1.3755478040267086,-2.6329110888115297,1.3623468266450967,0
179.96800000000002,-2.648915220183022,1.349906585934895,-2.6585360847615314,1.3815899596424082,-2.654681087176984,1.3700446587356678,0
180.0,-2.6681152203907597,1.3499075513527956,-2.6481830833809177,1.3420359229000574,-2.6636018856444075,1.3588417353666176,0
180.032,-2.6873152206926014,1.3499085039746521,-2.661368938729374,1.2991783310192055,-2.674228706864594,1.334976937419095,0
180.064,-2.70651522106963,1.349909445234711,-2.707198475873181,1.3460433368840654,-2.6989366144545093,1.339404055037011,0
180.096,-2.725715221498062,1.3499103772981864,-2.7679107809868166,1.3742567247270217,-2.738046281054112,1.3533456763831668,0
180.12800000000001,-2.7449152219507837,1.349911302922087,-2.7544077837597785,1.3510509414842762,-2.756110882123167,1.352428333410408,0
180.16,-2.764115222399114,1.3499122252777982,-2.8217511887224154,1.3999874413288,-2.793887004749669,1.371452527119338,0
180.192,-2.7833152228146596,1.3499131477468336,-2.796290039157248,1.3836712392868273,-2.8063682184994234,1.3763405641491706,0
180.224,-2.8025152231711523,1.3499140737028972,-2.7864419616072147,1.4484670064731093,-2.809917715729094,1.4051916968244256,0
180.256,-2.8217152234461427,1.349915006294298,-2.8648429849813994,1.2578630640450752,-2.843407823416321,1.3462608047712987,0
180.288,-2.8409152236224404,1.3499159482407448,-2.8436783168521784,1.4015982978846866,-2.8550360207766516,1.368396369775069,0
180.32,-2.8601152236892085,1.3499169016576351,-2.8356271909372714,1.3433221705189131,-2.858792488826518,1.3583672654847945,0
180.352,-2.8793152236426476,1.3499178679191854,-2.954697281036795,1.3738025073149827,-2.908674405695847,1.364541945742085,0
180.38400000000001,-2.8985152234862266,1.3499188475692583,-2.8925677876882627,1.2963952469966495,-2.9137517584776242,1.3372838578167288,0
180.416,-2.917715223230449,1.3499198402856654,-2.9011447026852495,1.3627087299222114,-2.920228936145097,1.3474544056930742,0
180.448,-2.9369152228921753,1.3499208449002842,-2.930063955647104,1.3621970065956548,-2.9356829439299803,1.353352051479899,0
180.48,-2.9561152224935445,1.349921859473727,-2.9377511719567004,1.3872763052578863,-2.9480302351244796,1.3669223633240017,0
180.512,-2.9753152220605634,1.3499228814197801,-2.995419184943923,1.3533731759842649,-2.9785058150358923,1.3615033018241571,0
180.544,-2.9945152216214517,1.349923907671627,-3.0386467736943263,1.3916744117080184,-3.014082198482834,1.3735723603095058,0
180.576,-3.0137152212048464,1.349924934879165,-3.005331082842926,1.3253061845086307,-3.022101752210487,1.3542665035351407,0
180.608,-3.032915220837976,1.3499259596247266,-3.0353686229192745,1.3851870794168715,-3.0389285004777795,1.3666353444263502,0
180.64000000000001,-3.052115220544919,1.3499269786433137,-3.0326934009069895,1.3919837296053232,-3.047954460633503,1.3767753041976212,0
180.672,-3.0713152203450544,1.349927989033169,-3.0391961603002793,1.331337762576331,-3.0559711404845964,1.3586008868870674,0
180.704,-3.0905152202518087,1.3499289884431116,-3.1605664089505323,1.294353638312687,-3.1093292478557517,1.332902579317592,0
180.736,-3.1097152202717764,1.349929975224557,-3.154239647449954,1.3455397890913339,-3.1388134076786374,1.337958046972926,0
180.768,-3.1289152204042794,1.3499309485384043,-3.1530432430232938,1.3393887838117566,-3.1560253418021236,1.3385309172238027,0
180.8,-3.148115220641394,1.3499319084098693,-3.137518919022011,1.3252821184785215,-3.16014277267609,1.3332319654231597,0
180.832,-3.1673152209684474,1.349932855727682,-3.1915671990483827,1.3017670418666172,-3.1842325432113503,1.3206465567953307,0
180.864,-3.1865152213649592,1.3499337921876489,-3.2084033497038535,1.352358560897009,-3.2054208657949537,1.333331913687369,0
180.89600000000002,-3.2057152218059572,1.3499347201841532,-3.230797379837944,1.383845527777954,-3.2270914713989245,1.3535379107476797,0
180.928,-3.2249152222635926,1.349935642656524,-3.2975779052090326,1.371959615014675,-3.266806044909821,1.3609071420139762,0
180.96,-3.2441152227089405,1.349936562900117,-3.247544414078167,1.3425446325511357,-3.2706213925639966,1.3535626880067486,0
180.992,-3.263315223113868,1.349937484354232,-3.2246646375197963,1.3422132312185946,-3.2637586905330433,1.3490234573568718,0
181.024,-3.2825152234528465,1.349938410380501,-3.301985885599423,1.3470053252873007,-3.2905695685461245,1.3482167608035933,0
181.056,-3.3017152237045915,1.34993934404601,-3.2986983990408634,1.37736165073873,-3.3053411007302747,1.359875278911563,0
181.088,-3.320915223853421,1.3499402879251279,-3.313147187388921,1.3754248088230814,-3.3199835353796487,1.366095660141403,0
181.12,-3.3401152238902494,1.3499412439328384,-3.386528652396216,1.3482567862322627,-3.3581215821718065,1.358960687785482,0
181.15200000000002,-3.3593152238131574,1.3499422132003411,-3.351271105887083,1.36401694381591,-3.3669013916430393,1.360983775645383,0
181.184,-3.3785152236275025,1.349943196000994,-3.404287643855297,1.3416222068737815,-3.3933758925126565,1.3532397415883604,0
181.216,-3.3977152233455676,1.349944191731424,-3.3680382832610936,1.3237307218306855,-3.3947608487963654,1.3414367343855347,0
181.248,-3.4169152229857778,1.3499451989490943,-3.4174743707498885,1.357205993993655,-3.4153662575617845,1.347745044951136,0
181.28,-3.4361152225715266,1.3499462154639739,-3.426688396023505,1.3061160808197838,-3.4314151129302384,1.3310940704235943,0
181.312,-3.455315222129695,1.3499472384784803,-3.4838747598073208,1.3173005645262594,-3.463918971664693,1.3255772816836204,0
181.344,-3.4745152216889497,1.3499482647667465,-3.486957277341206,1.3459320756743511,-3.4846542939188896,1.333719813317423,0
181.376,-3.493715221277925,1.3499492908817308,-3.4751916267347362,1.3220473453888495,-3.492389227028907,1.3290514384933314,0
181.40800000000002,-3.5129152209234067,1.3499503133768826,-3.4549130563512653,1.3469590774174773,-3.4889187587417276,1.3362151027138949,0
181.44,-3.53211522064862,1.34995132902813,-3.5452339834951574,1.3418599191805138,-3.5229648486272724,1.3384736324806186,0
181.472,-3.5513152204717446,1.3499523350419171,-3.600151031263183,1.3527349263963686,-3.5653593216661803,1.344178746328337,0
181.504,-3.570515220404738,1.3499533292359003,-3.53886298173845,1.3499544697746517,-3.566280785680049,1.3464896241009747,0
181.536,-3.5897152204525553,1.3499543101806435,-3.5894884952759543,1.3388401610358946,-3.5870838695038048,1.343430418896799,0
181.568,-3.608915220612814,1.3499552772931487,-3.6768572931622074,1.3248576362680091,-3.63451323895298,1.3360018775458757,0
181.6,-3.6281152208759297,1.3499562308761224,-3.6294158925021796,1.338638145336238,-3.6439943003588535,1.3370569486261026,0
181.632,-3.64731522122572,1.3499571721003583,-3.5684597822606263,1.3170811249416692,-3.625300493106073,1.3290671764618902,0
181.66400000000002,-3.666515221640432,1.3499581029312522,-3.636573462772105,1.3726560467110958,-3.6413296809592337,1.3465032767272436,0
181.696,-3.685715222094139,1.3499590260040524,-3.6922994769382447,1.3555364296969938,-3.6732375993377318,1.3501170867798744,0
181.728,-3.7049152225583994,1.3499599444557413,-3.658799959052973,1.351347580459402,-3.678982543210771,1.350609831872812,0
181.76,-3.7241152230040817,1.3499608617242438,-3.6691860652004253,1.3934275278666477,-3.6865839519935273,1.3677374587875826,0
181.792,-3.743315223403229,1.3499617813277662,-3.784717153796654,1.335041069951895,-3.737357232701531,1.354659454751097,0
181.824,-3.7625152237308406,1.349962706638378,-3.763495929483144,1.354963381703921,-3.7593327114007007,1.354781581905275,0
181.856,-3.7817152239664567,1.3499636406643412,-3.7410040800890227,1.3673459354458337,-3.7635212588622506,1.359807886152122,0
181.888,-3.800915224095449,1.3499645858551692,-3.808164591788006,1.3572962768060286,-3.792898592018411,1.3588038128688615,0
181.92000000000002,-3.820115224109933,1.3499655439419618,-3.8088949294723684,1.313777443282824,-3.810817126985448,1.3407938437892213,0
181.952,-3.839315224009253,1.3499665158233427,-3.879566371605898,1.3253801075444733,-3.849836824818662,1.3346289364835302,0
181.984,-3.8585152238000076,1.3499675015044224,-3.8469688688843213,1.3059971594237947,-3.8602096424295484,1.3231768208789307,0
182.016,-3.877715223495629,1.3499685000928343,-3.855951321293783,1.3034621375054014,-3.8700263139594906,1.3152915498414894,0
182.048,-3.896915223115533,1.3499695098522617,-3.913640527097814,1.3475453952012109,-3.898991999198759,1.3281936959893184,0
182.08,-3.916115222683904,1.3499705283101946,-3.8985458364833825,1.3393866852664238,-3.910333534096328,1.3326715036168975,0
182.112,-3.9348371160175586,1.349971613952061,-3.9412371467593097,1.3156574594060773,-3.9339055668862484,1.3258664458654246,0
182.144,-3.952967003639,1.349972563553539,-3.94706668825251,1.2907048114972313,-3.950021142807646,1.3118022863724523,0
182.17600000000002,-3.970510063061117,1.3499733640538705,-3.988702930182105,1.3141778231395487,-3.975996891291697,1.3127529349855078,0
182.208,-3.987483606508168,1.3499740539009206,-4.083748961346669,1.3624069461805888,-4.029263926108163,1.3326149221305594,0
182.24,-4.003906886167241,1.3499746609653045,-4.036833809081723,1.375675851861743,-4.042132194058501,1.349839635063846,0
182.272,-4.019798866945041,1.3499752049395866,-4.029439869080984,1.3896248032766552,-4.046580251859227,1.365754010872625,0
182.304,-4.035177756086511,1.3499757014439435,-4.023061996990633,1.366967028889236,-4.046392811672648,1.3662395023098395,0
182.336,-4.050060956175019,1.349976163563256,-4.05056247914024,1.4112964257534775,-4.056985265748968,1.384262538806426,0
182.368,-4.064465111992569,1.3499766022960995,-4.035739595321892,1.3667720021509202,-4.05712582722561,1.377266580243483,0
182.4,-4.078406170873075,1.3499770267238485,-4.072237396664849,1.3351267118843335,-4.071532724856951,1.3604108829988824,0
182.43200000000002,-4.091899438373093,1.3499774441510595,-4.155141696921802,1.369373257237964,-4.1130709152078975,1.3639960808006384,0
182.464,-4.104959626321036,1.3499778602667178,-4.114594274596209,1.3766474322740547,-4.12151578975209,1.3690568705822201,0
182.496,-4.117600893801314,1.3499782793221227,-4.179918206275931,1.3154164830337813,-4.152461531541742,1.347600968089125,0
182.528,-4.129836882238505,1.3499787043130844,-4.151761895149464,1.2990406693487146,-4.15952373982915,1.328177105972416,0
182.56,-4.141680745685075,1.34997913715707,-4.119161083049509,1.345049336779513,-4.15048580898341,1.3349262614200608,0
182.592,-4.153145177231011,1.3499795788600155,-4.133084595023274,1.343419287751732,-4.150405053087049,1.3383237411864728,0
182.624,-4.164242432273245,1.349980029670482,-4.168707484986398,1.347277002659255,-4.1643856384485085,1.341905321045993,0
182.656,-4.174984349231704,1.3499804892205272,-4.123816258626266,1.365192019685813,-4.154604431824188,1.3512202813867884,0
182.68800000000002,-4.1853823681775015,1.3499809566534582,-4.233046037986288,1.2855274696261811,-4.192221374787633,1.3249434424882067,0
182.72,-4.1954475477426305,1.3499814307389,-4.220115147611289,1.3443516227798384,-4.2094195424515455,1.3327070044368527,0
182.752,-4.205190580604434,1.3499819099756247,-4.203896653805513,1.3996434260447737,-4.213057794079518,1.3594818659058308,0
182.784,-4.214621807778203,1.34998239268252,-4.182257260572612,1.3560530133857602,-4.206397921531774,1.3581106196017065,0
182.816,-4.223751231903881,1.349982877078026,-4.188641317433845,1.3791384879922088,-4.204774541185471,1.366522062388084,0
182.848,-4.232588529675529,1.349983361348359,-4.23891163853747,1.3763837105447958,-4.2237333564755275,1.3704670166589228,0
182.88,-4.241143063532701,1.3499838437048974,-4.230671363189371,1.3089005996758296,-4.231642859392734,1.3458407433395556,0
182.912,-4.249423892709604,1.34998432243119,-4.238848455105056,1.3466744152897714,-4.239495150858934,1.3461745030088337,0
182.94400000000002,-4.257439783719504,1.3499847959201579,-4.2794542393153305,1.3698698540615146,-4.260289847502265,1.3556529307655687,0
182.976,-4.265199220337277,1.3499852627021833,-4.230662528852142,1.347063502387688,-4.253096076195337,1.3522174423233357,0
183.008,-4.272710413131485,1.3499857214648703,-4.280308747041012,1.3437621123852788,-4.268489319503448,1.3488355880618363,0
183.04,-4.279981308588203,1.3499861710653527,-4.308525805485411,1.3328530830371244,-4.288867873964248,1.3424428579115735,0
183.072,-4.287019597861592,1.3499866105360696,-4.256382573718211,1.319547316773342,-4.2800981127409425,1.3332849069135253,0
183.104,-4.2938327251804065,1.349987039084959,-4.309870837481362,1.315451536855376,-4.296096426358071,1.3261518175054876,0
183.136,-4.300427895935063,1.3499874560910086,-4.282075285508452,1.3546005883355714,-4.294446381694596,1.3375315772752203,0
183.168,-4.3068120844662,1.3499878610960732,-4.336099616070167,1.355196908000002,-4.314939459842669,1.3445979535875372,0
183.20000000000002,-4.312992041572722,1.3499882537938224,-4.297799441196472,1.2980369387490485,-4.311792660362223,1.3259737841113677,0
183.232,-4.31897430175495,1.3499886340166047,-4.378745446435909,1.3114549807484754,-4.342164327593291,1.320166491595462,0
183.264,-4.3247651902066,1.3499890017209417,-4.340037627284018,1.385973105668799,-4.344789340875697,1.3464893584289988,0
183.296,-4.3303708295677374,1.3499893569722765,-4.386992908280776,1.358995806005175,-4.365035276185604,1.3514921511056852,0
183.328,-4.335797146449622,1.3499896999295133,-4.391305239935778,1.3307359083933585,-4.378800141757854,1.3431898602286745,0
183.36,-4.341049877741286,1.3499900308297916,-4.265805091563082,1.3023893598787417,-4.336754816468039,1.3268698590214347,0
183.392,-4.346134576706855,1.3499903499738581,-4.375583387148406,1.3784367265167141,-4.3553380870875245,1.3474967978749053,0
183.424,-4.3510566188818895,1.3499906577123144,-4.380135436467227,1.350481604053159,-4.368211242966652,1.3486909053486178,0
183.45600000000002,-4.355967234958535,1.3499909370149692,-4.34619271693277,1.3252384465211606,-4.362358048680205,1.3393101090447512,0
183.488,-4.356312182375335,1.3589484751806429,-4.391601477892016,1.3857272207403057,-4.3740550553177755,1.3578769537335273,0
183.52,-4.356310751967303,1.3685613045132918,-4.297825712651323,1.360118908080312,-4.343563484782994,1.3587737354658245,0
183.552,-4.356250530377204,1.3782623556674194,-4.317090356039886,1.3764060108371625,-4.3329744552295075,1.365826645607118,0
183.584,-4.356188275355567,1.3879587781414033,-4.369866865968794,1.3901522160130924,-4.347731607465123,1.375556873764948,0
183.616,-4.35613543484211,1.3976376460657491,-4.326652960687314,1.4031954179488633,-4.33930028850407,1.3866122914362795,0
183.648,-4.356092777824622,1.407300124979818,-4.302926668182454,1.4027758523275504,-4.32475093247481,1.3930777157920198,0
183.68,-4.356058832430262,1.416949277557529,-4.411454990216595,1.3821819577809533,-4.3594326036176145,1.3887194125875273,0
183.71200000000002,-4.3560319162435,1.4265879126272252,-4.342193200745138,1.4221439737850794,-4.352536850375966,1.4020892370665878,0
183.744,-4.356010571723356,1.4362183060550964,-4.390516077175466,1.4495706723046025,-4.36772851231179,1.4210818111614802,0
183.776,-4.355993616371407,1.4458422510947933,-4.345838663145472,1.4557235913651143,-4.358972509951236,1.4349385232419056,0
183.808,-4.355980108939392,1.455461150181514,-4.35283390393646,1.411994407203567,-4.35651697308385,1.4257608768245267,0
183.84,-4.355969304578622,1.465076097466346,-4.329419295898034,1.4347188881615238,-4.345677777604111,1.429344081356005,0
183.872,-4.355960615020521,1.47468794582351,-4.385964394977942,1.4877209065616361,-4.361792271056309,1.4526948114334242,0
183.904,-4.3559535761126655,1.4842973599154958,-4.391191581331825,1.4992519711109145,-4.373551813800566,1.471317675297861,0
183.936,-4.355947821965745,1.4939048578754883,-4.334619200303147,1.5061667442151314,-4.35797856008376,1.4852573028562932,0
183.96800000000002,-4.355943064492669,1.5035108439155571,-4.3934972875213205,1.4771298229605274,-4.3721858166945395,1.4820063108874304,0
184.0,-4.355939077230292,1.5131156337613885,-4.3301941702762985,1.5349398923243625,-4.355388898678814,1.5031797434494347,0
184.032,-4.355935682538409,1.5227194744427037,-4.413068136900734,1.5724925196486654,-4.378460310497015,1.5309048539140524,0
184.064,-4.355932741459123,1.5323225596590357,-4.383803957992309,1.470921485605606,-4.380597463186374,1.50691150657324,0
184.096,-4.355930145673608,1.5419250416887227,-4.3586239232306925,1.520718903816911,-4.371807719368375,1.5124344654509057,0
184.12800000000001,-4.3559278111148565,1.5515270406058739,-4.3506431600166335,1.5848488598579848,-4.363341547696372,1.5414002231915995,0
184.16,-4.355925672890129,1.5611286514071059,-4.338642086555727,1.57798717073209,-4.3534613967489655,1.5560350021833993,0
184.192,-4.355923681241056,1.5707299495197238,-4.351449314530615,1.5868747268693593,-4.352656180429394,1.568370892031243,0
184.22400000000002,-4.355921798327295,1.5803309950595728,-4.398171251145453,1.6256016597472875,-4.370861810020059,1.5912631990891257,0
184.256,-4.355919995664956,1.5899318361249297,-4.359266020308947,1.5859345830178346,-4.366223081887549,1.5891317526302577,0
184.288,-4.355918252086437,1.5995325113483245,-4.403634011528726,1.6021872603344525,-4.381187029664014,1.594353955679967,0
184.32,-4.35591655211612,1.6091330518776286,-4.387670425565613,1.5419070681870526,-4.383779953819323,1.5733752006494324,0
184.352,-4.35591488467818,1.6187334829182969,-4.333502774066097,1.5674577971439652,-4.363668639259652,1.5710082392127018,0
184.38400000000001,-4.355913242069962,1.6283338249380013,-4.317909716821739,1.604480302437997,-4.345364620793072,1.584397064467331,0
184.416,-4.3559116191479035,1.6379340946111938,-4.317492732705025,1.6283975331078904,-4.334215410786062,1.6019972518873484,0
184.448,-4.355910012683689,1.647534305562889,-4.406593809908697,1.7132884327070388,-4.3631663118559425,1.6465137241785222,0
184.48,-4.355908420856828,1.6571344689569594,-4.361372157117425,1.6622080543795126,-4.36244818895766,1.6527914562219308,0
184.512,-4.355906842856531,1.6667345939635416,-4.334451335442642,1.6482155604889819,-4.35124898541224,1.6509610978916764,0
184.544,-4.355905278571178,1.6763346881320194,-4.342331057658839,1.6837857735905926,-4.34768135222056,1.6640909681342628,0
184.576,-4.355903728347886,1.685934757689855,-4.36540952820946,1.6704683691949291,-4.3547721616558865,1.6666419285218081,0
184.608,-4.355902192808157,1.695534807782867,-4.409065949881118,1.7812493705868582,-4.376489218090721,1.7124849053115114,0
184.64000000000001,-4.355900672708283,1.7051348426689974,-4.313786762237289,1.699041488727813,-4.351407779867759,1.7071075386422465,0
184.672,-4.355899168835393,1.7147348658749322,-4.357190461573451,1.7206181252162007,-4.353720400405664,1.7125117732366815,0
184.704,-4.355897681931812,1.724334880322902,-4.361563189168166,1.7202221707057817,-4.35685706816388,1.715595932189902,0
184.736,-4.355896212641802,1.733934888433443,-4.370754624857831,1.7478224969280851,-4.3624156480521545,1.7284865580515534,0
184.768,-4.3558947614759145,1.7435348922087146,-4.409933376322979,1.7855189645026774,-4.381422301991359,1.7512995205992323,0
184.8,-4.355893328789105,1.7531348933000668,-4.322193644130415,1.7225561252183064,-4.357730407267276,1.7398021624149798,0
184.832,-4.355891914769532,1.762734893062838,-4.375136360398224,1.768499276138681,-4.364692363009226,1.751281007873489,0
184.864,-4.3558905194355235,1.7723348926008184,-4.38701956895426,1.707997833034495,-4.373622826140898,1.7339677379078404,0
184.89600000000002,-4.355889142638743,1.7819348928023748,-4.393820493093754,1.8530971666259293,-4.381701480054094,1.7816195093659422,0
184.928,-4.355887784071937,1.7915348943698772,-4.36093669936717,1.846795527136364,-4.373395161328279,1.8076899164458804,0
184.96,-4.3558864432799975,1.8011348978437896,-4.397094786038349,1.821797502135838,-4.382874611145688,1.813332950694513,0
184.992,-4.355885119673314,1.8107349036225466,-4.339824755229482,1.8024147257765253,-4.365654274998487,1.8089656607008162,0
185.024,-4.355883812542621,1.8203349119791432,-4.359150109878706,1.841516650122088,-4.363052221296202,1.8219860564436332,0
185.056,-4.3558825210747,1.8299349230752022,-4.314140441696706,1.8494532717477528,-4.3434871277128915,1.8329729425403551,0
185.088,-4.355881244368436,1.8395349369731413,-4.335883731724292,1.827773607867103,-4.340445393218562,1.830893208646845,0
185.12,-4.35587998145085,1.8491349536469452,-4.323876279947414,1.85413743556739,-4.333817377144097,1.8401908993915177,0
185.15200000000002,-4.35587873129281,1.8587349729919462,-4.353162179847651,1.88776545684045,-4.341554932440476,1.8592207223481534,0
185.184,-4.355877492824187,1.8683349948339243,-4.3319875278373745,1.8700204658518516,-4.337727609408427,1.8635406197272455,0
185.216,-4.355876264948297,1.8779350189377704,-4.326118654559782,1.8967126527676395,-4.333083670456284,1.8768094329215064,0
185.248,-4.355875046555501,1.8875350450158859,-4.39499045849155,1.88503517266283,-4.357846032395798,1.8800997287965697,0
185.28,-4.355873836535878,1.8971350727364364,-4.333881481219263,1.9225056560625458,-4.348259861930217,1.8970620996818641,0
185.312,-4.355872633790918,1.9067351017315362,-4.35571094695614,1.8949382438182443,-4.351239948753802,1.8962125573156297,0
185.344,-4.355871437244185,1.9163351316053936,-4.416556020878777,1.9358152829536748,-4.377366032746229,1.9120536475503114,0
185.376,-4.355870245850949,1.9259351619424236,-4.391851083172343,1.9694377739176776,-4.383159709907217,1.9350072980769133,0
185.40800000000002,-4.355869058606765,1.9355351923152961,-4.3134669922571,1.8848323553084352,-4.355282281207833,1.9149373209493121,0
185.44,-4.355867874555026,1.94513522229288,-4.383320860063891,1.9218382926683675,-4.366497372011326,1.9176977096168037,0
185.472,-4.3558666927934775,1.954735251448016,-4.350514713996521,1.9345572871989882,-4.360103968510403,1.9244415406295734,0
185.504,-4.355865512479741,1.9643352793650488,-4.370474033929056,1.949841585833047,-4.364251654388292,1.934601558690835,0
185.536,-4.355864333474903,1.9739353056507485,-4.358698216641811,1.9412724748349652,-4.362029939000127,1.9372699251283105,0
185.568,-4.344351118821571,1.980886480537343,-4.3363226064831055,1.9483495890230251,-4.3402270586218,1.9417058130071674,0
185.6,-4.325707518338639,1.9813854834685356,-4.345196335035908,2.0043802127186403,-4.330694790022531,1.9667822315808536,0
185.632,-4.306389553745976,1.9813582045785632,-4.309228025974802,2.021080751304905,-4.3105881022271575,1.98851161674354,0
185.66400000000002,-4.286976427319546,1.9812782654427559,-4.24204371988502,2.003733536376979,-4.271650365820546,1.9946135468082775,0
185.696,-4.267578930549634,1.9812129865548298,-4.264212937302397,2.001404137651198,-4.257155411063877,1.9973457226475335,0
185.728,-4.248215950652791,1.9811690887719917,-4.238210376539343,2.041169004335565,-4.238057414973463,2.014893249997852,0
185.76,-4.228885679575707,1.9811434766958225,-4.264434711519651,1.9336513620241338,-4.237088352820381,1.98241648712502,0
185.792,-4.20958255410031,1.9811322181437716,-4.236850246404125,1.9617540958485735,-4.225473131049444,1.9741728656012563,0
185.824,-4.190301161291281,1.9811320326250292,-4.197168809452496,2.008451963248721,-4.2026314246267,1.987906837264042,0
185.856,-4.1710369801345655,1.981140413465666,-4.205838792116177,2.0047089720335265,-4.192394395054347,1.9946507712994226,0
185.888,-4.151786385230784,1.9811555084487693,-4.155280347769643,2.0121678590968184,-4.166028800612725,2.0016812693850774,0
185.92000000000002,-4.132546504778564,1.981175971270029,-4.179874444382915,2.017354609631343,-4.160047083520774,2.0079747544678006,0
185.952,-4.1133150724203515,1.9812008267173697,-4.0610647269186,1.9639327589668063,-4.108934167155886,1.9903825419225305,0
185.984,-4.094090301482413,1.9812293590115597,-4.145643807628998,1.9431348714023464,-4.11209805048729,1.9715084745906184,0
186.016,-4.074870783701594,1.981261024657858,-4.098841282951789,2.0077513544769987,-4.095275371489322,1.9860310325975856,0
186.048,-4.055655408953111,1.9812953882852244,-4.060737456890973,1.9282009004575211,-4.0699402345436475,1.9629247800486256,0
186.08,-4.036443301937642,1.9813320785499204,-4.02354472895779,1.9821904580560723,-4.039862062062168,1.9706572261789155,0
186.112,-4.017233772321597,1.9813707604972826,-4.051369774547763,1.9820362229759676,-4.032945177618052,1.9752353423283258,0
186.144,-3.998026275492527,1.981411120586415,-3.9980584203332987,1.9491782175018173,-4.007470505988115,1.9648393072796801,0
186.17600000000002,-3.978820381677356,1.9814528607563686,-3.930803485443047,1.9953147956139536,-3.9652837296561465,1.9770565589121987,0
186.208,-3.9596157516446975,1.9814956983347276,-3.939088154805099,1.9855025344121695,-3.943285532057163,1.9804621832475648,0
186.24,-3.9404121175872713,1.9815393691562104,-3.8920692778497266,1.9849056107113272,-3.9112790630083576,1.9822668991790215,0
186.272,-3.9212092680762423,1.981583631880328,-3.9154845459852106,2.0093117307404977,-3.901441288959382,1.9931122211909256,0
186.304,-3.902007036213483,1.981628272102807,-3.8615049192637225,2.0205850716854714,-3.8739467738084357,2.004128733134403,0
186.336,-3.882805290293791,1.9816731053956385,-3.8492259127126984,1.9818776755200975,-3.852538461922582,1.9952556092585376,0
186.368,-3.8636039264369337,1.9817179788556136,-3.7956126526853113,1.9643874302725581,-3.818248170487348,1.982935518435175,0
186.4,-3.8444028627665867,1.9817627710789278,-3.8238371035901726,1.9639714701923252,-3.8089637756052737,1.9753769258542673,0
186.43200000000002,-3.8252020348056552,1.9818073907115343,-3.824492996186529,1.9763251093750693,-3.8036554952702146,1.9757830466704065,0
186.464,-3.80600139182991,1.9818517738626291,-3.8580011350324916,1.9926062713121788,-3.813873782128833,1.9825389893326384,0
186.496,-3.7868008939783038,1.9818958807289884,-3.80495306814624,1.9262267403897255,-3.798785527000285,1.9600405416734725,0
186.528,-3.7676005099620995,1.9819396917800869,-3.749377458980393,1.9990775930719102,-3.767502329776806,1.9756816146997491,0
186.56,-3.7484002152488483,1.9819832038169767,-3.6947187907423675,1.994093532804565,-3.7268689436918505,1.983072442651098,0
186.592,-3.729199990623503,1.9820264261585838,-3.750696196833229,1.9411840943247933,-3.724879874056634,1.9663429847154097,0
186.624,-3.709999821049379,1.9820693771410318,-3.6855198831688862,2.059443798321352,-3.6976159064309755,2.003609027983339,0
186.656,-3.6907996947676134,1.9821120810488602,-3.6978843330166,2.0015512964021793,-3.6862033054610253,2.0028115073434334,0
186.68800000000002,-3.671599602586313,1.982154565538148,-3.6484396012921305,1.9775920903217736,-3.6595778519014286,1.9927491852921053,0
186.72,-3.652399537320477,1.982196859564136,-3.6416647104119773,1.957894227739528,-3.640892623170185,1.9788325383277536,0
186.752,-3.6331994933516434,1.9822389917910712,-3.623705840909451,1.9798131733950832,-3.622497937928583,1.9792500374663216,0
186.784,-3.613999466282465,1.9822809894390818,-3.6113134415850063,1.9869371070597632,-3.606504166889806,1.9823500359305628,0
186.816,-3.5947994526664333,1.9823228775102046,-3.580491894898771,2.0157830321018686,-3.584579285461526,1.9957483453703602,0
186.848,-3.575599449796962,1.982364678331025,-3.5638554444351014,2.0107293894498905,-3.564769776317611,2.0017658273367642,0
186.88,-3.5563994555432474,1.982406411350393,-3.559643751032834,1.9533315303564458,-3.551199393393503,1.9824171374020947,0
186.912,-3.537199468222893,1.982448093135252,-3.552873543180543,1.9770034605263713,-3.540349080441739,1.9802766693866185,0
186.94400000000002,-3.5179994865033204,1.982489737513993,-3.5462696291890117,1.91390909871616,-3.531197327034384,1.9537546254121045,0
186.976,-3.4987995093256528,1.9825313558236752,-3.503507873920197,1.9629765396272432,-3.5086015728561613,1.9574683631454404,0
187.008,-3.479599535846043,1.982572957224094,-3.4996056915392515,1.9769131375736484,-3.4934832473811843,1.9652712376448185,0
187.04,-3.4603995653904813,1.9826145490476228,-3.4652571837947974,1.9835748159723716,-3.4706728489911214,1.9726176302779597,0
187.072,-3.441199597419946,1.9826561371588813,-3.460414701944188,2.002429810630301,-3.455049617216181,1.9845674633862318,0
187.104,-3.4219996315034327,1.9826977263026955,-3.380274585861051,2.026703334010648,-3.413619631722682,2.001446774774804,0
187.136,-3.4027996672969323,1.9827393204227068,-3.4127887359837152,1.9874438269808206,-3.401767300484904,1.9958705630803446,0
187.168,-3.3835997045268575,1.9827809229366185,-3.3535828673719412,1.9597226554292277,-3.3709735543108197,1.981436373604857,0
187.20000000000002,-3.364399742976771,1.982822536957617,-3.3856804338212987,1.9883404217081528,-3.365336333203197,1.984222974354304,0
187.232,-3.3451997824765396,1.9828641654551344,-3.28555805753716,1.9854916193130323,-3.3219050500457707,1.9847554234920346,0
187.264,-3.3259998228932774,1.9829058113518419,-3.3432305971832115,2.034499880251933,-3.31891529603426,2.004678208717171,0
187.296,-3.30679986412361,1.9829474775575646,-3.315447515150296,1.94696697885032,-3.306008210842432,1.9816187323745877,0
187.328,-3.287599906086951,1.9829891669445447,-3.2933761446106575,1.9935045572674774,-3.2894354115433657,1.9863980926933114,0
187.36,-3.268399948719595,1.9830308822719664,-3.268779313136197,1.9706231857786094,-3.26965299940945,1.980113176614933,0
187.392,-3.24919999196951,1.9830726260707037,-3.217065477251144,1.9692586555199127,-3.237098017813414,1.975796432569557,0
187.424,-3.2300000357918,1.9831144005016432,-3.2629046676870486,2.014279632168941,-3.2359007050709128,1.991214795603608,0
187.45600000000002,-3.21080008014483,1.9831562072024855,-3.286808081782037,1.983551731669254,-3.2447436831057845,1.9881746727461633,0
187.488,-3.191600124987054,1.9831980471385147,-3.1528186978209165,1.9579305884743698,-3.196453716385262,1.9761021615356076,0
187.52,-3.172400170274579,1.9832399204723872,-3.206664749566841,1.9782834226750077,-3.1890181570938037,1.9769998080044173,0
187.552,-3.1532002159595094,1.983281826466527,-3.191483704093883,2.0103756048103354,-3.178484403370474,1.9903752874196876,0
187.584,-3.134000261989081,1.983323763429305,-3.1309789728410724,1.9554216817391004,-3.1479622586730533,1.9764190231064234,0
187.616,-3.114800308305582,1.983365728712999,-3.1106051798259817,1.9673753256460653,-3.121499454682013,1.9728267373777304,0
187.648,-3.095600354847012,1.9834077187677583,-3.069086565335828,1.9727682597168537,-3.0890143265194165,1.9728285523972031,0
187.68,-3.076400401548398,1.9834497292517232,-3.1219700708735307,1.9607346749471937,-3.0906766518587574,1.9680162174525204,0
187.71200000000002,-3.0572004483436506,1.9834917551933184,-3.0925779808890326,2.053482654651188,-3.079917211083454,2.0022280151511915,0
187.744,-3.0380004951678004,1.983533791197871,-3.0435196257793797,2.0239629469581217,-3.0538382045820316,2.0109472141586306,0
187.776,-3.018800541959449,1.9835758316873286,-3.0238461493316935,1.937051001190423,-3.0303214101024514,1.9814139554060948,0
187.808,-2.999600588663244,1.9836178711592418,-2.998537746195628,1.9404543275120385,-3.0060879721537015,1.9650553276794591,0
187.84,-2.980400635232185,1.983659904449467,-2.969545757776424,1.9518667853271043,-2.9799511140039634,1.9598051283269498,0
187.872,-2.961200681629597,1.9837019269824119,-3.0178117871121355,1.9703685415360455,-2.9835754108303707,1.9640557029715482,0
187.904,-2.9420007278306124,1.983743934993073,-2.953624951039338,1.9982060216935624,-2.960075254475088,1.9777410297781144,0
187.936,-2.922800773823055,1.9837859257066304,-2.9223580023704896,1.9787432533332525,-2.933468381169838,1.9781671073124938,0
187.96800000000002,-2.9036008196076515,1.9838278974638435,-2.9392049738626933,1.9772788048899832,-2.924243045758038,1.9778369627892807,0
188.0,-2.8844008651975455,1.9838698497837768,-2.9216813044887866,1.991476411975667,-2.911698376736427,1.9833179074907874,0
188.032,-2.865200910617134,1.9839117833592648,-2.7713418667235663,1.971467422100414,-2.8440358001944426,1.9786028678660086,0
188.064,-2.8460009559002897,1.9839536999847407,-2.8851505890015896,1.9468475841879112,-2.848961743160884,1.9659258999570066,0
188.096,-2.8268010010880715,1.9839956024203373,-2.835828144167255,1.952409825709601,-2.832188330991864,1.9605446088734746,0
188.12800000000001,-2.8076010462260546,1.984037494200228,-2.8701279063189866,2.0360086028957087,-2.8358441885411985,1.9907553405333904,0
188.16,-2.788401091361435,1.9840793793967528,-2.8266046140003307,1.9679845160526603,-2.820628386139033,1.981672142814167,0
188.192,-2.7692011365400813,1.9841212623547355,-2.7656268683423404,1.939115532953509,-2.787107806435952,1.9646746315889059,0
188.22400000000002,-2.750001181803699,1.9841631474123387,-2.728748746251143,1.9580648476101088,-2.7522442097844744,1.9620558538566835,0
188.256,-2.730801227187285,1.984205038625718,-2.7278838042181617,1.9520690225486175,-2.730980074992058,1.9580862625409654,0
188.288,-2.7116012727170165,1.9842469395145443,-2.6913770344293337,1.9784957387568665,-2.703618886216634,1.9662752013673614,0
188.32,-2.692401318408709,1.9842888528441736,-2.667295765513563,2.022537488623282,-2.6775696654033654,1.9888052729941175,0
188.352,-2.6732013642669368,1.9843307804579469,-2.7035861440065223,1.9901505535381037,-2.6764562843323016,1.9893685509658625,0
188.38400000000001,-2.654001410284872,1.9843727231699353,-2.644235862625724,1.9783302905610052,-2.6520481431570806,1.9849784215923862,0
188.416,-2.6348014564448565,1.9844146807246072,-2.62870032937072,2.0383422507279936,-2.631189045168322,2.006349136440136,0
188.448,-2.6156015027196724,1.9844566518256508,-2.5882953349499425,1.9775910347813852,-2.602511588622486,1.9948710861599264,0
188.48,-2.5964015490744257,1.9844986342317714,-2.5861931320627325,2.03809453966227,-2.5844642335520858,2.0121856634181277,0
188.512,-2.5772015954689262,1.9845406249130302,-2.5521501442426495,2.012380384592528,-2.5600186253892083,2.0122887511201313,0
188.544,-2.5580016418604044,1.9845826202574348,-2.572260212928928,2.0002014379713295,-2.553395287968266,2.0074790261273225,0
188.576,-2.538801688206381,1.9846246163143002,-2.5475205410003556,1.9795689489283612,-2.539525416741233,1.9963401941235877,0
188.608,-2.5196017344675083,1.9846666090585674,-2.5360637656999705,2.0023731556858615,-2.526620783876676,1.9987785738849853,0
188.64000000000001,-2.5004017806101824,1.9847085946589702,-2.488392128829722,1.9844853862626368,-2.499809349397028,1.9930864881176,0
188.672,-2.4812018266087663,1.9847505697327121,-2.493340270365205,1.9620050465890848,-2.4857017453068093,1.9806790931906522,0
188.704,-2.4620018724472734,1.9847925315702257,-2.451549656591833,1.9468444571822403,-2.460520937323973,1.9671704116217112,0
188.736,-2.4428019181204084,1.9848344783155425,-2.480511794806074,1.9377272669650591,-2.4569973077991367,1.9554183170634467,0
188.768,-2.423601963633904,1.9848764090906819,-2.40009940825884,2.004804437905418,-2.422718175444392,1.9751979191137576,0
188.8,-2.404402009004138,1.9849183240560895,-2.469140988894514,2.0099428559185286,-2.429767328266113,1.989121038522423,0
188.832,-2.3852020542570638,1.9849602244032984,-2.3661812013091525,1.9980655566949732,-2.3928129049078315,1.992723982605537,0
188.864,-2.366002099426525,1.9850021122803534,-2.341112167031684,1.9606449503429697,-2.3606126371683596,1.979917500312634,0
188.89600000000002,-2.3468021445520693,1.9850439906548811,-2.3395479567632695,1.9565099541295279,-2.3406667924083364,1.9705796083297389,0
188.928,-2.3276021896763974,1.985085863123712,-2.3289158573963347,2.0323277515280807,-2.3244464458017102,1.9953039903335326,0
188.96,-2.3084022348426156,1.9851277336814004,-2.2572422824303064,1.9241732656916926,-2.286044807852886,1.9668768259150926,0
188.992,-2.2892022800914544,1.9851696064626436,-2.270590797579414,2.005981544824676,-2.2683432311501193,1.982543842074559,0
189.024,-2.270002325458636,1.9852114854752803,-2.286622140399447,1.987652936329802,-2.264134822268258,1.9846126137789564,0
189.056,-2.250802370972553,1.9852533743411525,-2.299100648997259,1.9607590508541266,-2.2666011803942148,1.9750963299275974,0
189.088,-2.2316024166524078,1.9852952760616114,-2.3050129124199694,1.9534124323620512,-2.270445900657983,1.9664479209823384,0
189.12,-2.212402462506935,1.9853371928228494,-2.190511094529319,2.0232988513933914,-2.2269520056810435,1.9892134528787324,0
189.15200000000002,-2.1932025085337905,1.9853791258536702,-2.221976605211981,1.947310613692379,-2.213441872989615,1.972477486860255,0
189.184,-2.174002554719656,1.9854210753449282,-2.1796886395803203,1.955027079613392,-2.1884206071429917,1.965522503180777,0
189.216,-2.154802601041059,1.985463040435872,-2.1614086963298855,2.011524446757542,-2.166095870353632,1.9839484684215702,0
189.248,-2.1356026474658525,1.985505019268317,-2.1452347559958023,1.970289108283597,-2.1462314521618557,1.9785099192453286,0
189.28,-2.1164026939552754,1.9855470091051826,-2.092064018086818,1.9768702012896249,-2.113044506094356,1.9778792320367367,0
189.312,-2.0972027404664457,1.9855890065057735,-2.0292318643894403,1.9911775312913884,-2.0679994769810346,1.9832237545073519,0
189.344,-2.078002786955131,1.9856310075465173,-2.0655827821394284,2.002250466764395,-2.055512826613741,1.9908596424964282,0
189.376,-2.0588028333786106,1.985673008072937,-1.9877350468053714,1.9583044744901694,-2.0168817422549767,1.9778627762014518,0
189.40800000000002,-2.039602879698438,1.9857150039666154,-2.008482289152177,1.9906293910995865,-2.002001988568518,1.98299461853506,0
189.44,-2.0204029258829204,1.9857569914099384,-2.033900682868345,1.938926758328557,-2.0032414938286753,1.9653926642323944,0
189.472,-2.001202971909154,1.9857989671315537,-2.026367997401146,2.0110422707164384,-2.000972122779881,1.983677688376035,0
189.504,-1.9820030177644832,1.985840928616711,-1.9927440230647941,1.9385725901773185,-1.9861609103956475,1.965660821312078,0
189.536,-1.962803063447289,1.985882874268927,-1.9960615581461563,2.0201378038989795,-1.9786011969761508,1.9874767767251886,0
189.568,-1.9436031089670696,1.985924803512544,-1.9069033640156559,1.9486128133049345,-1.9384020912510542,1.9719563440297017,0
189.6,-1.9244031543438025,1.985966716829567,-1.9277197311562009,1.988762880375809,-1.9226091746526843,1.9787041022919865,0
189.632,-1.9052031996066439,1.9860086157283936,-1.887808466890482,1.9774770319495387,-1.8971689189707686,1.9782384102636614,0
189.66400000000002,-1.8860032447920452,1.986050502646444,-1.862363854715965,2.010211467171343,-1.871726920679194,1.9910527633443778,0
189.696,-1.8668032899414135,1.9860923807929542,-1.8762876311908878,1.9395437906329354,-1.862031232286395,1.9704743009835761,0
189.728,-1.8476033350984615,1.9861342539420541,-1.864533094011478,1.9822996228690857,-1.851512004376421,1.9752295552961388,0
189.76,-1.8284033803064117,1.9861761261894546,-1.8428361286157515,2.037983005415613,-1.8365216814750682,2.000356062240086,0
189.792,-1.8092034256052332,1.9862180016884219,-1.8232359173743877,2.023159983419966,-1.8196874032458967,2.009502761362622,0
189.824,-1.7900034710290795,1.986259884382049,-1.7884685036992967,1.9738800896320616,-1.7956798708512811,1.9952788292496806,0
189.856,-1.770803516604092,1.9863017777490803,-1.7354742635120342,1.9955194153881148,-1.7600776553564397,1.995400208004808,0
189.888,-1.7516035623467063,1.9863436845796743,-1.7732736040117758,1.9926500548788955,-1.753836062279094,1.9943253000684606,0
189.92000000000002,-1.7324036082625764,1.9863856067955634,-1.7218270895185934,1.9924528877933247,-1.729512500656643,1.993601498199117,0
189.952,-1.7132036543461884,1.9864275453262095,-1.7234482842502508,2.039319623445387,-1.715566841597266,2.0119139211501986,0
189.984,-1.6940037005811939,1.9864695000489425,-1.677281365287169,2.0097415230041893,-1.6887326785966574,2.0110701440086873,0
190.016,-1.6748037469414496,1.9865114697969477,-1.6261945288451496,2.0346337876790743,-1.6521974462372462,2.0205207917131385,0
190.048,-1.6556037933926973,1.986553452434584,-1.6289708397213825,1.9748686241145141,-1.6313868311862159,2.0022851213609654,0
190.08,-1.6364038398947787,1.9865954449951813,-1.6123825015297781,1.9767126020018366,-1.6122651268885237,1.9920813146712748,0
190.112,-1.6172038864042422,1.9866374438724257,-1.6369355127553833,1.9427127389734,-1.6106133088045413,1.9723590874470454,0
190.144,-1.5980039328771654,1.9866794450529894,-1.584842492202012,2.052079555021399,-1.5887850097317302,2.0042724770381124,0
190.17600000000002,-1.5788039792720103,1.986721444375404,-1.5964554864811362,1.956388500851216,-1.5803332279932256,1.985144086168615,0
190.208,-1.5596040255523191,1.9867634377984793,-1.5624291724361836,1.9700477018538662,-1.5616516333206985,1.9791307268203686,0
190.24,-1.5404040716890717,1.9868054216619606,-1.516615062616801,1.9254312178891995,-1.5321170325737539,1.9576761104638505,0
190.272,-1.521204117662552,1.986847392922618,-1.4819408657014026,1.9356131281389553,-1.5005265933405383,1.9488760961162597,0
190.304,-1.5020041634636054,1.986889349350547,-1.4853037865999161,1.9651506266479437,-1.482917498139135,1.9554110773630105,0
190.336,-1.4828042090942075,1.9869312896730258,-1.4472616627040482,2.0275524736215393,-1.4571351914384287,1.9842927950536895,0
190.368,-1.4636042545673131,1.9869732136566556,-1.4798414872102277,1.9789718863822798,-1.4546977371997114,1.9821895812625479,0
190.4,-1.4444042999060032,1.987015122122492,-1.4421207901594657,1.9832142616596218,-1.4381469858175016,1.9826245945397094,0
190.43200000000002,-1.425204345141988,1.9870570168931867,-1.4083074849045898,1.9635448237239637,-1.4146912128708427,1.9750178202759316,0
190.464,-1.4060043903135648,1.9870989006755453,-1.389279364823337,2.033768595116295,-1.3930065010592436,1.9985432591776922,0
190.496,-1.3868044354631626,1.98714077688607,-1.4003302705550502,2.001331944572012,-1.384416036258858,1.9996838594923871,0
190.528,-1.367604480634627,1.9871826494307276,-1.3495176400163529,1.978309792755519,-1.3589367051624186,1.9911593586160534,0
190.56,-1.3484045258704171,1.9872245224531353,-1.356183143875157,1.9943155688030232,-1.3463153080527768,1.9924469706633712,0
190.592,-1.3292045712088874,1.987266400067397,-1.285394027109433,2.008295800600419,-1.3104268230905307,1.9988116351193708,0
190.624,-1.310004616681825,1.9873082860928162,-1.3413690545938934,1.9386244288200272,-1.3112837431212965,1.9747618916540286,0
190.656,-1.2908046623124014,1.9873501838075875,-1.3224336286142033,1.9637968017442524,-1.3042237247657926,1.9704010029591814,0
190.68800000000002,-1.2716047081136646,1.9873920957373579,-1.2827470590000924,1.9698507229975901,-1.2841130859271948,1.9702060475707315,0
190.72,-1.252404754087678,1.9874340234922943,-1.3093963571460094,2.021504330189152,-1.2827064219038822,1.990750527053099,0
190.752,-1.233204800225364,1.9874759676631757,-1.2047928810663129,1.9608317748664006,-1.2400210330792438,1.9788082023300921,0
190.784,-1.2140048465070665,1.9875179277832142,-1.2288837589835029,1.9714820903775288,-1.2240461509709457,1.975902942669274,0
190.816,-1.1948048929038058,1.9875599023580766,-1.2241915696439827,1.8972090736621694,-1.212584345986882,1.944450587829223,0
190.848,-1.175604939379143,1.9876018889621747,-1.1799427200191506,1.9263231936905179,-1.1880077231592652,1.937224828760806,0
190.88,-1.1564049858915395,1.9876438843950166,-1.1479648218923058,1.9462772217199207,-1.1604705902199155,1.9408709881623374,0
190.912,-1.1372050323970524,1.987685884887538,-1.2393718211916065,2.019242793794648,-1.1805111101786707,1.972244913836792,0
190.94400000000002,-1.1180050788521902,1.9877278863451089,-1.166952775243906,2.0246689332351577,-1.1635678037720023,1.9932397237169095,0
190.976,-1.098805125216738,1.9877698846115406,-1.068605922519652,2.0088732222498336,-1.1140630788301564,1.9995183215299543,0
191.008,-1.0796051714563633,1.987811875737073,-1.0778167966586596,1.995985086804237,-1.0880445935077352,1.9981302201388398,0
191.04,-1.0604052175448346,1.9878538562330585,-1.0337540868218649,1.9860578377683344,-1.0548084183627136,1.9933264519901988,0
191.072,-1.0412052634657036,1.9878958232969226,-1.0929041348354314,2.0184964940776107,-1.0585267324614354,2.003419644623123,0
191.104,-1.0220053092133485,1.987937774992899,-0.9481102085732807,2.010125419622303,-1.0028401503945519,2.00612712069805,0
191.136,-1.002805354793314,1.987979710376886,-0.9967389726041744,2.0123713931168985,-0.9888797067453331,2.008649985924457,0
191.168,-0.9836054002219324,1.9880216295573758,-0.9647617330205269,1.975916737825128,-0.9677125447020918,1.9955818336670001,0
191.20000000000002,-0.9644054455252549,1.9880635336885257,-0.9853427056376114,1.97604755897146,-0.9632446365052292,1.9877932626329733,0
191.232,-0.9452054907373669,1.9881054248958159,-0.9348849904438875,2.0423390908232446,-0.940380805495511,2.009636726279031,0
191.264,-0.9260055358981978,1.9881473061390806,-0.9227646766485791,2.0202195084099976,-0.9218143813619915,2.0138949671090556,0
191.296,-0.9068055810509625,1.9881891810217354,-0.9172232780330707,2.0024970452119963,-0.9084579674312697,2.009360924301373,0
191.328,-0.8876056262393991,1.9882310535584955,-0.8955661897954581,2.006563709509824,-0.8917812837788253,2.0082671648065737,0
191.36,-0.8684056715049714,1.9882729279165514,-0.8963647337250399,1.9844506712699697,-0.8820946911655992,1.9987656967519785,0
191.392,-0.8492057168842135,1.9883148081468875,-0.8362099792293235,2.019739062137183,-0.8522208338107495,2.007180177483149,0
191.424,-0.8300057624063826,1.9883566979230654,-0.8135091091329377,1.9705828127245333,-0.8252161713748953,1.9925663733169767,0
191.45600000000002,-0.8108058080915678,1.9883986003043144,-0.7616342063470793,1.9667060090475097,-0.7882634128178877,1.9822473779887972,0
191.488,-0.7916058539493805,1.9884405175382138,-0.7619213714383944,1.9884811929420732,-0.7662066237410876,1.9847660639176004,0
191.52,-0.7724058999783131,1.9884824509156944,-0.820144302735906,1.9673843907000717,-0.7762617228355799,1.97783856445519,0
191.552,-0.7532059461658117,1.9885244006877176,-0.7987857226601821,2.0050076706126245,-0.773751350282855,1.98873138629278,0
191.584,-0.734005992489067,1.9885663660490156,-0.7635726630322084,1.9273157621529577,-0.7581599029188553,1.9641903246191053,0
191.616,-0.714806038916474,1.9886083451899443,-0.68502104211004,1.964092712867116,-0.7173843861471514,1.9641764750112634,0
191.648,-0.6956060854096715,1.988650335413113,-0.7363505165637396,2.024453144205411,-0.7134508658769023,1.9883123429375624,0
191.68,-0.6764061319260272,1.9886923333072701,-0.6785265472447152,2.0739577093172072,-0.6879611659934337,2.0225956926066933,0
191.71200000000002,-0.6572061784214066,1.9887343349672326,-0.6661653263267718,1.9538422567299734,-0.6677228576970531,1.995119521770279,0
191.744,-0.638006224853041,1.9887763362456796,-0.5957436249658578,1.9999862982004626,-0.6274111921702671,1.9970914337567902,0
191.776,-0.6188062711823045,1.9888183330205675,-0.5863923853397021,2.021047998835878,-0.599483696993969,2.006699256741998,0
191.808,-0.5996063173772148,1.9888603214609282,-0.5972050203630453,2.0154747806719326,-0.5870522538832252,2.0102346567337204,0
191.84,-0.5804063634144956,1.9889022982739077,-0.570531824632503,1.97661269321224,-0.5689241097066506,1.9968110535598458,0
191.872,-0.5612064092810655,1.9889442609171195,-0.5797177809931557,1.9952090422490782,-0.5617216057246084,1.996195421962287,0
191.904,-0.5420064549748624,1.9889862077626226,-0.5762057143730324,1.964706857045863,-0.5559952766658468,1.98362515909225,0
191.936,-0.5228065005049537,1.9890281382019495,-0.47236302492544435,1.9587394360950936,-0.5110224034303283,1.9736960232718752,0
191.96800000000002,-0.5036065458909312,1.9890700526854161,-0.549234437082577,1.9734559950538462,-0.5147872443322745,1.9736251563844949,0
192.0,-0.4844065911616363,1.989111952693173,-0.5180024946885353,1.9712817679898507,-0.5045533718991215,1.9727129377667847,0
192.032,-0.465206636353299,1.9891538406398597,-0.4413243624431417,1.9570879223440265,-0.46774179552833356,1.966488062491703,0
192.064,-0.44600668150721284,1.9891957197190038,-0.429576332914945,2.0075777851413767,-0.44095563788662545,1.9829490787907142,0
192.096,-0.4268067266670921,1.9892375936971893,-0.4238825550450194,2.0379606867929128,-0.4226064321509654,2.0049788480035375,0
192.12800000000001,-0.40760677187627703,1.989279466671254,-0.369847833240441,1.9974026477988702,-0.38998301999053536,2.001973495214031,0
192.16,-0.38840681717496217,1.989321342804167,-0.38060868192299013,1.968144311952117,-0.374713312175378,1.9884669529079162,0
192.192,-0.3692068625976194,1.9893632260566096,-0.3765015660574129,1.9755110642002305,-0.363908641152901,1.9833097343175008,0
192.22400000000002,-0.35000690817078006,1.989405119931569,-0.398103797390345,2.0053308380620765,-0.3660667310893816,1.992143320410469,0
192.256,-0.3308069539113163,1.9894470272484108,-0.2915958087005161,2.000457444342735,-0.3247583895950028,1.9954941235935837,0
192.288,-0.3116069998253358,1.989488949961012,-0.29512275123359993,1.996256833711455,-0.301384161732883,1.9958243709980317,0
192.32,-0.29240704590776456,1.989530889031682,-0.29390169127654253,2.01053564566634,-0.2868712010543048,2.0017340540739332,0
192.352,-0.27320709214265126,1.989572844369017,-0.32999027341687615,2.0030193086366492,-0.2925988575236651,2.002273338428454,0
192.38400000000001,-0.2540071385041785,1.9896148148337003,-0.23394328456762686,2.037890717428925,-0.25761665588349764,2.0165454807480394,0
192.416,-0.23480718495832054,1.9896567983118827,-0.2911230205215781,2.032013395022964,-0.2594992292952769,2.0227578437088694,0
192.448,-0.21560723146504174,1.9896987918514155,-0.2501937303633164,1.970827021591927,-0.24425705728879538,2.0020107165652123,0
192.48000000000002,-0.19640727798089297,1.9897407918521557,-0.15587033032440026,2.030419342192766,-0.19738239407391805,2.013399370605753,0
192.512,-0.17720732446183424,1.9897827942980697,-0.2289030677685632,1.900074165947653,-0.19847069112175925,1.9680944921184476,0
192.544,-0.1580073708660958,1.9898247950161698,-0.1694247240494782,2.007415018185546,-0.17533233185651442,1.9838479030347425,0
192.576,-0.13880741715688835,1.9898667899455882,-0.13135622630812102,1.9728100049537585,-0.14622191718950123,1.979457939118983,0
192.608,-0.11960746330478247,1.9899087753994338,-0.11404264092595509,1.97906260739347,-0.12183023422083122,1.9793249946202607,0
192.64000000000001,-0.1004075092896022,1.989950748302553,-0.10908806001459202,2.008691444373137,-0.10521339205622862,1.991096754095339,0
192.672,-0.08120755510171127,1.9899927063898601,-0.09660611042580525,2.0034610232494208,-0.09025050690106001,1.9960676317771335,0
192.704,-0.06200760074261345,1.9900346483524531,-0.004343121387967691,2.0203288738890244,-0.044367580171247235,2.0057972887686892,0
192.736,-0.042807646224833316,1.9900765739220942,-0.12526703886901516,1.9961206781431395,-0.06520739110491193,2.0019517951095698,0
192.768,-0.023607691571090744,1.990118483888603,0.0027485510014823265,1.9417986165557486,-0.026505041698100647,1.9779156656579435,0
192.8,-0.004407736812827585,1.990160380049039,0.024012023061972206,2.0179729981649386,0.005221756785727203,1.9939637335005782,0
192.832,0.01479221801181663,1.9902022650919418,-0.013425189031726174,1.916134044563759,0.009282951049825364,1.9628569875872905,0
192.864,0.03399217286044949,1.9902441424240835,0.0949505753554761,1.9933669618186127,0.05506997336945835,1.9750861040492775,0
192.89600000000002,0.053192127689137114,1.990286015950895,0.10288382234944968,2.018436589576783,0.08571548555972996,1.9924514246115326,0
192.928,0.07239208245521257,1.990327889824713,0.07851889180098645,1.9413606408361843,0.09435682064996122,1.972040239536102,0
192.96,0.09159203712000591,1.9903697681770742,0.12413273818141463,2.0180427884594203,0.11778716024656619,1.9904663919918437,0
192.992,0.11079199165132544,1.9904116548523128,0.14003767080829516,1.9821999437880504,0.13820733704103774,1.9871849521305753,0
193.024,0.1299919460255329,1.99045355315964,0.0848920921427579,1.936193203292799,0.12840121163363447,1.9668134002112747,0
193.056,0.14919190022907858,1.9904954656596954,0.19422559802863582,1.9862978441857257,0.1662509387231892,1.974632334746548,0
193.088,0.16839185425939518,1.9905373939993412,0.1475533194831612,2.027792839162608,0.17029186353720027,1.9959217033214862,0
193.12,0.1875918081250871,1.9905793388053608,0.17178716141661413,1.9238280795180975,0.18240995517766306,1.967109430369745,0
193.15200000000002,0.20679176184539777,1.9906212996439276,0.22100394530403966,2.046600473431803,0.2093675236971668,1.9989310331946064,0
193.184,0.225991715448983,1.990663275048468,0.20924081293523003,2.0157240829182306,0.22083681184445708,2.0056734464021306,0
193.216,0.24519166897206718,1.9907052626141277,0.27328699660693984,2.0045806866489366,0.2533368581885762,2.005261541727422,0
193.248,0.26439162245609943,1.990747259152756,0.19595101535439152,1.9990417690567865,0.24190249348587792,2.0027988356041773,0
193.28,0.28359157594506423,1.9907892608984188,0.23745202131062051,1.9485574551387486,0.2516422770439184,1.9811274876520732,0
193.312,0.3027915294826234,1.9908312637501873,0.33439870916371145,1.9988712091037084,0.29626482232265,1.9882501792437897,0
193.344,0.3219914831092804,1.990873263536549,0.29669177778083694,2.0034874602466908,0.30795557694474,1.9943702910002368,0
193.376,0.34119143685975506,1.9909152562843888,0.344621820647014,1.9613759444470182,0.3341420468772761,1.981197745881882,0
193.40800000000002,0.360391390760741,1.9909572384752015,0.3912199433287293,2.0041621386073323,0.36849317792627306,1.9904086888039267,0
193.44,0.3795913448291921,1.9909992072720093,0.37431547714920266,2.0505627856387547,0.38234207010353805,2.0144955043751156,0
193.472,0.3987912990712466,1.991041160702359,0.41540473107381454,1.970368556234024,0.4070871070010319,1.996869892218366,0
193.504,0.4179912534818534,1.9910830977855951,0.474526369142366,2.0116790789032213,0.4455827843884739,2.002818724139997,0
193.536,0.43719120804511874,1.9911250185962048,0.45956382904246423,1.9136550682131468,0.46269517480134814,1.967178409686504,0
193.568,0.45639116273534647,1.9911669242591432,0.4266995047083938,1.9977965896763386,0.45981687933334636,1.9794508213932174,0
193.6,0.4755911175186991,1.991208816877435,0.4607788619235056,1.9692411916944452,0.47172164495287233,1.975392102672012,0
193.632,0.4947910723553726,1.9912506993967092,0.4683020583247128,1.9811046345094228,0.4818737828948165,1.977702244090229,0
193.66400000000002,0.5139910272021453,1.9912925754153943,0.5433492251341299,1.9537014092015603,0.5179839323883344,1.9681270367099306,0
193.696,0.5331909820151407,1.9913344489527944,0.5849834987233781,2.0188220099396563,0.5563037315192735,1.9884301529728345,0
193.728,0.5523909367526326,1.9913763241899964,0.5512563707290227,1.9768743900118793,0.5658047597938235,1.9838329776347847,0
193.76,0.5715908913777167,1.991418205200303,0.5611387149559127,1.9777221303001193,0.5754583144380381,1.981413773717716,0
193.792,0.5907908458606806,1.9914600956865718,0.583840554706184,2.026718735377094,0.5903311831091238,1.9995609005315373,0
193.824,0.609990800180924,1.9915019987423959,0.624232607450508,1.9604322173365614,0.6154117253906677,1.9839345780407625,0
193.856,0.6291907543283002,1.991543916652535,0.627332255607327,2.0422698779294053,0.6316999100014058,2.0072938583684716,0
193.888,0.6483907083037933,1.9915858507454705,0.6568313554430409,1.9606986805862154,0.6532724606804822,1.988680957543579,0
193.92000000000002,0.6675906621194783,1.9916278013076056,0.7088602600027959,1.9602172997906973,0.6870275528908343,1.9773206743383172,0
193.952,0.6867906157977627,1.9916697675646557,0.6563123334045557,2.0911771362616385,0.6862614375587639,2.0228884476847147,0
193.984,0.705990569369954,1.9917117477314383,0.7133541239492803,2.000467944994999,0.708618484561663,2.013945442381212,0
194.016,0.7251905228742405,1.991753739126861,0.6961948670795732,2.000003312958764,0.7151690100040281,2.0083937916306422,0
194.048,0.7443904763532186,1.9917957383467002,0.7398287304275868,2.0637819070807177,0.736552870602164,2.030574241788041,0
194.08,0.7635904298511274,1.9918377414830335,0.7474409930359895,2.0150536265672225,0.7524280920033432,2.0243912001586324,0
194.112,0.7827903834109742,1.9918797443761775,0.7672107699790485,1.922037143663273,0.7698611356257055,1.9834747799929504,0
194.144,0.8019903370717437,1.9919217428828875,0.8170204814381976,2.0082602991394856,0.800244846392421,1.9934141856806882,0
194.17600000000002,0.821190290865873,1.9919637331435263,0.7999434408555156,2.0295544137901067,0.811644256633597,2.007895468457785,0
194.208,0.8403902448171603,1.992005711830975,0.8141009719121454,1.9700792174182933,0.8241469152188312,1.9927941514064653,0
194.24,0.8595901989392415,1.9920476763652382,0.8615131981296801,1.9915423679204682,0.8506134008773598,1.9923186120619678,0
194.272,0.8787901532347305,1.9920896250799005,0.883268807850395,1.9796784718155878,0.8751955361823142,1.9872877201543062,0
194.304,0.8979901076950725,1.9921315573297087,0.8618912026848045,2.0092412604376375,0.8813937753203851,1.9960942906915586,0
194.336,0.9171900623011154,1.9921734735323293,0.9327160039378696,1.9928761215644553,0.913442639324194,1.9948321684203312,0
194.368,0.9363900170243566,1.9922153751415865,0.9492709650891079,1.9754521333621133,0.9392939422038494,1.9871052920391383,0
194.4,0.9555899718287808,1.9922572645538972,0.9289936785837314,1.9256671174959437,0.946693809342416,1.9625551539331698,0
194.43200000000002,0.9747899266731708,1.9922991449539198,0.9126893719684248,1.99018526558361,0.9446120069875766,1.9736323265641365,0
194.464,0.993989881513745,1.9923410201093583,1.0028716277928464,2.0553925702970948,0.9794358279072823,2.0063615507202295,0
194.496,1.013189836306955,1.9923828941281376,1.025702367562988,1.9773819482281911,1.0094624163645172,1.9947948375966518,0
194.528,1.0323897910122697,1.9924247711935965,1.1136462177694242,2.0330582819424916,1.06265590951347,2.010125346859979,0
194.56,1.051589745594773,1.9924666552947656,1.0533437776756702,1.995428782070855,1.0704510293525678,2.004271858328295,0
194.592,1.0707897000274087,1.9925085499691209,1.1126908799127357,1.9756818429475203,1.0988669421340864,1.992860997249584,0
194.624,1.089989654292733,1.9925504580743998,1.0969080803854945,1.9959023405723892,1.1096033699724135,1.9941026886779332,0
194.656,1.109189608384056,1.9925923816042053,1.104623280923522,1.9963902444322044,1.1191313068692732,1.9950428748595863,0
194.68800000000002,1.128389562305897,1.9926343215592957,1.0783391035810619,1.9858120465919282,1.1143343980487685,1.9913757173385853,0
194.72,1.1475895160737164,1.9926762778828782,1.1708166864907332,2.0082989239533022,1.1484472858998016,1.9981701831641543,0
194.752,1.1667894697129377,1.9927182494640872,1.1734342012181946,2.016512361058995,1.1699620244833013,2.00553224577793,0
194.784,1.185989423257317,1.99276023420944,1.20115786836765,1.9946319031924968,1.1939603344786776,2.0011973068252824,0
194.816,1.2051893767467625,1.9928022291776732,1.2775154968727236,1.9558019317183974,1.2389023718679661,1.9830643594125927,0
194.848,1.2243893302247493,1.9928442307692709,1.199227381647583,1.982332273321882,1.2345523482067025,1.9827967297849645,0
194.88,1.243589283735496,1.992886234958471,1.2036657149639993,2.021455011965354,1.233717667337228,1.998285247134413,0
194.912,1.2627892373210927,1.992928237552796,1.2578183586869274,1.9757031504635034,1.2548779163108836,1.9892776101238427,0
194.94400000000002,1.2819891910187706,1.9929702344633689,1.2349594246437665,2.0068756199178974,1.2584304920890323,1.9963420105739043,0
194.976,1.3011891448584951,1.9930122219685944,1.3163340194346596,2.0302411615546045,1.2931118754878206,2.0099268603984335,0
195.008,1.320389098861037,1.993054196954197,1.3567080213695326,2.0051582262920404,1.330070306319897,2.0080445875715203,0
195.04,1.3395890530366472,1.9930961571141412,1.304071842245821,2.0464118664083832,1.3311908931906022,2.023416670345179,0
195.072,1.3587890073844173,1.9931381010994746,1.3633077133427405,1.9899951651939543,1.3555575937734698,2.0100732296050525,0
195.104,1.3779889618923589,1.9931800286054948,1.4054063918659692,2.0493099682626617,1.3870170855534902,2.025793076768545,0
195.136,1.3971889165381943,1.9932219403916085,1.430286030402518,1.9849467528454552,1.4158446360551062,2.0094796901998078,0
195.168,1.4163888712908004,1.9932638382325942,1.40949016353805,1.9562457246465776,1.424822819626026,1.988211239761151,0
195.20000000000002,1.4355888261122118,1.993305724804394,1.4009482702627114,2.046973050761544,1.4267929724699215,2.0117410946748473,0
195.232,1.4547887809600528,1.9933476035117832,1.4569414659274649,2.005614730118988,1.4503723424486434,2.0093156763868407,0
195.264,1.4739887357902466,1.9933894782690134,1.4955979996018425,2.0145206055624563,1.4799825779066986,2.011422775095669,0
195.296,1.4931886905598313,1.9934313532475543,1.4576325041540292,1.9830551417093034,1.4825625209979951,2.000100850800881,0
195.328,1.5123886452297075,1.9934732326071904,1.4776459814376748,2.0105934421178144,1.4921158777566181,2.0043230207967206,0
195.36,1.5315885997671457,1.993515120227803,1.547158454398225,2.002741976031426,1.5256528809818097,2.0037157428743138,0
195.392,1.5507885541478947,1.99355701945913,1.5736170609488211,1.940881620278212,1.5563585255192787,1.9786072420209544,0
195.424,1.5699885083577565,1.9935989329046473,1.5594486081909396,1.9682870451549404,1.5691145311181853,1.974504320820264,0
195.45600000000002,1.5891884623935204,1.9936408622535133,1.5344445063984897,1.996221769130507,1.5667664937388985,1.9832164676076318,0
195.488,1.608388416263196,1.9936828081714333,1.5561953337658314,2.0251346858963806,1.574058002236774,2.0000089322224883,0
195.52,1.6275883699855196,1.9937247702574934,1.6168243626265695,1.9670071539685918,1.6026845188598515,1.9868334073416112,0
195.552,1.6467883235887617,1.9937667470697684,1.6014413249923496,1.9084342909932956,1.6137072137629005,1.9554989550421817,0
195.584,1.6659882771089107,1.9938087362180679,1.665427454209026,1.9857265543565712,1.645915282378231,1.9676151950214154,0
195.616,1.685188230587347,1.993850734517852,1.688090777289168,1.9612055688078427,1.6743054527711112,1.965076548610209,0
195.648,1.704388184068159,1.9938927381954104,1.773644601966435,1.9987512681485275,1.7255610848747103,1.9785716418817907,0
195.68,1.7235881375952815,1.9939347431310752,1.7137085450447396,1.979951081642422,1.732340041370692,1.979148622096946,0
195.71200000000002,1.7427880912096432,1.9939767451247967,1.7590029871077315,2.03326015760059,1.7545251921013532,2.0008184370108753,0
195.744,1.7619880449465146,1.9940187401669605,1.736961064098836,2.0040070150213944,1.7590195133489304,2.002119063108558,0
195.776,1.7811879988332309,1.9940607246969844,1.782291795711631,1.9926055294888354,1.7798483987593687,1.9983388368903556,0
195.808,1.8003879528874365,1.9941026958330237,1.8039811866399902,2.005871845584529,1.801021486396696,2.001377218583966,0
195.84,1.8195879071159646,1.9941446515579684,1.815612092748785,1.997791071946712,1.8183777014439986,1.9999679283633092,0
195.872,1.838787861514418,1.9941865908497363,1.8230366229805672,2.0488138962927565,1.8317612425867638,2.019531474051373,0
195.904,1.8579878160674723,1.9942285137474507,1.896542759803029,2.012406987902775,1.8691938220219606,2.0167068286946197,0
195.936,1.8771877707498785,1.9942704213492215,1.8546342706560959,2.0135153675186013,1.8748899740424145,2.01545538502595,0
195.96800000000002,1.896387725528094,1.9943123157416587,1.8672291059408206,2.015006707302101,1.883345599383076,2.0153010480865654,0
196.0,1.9155876803624365,1.994354199865638,1.8957489932688285,2.0197512563541027,1.899826929528633,2.0171062609720316,0
196.032,1.934787635209623,1.9943960773269533,1.9368483048198792,1.9439691023393308,1.9261554522411615,1.9878765249021235,0
196.064,1.9539875900255341,1.9944379521640463,1.9494609860257437,2.0032992124516524,1.9469976383503083,1.9940707276296654,0
196.096,1.9731875447680334,1.994479828587764,1.9516170161830868,1.9711652497540342,1.9603653620725705,1.9849336670125346,0
196.12800000000001,1.9923874993996613,1.9945217107099174,2.0170439536780225,1.9907145658168597,1.9945567712926835,1.9872711622133514,0
196.16,2.0115874538900416,1.99456360227813,2.022114807565709,1.9871191601409914,2.0170999583642666,1.987235504200109,0
196.192,2.0307874082178405,1.9946055064340795,2.0340855426934246,2.045605890808209,2.0354141646393957,2.0106088103279323,0
196.22400000000002,2.0499873623721565,1.9946474255107256,2.020692497538365,2.0216977519909096,2.0410454703214054,2.015069548121522,0
196.256,2.069187316353245,1.9946893608816125,2.0954343555846084,1.9615911423241175,2.074320996927276,1.9937033569293394,0
196.288,2.0883872701725283,1.9947313128719897,2.060447572134791,1.9997777748455627,2.0802915994896534,1.9961583049321092,0
196.32,2.1075872238518816,1.9947732807374956,2.1196991164255463,1.9849872523810081,2.1075745787241456,1.9917150735435474,0
196.352,2.126787177422235,1.9948152627118119,2.126229143461869,1.980740684192599,2.1265563770633586,1.9873505147504433,0
196.38400000000001,2.145987130921585,1.994857256120231,2.124126130790228,2.058722308751403,2.1371042509864795,2.0159244346622596,0
196.416,2.1651870843925356,1.9948992575518385,2.19391502367705,2.0132288291477693,2.171348532488354,2.0148713978354515,0
196.448,2.184387037879537,1.9949412630792247,2.2089784866935673,1.9662530681762826,2.1979204865948194,1.9954492719243615,0
196.48000000000002,2.2035869914259987,1.994983268511572,2.1995842425452308,2.0119425397164057,2.2101059614036433,2.002071783036767,0
196.512,2.2227869450714763,1.9950252696648068,2.1994809791396444,2.0586113627926106,2.217375940936249,2.0247128145737125,0
196.544,2.24198689884911,1.9950672626314094,2.232228017054493,1.9686256473740604,2.2348367438359444,2.0023031408451484,0
196.576,2.2611868527834895,1.995109244032482,2.2695805103021316,2.0412228999487443,2.260254222892735,2.0178962294508773,0
196.608,2.280386806889079,1.9951512112358227,2.2969957792446585,1.9846712130473687,2.2864708179243,2.0046313984917123,0
196.64000000000001,2.2995867611693046,1.995193162525939,2.2957897458156413,1.9617806075884001,2.3017183615933456,1.9875162478001624,0
196.672,2.3187867156163517,1.9952350972150266,2.3383284837958906,1.9972010652382552,2.327882383008415,1.9914153305839428,0
196.704,2.33798667021169,1.9952770156877433,2.30790400261967,2.0118403800390006,2.331411003406947,1.9996104970218163,0
196.736,2.3571866249272757,1.995318919376864,2.383260860442266,2.0620493902795856,2.3636709187922307,2.0246111931285045,0
196.768,2.376386579727359,1.995360810671364,2.3790361012288894,1.9758433788691903,2.3813369643512208,2.005129200184797,0
196.8,2.395586534570773,1.9954026927628252,2.454197618675638,2.0435295708426167,2.422001198673681,2.0205144773649697,0
196.832,2.414786489413566,1.9954445694400331,2.3953987758929136,1.9765410239296533,2.422880202157091,2.002950223515681,0
196.864,2.4339864442118038,1.9954864448449847,2.38716419569228,1.9377002462560111,2.4201137721643677,1.9768753612874919,0
196.89600000000002,2.453186398924377,1.9955283232060115,2.4554979307758433,2.0177633581883976,2.44578740819426,1.9932556923457891,0
196.928,2.4723863535156325,1.9955702085652065,2.4963387546499307,2.01424406525887,2.4775279193490487,2.0016761796716245,0
196.96,2.491586307957661,1.9956121045177273,2.48115687450356,2.0116298143453473,2.4904994739665245,2.0056827794292427,0
196.992,2.510786262232105,1.9956540139797814,2.519921514906468,2.025538197862977,2.513788262878331,2.0136501017872828,0
197.024,2.5299862163313573,1.995695939000271,2.533958163650436,2.0051473820032015,2.5333761957014356,2.0102741787390332,0
197.056,2.5491861702590772,1.9957378806282615,2.5296779220337955,1.9926184106269345,2.543416858726735,2.003237046389507,0
197.088,2.5683861240299803,1.9957798388448493,2.5580585811414793,2.0081243865603007,2.5607935201641494,2.005217166886907,0
197.12,2.587586077668911,1.9958218125638556,2.5542960259497125,2.047546167161529,2.5697144949314623,2.022173959849864,0
197.15200000000002,2.606786031209254,1.9958637997013342,2.5860243303009782,1.9786204804094198,2.5877584015175303,2.0047777676987426,0
197.184,2.625985984690786,1.9959057973094503,2.6477867454892716,1.9256765704038858,2.6232897115342246,1.973162493089664,0
197.216,2.645185938157101,1.9959478017661267,2.7079284658201814,1.9561453246688325,2.6686651856715713,1.9663808323242218,0
197.248,2.6643858916527856,1.9959898090082588,2.601934003070647,1.9936438499197535,2.6534926850546894,1.9773112457218933,0
197.28,2.6835858452205286,1.9960318147934855,2.716691952954028,2.0049779266441146,2.690292364643962,1.9884031216852365,0
197.312,2.7027857988983546,1.9960738149736532,2.6929844632679236,2.0014097374287445,2.702889176534266,1.9936309664690341,0
197.344,2.721985752717169,1.996115805762356,2.740121892504961,1.9860267729175016,2.7293022353788525,1.9906144804134223,0
197.376,2.7411857066987704,1.9961577839792997,2.729049707192749,1.9982332666495084,2.7407211965797034,1.9936871775978808,0
197.40800000000002,2.7603856608544586,1.9961997472557345,2.7457630344994337,1.9952157773798698,2.7542579042440343,1.9943237905323667,0
197.44,2.7795856151843266,1.996241694187699,2.7158228320736906,1.9875085212891674,2.7504038478942734,1.9916228458197012,0
197.472,2.7987855696772743,1.9962836244271678,2.728537999182492,1.985306698790253,2.7531774809492475,1.9891215402355238,0
197.504,2.8179855243117378,1.9963255387052008,2.8095821340222034,1.9621128137114676,2.7872593147374207,1.9783431940077203,0
197.536,2.8371854790570827,1.996367438785559,2.8656183369518105,1.981157516940463,2.83012289619822,1.979494060200921,0
197.568,2.856385433875572,1.996409327351732,2.83721308985054,2.0626132257659697,2.8444789462459563,2.012766858046956,0
197.6,2.875585388724774,1.996451207834614,2.9153155525355343,1.9951088917186377,2.884333561355314,2.0057288000486064,0
197.632,2.8947853435602733,1.996493084191886,2.915580356034957,1.966441901121982,2.908352251821932,1.990039168439517,0
197.66400000000002,2.913985298338496,1.9965349606532878,2.9569131186342847,1.9844791957800034,2.9392965711373016,1.9878403093220163,0
197.696,2.933185253019493,1.9965768414481635,3.01034647464239,1.9815946410798215,2.9792365051201344,1.985367176388142,0
197.728,2.952385207569496,1.9966187305328225,2.991080721488011,1.9912342393890385,2.9954941642337642,1.9877391425190831,0
197.76,2.9715851619630875,1.9966606313352862,2.951718764055874,2.0256396426207406,2.9895039767109903,2.002924491788836,0
197.792,2.9907851161848487,1.9967025465338792,3.0080096823847393,2.002657202099927,3.008426231508151,2.0028427346399287,0
197.824,3.009985070230371,1.9967444778839651,2.983611001830561,1.9656222404297299,3.0100201121427546,1.9879797057695345,0
197.856,3.0291850241065696,1.996786426104029,3.0423076386712937,2.0387881447239615,3.0344550952379006,2.0083282601933927,0
197.888,3.0483849778312635,1.9968283908284996,3.0416776303748567,1.9920651847883961,3.0488640817560255,2.001848218198395,0
197.92000000000002,3.067584931432051,1.996870370630408,3.0372138681259,1.968118840821114,3.0557239687497653,1.9883816634358689,0
197.952,3.086784884944544,1.9969123631124792,3.0565056120115113,1.9890570977218751,3.0675565984866724,1.9886770395400024,0
197.984,3.1059848384100763,1.9969543650608452,3.1015912156888157,2.025946495365993,3.0926904177910095,2.003610028241827,0
198.016,3.1251847918730338,1.9969963726515283,3.1643671953560317,2.038975552521498,3.1328811012371913,2.017781445830332,0
198.048,3.1443847453779825,1.9970383816964314,3.1698937078467124,2.0104111203674297,3.159206116303504,2.0148585224531477,0
198.08,3.163584698966786,1.9970803879130252,3.174213774998952,1.9921752893087683,3.176729152212009,2.0058104324293473,0
198.112,3.1827846526758985,1.9971223872003767,3.176395730664189,2.0364840390000687,3.1881157560360123,2.018105072442345,0
198.144,3.201984606534019,1.9971643759037474,3.1744466330797145,1.9843428461230044,3.194168079313583,2.0046253715519593,0
198.17600000000002,3.221184560560251,1.9972063510507072,3.1945342783752797,1.9825247622900166,3.205834531418363,1.9958103083389809,0
198.208,3.240384514762888,1.997248310543538,3.25256220337697,1.9798991989394301,3.2360455727036728,1.9894710351178455,0
198.24,3.259584469138898,1.9972902532954895,3.2354619248039898,2.034325458723104,3.247332086067776,2.007437964981356,0
198.272,3.278784423674138,1.997332179302066,3.245871240982114,1.9827301251843423,3.258267720578509,1.9975799798572829,0
198.304,3.297984378344269,1.9973740896426837,3.265915874387029,2.0415748404266405,3.2728469546654866,2.015203066367638,0
198.336,3.3171843331163213,1.9974159864125156,3.2909291791338275,2.005879517706723,3.291599817031314,2.011498782341245,0
198.368,3.3363842879507994,1.9974578725888334,3.3999163257871583,1.9943200800212977,3.346446393122446,2.0046524321202615,0
198.4,3.355584242804194,1.9974997518403697,3.369607585837259,1.9672453671576327,3.367230842802182,1.9897147345354618,0
198.43200000000002,3.3747841976317465,1.9975416282918985,3.3723659161399246,1.9642061805773063,3.380804844730486,1.979536441624733,0
198.464,3.393984152390294,1.9975835062591283,3.368703679821832,1.951329297282132,3.3874843513540345,1.9682787154003503,0
198.496,3.4131841070410136,1.9976253899709258,3.3846659483500234,1.989197279677225,3.3978769627280334,1.976671277855077,0
198.528,3.432384061551905,1.9976672832967304,3.4718139436448165,1.9900384089011172,3.438971727654452,1.9820432743089897,0
198.56,3.4515840158998414,1.9977091894967065,3.461287901493743,1.9958971760073294,3.459418169730489,1.9876099879112987,0
198.592,3.4707839700720724,1.9977511110107427,3.475327480192389,2.00904359451121,3.4773018664339324,1.996208593389854,0
198.624,3.4899839240670647,1.9977930492999336,3.512225918350237,1.9552643157208573,3.5027914596966268,1.9798560554696256,0
198.656,3.5091838778946323,1.9978350047508249,3.5232468911809476,2.0119948750501813,3.5224936047645863,1.9927367664897768,0
198.68800000000002,3.5283838315753346,1.9978769766486748,3.5393806924206817,1.974434240246062,3.5407684122812944,1.985440948307319,0
198.72,3.5475837851391825,1.997918963221567,3.571572481680633,2.0225787124908763,3.5646100124786075,2.0003212539218858,0
198.752,3.566783738623724,1.9979609617526515,3.5285669720461597,1.9612040958240486,3.5617127687308643,1.984699596257144,0
198.784,3.5859836920716397,1.9980029687534069,3.5513521361992333,1.9890341013261763,3.569088488136263,1.9864586071351402,0
198.816,3.605183645528,1.9980449801868911,3.5934222123654234,1.981994191209056,3.5903419502444205,1.9846980503206195,0
198.848,3.624383599037365,1.9980869917267174,3.68043473864854,2.053702651041833,3.637899038026743,2.012325098252111,0
198.88,3.6435835526409175,1.9981289990351783,3.5972820339901723,2.0286448238415313,3.6331722088424434,2.0188781917202183,0
198.912,3.662783506373822,1.998170998042687,3.660304215345734,2.0352601388896714,3.6555449838885954,2.0254561671938522,0
198.94400000000002,3.6819834602629746,1.9982129852105974,3.70297583010943,1.9805976157698564,3.6860372948401885,2.0075379348132345,0
198.976,3.7011834143252913,1.9982549577604967,3.6812960177727785,1.9408591989259507,3.69566075649763,1.9808916189819512,0
199.008,3.720383368566644,1.9982969138551916,3.7172846483069906,2.0196744367633706,3.7158302857282797,1.9964299143281528,0
199.04,3.7395833229815008,1.998338852719679,3.7879155057940728,1.9874702213891293,3.756184346283895,1.9928711951374114,0
199.072,3.7587832775532926,1.998380774694214,3.686863791721549,1.963375765742995,3.7399760970090883,1.9810981718222327,0
199.104,3.777983232255473,1.998422681215918,3.7895266519383215,1.9433478014433379,3.7713162915488305,1.9660231638993764,0
199.136,3.797183187053203,1.9984645747299432,3.861683440162766,1.9895910156154657,3.8189831235762863,1.9754754384675488,0
199.168,3.81638314190555,1.998506458535699,3.836500867798674,1.958292019150601,3.8375101938559606,1.9686272005627856,0
199.20000000000002,3.8355830967680595,1.9985483365778234,3.792209668516773,1.996671535754412,3.8309099563142563,1.9798700629637729,0
199.232,3.854783051595549,1.9985902131951192,3.8269824646534247,2.017736103351524,3.8408589322413205,1.9950416086187577,0
199.264,3.873983006344942,1.9986320928433925,3.8898290397908424,2.0248770271482046,3.8719669478442604,2.0070009093190633,0
199.296,3.8931829609779776,1.998673979809823,3.835172708794579,2.0159973439215357,3.8687692247940575,2.010624622622115,0
199.328,3.9123829154636205,1.998715877937082,3.9257614485575476,2.0406613056453473,3.903086086851293,2.022664443469604,0
199.36,3.9312155362624646,1.9987569217024599,3.889350567153613,1.9645836735079045,3.908874127095437,1.999456744757743,0
199.392,3.949461338181557,1.9987966656395113,3.95332991627531,2.034529400940289,3.937577104653069,2.0135095909022183,0
199.424,3.967118121475499,1.9988351113612939,3.958807528419757,2.0359110443847928,3.956639616722317,2.0224931588998976,0
199.45600000000002,3.984201798948147,1.9988722664100762,3.9861329776100707,1.970882662849443,3.9786682934564683,2.001871183138241,0
199.488,4.0007314409057235,1.9989081725820383,4.0044879331044925,2.0085658294875124,3.998899475125922,2.0045705329920045,0
199.52,4.016726113360988,1.998942883463617,4.07389631472635,2.0210134146451852,4.0384841676746674,2.0111684764117363,0
199.552,4.032204179567651,1.998976452677805,4.033753297402812,2.0143680587588326,4.045870678574917,2.0124684282346803,0
199.584,4.047183198578107,1.9990089301865979,4.06858834118326,2.0183617194288908,4.0639394237576,2.0148452183154486,0
199.616,4.06167996075397,1.9990403616349177,4.063788892492424,1.976748840817568,4.072573294219497,1.999625520283649,0
199.648,4.075710547144407,1.999070788635046,4.136400540497217,2.0311002913378475,4.106519937852401,2.01223368392235,0
199.68,4.0892903864129755,1.9991002492861696,4.113498313220353,1.9606546159420983,4.117457645845952,1.9916197355235743,0
199.71200000000002,4.10243430440164,1.9991287787061738,4.136337353226567,2.0126996697235935,4.13289515371084,2.0000688315353004,0
199.744,4.115156566454802,1.9991564095069485,4.1355687729754536,2.03341686817423,4.141597863082244,2.013424630835017,0
199.776,4.127470913609433,1.9991831721953062,4.125552386865835,1.9557797529314436,4.142568666807058,1.9903827443700837,0
199.808,4.139390593779674,1.9992090955001638,4.176049432723441,1.9749184656590624,4.163113531896478,1.9842125944708744,0
199.84,4.150928388891912,1.999234206633949,4.135736648366979,1.9762109951419624,4.159086479325275,1.9810270292545804,0
199.872,4.1620966387424305,1.9992585314987656,4.1787842545468035,1.982069505355883,4.1736677645658595,1.9814586224761541,0
199.904,4.172907262192633,1.9992820948480718,4.160935835209932,2.02285608888935,4.175062737556689,1.9980317547914588,0
199.936,4.183371776189872,1.9993049204136546,4.256626570394232,1.9804506841357485,4.213968451434057,1.991013029378832,0
199.96800000000002,4.193501313001018,1.9993270310061741,4.184939652704448,1.9409456185950826,4.208436193996397,1.9709993386222484,0
200.0,4.203306635966188,1.9993484485959163,4.199557386760459,1.9518266250601448,4.210769446031293,1.9633431105874544,0
200.032,4.212798154017026,1.999369194378855,4.229620590626635,2.00963967938189,4.224006416580974,1.981874192007363,0
200.064,4.221985935154347,1.9993892888318108,4.252543810088388,1.9572905158521812,4.240935649533479,1.9720527842213422,0
200.096,4.230879719040678,1.9994087517594328,4.22222127052406,2.0203141523627153,4.2387877680673505,1.9913690147983443,0
200.12800000000001,4.239488928832357,1.9994276023349102,4.215746966080434,1.9554425085069183,4.234738556746889,1.9770097277483025,0
200.16,4.247822682351366,1.9994458591357347,4.252259621267993,2.0160574541003244,4.246748795190224,1.9926397770544442,0
200.192,4.255889802677797,1.999463540175404,4.227867935581557,2.030914369462735,4.244038255903931,2.0079602269032724,0
200.22400000000002,4.263698828228569,1.9994806629316848,4.28493843997469,2.019436201934168,4.265085245370175,2.012560894426976,0
200.256,4.271258022375915,1.999497244371868,4.251088670733663,2.0158235908148074,4.264023598055092,2.0138759253231355,0
200.288,4.278575382649595,1.9995133009753392,4.3320629359830845,2.0467611842118676,4.295631179231379,2.0270396659637626,0
200.32,4.28565864955917,1.9995288487537288,4.3167537841927075,1.9855150579056906,4.308331573897906,2.0104391542058027,0
200.352,4.292515315066637,1.9995439032688693,4.283775166925761,2.0200309395619347,4.3026243650614155,2.014284903561098,0
200.38400000000001,4.299152630734902,1.9995584796487749,4.263379985835162,2.012864077319453,4.29091031934137,2.0137253211324415,0
200.416,4.305577615573728,1.9995725926018533,4.308841778250287,2.0143492110678056,4.301939172411103,2.013983346885268,0
200.448,4.311797063601709,1.9995862564295535,4.34694194687908,2.035539901177728,4.323673191992725,2.022614168702041,0
200.48000000000002,4.31781755114034,1.9995994850376537,4.326884887713295,1.9514248744236964,4.328571366670968,1.9941463897832077,0
200.512,4.323645443854287,1.9996122919463855,4.323999106867991,2.029912681635198,4.33024036577725,2.0084605921476966,0
200.544,4.329286903550284,1.999624690299582,4.278818728961709,2.0013062665339407,4.313057718537006,2.0056063022676227,0
200.576,4.334747894745837,1.999636692873033,4.334766596684996,2.0036117755176215,4.325018961254962,2.0048156943622306,0
200.608,4.340034191017757,1.999648312082204,4.390306621233378,1.980710204058142,4.3543068656733706,1.9951804709332557,0
200.64000000000001,4.345151381139729,1.9996595599894764,4.3490386764907445,1.9935318875343895,4.355270933538411,1.9945277874190377,0
200.672,4.350104875017298,1.9996704483110344,4.347856559009848,1.9694743604732954,4.35527827721439,1.9845129506832613,0
200.704,4.355046869485006,1.9996813381623932,4.378140926652618,2.0343005607545535,4.367396430470265,2.004434531856991,0
200.736,4.355355882026819,2.008638301048149,4.34878903723248,1.9913289421381344,4.359940808328847,1.99919226775636,0
200.768,4.355311232902787,2.018252156755445,4.3672293547073275,2.0248801974578368,4.362843395569187,2.0094674110551978,0
200.8,4.355206560853362,2.0279534258024308,4.345354384035582,2.0732191129400426,4.355834960615728,2.0349680633366845,0
200.832,4.355100305086589,2.037649643598218,4.294565997393939,2.041287624960603,4.331314593084745,2.037495859714549,0
200.864,4.355003960680392,2.047328210417118,4.378938163731787,1.9956802275977636,4.35035128146524,2.0207695787479008,0
200.89600000000002,4.3549181757794715,2.05699040239243,4.348685684881279,2.088457882523653,4.349672329207083,2.0478448722228277,0
200.928,4.3548413798698915,2.0666393049457397,4.342487920398143,2.064287683987898,4.346785864115332,2.0544219689242182,0
200.96,4.354771820482828,2.076277724354041,4.347143782424455,2.0911198352050175,4.34691633175298,2.0691010874257705,0
200.992,4.354707990923991,2.0859079291324947,4.338274858187326,2.0789960098022764,4.343447037978302,2.0730590283368393,0
201.024,4.354648675028088,2.0955317058238325,4.403361407935373,2.0808192007940827,4.367400073233053,2.0761630692396147,0
201.056,4.354592909631076,2.1051504517838415,4.349825072647787,2.1658488788734105,4.36035735026056,2.1120373649684607,0
201.088,4.354539936777934,2.114765257581149,4.3748390290522385,2.13067838998176,4.36613728888007,2.1194937468060906,0
201.12,4.354489161454807,2.124376973667471,4.340990721973216,2.1150883947829113,4.356065919919181,2.1177315777912877,0
201.15200000000002,4.354440117095332,2.1339862631295583,4.342778327940202,2.104541119435279,4.350738133124616,2.112455366212907,0
201.184,4.354392438089594,2.14359364312233,4.316182999980157,2.153426232378377,4.336903323914431,2.128843684421213,0
201.216,4.354345838046954,2.1531995172873475,4.382377642506497,2.1352745886478246,4.3550802914571225,2.1314160178409667,0
201.248,4.354300092663326,2.1628042010454545,4.3461960550942464,2.161514881741081,4.351513835087303,2.1434555351258036,0
201.28,4.354255026241468,2.1724079412816684,4.346579468929374,2.199186179958073,4.349527326781055,2.165747764787291,0
201.312,4.354210501099792,2.1820109316332457,4.358239118613462,2.2685115479447564,4.3529992833991065,2.20685324978993,0
201.344,4.354166409261144,2.191613324342143,4.341527616530523,2.214992600629561,4.34839785980706,2.2101089618828427,0
201.376,4.35412266593877,2.2012152394316256,4.36760556951559,2.2362430036112775,4.3560681914355115,2.2205625503540194,0
201.40800000000002,4.354079204437111,2.210816771805054,4.374456724176781,2.238067002707842,4.363410857959745,2.2275643031024353,0
201.44,4.3540359721649775,2.22041799673568,4.338712527861733,2.1860811746841016,4.353518785904331,2.210971023572466,0
201.472,4.353992927522146,2.2300189741135124,4.322771493897415,2.2082591880132454,4.341207136308414,2.209886261219132,0
201.504,4.353950037470824,2.239619751733979,4.33518044916759,2.2285034703308138,4.33878373635973,2.217333116768864,0
201.536,4.353907275643431,2.2492203678490106,4.349865773905389,2.2229627439553443,4.343203834293883,2.219584939584223,0
201.568,4.353864620869798,2.2588208531509104,4.363722592119683,2.2579483547590695,4.351398628504842,2.234930277631012,0
201.6,4.353822056031962,2.268421232320128,4.377842908763919,2.321658820285444,4.361963639878186,2.26962166670555,0
201.632,4.353779567174532,2.278021525237577,4.350115651955597,2.2555737718284115,4.357211752077633,2.264002480802737,0
201.66400000000002,4.353737142814218,2.287621747938541,4.3587012442174204,2.3440977687826914,4.3577948642118685,2.2960405680769975,0
201.696,4.3536947734044436,2.2972219133670513,4.34647055634823,2.3229026968447073,4.353252463981365,2.3067853916992167,0
201.728,4.353652450920593,2.3068220319756843,4.3421420667028965,2.3130652583338915,4.3487956352767565,2.3092973104994092,0
201.76,4.353610168539061,2.3164221122050757,4.3407124859219,2.286577070738831,4.3455497126281575,2.3002091867707772,0
201.792,4.353567920389221,2.326022160869344,4.4415923095341485,2.304102536275934,4.3839540949145,2.301766498775605,0
201.824,4.353525701362027,2.335622183467448,4.353405237907175,2.413617804414227,4.371721901568049,2.3465069932587084,0
201.856,4.353483506962653,2.345222184435847,4.340062971984274,2.3444687245526183,4.359045684590978,2.345691658026407,0
201.888,4.3534413331973125,2.354822167354294,4.347172315612587,2.353001589647639,4.3542836966958,2.3486156029449994,0
201.92000000000002,4.353399176486673,2.3644221351139225,4.358344039773411,2.3592571370540885,4.355895197881146,2.3528721888761077,0
201.952,4.353357033599904,2.374022090054774,4.382640770081475,2.3519304205384515,4.366580794376528,2.352495453843244,0
201.984,4.3533149016047625,2.383622034078367,4.37124100396116,2.3476486089935595,4.368432248879382,2.3505566882176185,0
202.016,4.353272777830103,2.3932219687397613,4.324744611212059,2.400194076571835,4.350944566923335,2.3704116158829196,0
202.048,4.353230659838005,2.40282189532266,4.355730628985274,2.354008682957182,4.352846366689561,2.3638504150429362,0
202.08,4.353188545403292,2.412421814900425,4.321634975912053,2.3868990759188566,4.340349186544982,2.3730698517276823,0
202.112,4.353146432498718,2.4220217283853405,4.319647572919617,2.4766160638083217,4.332055917891485,2.41448830889581,0
202.144,4.353104319284417,2.4316216365680408,4.393188930703966,2.425925837340118,4.356496499864516,2.4190632926084072,0
202.17600000000002,4.353062204100506,2.441221540148703,4.3264890113201036,2.4937600522786263,4.344480880788275,2.4489419688079828,0
202.208,4.353020085461983,2.450821439761333,4.327496213144332,2.447668863992481,4.337674389033662,2.4484326992076184,0
202.24,4.352977962055165,2.460421335992268,4.399550700073238,2.493306232337174,4.3624122872124875,2.4663820847775035,0
202.272,4.3529358327351,2.4700212293938484,4.333806661254151,2.4570810680893302,4.350957408585998,2.462661650410565,0
202.304,4.352893696523474,2.4796211204940692,4.360813294418049,2.4506000230625316,4.3548871322428875,2.4578369717681734,0
202.336,4.352851552606626,2.489221009802908,4.329383307531556,2.4246303072281368,4.344672968866593,2.4445542782358913,0
202.368,4.352809400333335,2.4988208978159285,4.353117675078326,2.5050538973534913,4.348038214707827,2.4687540981522087,0
202.4,4.352767239212152,2.508420785015682,4.3216626604931205,2.4870831543112932,4.337475352941276,2.476085692869524,0
202.43200000000002,4.352725068908046,2.51802067187135,4.326183839814542,2.5443436826306707,4.3329461039402,2.503388861011164,0
202.464,4.352682889238203,2.5276205588370333,4.355419548336004,2.559028679426626,4.341922834101,2.5256447605973698,0
202.496,4.352640700166899,2.5372204463490178,4.321150246181744,2.5434162539613943,4.333601147367752,2.532753330145429,0
202.528,4.352598501799321,2.546820334822327,4.351096889277539,2.5578185802147053,4.340586788534537,2.5427794023578594,0
202.56,4.352556294374312,2.556420224646823,4.332798164735179,2.5735780225849947,4.337458679379942,2.555098822615796,0
202.592,4.352514078256024,2.5660201161830813,4.358324743883491,2.5357497889415157,4.3457924415594515,2.5473591812958682,0
202.624,4.352471853924514,2.575620009758246,4.322125619228631,2.60730152715872,4.336313045124276,2.5713360917740737,0
202.656,4.352429621965282,2.585219905662039,4.328386974690856,2.5556125750670686,4.333129945726629,2.565046657208425,0
202.68800000000002,4.352387383057884,2.5948198041430683,4.357890753756095,2.623254975447575,4.343021594202826,2.5883299566063513,0
202.72,4.3523451379636535,2.6044197054055696,4.330315995475162,2.58499824292042,4.33792667672213,2.5869972432205817,0
202.752,4.352302887512691,2.6140196096066814,4.349221308788197,2.5787581042376937,4.342431848605213,2.583701559703769,0
202.784,4.352260632590228,2.623619516854345,4.352995397805483,2.646347187402513,4.346644584726947,2.6087597828489115,0
202.816,4.352218374122547,2.6332194272058875,4.357161231773058,2.631217363134291,4.35083855774381,2.6177427870197065,0
202.848,4.352176115932418,2.6428193406636487,4.398199805935535,2.626249327202537,4.369770371218925,2.621145375146151,0
202.88,4.340637236261561,2.649728387967097,4.309569778229402,2.6678713100715847,4.334170203257984,2.6398160140014504,0
202.912,4.321990024438673,2.6501890012626244,4.322940776039034,2.660383970642918,4.318158458928754,2.6480287630045454,0
202.94400000000002,4.302673910464545,2.6501302632171826,4.294047625621669,2.6520985253222675,4.296994139440462,2.649645829099609,0
202.976,4.283261789131192,2.6500175177737395,4.298067473431037,2.6361220976207265,4.285903480726725,2.644228376339447,0
203.008,4.263864614801418,2.6499177152660724,4.236347128029878,2.629746053541274,4.254560943766451,2.6384298000673834,0
203.04,4.2445016856971804,2.6498379093985385,4.193179147368223,2.6302295406163085,4.218488227298996,2.6351458139905337,0
203.072,4.225171367921711,2.6497752118382554,4.283986538812403,2.6704732143210803,4.233167552929972,2.6492741560569586,0
203.104,4.205868159200033,2.649725828646673,4.205778209384955,2.6230027413961814,4.2106918160162845,2.6387638229597647,0
203.136,4.1865866691162505,2.649686604665266,4.211511808653097,2.620015288447811,4.19949981333288,2.6312631858584634,0
203.168,4.167322386793864,2.6496551599384635,4.167916860831861,2.6482689220808453,4.175346632482708,2.638064599789617,0
203.20000000000002,4.14807169227521,2.649629768554067,4.170195768598421,2.635163185364733,4.16176628702501,2.636903386261897,0
203.232,4.128831716746852,2.6496092050550666,4.142324619685077,2.6611145697665792,4.142469620154529,2.6465874044780775,0
203.264,4.109600195231276,2.649592605435922,4.093320199895916,2.6906663962176673,4.111289852095363,2.6642187445853245,0
203.296,4.090375341344104,2.649579353012002,4.116477671756978,2.6652295711873086,4.101844979987938,2.664623047774393,0
203.328,4.07115574643272,2.6495689903639614,4.065747507987423,2.6708745304726436,4.075885991205397,2.667123879752797,0
203.36,4.051940299633922,2.6495611554330556,3.965524408405187,2.620728376493964,4.02022135810282,2.6485662146225253,0
203.392,4.032728124803535,2.6495555384262457,3.9973187770965386,2.581982761298421,3.9995403257318016,2.6219336833570233,0
203.424,4.013518530814461,2.649551855564347,4.026661359120765,2.640871694235087,3.9988687391487705,2.6295100503680056,0
203.45600000000002,3.9943109723976145,2.6495498355980636,3.9749733865498103,2.6920530948642307,3.977790598214623,2.6545287241321205,0
203.488,3.9751050192908144,2.6495492152746833,3.929242542394601,2.639414276407421,3.946851376045207,2.648484659446468,0
203.52,3.955900331934724,2.649549740438407,3.960816158565873,2.630986435974983,3.9409172892672037,2.64148729637245,0
203.552,3.9366966423273744,2.6495511700801146,3.908380881973613,2.676592087540361,3.9163827266131865,2.6555312974202736,0
203.584,3.9174937389411832,2.6495532813254354,3.891965334993485,2.6480718981269122,3.8950957702668285,2.6525497242779776,0
203.616,3.8982914548369862,2.6495558739918756,3.8999825855244574,2.650342869322076,3.8855304966941135,2.651669215918596,0
203.648,3.8790896582924805,2.6495587739074895,3.872808002519021,2.635480341043377,3.868921499354477,2.645195896151222,0
203.68,3.859888245407788,2.649561834637307,3.9013043369566205,2.5976368211911938,3.870354634716561,2.6261744490773973,0
203.71200000000002,3.840687134266163,2.6495649375998696,3.8201933469115743,2.5907954606007055,3.838770119894154,2.6120249534250783,0
203.744,3.8214862603190243,2.649567990779212,3.769124849655947,2.637375024200121,3.7993920120680937,2.622166970796758,0
203.776,3.8022855727361464,2.6495709263615272,3.848416985451005,2.658544369013972,3.807482001655245,2.636719789161938,0
203.808,3.7830850315179085,2.6495736976700317,3.7576316672872188,2.6478738191008304,3.7760218681053486,2.6411831184487333,0
203.84,3.7638846052101704,2.649576275757586,3.7487348179491002,2.6242626861150424,3.753587048204749,2.6344165158197175,0
203.872,3.7446842690963478,2.6495786459649455,3.7243430190730105,2.640271799215497,3.7303694366816518,2.6367600526519173,0
203.904,3.725484003767714,2.64958080468099,3.733492712789791,2.6508646847259705,3.720098747226381,2.6424031865647977,0
203.936,3.7062837939936313,2.6495827564641847,3.726077566252155,2.6014729298367265,3.7109702749146267,2.6260322301847254,0
203.96800000000002,3.687083627829609,2.6495845116121477,3.691026011125032,2.656245242885376,3.691472569457706,2.63811845664147,0
204.0,3.66788349591384,2.649586084205029,3.7056731169192365,2.639785092763705,3.685632788486357,2.638786018784029,0
204.032,3.6486833909129683,2.6495874906017565,3.646992668992744,2.657878377998793,3.658656740721664,2.6464237685044196,0
204.064,3.6294833070858514,2.6495887483367113,3.633985836087296,2.69336744031271,3.637268378892365,2.6652019539076592,0
204.096,3.6102832399404665,2.64958987534696,3.625344156316054,2.65138147251813,3.6209786898803724,2.6596744009032944,0
204.12800000000001,3.5910831859642296,2.6495908894545,3.5778243113059705,2.6529421811030933,3.5921969384650683,2.65698208729986,0
204.16,3.5718831424120663,2.6495918080312526,3.5971699011987512,2.608212782393342,3.5826661235703017,2.6374748858056236,0
204.192,3.552683107139853,2.649592647783859,3.5929762212847445,2.631159901627523,3.5752701626661376,2.6349493695140547,0
204.22400000000002,3.5334830784734645,2.6495934246080455,3.543028361288951,2.6821120160612093,3.550853442124314,2.653814872471658,0
204.256,3.514283055105747,2.6495941534761824,3.475102046042684,2.641988983600946,3.509032883700174,2.6490849374924297,0
204.288,3.4950830360154086,2.6495948483350023,3.5400176590495938,2.6775385568868804,3.50990679384822,2.660466790490153,0
204.32,3.475883020403134,2.6495955220020506,3.526081783548308,2.675372734358722,3.504856789736496,2.666429565509967,0
204.352,3.4566830076412653,2.649596186058717,3.436055917894614,2.6424263065534976,3.4658164410080747,2.6568286582713547,0
204.38400000000001,3.4374829972342207,2.6495968507443015,3.4606204868009214,2.706045363953606,3.452218059333728,2.676515741440066,0
204.416,3.4182829887874413,2.649597524859613,3.4423772014929397,2.587065374716585,3.4367617162061865,2.640736004893791,0
204.448,3.399082981983154,2.649598215690317,3.36264508071719,2.631286173030902,3.3955950620196926,2.636956495238848,0
204.48000000000002,3.3798829765616087,2.649598928960028,3.378076798131306,2.62404093753933,3.3770677564738447,2.6317907109086587,0
204.512,3.3606829723067357,2.6495996688215095,3.350910730050254,2.6557482875426817,3.355084945914385,2.6413741977266545,0
204.544,3.3414829690353662,2.649600437891648,3.314090175763842,2.73533304825622,3.3271670378646765,2.678958212370717,0
204.576,3.3222829665893374,2.6496012373326923,3.346123328987926,2.652956865618066,3.3232295543250636,2.66855816639946,0
204.608,3.3030829648298994,2.649602066978836,3.286231433513797,2.638881998586185,3.296910306012249,2.65668820960941,0
204.64000000000001,3.2838829636339435,2.6496029255039817,3.294659090705028,2.6375826366633297,3.284489819901657,2.6490465070786047,0
204.672,3.264682962891632,2.649603810623676,3.2755777421517998,2.617482598344805,3.269404988814588,2.6364214847864234,0
204.704,3.2454829625050614,2.6496047193219106,3.223675477698274,2.721580524551358,3.2395931843814623,2.6704856543673783,0
204.73600000000002,3.226282962387651,2.649605648091892,3.144827277403368,2.604963642327637,3.1901668216040764,2.6442774134449687,0
204.768,3.207082962463973,2.6496065931790365,3.1988471558589393,2.638153014642892,3.1821189553202385,2.641828225747674,0
204.8,3.187882962669801,2.649607550814362,3.198174362096722,2.6234334791897993,3.1770211180453214,2.634470904686891,0
204.832,3.1686829629521807,2.6496085174271022,3.2649519380296317,2.6629135996274385,3.2006734460537176,2.645848563983697,0
204.864,3.1494829632693864,2.649609489826675,3.1734352133489114,2.6790189023358892,3.1782581529865697,2.6591172827245515,0
204.89600000000002,3.1302829635906435,2.6496104653460324,3.100966726659362,2.616971583499263,3.135821582470499,2.6422595872020125,0
204.928,3.111082963895564,2.6496114419407224,3.122890717058766,2.6824311635137565,3.1191292363206107,2.658328801754246,0
204.96,3.0918829641732666,2.649612418240618,3.090885150327979,2.6194368869992606,3.0963116019383308,2.6427726192446492,0
204.992,3.072682964421185,2.649613393554017,3.098445815602789,2.6974874537250892,3.08564528741885,2.664659135692232,0
205.024,3.0534829646436097,2.6496143678265347,2.997850081440828,2.659908645465496,3.0390072050423522,2.6627595217670033,0
205.056,3.03428296485002,2.6496153415597616,2.989022199243451,2.616792032077347,3.007493202737505,2.644373108097241,0
205.088,3.0150829650532938,2.649616315696853,3.0778901447417475,2.659425585261292,3.024131979553955,2.650394681942439,0
205.12,2.9958829652678816,2.6496172914839677,2.9788562935282497,2.6813324794405604,2.994501705158507,2.6627703855386926,0
205.15200000000002,2.976682965508048,2.6496182703176667,2.942152641679235,2.7196466476939047,2.9620420797817584,2.685521477475601,0
205.184,2.9574829657862733,2.6496192535889334,2.951636987699748,2.614479132729955,2.94636004296408,2.6571051299151076,0
205.216,2.9382829661119008,2.6496202425343953,2.953047090443983,2.6478575178865458,2.9375148619713674,2.6534066793315954,0
205.248,2.9190829664901057,2.6496212381045874,2.9628716194980096,2.5919401276625953,2.9361375649975736,2.628820657183124,0
205.28,2.8998829669212367,2.6496222408577745,2.911142071545531,2.6986997623300355,2.9146193676325396,2.6567729021777167,0
205.312,2.8806829674005607,2.649623250886013,2.8159056567128165,2.631445357296926,2.863613883280661,2.6466424914001734,0
205.344,2.8614829679184166,2.6496242677779094,2.8841518595649047,2.603962618866454,2.8603090738105736,2.6295711533151085,0
205.376,2.8422829684607542,2.649625290620061,2.839132908687133,2.661148064628823,2.8403186077775784,2.642202531748871,0
205.40800000000002,2.8230829690100165,2.649626318036588,2.7746922142542743,2.660373968975358,2.8025480503847486,2.649471722506129,0
205.44,2.8038829695462955,2.6496273482636745,2.814078199656324,2.625226978319799,2.7956401101099155,2.639774441447173,0
205.472,2.784682970048677,2.649628379253731,2.8174973319571235,2.6176168185927957,2.7928629988653064,2.6309120083467206,0
205.504,2.7654829704966795,2.6496294088019066,2.801379729090433,2.648182349300251,2.784749690971761,2.6378207588420306,0
205.536,2.746282970871685,2.649630434686211,2.7595605685557696,2.680237982370116,2.7631540420215925,2.6547882591442544,0
205.568,2.7270829711582625,2.649631454811674,2.7460066587448027,2.618504727361898,2.7447750887268665,2.6402754529468346,0
205.6,2.707882971345292,2.649632467348713,2.715803448275359,2.651289907227587,2.721666432561967,2.6446818358669084,0
205.632,2.6886829714268154,2.649633470856309,2.6768820428457496,2.655749961484873,2.6922326766908666,2.64910968136616,0
205.66400000000002,2.6694829714025543,2.649634464381586,2.636405503797883,2.6544847648992587,2.658381807548732,2.6512603037585154,0
205.696,2.6502829712780573,2.6496354475289663,2.7064235577457083,2.7051227819678023,2.666078507642262,2.672805877787389,0
205.728,2.6310829710644716,2.64963642049408,2.572468454027767,2.6525624284413465,2.6171144862109106,2.6647090749581945,0
205.76,2.611882970777947,2.6496373840599174,2.5876462081189864,2.6203863734032415,2.5938071749883367,2.646980566146282,0
205.792,2.592682970438713,2.649638339555207,2.544713304182369,2.602168456596059,2.56264962667995,2.6290562900704795,0
205.824,2.573482970069886,2.649639288777476,2.6080224854464613,2.6458314638506475,2.569278770200424,2.635766924529541,0
205.856,2.554282969696083,2.6496402338855733,2.574010018840764,2.6603642672321826,2.5596512696703675,2.645606425187016,0
205.888,2.535082969341926,2.649641177268448,2.5648703686252956,2.648037724726527,2.5502189092661554,2.646579508706177,0
205.92000000000002,2.515882969030535,2.649642121398534,2.5008876579190757,2.6625237536783795,2.5189664087412185,2.652957772001294,0
205.952,2.496682968782109,2.6496430686791244,2.52100058422507,2.6386500077110937,2.5082600789487968,2.6472352345573054,0
205.984,2.477482968612678,2.6496440212955283,2.512861137599641,2.6569640692860004,2.498580502423372,2.651127340852208,0
206.016,2.458282968533112,2.6496449810795784,2.4362889565219694,2.6265672604813504,2.4621438840772925,2.6413038861343665,0
206.048,2.439082968548456,2.6496459493962154,2.4073893549392054,2.5989923319254187,2.428722072436816,2.624379847479104,0
206.08,2.4198829686576278,2.649646927059478,2.4361977068583607,2.65900296087405,2.4201923262204836,2.63822968167422,0
206.112,2.400682968853505,2.649647914283322,2.4159374800329356,2.6884530250939167,2.4069703877608033,2.6583196135274,0
206.144,2.3814829691234,2.649648910670488,2.33444527639766,2.6629829372477216,2.3664403432311527,2.6601855426283354,0
206.17600000000002,2.362282969449885,2.6496499152401722,2.3304838469204325,2.6528651023021066,2.340537744722699,2.657257970392041,0
206.208,2.343082969811928,2.6496509264927686,2.341670621932482,2.612757185980236,2.3294708956226184,2.6394582636865573,0
206.24,2.3238829701862542,2.649651942507576,2.3271226693774416,2.6186453461685404,2.3170116051406566,2.631133705589426,0
206.272,2.3046829705488507,2.6496529610672295,2.268178064346685,2.6047788798896567,2.285958188839203,2.620592384643291,0
206.304,2.2854829708765165,2.6496539798009002,2.2922971581949496,2.6704969005680335,2.276973776597583,2.6405547993225857,0
206.336,2.2662829711483576,2.649654996337094,2.2508957082753014,2.595246951771693,2.2550225492846234,2.6224322662114528,0
206.368,2.247082971347126,2.649656008456256,2.2550784295656916,2.6089453070105475,2.24352490141281,2.6170380848250403,0
206.4,2.227882971460324,2.6496570142333895,2.173345610142708,2.653258030073307,2.2039331849202846,2.631526660626589,0
206.43200000000002,2.2086829714809966,2.6496580121615407,2.2067527881409674,2.621069623881146,2.193541026223796,2.6273444383636932,0
206.464,2.1894829714081676,2.6496590012482213,2.227627884638231,2.6815590126666677,2.1956557696045182,2.649030854922178,0
206.496,2.17028297124689,2.6496599810785844,2.1363182770560916,2.644305488708761,2.1604007725998127,2.6471412897101434,0
206.528,2.1510829710079062,2.6496609518413026,2.1251957657627982,2.6690467480134674,2.1347987698794135,2.655904049137178,0
206.56,2.131882970706951,2.6496619143155056,2.1180756549625777,2.7102537248245167,2.116589523926869,2.677644491082745,0
206.592,2.11268297036373,2.6496628698196405,2.0718024009864755,2.6486584018781985,2.0871546747647374,2.6660506236574895,0
206.624,2.0934829700006494,2.6496638201255722,2.0777485942266343,2.6803203478466724,2.0718722425634204,2.671759079418764,0
206.656,2.074282969641369,2.649664767343481,2.143740029329836,2.6756547870399943,2.0890993572838763,2.673317927766465,0
206.68800000000002,2.055082969309281,2.649665713785001,2.07479200211341,2.659719033476413,2.071856415229613,2.6678789359995694,0
206.72,2.035882969026,2.6496666618134284,2.026351964459535,2.6197451527086115,2.0421346349356044,2.6486259906772567,0
206.752,2.01668296880997,2.6496676136906814,1.9655468501631488,2.6582833909829455,1.999979521040805,2.652489522101986,0
206.784,1.9974829686752722,2.6496685714308725,1.9795671804752835,2.63107458670958,1.9802945848289908,2.6439241236059274,0
206.816,1.978282968630712,2.6496695366699403,1.9491907000868853,2.654242135034326,1.9563330309467952,2.648051908965359,0
206.848,1.9590829686792453,2.6496705105597407,1.9567112719763977,2.663551135026213,1.9449643273735606,2.6542521857425223,0
206.88,1.9398829688177837,2.649671493693417,1.9810561359820003,2.6289465314510787,1.9478810508321476,2.644130516021554,0
206.912,1.9206829690373894,2.649672486066855,1.9532756641646938,2.6753311287099226,1.9385188961806543,2.6566113584486075,0
206.94400000000002,1.9014829693238504,2.649673487078698,1.8796476960194184,2.6649339060409774,1.9034504161318972,2.659940979560299,0
206.976,1.8822829696585985,2.6496744955689175,1.8838061477119366,2.623894886555413,1.8840727087798537,2.645523148217423,0
207.008,1.863082970019912,2.649675509893446,1.8111559601443905,2.647716029573521,1.8433860093417518,2.646400909219385,0
207.04,1.8438829703843225,2.649676528030065,1.8989075906387514,2.6484095316336607,1.8540746418767053,2.6472049678922724,0
207.072,1.824682970728135,2.649677547708717,1.8259247595658203,2.640142398767147,1.8312946889684976,2.6443805497625714,0
207.104,1.8054829710289622,2.649678566557844,1.7915052812236452,2.609575860985193,1.8038589258866178,2.630459282161465,0
207.136,1.7862829712671726,2.6496795822573147,1.7594254519610468,2.6388139879345354,1.7745655363322932,2.6338017694489895,0
207.168,1.7670829714271579,2.6496805926880826,1.8257791416868898,2.6841371677707078,1.7835309784898183,2.6539365296912356,0
207.20000000000002,1.7478829714983384,2.6496815960689104,1.7648838458310017,2.6659714263092322,1.764552125441716,2.6587510843150595,0
207.232,1.7286829714758427,2.6496825910713437,1.7422805829132253,2.670888415677122,1.7441235084454565,2.6636066073446827,0
207.264,1.7094829713608182,2.649683576905506,1.7325447713806066,2.685023842038918,1.7279720136343597,2.6721740860136203,0
207.296,1.6902829711603546,2.6496845533711717,1.690516169114085,2.657401879153875,1.7014696758408137,2.6662657825319425,0
207.328,1.6710829708870263,2.6496855208708125,1.6542144270962702,2.681890752184073,1.6710475763573118,2.672516344646248,0
207.36,1.6518829705580826,2.6496864803837705,1.6547482449828579,2.6799006942025096,1.6530078438216433,2.6754706545559457,0
207.392,1.6326829701943408,2.6496874334032157,1.6266697759177422,2.6840504712209894,1.6309526166740504,2.67890314825339,0
207.424,1.6134829698188493,2.649688381839957,1.577484497024507,2.6540518813727516,1.5980453688281198,2.6689632067837255,0
207.45600000000002,1.5942829694554084,2.6496893278993063,1.5854636267137105,2.674933664627324,1.58149267199623,2.6713519548740576,0
207.488,1.5750829691270427,2.649690273938947,1.6186796082836392,2.6162466642649176,1.5848474465251225,2.649310404693474,0
207.52,1.5558829688545208,2.6496912223169664,1.5402258549434784,2.651937355410252,1.555478809906514,2.650361753521244,0
207.552,1.5366829686550172,2.649692175239861,1.5609063061661577,2.644174265297746,1.546129808424599,2.647887330458457,0
207.584,1.5174829685410043,2.6496931346203145,1.5477360207202364,2.6761930477816898,1.535252293357308,2.659210194269404,0
207.616,1.4982829685194445,2.6496941019539153,1.546865544323955,2.65025639067609,1.5283775937586837,2.65562925503769,0
207.648,1.4790829685913363,2.6496950782227557,1.4637108332352187,2.6422257553546973,1.4909908895642978,2.650268443019285,0
207.68,1.4598829687516446,2.6496960638321325,1.4803283164943448,2.6373822454683293,1.4752058603516032,2.6451145574634376,0
207.71200000000002,1.4406829689896232,2.6496970585844175,1.440694668219906,2.696576423570891,1.4498813835144817,2.6656999025791412,0
207.744,1.4214829692895052,2.649698061691787,1.434753921970255,2.6168798698425966,1.4323103989125858,2.6461724926276355,0
207.776,1.4022829696315222,2.649699071826989,1.410872658997976,2.6706469086064915,1.4122153029627227,2.6559628656061935,0
207.808,1.3830829699931815,2.649700087208879,1.389968695213352,2.6585656734520677,1.3917966598790763,2.657004597526452,0
207.84,1.3638829703507225,2.64970110571722,1.335301600027853,2.6625600217460144,1.3576786359547355,2.6592273768000565,0
207.872,1.3446829706806531,2.6497021250293495,1.3550378882396947,2.5967514968936114,1.3451023368848354,2.634237633783769,0
207.904,1.3254829709612683,2.6497031427699094,1.3344210874462608,2.649921855204691,1.3293098371254128,2.640511929256294,0
207.936,1.3062829711740511,2.649704156663994,1.339817681572941,2.64256975457286,1.3219929749202537,2.6413356629734563,0
207.96800000000002,1.287082971304865,2.649705164683842,1.3147697688040154,2.6670147934760435,1.3075836924893547,2.6516079143930673,0
208.0,1.2678829713448618,2.6497061651796074,1.2334223145962464,2.6602244048526287,1.2663991413474356,2.655055104646574,0
208.032,1.248682971291047,2.6497071569857793,1.2392966833925032,2.6344954460779046,1.2440381581804956,2.6468318296944826,0
208.064,1.2294829711464679,2.649708139496378,1.1864869595144536,2.5980568201145346,1.2094976787288205,2.627322408658425,0
208.096,1.210282970920013,2.6497091127040684,1.2303014839748436,2.616033886896332,1.2062992008417004,2.622807577350681,0
208.12800000000001,1.1910829706258366,2.649710077200666,1.1795866742577081,2.6619149749094118,1.1840941902223392,2.638451109000761,0
208.16,1.1718829702824487,2.649711034138997,1.1689763787055887,2.7023835836040946,1.1665270656296896,2.664024667633692,0
208.192,1.1526829699115235,2.6497119851585667,1.1135984984732745,2.6172651541815086,1.133835638781049,2.645321428391809,0
208.22400000000002,1.1334829695365078,2.64971293227984,1.141108672591515,2.6231019411214906,1.1252248523191015,2.6364341983230792,0
208.256,1.1142829691811156,2.649713877773946,1.072296710861376,2.6195637696118443,1.0925335957498867,2.6296865918147834,0
208.288,1.0950829688678032,2.6497148240162187,1.0816886015366263,2.698234501159305,1.0766755980785347,2.6571063220927336,0
208.32,1.0758829686163243,2.64971577333302,1.0862266709606025,2.6542249448338797,1.0689760272454538,2.655954340619142,0
208.352,1.0566829684424563,2.6497167278517244,1.0712059411397004,2.594549792447986,1.0583479928174393,2.6313930948095225,0
208.38400000000001,1.0374829683569808,2.64971768936354,1.0500039907177754,2.7243709135413208,1.0434903919921006,2.668584800668823,0
208.416,1.0182829683649828,2.6497186592080024,1.038095946377668,2.6316603098081375,1.0298126137611254,2.653815588160797,0
208.448,0.9990829684655181,2.6497196381865935,1.0050444266933527,2.6137991275845454,1.0083853389491004,2.637809593444979,0
208.48000000000002,0.9798829686516692,2.64972062651104,0.9370923367272357,2.643178176169793,0.9683481380757223,2.6399576215701455,0
208.512,0.960682968910988,2.6497216237896315,0.9789163511290322,2.6241765148912424,0.961055423312676,2.633645778940023,0
208.544,0.9414829692262981,2.649722629052434,0.9050766309558779,2.6561410973678443,0.9271439063858089,2.642644510521082,0
208.576,0.9222829695768046,2.6497236408137734,0.9405215030214371,2.671226458147193,0.9209749450560787,2.654077896842879,0
208.608,0.9030829699394382,2.6497246571679764,0.9329802981850425,2.641292301457979,0.9142570863237804,2.64896426771662,0
208.64000000000001,0.8838829702903486,2.6497256759121877,0.8684424609016368,2.624236882622531,0.8844112361710605,2.639073923044077,0
208.672,0.8646829706064465,2.649726694688367,0.8395884778249111,2.647309095602628,0.8549621328486807,2.6423686003286253,0
208.704,0.8454829708668952,2.6497277111353092,0.81357350002302,2.6556631468218703,0.8268866797343641,2.6476870247122575,0
208.73600000000002,0.8262829710544546,2.649728723040891,0.805973378151031,2.6594219472829845,0.8070013591167811,2.652381595840187,0
208.768,0.807082971156591,2.6497297284847283,0.8298183754949003,2.705584651760414,0.8046081656835309,2.673663415646404,0
208.8,0.7878829711662805,2.6497307259620464,0.7661488206891905,2.673746535745707,0.7777044277010161,2.67369725578789,0
208.832,0.7686829710824571,2.6497317144807595,0.8026445890138036,2.646638817851947,0.7761604922410589,2.6628744670475815,0
208.864,0.7494829709100763,2.649732693625502,0.7437169686629597,2.688575382495558,0.7516630828244601,2.673155414026718,0
208.89600000000002,0.7302829706597923,2.6497336635844664,0.7041188738616984,2.655296309271864,0.721125399253735,2.666012347686949,0
208.928,0.7110829703472702,2.6497346251373153,0.7165225299600659,2.7012734099801285,0.7077642515504267,2.68011734366221,0
208.96,0.691882969992178,2.64973557960494,0.6967377671847083,2.671211079140081,0.6918336578181318,2.6765554054307104,0
208.992,0.672682969616923,2.649736528764307,0.6860082712649255,2.6065259067710684,0.6779835032107373,2.6485441713110838,0
209.024,0.6534829692452123,2.6497374747338815,0.6729543294712036,2.598997065962091,0.6644518337287746,2.6287258936736406,0
209.056,0.6342829689005307,2.6497384198370275,0.6239874216145973,2.6368487273913113,0.6367460688969857,2.6319755922656656,0
209.088,0.6150829686046301,2.6497393664521867,0.5830312591746526,2.584157784368612,0.6037401450220322,2.6128490362201457,0
209.12,0.5958829683761292,2.649740316859511,0.5911990638125352,2.668490364125948,0.5872037125523718,2.6351061377796845,0
209.15200000000002,0.5766829682293124,2.649741273093832,0.5797778129348444,2.651214667429762,0.5727133527197101,2.6415501243841915,0
209.184,0.5574829681732052,2.649742236813449,0.5285821486864409,2.6146498655092687,0.5435408711210035,2.6307906007084947,0
209.216,0.5382829682109869,2.6497432091931943,0.5499824514648641,2.6743462361062638,0.5345975032734267,2.6482134403229343,0
209.248,0.5190829683397804,2.6497441908486614,0.5300767065206439,2.6163415927153206,0.52126918458748,2.6354652924071553,0
209.28,0.49988296855083336,2.6497451817964865,0.4581389978356087,2.658519600740164,0.48449710990217665,2.6446876122641623,0
209.312,0.48068296883007977,2.649746181453231,0.44856973119774624,2.724294451896231,0.4586061584361009,2.6765309494133893,0
209.344,0.4614829691590471,2.649747188672948,0.4500870543484528,2.630429483634521,0.44367851681694415,2.658090968238554,0
209.376,0.4422829695160504,2.6497482018210086,0.47497214114557623,2.6345970228605764,0.4446759665644449,2.6486939978838384,0
209.40800000000002,0.42308296987759475,2.649749218879435,0.4214593887884382,2.62651703285641,0.4238693354701639,2.6398238209763827,0
209.44,0.40388297021989483,2.6497502375769626,0.4295056737014614,2.637610563203815,0.4146038707788003,2.6389391268402127,0
209.472,0.38468297052041284,2.6497512555354454,0.385654024657456,2.687169609389716,0.3915039323462975,2.6582319272722246,0
209.504,0.36548297075931374,2.6497522704231784,0.3938218119390304,2.7030535914477247,0.3809110841992708,2.676161197463915,0
209.536,0.34628297092074356,2.64975328010525,0.34085154542603896,2.6554451218443846,0.3533672687056424,2.6678753677024862,0
209.568,0.32708297099384886,2.64975428278123,0.30473474696234465,2.6549287216229334,0.32239426002372673,2.662697304837052,0
209.6,0.3078829709734718,2.649755277101311,0.3148098301890497,2.6891071713147836,0.30784048810497205,2.6732618415062337,0
209.632,0.288682970860477,2.6497562622534065,0.319173474443086,2.6835876862090955,0.30085368265504,2.6773927637621338,0
209.66400000000002,0.26948297066169197,2.64975723801558,0.25603390599059905,2.709588285788525,0.27140577200380533,2.6902715513962425,0
209.696,0.25028297038946357,2.649758204770415,0.26201836262138983,2.6238949691372127,0.2561308082651309,2.663721492274502,0
209.728,0.23108297006086267,2.649759163480398,0.28569967458595086,2.6430746068404476,0.2564383548075463,2.655463307675153,0
209.76,0.2118829696965861,2.6497601156258868,0.22004670724837022,2.7251770765563808,0.23036169579781574,2.683349381699202,0
209.792,0.19268296931962717,2.6497610631096777,0.19583348762319228,2.668165234425433,0.20503041254182297,2.677276287462983,0
209.824,0.17348296895379925,2.6497620081343194,0.19459625227748711,2.6566312096363442,0.18933674844993015,2.6690188206272527,0
209.856,0.1542829686222057,2.6497629530600886,0.12447848799654715,2.6378064537235235,0.15187344428247157,2.656534439226128,0
209.888,0.1350829683457541,2.6497639002527915,0.11523854411386965,2.6125112138545674,0.12569948422904353,2.638925716877914,0
209.92000000000002,0.11588296814180926,2.64976485193121,0.10202525948165793,2.590689010789281,0.10470979434427871,2.619631605899671,0
209.952,0.09668296802307191,2.649765810024023,0.10595971456751077,2.6270277043107355,0.09368976244798657,2.622590621358547,0
209.984,0.07748296799675586,2.6497667760454333,0.08719377869605752,2.679326769308518,0.07957136896189193,2.645285661951119,0
210.016,0.058282968064117174,2.6497677509975137,0.05221671239413478,2.6499488616151785,0.05710950634974912,2.647151528884879,0
210.048,0.03908296822036809,2.649768735305562,0.0022628115072113944,2.654637389625026,0.02365082842798092,2.650146465876791,0
210.08,0.019882968454981702,2.6497697287906363,-0.009467076007882679,2.618096591318306,-0.0011163333308455924,2.6373271139856387,0
210.112,0.000682968752368833,2.649770730681034,-0.000525524654290874,2.63546341734083,-0.012400009844466132,2.636582237766723,0
210.144,-0.018517030907115675,2.6497717396619818,0.03335145577255787,2.6947373722472685,-0.005619423581710862,2.659844897483801,0
210.17600000000002,-0.03771703054590317,2.649772753960336,-0.05034272588540992,2.6802848801183172,-0.03502874448712143,2.6680214987019064,0
210.208,-0.056917030187760294,2.649773771458841,-0.08727914441216295,2.611232590820123,-0.06744890444102006,2.645306544561352,0
210.24,-0.07611702985625181,2.6497747898325885,-0.07900430315148936,2.6753177829625066,-0.08359106390911966,2.657311648334792,0
210.272,-0.09531702957321807,2.6497758066988863,-0.05224456361693741,2.6457582173139143,-0.08257246377626548,2.6526908823310276,0
210.304,-0.11451702935736519,2.649776819770879,-0.06674284116467039,2.663280670123806,-0.0877606147158223,2.656927400563821,0
210.336,-0.13371702922306067,2.649777827005017,-0.110169130842965,2.6575158789835873,-0.10824402115110669,2.6571633906892727,0
210.368,-0.1529170291794103,2.6497788267328692,-0.15057183864802645,2.6728484710046003,-0.13669514813457373,2.663438016425834,0
210.4,-0.1721170292296765,2.649779817768761,-0.1420764842029545,2.6911474024646393,-0.15036768254691707,2.6745223588468585,0
210.43200000000002,-0.191317029371073,2.6497807994863014,-0.2349675566591889,2.6240845723999033,-0.19572763217710876,2.654347826571563,0
210.464,-0.2105170295949483,2.6497817718588497,-0.2075546991544697,2.674623561637312,-0.2119784589536089,2.662458697469275,0
210.496,-0.2297170298873453,2.649782735461299,-0.249928888366946,2.6835162185934003,-0.23867863070473644,2.6708822779778645,0
210.528,-0.24891703022990008,2.6497836914330657,-0.24812234159097582,2.694525943661076,-0.25397611504521217,2.680340312426953,0
210.56,-0.2681170306010221,2.649784641404656,-0.2815467717763109,2.646992013470452,-0.2765243777237592,2.667001558316194,0
210.592,-0.2873170309772807,2.649785587392556,-0.27542283737347295,2.7006068089083226,-0.2876037615698138,2.6804442226739105,0
210.624,-0.3065170313349095,2.649786531669217,-0.277226933182131,2.715872622145124,-0.29497303020090276,2.694616146671848,0
210.656,-0.325717031651334,2.6497874766165266,-0.30274972905451975,2.6393606382303467,-0.309603709728437,2.6725145090266005,0
210.68800000000002,-0.34491703190662365,2.649788424572219,-0.3903150375866499,2.6577019480860993,-0.35340824085767164,2.6665900532382913,0
210.72,-0.36411703208477686,2.6497893776791264,-0.3589459838242566,2.661689372683679,-0.3671433380300614,2.6646303536107645,0
210.752,-0.383317032174755,2.6497903377469902,-0.37597904317224884,2.710480045977485,-0.38219762007245306,2.682970808049177,0
210.784,-0.4025170321711988,2.64979130613575,-0.3657467974181655,2.6078837656970677,-0.38713729099598404,2.6529365740720587,0
210.816,-0.4217170320747794,2.6497922836678196,-0.3948005870856328,2.653475813980556,-0.40172260941680316,2.653152858692316,0
210.848,-0.44091703189216047,2.649793270575009,-0.45048256111549434,2.6073065339503825,-0.43274659008095495,2.634814922998908,0
210.88,-0.4601170316355716,2.649794266483516,-0.490028995960629,2.6430168560702616,-0.4671795524172364,2.6380962954723497,0
210.912,-0.4793170313220209,2.6497952704379513,-0.4636819404708342,2.705672876865948,-0.4773005076228632,2.6651275314854193,0
210.94400000000002,-0.498517030972197,2.649796280962853,-0.4740073862366862,2.6638636864646834,-0.4875032590524113,2.66462260004037,0
210.976,-0.5177170306091311,2.649797296157736,-0.5459205572368079,2.6118111504314876,-0.5223901783100887,2.6434986285633366,0
211.008,-0.5369170302567078,2.649798313819554,-0.5146574591343819,2.61136147434141,-0.5308170906237011,2.6306443756228584,0
211.04,-0.5561170299381205,2.649799331584685,-0.5272136761246106,2.696478089482017,-0.5408957248080153,2.6569784688495597,0
211.072,-0.5753170296743735,2.6498003470813,-0.5503831570592232,2.6358065522608927,-0.5562106976925794,2.648510307452618,0
211.104,-0.5945170294829275,2.649801358082295,-0.5940079788341679,2.628959237654135,-0.5828496101334918,2.6406904811046896,0
211.136,-0.6137170293765758,2.6498023626489164,-0.6171759356040102,2.687290625165029,-0.6081001403062236,2.659331135646246,0
211.168,-0.632917029362624,2.6498033592558303,-0.6204248938423751,2.6887296247935915,-0.6245500417054896,2.6710911228808203,0
211.20000000000002,-0.6521170294424236,2.6498043468895514,-0.6285680756265911,2.663977414118729,-0.63767725525903,2.6682462252657295,0
211.232,-0.6713170296112904,2.6498053251138804,-0.7186747421579736,2.671876884943241,-0.6815962500039954,2.6696990693623572,0
211.264,-0.6905170298588095,2.649806294098119,-0.749773587556984,2.673820060052054,-0.7203871850108421,2.671348040586025,0
211.296,-0.7097170301695075,2.649807254606234,-0.6995717235588453,2.6031908030880135,-0.7235810004159171,2.6440857159827185,0
211.328,-0.7289170305238479,2.649808207947663,-0.721595257886324,2.7143729603554756,-0.7343067033901227,2.672201180594657,0
211.36,-0.7481170308994862,2.649809155892929,-0.7202012642244892,2.6857807560813627,-0.7401845277100191,2.677633575365153,0
211.392,-0.7673170312727042,2.649810100559508,-0.7805641111152921,2.629807303574401,-0.7678563610583178,2.6585036303305696,0
211.424,-0.7865170316199337,2.6498110442753053,-0.8283041752752325,2.6232634524063387,-0.803555486731244,2.644408123398496,0
211.45600000000002,-0.8057170319192705,2.6498119894285574,-0.7860249713322317,2.655324568799349,-0.8080632805577037,2.648775267765929,0
211.488,-0.8249170321518847,2.6498129383138265,-0.7922284425490452,2.6477836575067704,-0.8132493453401479,2.648379193124815,0
211.52,-0.8441170323032355,2.6498138929840316,-0.8703213072871856,2.66751640012509,-0.8475981301046607,2.656034649718391,0
211.552,-0.8633170323640115,2.6498148551180476,-0.8913874559389842,2.612381537116345,-0.8766338604238367,2.6385739835975155,0
211.584,-0.8825170323307361,2.649815825912413,-0.9030960307578974,2.648624050892408,-0.8987387285426298,2.64259459502622,0
211.616,-0.9017170322059975,2.6498168060041203,-0.8524071260468149,2.6940946503086507,-0.8917260875291847,2.6631952073438603,0
211.648,-0.9209170319982866,2.6498177954294726,-0.9481304106308113,2.6219220088630717,-0.9258078167544364,2.6466865235853323,0
211.68,-0.9401170317214521,2.6498187936216517,-0.9691181616921891,2.618603093230766,-0.9546519547138854,2.635453751890717,0
211.71200000000002,-0.9593170313938084,2.649819799447165,-0.9753786209666196,2.6224190877899765,-0.974462621199119,2.630240490584101,0
211.744,-0.9785170310369522,2.6498208112788206,-0.9532743624354335,2.6561362476971073,-0.9775073176776368,2.640599400470953,0
211.776,-0.9977170306743662,2.6498218271005447,-0.9233860805746462,2.667234600381526,-0.9673788228203564,2.651254088830694,0
211.808,-1.0169170303299013,2.6498228446372836,-0.9629927640466768,2.672860046194757,-0.9771443992948022,2.6598970800832484,0
211.84,-1.0361170300262341,2.6498238615016327,-1.064647897474374,2.6113720958731292,-1.023665798550629,2.640487693179751,0
211.872,-1.055317029783404,2.649824875347743,-1.0623310607631276,2.6215667102131386,-1.0506519034197797,2.632919903906836,0
211.904,-1.0745170296175213,2.649825884022585,-1.0810874812856055,2.6633352981427993,-1.0743461345504763,2.6450866614914874,0
211.936,-1.0937170295397312,2.6498268857048184,-1.0594727296690647,2.637301318068346,-1.0799167725825387,2.6419731190908067,0
211.96800000000002,-1.1129170295555006,2.6498278790223075,-1.1196274593506381,2.659404046840782,-1.1073210472746935,2.648946079655839,0
212.0,-1.1321170296642709,2.649828863140692,-1.1148583785541588,2.701476095395876,-1.1218559797716896,2.669958669685477,0
212.032,-1.1513170298594977,2.649829837817298,-1.1146321709617533,2.666470332279199,-1.1304864562332075,2.668563912866005,0
212.064,-1.1705170301290757,2.6498308034168923,-1.1503789512201061,2.6491346996586773,-1.1499634542137116,2.6607928006360604,0
212.096,-1.1897170304561187,2.6498317608882616,-1.1920008909122133,2.6655446374744836,-1.1782984288790639,2.6626941041623757,0
212.12800000000001,-1.208917030820045,2.649832711703119,-1.236752150414793,2.6920638647180857,-1.2131999174794572,2.6744425740157096,0
212.16,-1.2281170311978984,2.649833657761268,-1.2118373169409762,2.651934815442523,-1.224174877250252,2.6654400343628324,0
212.192,-1.2473170315658229,2.6498346012681413,-1.2789874087255766,2.709576907551191,-1.257619889826587,2.6830953469841186,0
212.22400000000002,-1.2665170319005934,2.6498355445926194,-1.2772425306752606,2.6526675301809615,-1.2769889461522104,2.670924784629669,0
212.256,-1.2857170321811098,2.649836490114283,-1.2493526567251483,2.639707893666713,-1.2774544303674231,2.658438595017036,0
212.288,-1.304917032389755,2.649837440069967,-1.289311156655894,2.610740774050238,-1.2937171208686737,2.639360037037691,0
212.32,-1.3241170325135323,2.6498383964094985,-1.3134878085870518,2.6390735430236125,-1.3131453959416624,2.6392460144682897,0
212.352,-1.343317032544907,2.649839360669925,-1.3464194301250434,2.670730283795699,-1.3379750096003904,2.651840302559177,0
212.38400000000001,-1.362517032482298,2.64984033387634,-1.3244596326288105,2.5937060828002694,-1.3440888587968507,2.628587200690015,0
212.416,-1.3817170323301842,2.649841316475697,-1.4285157253395908,2.6216085042023884,-1.3893796053987515,2.625796313787897,0
212.448,-1.400917032098822,2.649842308307883,-1.3909230930038294,2.661032627757942,-1.4015170004253137,2.639891436345655,0
212.48000000000002,-1.4201170318035845,2.6498433086159134,-1.4154520984170258,2.676737557456196,-1.418611039606289,2.6546304863134544,0
212.512,-1.4393170314639712,2.6498443160946072,-1.463899802207785,2.64386465164813,-1.4482465446309873,2.650324757507084,0
212.544,-1.4585170311023476,2.6498453289746022,-1.5087846566740195,2.6656142515427788,-1.4839817894321743,2.6564411624704745,0
212.576,-1.4777170307425007,2.6498463451363157,-1.4238318212720984,2.6942024653344037,-1.4714418021520665,2.671546291858865,0
212.608,-1.4969170304080994,2.649847362246507,-1.531233726771105,2.662396623642695,-1.5068785719836322,2.6678870322543986,0
212.64000000000001,-1.5161170301211675,2.649848377908656,-1.5616567970949307,2.6282001590639976,-1.5403098620122069,2.6520128886797867,0
212.672,-1.5353170299006618,2.649849389817462,-1.5345441167938134,2.5538892752078914,-1.5495235639090799,2.612764045718918,0
212.704,-1.5545170297612516,2.64985039590751,-1.5455162380225445,2.6785626418117006,-1.5594406335389281,2.639084082226896,0
212.73600000000002,-1.5737170297123775,2.6498513944865136,-1.5647204497588474,2.671409705841196,-1.5730725600116306,2.65201492458284,0
212.768,-1.5929170297576467,2.649852384344535,-1.6143582594449148,2.658150779366788,-1.6011068397699724,2.65446985377402,0
212.8,-1.6121170298946061,2.6498533648321296,-1.6217052139859265,2.6645527811078984,-1.6208661894416756,2.6585036062427116,0
212.832,-1.6313170301149045,2.6498543359023654,-1.6462990545282958,2.711381238632357,-1.6425593354619208,2.679655235250726,0
212.864,-1.6505170304048316,2.649855298113988,-1.6218223508115182,2.6000166523322505,-1.645784541587596,2.6478003732646442,0
212.89600000000002,-1.669717030746201,2.6498562525955216,-1.674103707670239,2.634159194547834,-1.6686322080066798,2.642344469013781,0
212.928,-1.6889170311175177,2.6498572009726127,-1.646633685473073,2.6758325692910936,-1.671352798979394,2.65574027359417,0
212.96,-1.708117031495358,2.6498581452632894,-1.6633601022669893,2.648997467500535,-1.6796757202806534,2.6530437142165018,0
212.99200000000002,-1.7273170318558724,2.6498590877478967,-1.7172064264805658,2.6763172167122478,-1.7062080027468347,2.6623536783118356,0
213.024,-1.7465170321763175,2.649860030822087,-1.7736355226224096,2.6876280106289663,-1.7446990106832083,2.672463975816817,0
213.056,-1.765717032436518,2.649860976842351,-1.7760704604523736,2.625121056371875,-1.7687675905768816,2.6535273754457127,0
213.088,-1.7849170326201664,2.6498619279740443,-1.7875282101165273,2.6464222262472363,-1.7877918383785543,2.650685887166464,0
213.12,-1.8041170327158766,2.6498628860517166,-1.777718642692045,2.619035617585024,-1.7952825600895266,2.6380263556335644,0
213.15200000000002,-1.823317032717922,2.649863852460736,-1.852301826157663,2.6711800899003935,-1.8296102665020861,2.651288431129009,0
213.184,-1.8425170326266105,2.6498648280478543,-1.8263685909531227,2.6543375631459476,-1.8398335962675185,2.6525086714481807,0
213.216,-1.86171703244827,2.649865813066468,-1.8868292964175108,2.6693690984171816,-1.8701518763122476,2.659253435336428,0
213.248,-1.880917032194844,2.649866807160117,-1.8577277203824973,2.635493109253646,-1.8767022139248142,2.6497499030953264,0
213.28,-1.9001170318831255,2.6498678093852854,-1.8911136398239645,2.6482376838106036,-1.8939867842687146,2.649145617838407,0
213.312,-1.9193170315336712,2.6498688182720516,-1.9092932022927398,2.639959245798273,-1.9116293514623934,2.645471674641533,0
213.344,-1.938517031169475,2.64986983191868,-1.9045468811192365,2.689876992989786,-1.9203163633090967,2.663234409454148,0
213.376,-1.9577170308144825,2.6498708481140847,-1.9539502704677278,2.626355372948753,-1.945289926156489,2.6484834027502977,0
213.40800000000002,-1.9769170304920427,2.649871864480272,-1.9731921919527489,2.7269451196159293,-1.9679708324589862,2.679868696361752,0
213.44,-1.996117030223402,2.6498728786255987,-1.97625377930858,2.6919013803582708,-1.982804011182946,2.6846823743993906,0
213.472,-2.015317030026334,2.6498738882989668,-2.013002011326452,2.6505609067205302,-2.0064032112246664,2.6710343881025187,0
213.504,-2.0345170299139963,2.6498748915350165,-2.0465412724786693,2.6539285359049245,-2.0339784357108335,2.6641926433303658,0
213.536,-2.053717029894087,2.6498758867809538,-2.0662399711460786,2.6683516136606604,-2.0584030498697796,2.66585682219769,0
213.568,-2.072917029968354,2.6498768729968187,-2.0772940810116105,2.666870816417274,-2.0774794623116564,2.66626300489018,0
213.6,-2.092117030132486,2.649877849722722,-2.1246821338498143,2.6347585667619904,-2.1078805309123547,2.653661808922413,0
213.632,-2.111317030376394,2.649878817108692,-2.0650950333394906,2.6906536909313274,-2.1022863318689105,2.668459135665524,0
213.66400000000002,-2.1305170306848615,2.649879775905197,-2.087616560216385,2.609223424913313,-2.107938423193828,2.6447654206809803,0
213.696,-2.149717031038523,2.6498807274149336,-2.2136561082449533,2.6413472801184805,-2.1617454972003776,2.6433987301670734,0
213.728,-2.1689170314151056,2.6498816734089843,-2.192319606716773,2.6204413113128653,-2.1854951409931456,2.6342163259808347,0
213.76,-2.188117031790858,2.6498826160127376,-2.1985543222333086,2.7081521533406168,-2.202238813475463,2.663791219325269,0
213.792,-2.207317032142075,2.649883557568924,-2.221310174809585,2.658220219478095,-2.221387357995337,2.661563382293561,0
213.824,-2.226517032446618,2.6498845004865967,-2.1691030052935485,2.613249412088657,-2.211993616900753,2.642238359053564,0
213.856,-2.245717032685341,2.649885447085792,-2.2388343729862608,2.6358975584432436,-2.2342499193209315,2.639702606888853,0
213.888,-2.264917032843321,2.6498863994478845,-2.237312747559571,2.641787852021614,-2.246995050602153,2.6405372773519122,0
213.92000000000002,-2.2841170329108254,2.6498873592812857,-2.2700754290867775,2.6935173107788137,-2.2677472019815177,2.661729868276124,0
213.952,-2.3033170328839425,2.6498883278111456,-2.370860892445678,2.6618141049047535,-2.320512678152418,2.661764146104825,0
213.984,-2.32251703276484,2.6498893057001722,-2.31303644210097,2.651609427432038,-2.329042183716785,2.6577028475533053,0
214.016,-2.3417170325616308,2.6498902930056745,-2.350814537260832,2.6121483086775843,-2.3492711251190683,2.639481626406085,0
214.048,-2.360917032287854,2.649891289175611,-2.3944070836239773,2.690203268090529,-2.378845508505441,2.659770882358388,0
214.08,-2.3801170319616034,2.649892293083911,-2.374829611884592,2.6730228903693862,-2.3887591498412992,2.6650722887907854,0
214.112,-2.3993170316043613,2.649893303102807,-2.3754026259874523,2.6676384980076033,-2.394936540283808,2.666099378472585,0
214.144,-2.4185170312396105,2.6498943172075347,-2.413289068332018,2.598451564554074,-2.41379755148706,2.639040860304626,0
214.17600000000002,-2.437717030891319,2.6498953331066706,-2.4114007774932658,2.6752802716174564,-2.4243588418735103,2.6535372321783406,0
214.208,-2.4569170305823924,2.6498963483897233,-2.5129919504424025,2.6415766387771593,-2.4713320852851144,2.6487536006615886,0
214.24,-2.4761170303331963,2.6498973606824756,-2.500253060202899,2.6728637600145677,-2.494420475236428,2.658398267382616,0
214.272,-2.4953170301602454,2.649898367800072,-2.4814207337264453,2.6598415574921854,-2.50074057861685,2.658976182366011,0
214.304,-2.5145170300751434,2.64989936788798,-2.5656746311893164,2.694517306981747,-2.5382341996305136,2.6731932261937925,0
214.336,-2.5337170300838388,2.649900359541729,-2.543358432323141,2.6912374824593908,-2.5518038926925324,2.680411517123498,0
214.368,-2.5529170301862476,2.649901341897696,-2.59346577099044,2.7005163760373074,-2.5799886439969617,2.688454043311234,0
214.4,-2.572117030376262,2.6499023146890606,-2.572095437975813,2.6213119209319538,-2.5883513615740545,2.6615977713098053,0
214.43200000000002,-2.591317030642147,2.6499032782633014,-2.593265520859664,2.6510129397052142,-2.601837025274107,2.6573644104400453,0
214.464,-2.610517030967294,2.649904233560087,-2.6431567062090653,2.6327244408596395,-2.62988489763411,2.6475089900282067,0
214.496,-2.6297170313312854,2.649905182050962,-2.5515635828071166,2.624038955837953,-2.6100763716894857,2.6381215405267247,0
214.528,-2.648917031711207,2.649906125644698,-2.625960543838797,2.6702227098300657,-2.627950040535473,2.650962570491423,0
214.56,-2.6681170320831127,2.6499070665644076,-2.661808611317036,2.660580443083349,-2.6530134688343807,2.6548102812784755,0
214.592,-2.6873170324235613,2.6499080072043224,-2.72652974533805,2.640465868765455,-2.6939399794220824,2.649073078999688,0
214.624,-2.7065170327111208,2.649908949975469,-2.713990109521561,2.674727617814103,-2.7134800314479923,2.659335459633534,0
214.656,-2.725717032927745,2.649909897150187,-2.7500691979598195,2.6918389791124784,-2.739635698038667,2.6723374361659946,0
214.68800000000002,-2.744917033059937,2.6499108507155107,-2.7205594703571294,2.6655044023460714,-2.743525206951771,2.6696047960277043,0
214.72,-2.764117033099623,2.649911812244865,-2.761874241042675,2.632432147938543,-2.7623848205735886,2.6547363155456973,0
214.752,-2.783317033044676,2.6499127827963553,-2.737681329466343,2.6910065233608482,-2.7640234241158614,2.669244983157461,0
214.784,-2.802517032899059,2.6499137628442124,-2.8092801118813346,2.616525143473794,-2.7936460992069314,2.648157637498737,0
214.816,-2.8217170326725767,2.649914752247824,-2.7905339336228137,2.6671409875836,-2.803921232957888,2.655751573102328,0
214.848,-2.840917032380246,2.64991575026037,-2.8895050309304753,2.6669782502131727,-2.849674752131283,2.6602428441498116,0
214.88,-2.8601170320413325,2.6499167555765286,-2.783398322314194,2.5996468676372215,-2.834684180188613,2.6360050573590077,0
214.912,-2.879317031678106,2.649917766416202,-2.851281746947107,2.6586674340265652,-2.852843206876047,2.645070614193613,0
214.94400000000002,-2.898517031314407,2.649918780638897,-2.913837115419935,2.64236783290931,-2.8887607702775844,2.643990108788664,0
214.976,-2.9177170309741096,2.649919795881417,-2.932131746424137,2.6311269720253523,-2.917629160720214,2.638845460657629,0
215.008,-2.9369170306795804,2.649920809710013,-2.9395785008784254,2.627447353883935,-2.9379288967676107,2.6342868225438405,0
215.04,-2.95611703045024,2.6499218197772048,-2.9985645065635036,2.637452030241075,-2.9737031406702563,2.6355535069203735,0
215.072,-2.9753170303013152,2.649922823973169,-2.9620654293593103,2.6881640462395273,-2.9805680561304007,2.656598319537993,0
215.104,-2.9945170302428616,2.6499238205619395,-3.0325483089387277,2.564777317217496,-3.0128801572385298,2.6198705102639503,0
215.136,-3.0137170302791225,2.649924808293624,-3.0035517676562566,2.6110006948803632,-3.020668801390717,2.6163231700358667,0
215.168,-3.03291703040826,2.6499257864853787,-3.0843222622422015,2.605369989215463,-3.0576501857167058,2.611942477778417,0
215.20000000000002,-3.052117030622477,2.6499267550658985,-3.0528137901929626,2.6747998975501703,-3.067235627492885,2.637086020152928,0
215.232,-3.0713170309085176,2.649927714580518,-3.107410837748169,2.6699732913854155,-3.09482571158092,2.650241498116344,0
215.264,-3.0905170312485195,2.649928666156557,-3.0676527008980856,2.655144196768986,-3.0954765072939034,2.6522031429827146,0
215.296,-3.1097170316211558,2.6499296114311175,-3.086404601206305,2.687096189801335,-3.1033677448451162,2.666160924241701,0
215.328,-3.1289170320029998,2.6499305524459458,-3.0837915225936356,2.6625033428146123,-3.107057255930844,2.664698452704408,0
215.36,-3.1481170323700227,2.64993149151612,-3.1802741048961822,2.625647773338876,-3.147863995503297,2.649078741965411,0
215.392,-3.167317032699133,2.649932431080995,-3.1677972759816546,2.645554396495401,-3.167357307680887,2.647669566231032,0
215.424,-3.1865170329696535,2.649933373547007,-3.202375402525755,2.6339910552448185,-3.1928845456049446,2.6421987271154044,0
215.45600000000002,-3.205717033164651,2.649934321132445,-3.204469216481758,2.719578136188969,-3.2090384139415873,2.6731510600448143,0
215.488,-3.2249170332720243,2.6499352757242045,-3.243339652793074,2.6114076925225405,-3.234278909467859,2.6484542872926617,0
215.52,-3.2441170332852876,2.649936238755745,-3.2431417820961888,2.6081976573101904,-3.249344058504594,2.6323522151279715,0
215.552,-3.2633170332039914,2.649937211114136,-3.211924839859909,2.6837156613328927,-3.245896371031832,2.6528981792636515,0
215.584,-3.28251703303376,2.6499381930821984,-3.28344450120897,2.6854579911883123,-3.2724356230875093,2.6659226953888044,0
215.616,-3.3017170327859335,2.649939184319498,-3.296615365690004,2.6651545821145044,-3.293627520113059,2.6656160466418974,0
215.648,-3.320917032476844,2.649940183883456,-3.389136786492606,2.609417646404076,-3.343351226649198,2.6431372874841883,0
215.68,-3.3401170321267677,2.649941190289261,-3.3785501467697157,2.65682097202329,-3.368950794681549,2.6486113654932826,0
215.71200000000002,-3.3593170317586214,2.6499422016047776,-3.355666180378649,2.5924111488929005,-3.375156948944426,2.6261318849700688,0
215.744,-3.37851703139649,2.649943215574382,-3.43255334349131,2.617122428227318,-3.4096355067471884,2.6225287088524123,0
215.776,-3.397717031064077,2.649944229763802,-3.3772404746866838,2.6713258293616655,-3.408197493907048,2.642048162602589,0
215.808,-3.416917030783184,2.6499452417166673,-3.3608812401690744,2.656862819699673,-3.4007909923960504,2.647974628521255,0
215.84,-3.4361170305723108,2.6499462491127184,-3.4651475837648698,2.6373591051926413,-3.4380536289279693,2.6437290185235724,0
215.872,-3.455317030445472,2.649947249917489,-3.4626197100193474,2.719958832722872,-3.4594000613491653,2.6742215387484625,0
215.904,-3.474517030411302,2.6499482425138257,-3.4252545008654907,2.646761033137648,-3.45726183714063,2.663237925522629,0
215.936,-3.4937170304725065,2.64994922580674,-3.508574824835699,2.6473860761081176,-3.4893070322038975,2.656897768863022,0
215.96800000000002,-3.5129170306256943,2.6499501992948127,-3.53676236224359,2.6780042311455063,-3.519809164205315,2.665340930962186,0
216.0,-3.5321170308615955,2.649951163103492,-3.476836522500518,2.592022417226359,-3.514140107509213,2.6360140971052766,0
216.032,-3.551317031165656,2.6499521179780814,-3.600049239318281,2.6765985445109384,-3.5600237602188916,2.6522484428832227,0
216.064,-3.5705170315189654,2.649953065236801,-3.5096686926316973,2.7135108066071707,-3.5514017331702457,2.6767539514032626,0
216.096,-3.5897170318994616,2.6499540066868756,-3.564935818564048,2.6832499927402287,-3.568335367314115,2.679352928463082,0
216.12800000000001,-3.6089170322833346,2.6499549445089836,-3.5662298592175037,2.620820638801099,-3.579013164061865,2.655940572058939,0
216.16,-3.6281170326465406,2.6499558811174397,-3.6422064477015734,2.644893566004091,-3.615810477504119,2.651522329543001,0
216.192,-3.6473170329663334,2.6499568190050615,-3.609652000228182,2.6347981174500417,-3.6248670865800205,2.644833206538417,0
216.22400000000002,-3.6665170332227115,2.6499577605826605,-3.661523202239955,2.7304777279338084,-3.651049532830113,2.679091580212983,0
216.256,-3.685717033399695,2.649958708023455,-3.6741862419990516,2.6425761897696707,-3.6718242164835937,2.6644859935812653,0
216.288,-3.7049170334863466,2.649959663122403,-3.6595607637717853,2.6085227665860957,-3.678438835384519,2.64210127761719,0
216.32,-3.7241170334774742,2.649960627179518,-3.764614261809173,2.628151649275028,-3.7244290059397436,2.6365220069195336,0
216.352,-3.743317033373966,2.6499616009146894,-3.741956451322794,2.657981888024552,-3.742959984078029,2.64510654594613,0
216.38400000000001,-3.7625170331827382,2.649962584419542,-3.777124966454747,2.645074023065642,-3.76814597701349,2.6450941290771954,0
216.416,-3.781717032916299,2.6499635771495003,-3.779074221840619,2.6544226203181536,-3.784037274928851,2.6488261229365295,0
216.448,-3.8009170325919523,2.6499645779566587,-3.77303151977512,2.674738881094725,-3.791154972851648,2.6591918276897286,0
216.48000000000002,-3.8201170322306974,2.649965585161453,-3.781086895689945,2.6535082677573625,-3.7986477419710987,2.6569190081072716,0
216.512,-3.8393170318558907,2.6499665966586474,-3.8152035862907083,2.6480901838181987,-3.816790079682991,2.6533880842604125,0
216.544,-3.8585170314917594,2.6499676100509553,-3.8806224216291874,2.6483185527778015,-3.853843016445516,2.6513608774868485,0
216.576,-3.877717031161862,2.649968622801823,-3.860867845803155,2.6833897845080443,-3.8681729481727,2.6641730445303287,0
216.608,-3.896917030887596,2.649969632397681,-3.946344194884276,2.6322983395877553,-3.910961446841619,2.651423763759511,0
216.64000000000001,-3.9161170306868436,2.649970636509326,-3.9236680366322143,2.6304308517102446,-3.9275640827423732,2.643027195856847,0
216.672,-3.9348388707524413,2.649971695301463,-3.973013879854452,2.6561495006025146,-3.9569545545992475,2.648276656247349,0
216.704,-3.9529687026607427,2.649972608428247,-3.978858272055084,2.68807195655817,-3.9765671352666088,2.6641952448373134,0
216.73600000000002,-3.9705117074543494,2.6499733663095313,-3.957649906716305,2.6797027109179097,-3.979503244760476,2.6703986371307487,0
216.768,-3.9874851980035464,2.6499740108765795,-4.018499444324765,2.6493600123922816,-4.005267899809063,2.661983541584122,0
216.8,-4.0039084265562375,2.649974573179364,-3.972244436722469,2.650705033616267,-4.001898798779157,2.6574724525899645,0
216.832,-4.019800357947393,2.64997507560502,-4.009698004092009,2.634961748088734,-4.014543439120899,2.648468455357781,0
216.864,-4.035179199328815,2.6499755358881436,-4.070963639400674,2.639768491820751,-4.046331352366615,2.6449887341709966,0
216.89600000000002,-4.050062353196108,2.6499759686159026,-4.024176532627279,2.591929972392251,-4.046393983850013,2.6237654812218425,0
216.928,-4.064466464254408,2.6499763856933463,-4.083639082028051,2.6069319467768746,-4.069930825945947,2.6170323131783295,0
216.96,-4.078407479771812,2.649976796563914,-4.05307907265354,2.651591516463035,-4.071552368521232,2.6308562392570414,0
216.99200000000002,-4.0919007052489285,2.649977208424323,-4.115678143113806,2.6045145543318955,-4.097297254752429,2.6203198128704956,0
217.024,-4.1049608524666015,2.649977626473024,-4.101680159688102,2.6858237522949966,-4.106885923191552,2.646521641700452,0
217.056,-4.11760208046856,2.649978054179509,-4.112921778356524,2.7075193185733264,-4.116885016895636,2.670920972666954,0
217.088,-4.129838030644171,2.649978493555613,-4.045729740867283,2.6552956224859057,-4.095764946544533,2.6646711008271105,0
217.12,-4.141681857014873,2.649978945414786,-4.137636944199131,2.674798807545805,-4.119620855422971,2.6687224599470407,0
217.15200000000002,-4.1531462526426575,2.6499794096110096,-4.171778115055788,2.6098896068311976,-4.147363467626058,2.6451896029829944,0
217.184,-4.1642434728985105,2.6499798852533814,-4.159399784208497,2.629625794440929,-4.158837586212571,2.638964370939106,0
217.216,-4.174985356177622,2.6499803708951446,-4.209372768496467,2.6647115808978707,-4.185498184450345,2.6492635523290167,0
217.248,-4.185383342526918,2.649980864697574,-4.216002487013979,2.6938976270881545,-4.203940186640617,2.6671174844138794,0
217.28,-4.195448490554221,2.6499813645699675,-4.219127501761788,2.6758708531537794,-4.2160557525155475,2.670619137487884,0
217.312,-4.205191492912349,2.6499818682873815,-4.2101099760796385,2.645611403845065,-4.219524830925073,2.6606163515769543,0
217.344,-4.214622690591451,2.6499823735879198,-4.2312973435226375,2.6555026181842147,-4.229894159302278,2.6585711663107467,0
217.376,-4.223752086205568,2.649982878251389,-4.225413510613904,2.633080095458928,-4.2335811441692615,2.6483750452317434,0
217.40800000000002,-4.23258935642205,2.6499833801611428,-4.250119676085379,2.6800424776284437,-4.245500516881879,2.6610423233327434,0
217.44,-4.241143863652953,2.6499838773508917,-4.248949666628324,2.6513539727366373,-4.252014461138143,2.6571672849353902,0
217.472,-4.249424667104287,2.649984368038223,-4.249846208535958,2.641893806958982,-4.256117197915839,2.651058191228055,0
217.504,-4.257440533260558,2.649984850646527,-4.274891678602961,2.616170555899529,-4.268438036582758,2.6371034293004865,0
217.536,-4.265199945867483,2.6499853238169764,-4.294523796443301,2.651618269940648,-4.2835294822886585,2.642909651698716,0
217.568,-4.272711115464249,2.6499857864121297,-4.311923539649678,2.6116160211201724,-4.299395266272554,2.6303924789041084,0
217.6,-4.279981988507542,2.64998623751265,-4.288114594083428,2.687202513791293,-4.299246943980032,2.6531167650809566,0
217.632,-4.287020256122307,2.6499866764085334,-4.264990905959189,2.6177656921905204,-4.289768874592326,2.638976600549284,0
217.66400000000002,-4.29383336250845,2.649987102586116,-4.278026621987798,2.6724100210103474,-4.289161184632907,2.652350225495438,0
217.696,-4.300428513028077,2.64998751571202,-4.2799752117074386,2.6252953479371293,-4.289445194902488,2.641528523212121,0
217.728,-4.306812681994214,2.6499879156150508,-4.288509787216106,2.622897043913784,-4.292902804377736,2.6340761721465995,0
217.76,-4.312992620178987,2.6499883022669324,-4.279328230956899,2.678096164224379,-4.291182171515077,2.651684401563079,0
217.792,-4.318974862056888,2.6499886757626325,-4.341572421366636,2.6883973786077626,-4.3149288131482635,2.6663698169856023,0
217.824,-4.324765732796841,2.6499890363008984,-4.295593423011181,2.6542523943572203,-4.3106703397419786,2.6615230647040065,0
217.856,-4.330371355015231,2.649989384165497,-4.372131490033787,2.708972281976663,-4.338619297789088,2.6805029607405833,0
217.888,-4.335797655300786,2.649989719707548,-4.375221613096322,2.5822652944027897,-4.35651709389582,2.6412080959197466,0
217.92000000000002,-4.3410503705211845,2.6499900433292276,-4.315551178051765,2.6421878799786964,-4.343283412576597,2.6416002041002082,0
217.952,-4.346135053920378,2.6499903554690345,-4.367420358643876,2.665704591701972,-4.355990023889717,2.651242146814538,0
217.984,-4.351057081014918,2.649990656588724,-4.395957954049651,2.635806766151383,-4.374931402918672,2.6450681756246284,0
218.016,-4.355967682017638,2.649990929541927,-4.341976787647913,2.64563517487982,-4.364703763775202,2.6452951587992075,0
218.048,-4.356312682916578,2.658948432445794,-4.372482353341207,2.6805663985558694,-4.367814841873921,2.659403654712483,0
218.08,-4.35631131074719,2.6685612246913673,-4.34843225615214,2.725759363555791,-4.360061978434815,2.6859459382431883,0
218.112,-4.356251146657399,2.678262235472948,-4.403196268403086,2.70239646773951,-4.37731591752797,2.6925261500345083,0
218.144,-4.356188946226485,2.6879586152783026,-4.38384729075924,2.7089620349845225,-4.379928652931506,2.699100504010145,0
218.17600000000002,-4.356136156719856,2.6976374390595947,-4.3387710210230335,2.7394152034153234,-4.363465735395627,2.715226383770215,0
218.208,-4.356093547024717,2.707299873094135,-4.399468952379331,2.696988201669444,-4.377867107438664,2.707931110929325,0
218.24,-4.356059645409264,2.7169489807618272,-4.363211531477305,2.67460345613778,-4.372004916334436,2.694600049012723,0
218.272,-4.356032769718964,2.7265875715820562,-4.370283183443247,2.7296495322591534,-4.371316220846311,2.708619842311279,0
218.304,-4.356011462743556,2.736217922099016,-4.340286075406301,2.706476215992001,-4.358904122637551,2.7077623917830502,0
218.336,-4.355994542358948,2.7458418262265885,-4.374238314674706,2.705890585988231,-4.365037724974072,2.707013669463748,0
218.368,-4.355981067717351,2.755460687034479,-4.322745423942967,2.7879687012945045,-4.348120698255937,2.73939568219354,0
218.4,-4.355970294382918,2.7650755992730582,-4.404325994775854,2.7591513336471154,-4.3706026808223335,2.747297942771095,0
218.43200000000002,-4.3559616345006065,2.774687416370553,-4.344584306072392,2.7090996549292576,-4.360195166848628,2.7320186276289293,0
218.464,-4.355954624322044,2.784296803488266,-4.366975303210165,2.741650514829483,-4.362907030738091,2.735871382502004,0
218.496,-4.355948898343633,2.793904279193728,-4.414121897280974,2.790833670422765,-4.383392761431163,2.757856297661314,0
218.528,-4.35594416883799,2.8035102480606082,-4.357912237474986,2.830944467371135,-4.373200311918619,2.7870915655343014,0
218.56,-4.355940209669159,2.8131150260964297,-4.335454852979159,2.7921666237428564,-4.358101865682279,2.78912158880477,0
218.592,-4.355936843486214,2.822718860527414,-4.343417171779546,2.808755271767008,-4.352227704056345,2.7969750619746696,0
218.624,-4.3559339315783285,2.832321945160237,-4.354492096615517,2.8115479078709615,-4.353133157005787,2.802804200316155,0
218.656,-4.355931365828316,2.841924432288633,-4.37968641505194,2.8521642616972973,-4.363754137606529,2.822548224849589,0
218.68800000000002,-4.355929062323214,2.8515264419096193,-4.340416676427453,2.8768981107357177,-4.354418813501377,2.8442881791831036,0
218.72,-4.355926956275588,2.8611280688511385,-4.356322555943797,2.834791112330952,-4.355179955401612,2.8404893524195005,0
218.752,-4.35592499798348,2.87072938828275,-4.358053923268656,2.8443384948219212,-4.356329173624591,2.8420290093560547,0
218.784,-4.35592314961486,2.880330459977537,-4.358863742904149,2.8499189424626294,-4.357342620161805,2.8451849825727535,0
218.816,-4.355921382647736,2.8899313316115123,-4.3252840421272705,2.9185510865051256,-4.344518797095971,2.8745314241184223,0
218.848,-4.355919675832509,2.8995320413223005,-4.345941624416704,2.950820487685457,-4.345087527023546,2.905047049516784,0
218.88,-4.355918013570936,2.909132619698311,-4.37883098996557,2.8865353248544117,-4.358584503515841,2.8976423596223913,0
218.912,-4.355916384627905,2.9187330913301426,-4.391868550832709,2.917284595837834,-4.371897707459333,2.90549925407831,0
218.94400000000002,-4.355914781109358,2.9283334760253,-4.380786764292185,2.9105178932874862,-4.3754529102030375,2.907506709731079,0
218.976,-4.355913197653263,2.9379337897635867,-4.335685307918988,2.9532891007531856,-4.359545445484693,2.9258196661085383,0
219.008,-4.355911630791226,2.9475340454522847,-4.369506395920682,2.9428911397684225,-4.3635293991224495,2.932648255540776,0
219.04,-4.355910078446812,2.957134253526222,-4.361278713872265,2.978656511996586,-4.362628696726917,2.9510515580911867,0
219.072,-4.355908539543364,2.9667344224271344,-4.3451384866143705,2.9574190694201685,-4.355632183490442,2.9535985625907886,0
219.104,-4.3559070136994915,2.9763345589885852,-4.340558279343623,2.9564505147638376,-4.349602192499194,2.954739343428045,0
219.136,-4.355905500994646,2.98593466874653,-4.369778734721519,3.020649132377245,-4.357672380565955,2.981103258975879,0
219.168,-4.355904001790633,2.9955347561909167,-4.369225605164847,2.980798175932902,-4.362293242647551,2.980981225727035,0
219.20000000000002,-4.3559025165976655,3.005134824970193,-4.373967974187273,3.0554327397203473,-4.36696270903315,3.010761831292961,0
219.232,-4.355901045975727,3.014734878057906,-4.342703831019301,3.028423584852173,-4.3572587335060735,3.017826532685551,0
219.264,-4.355899590463831,3.024334917888552,-4.381694412410856,2.99726201368806,-4.367032582962424,3.009600725055802,0
219.296,-4.355898150531174,3.033934946468318,-4.353456471968688,3.011596561213849,-4.361601718917462,3.01039905948864,0
219.328,-4.355896726545326,3.0435349654651795,-4.335800076898387,3.0349048791795243,-4.351280645106196,3.020201387335005,0
219.36,-4.3558953187535545,3.053134976281933,-4.336781798407341,3.011274285793246,-4.345480692204679,3.01663054668872,0
219.392,-4.355893927274155,3.06273498011506,-4.353562779682511,3.0492569516137813,-4.348713115853461,3.029681108629579,0
219.424,-4.355892552095236,3.072334978001791,-4.403954526394085,3.1045577460710088,-4.370809271672559,3.059631763577406,0
219.45600000000002,-4.355891193078951,3.081934970857319,-4.342076662887798,3.091193145769685,-4.35931582274667,3.0722563164259946,0
219.488,-4.3558898499695635,3.0915349595037958,-4.365364051476988,3.0724604285396055,-4.36173471183237,3.0723379612435364,0
219.52,-4.3558885224040695,3.101134944692466,-4.4086845022720444,3.1172190396857378,-4.380514228613385,3.090290392592932,0
219.552,-4.355887209924368,3.1107349271201072,-4.34266007990853,3.118008006666952,-4.365372172744168,3.101377438195468,0
219.584,-4.3558859119902005,3.1203349074407503,-4.3425054373371506,3.14729705566968,-4.356225085191187,3.119745285158489,0
219.616,-4.355884627992271,3.1299348862735266,-4.330059462448934,3.128259095761709,-4.345758445686941,3.1231508093735165,0
219.648,-4.355883357265092,3.139534864207371,-4.389131083602003,3.167397282012237,-4.363107113412295,3.140849398403142,0
219.68,-4.355882099099219,3.149134841803197,-4.361749919076748,3.1857505337407366,-4.362563851187199,3.15880985251271,0
219.71200000000002,-4.355880852752668,3.1587348195941,-4.363278929830415,3.1782101716874065,-4.3628495010862895,3.1665699801575062,0
219.744,-4.355879617461343,3.1683347980840484,-4.339655500602124,3.231355479305413,-4.3535715222496485,3.1924841797919687,0
219.776,-4.35587839244841,3.177934777745476,-4.391391313356842,3.1238532860116552,-4.368699062946323,3.1650318222555196,0
219.808,-4.355877176932561,3.1875347590161356,-4.3448688630285215,3.1829049086903725,-4.359166610109263,3.172181056805508,0
219.84,-4.355875970135189,3.1971347422955136,-4.254284237971872,3.164390056288528,-4.3172132912366425,3.1690646565751277,0
219.872,-4.355874771286516,3.2067347279410803,-4.296334289871007,3.247067562820929,-4.3088613234958615,3.2002658190502173,0
219.904,-4.355873579630707,3.2163347162645963,-4.335743045130254,3.260882755645554,-4.319613647742103,3.2245125936654713,0
219.936,-4.355872394430084,3.225934707528677,-4.331383185556758,3.1943129037936338,-4.324321101202434,3.2124327176941962,0
219.96800000000002,-4.355871214968495,3.235534701943775,-4.283020228062423,3.225837485037718,-4.30780039296706,3.2177946246093954,0
220.0,-4.35587004055395,3.2451346996657113,-4.324900178648003,3.2619523307170364,-4.314639950877797,3.235457707030561,0
220.032,-4.355868870520617,3.2547347007938736,-4.355104507356056,3.238186358152924,-4.330825419642503,3.236549167457921,0
220.064,-4.35586770423028,3.264334705370151,-4.370711122731821,3.312698265934978,-4.346779349488321,3.267008806827449,0
220.096,-4.355866537460232,3.273934713357665,-4.290102051143613,3.2365655955542794,-4.324108078760529,3.2548315222970263,0
220.12800000000001,-4.344353393737522,3.2808858341824387,-4.382976614451426,3.3131212671934795,-4.336135545699787,3.278151444335892,0
220.16,-4.3257097873238335,3.281384826276085,-4.3245417689646795,3.3368097794086222,-4.319978055849889,3.301621455594017,0
220.192,-4.306391825260421,3.2813575821916965,-4.330567490612515,3.280450933792625,-4.312693847579497,3.293163256318908,0
220.22400000000002,-4.286978702423775,3.2812777053871405,-4.255964634179757,3.331253408746191,-4.278482178760422,3.3084125229848764,0
220.256,-4.267581209263819,3.281212508513944,-4.309658700052949,3.2974466323864284,-4.279432803957756,3.304042158126319,0
220.288,-4.248218232406548,3.2811687053105154,-4.231830941819706,3.337629433683691,-4.248872076872928,3.3174953397246414,0
220.32,-4.228887963522712,3.2811431931980697,-4.2220973696581545,3.3264194942491296,-4.226642213283454,3.3210850513731467,0
220.352,-4.209584839313812,3.2811320327983733,-4.170639874531698,3.2989639703403624,-4.192721298654718,3.3122580081642132,0
220.38400000000001,-4.190303446882403,3.281131936702216,-4.191209865359616,3.362162595417255,-4.180596747627018,3.332242222635807,0
220.416,-4.171039265321715,3.2811403919593074,-4.143996551620858,3.3036629169817227,-4.154436692718268,3.3208336167386867,0
220.448,-4.151788669373917,3.281155541081097,-4.173071279344851,3.288634077184712,-4.150370551881744,3.307977486626761,0
220.48000000000002,-4.132548787387389,3.281176033815482,-4.151403875479875,3.2746324983439625,-4.139263906733664,3.2946636476899998,0
220.512,-4.113317353145116,3.2812008925735174,-4.15369948376788,3.279156486881843,-4.133518163803967,3.2884853602414026,0
220.544,-4.094092580095791,3.281229400924295,-4.129035037996335,3.334329939608564,-4.120204940569955,3.3068481681805064,0
220.576,-4.074873060078889,3.281261016494309,-4.074555713773618,3.278720767947659,-4.090425277781535,3.29562257489435,0
220.608,-4.055657683055648,3.2812953067416974,-4.041765590890492,3.2817408366139333,-4.059441431802878,3.2900956284073475,0
220.64000000000001,-4.036445573801436,3.2813319046841265,-4.091199601826472,3.3303444764592443,-4.060624729425088,3.306221281990601,0
220.672,-4.017236042050927,3.281370480984117,-4.039498029612899,3.3357617681278233,-4.040654079905388,3.318063928001655,0
220.704,-3.9980285432563583,3.281410728613933,-3.9927657077409555,3.2663388829371156,-4.009978762160324,3.297400657817935,0
220.73600000000002,-3.978822647705934,3.281452356502035,-3.9471158450186596,3.283576354354946,-3.9733136270303913,3.291897928768786,0
220.768,-3.959618016223861,3.281495088989724,-3.91988206145808,3.34459845581855,-3.9404210329984712,3.313005316901129,0
220.8,-3.9404143810489316,3.2815386684954984,-3.9412563195760177,3.2873728169814616,-3.929235180144362,3.3027796158133116,0
220.832,-3.9212115307845803,3.281582859406124,-3.91085290094143,3.2682659164771537,-3.910362301137875,3.2890014930930898,0
220.864,-3.9020092985474832,3.2816274518170734,-3.9072365338535677,3.280611282789307,-3.8975920269056763,3.2856727641003434,0
220.89600000000002,-3.882807552627503,3.2816722642812564,-3.8478194372474084,3.2769535001751553,-3.8661630235919295,3.282212357896422,0
220.928,-3.8636061891192353,3.281717145164589,-3.9010117390745727,3.307965499848476,-3.8685825420845896,3.2925408124400213,0
220.96,-3.8444051261022545,3.281761972538171,-3.8257148050830434,3.294907544706214,-3.839915479240282,3.293514564758693,0
220.99200000000002,-3.8252042990392994,3.281806652761758,-3.8507983823377665,3.22572083945326,-3.8327486720248403,3.26642396835031,0
221.024,-3.806003657133928,3.281851118043498,-3.8203852061366566,3.2620681467488675,-3.8162833167618526,3.264708349469112,0
221.056,-3.7868031604455474,3.2818953233140578,-3.81238104456522,3.2390576359381202,-3.8032024385020837,3.2544745799371335,0
221.088,-3.7676027776035235,3.281939242748908,-3.740841450655244,3.290201866250885,-3.7667380735076685,3.2687918138179874,0
221.12,-3.748402483996052,3.2819828662300847,-3.7280275784948835,3.2654276273230685,-3.739733905186298,3.2674722654804005,0
221.15200000000002,-3.729202260335795,3.2820261959752717,-3.7252509389689625,3.294044389779617,-3.7224207479479037,3.2781270566374543,0
221.184,-3.710002091524781,3.282069243491476,-3.6978038080115203,3.2880497750675888,-3.70105400082003,3.2821219125582513,0
221.216,-3.6908019657570725,3.2821120269431,-3.7273156629013546,3.2810288051880554,-3.700038694135773,3.281710279799837,0
221.248,-3.671601873810267,3.282154568966451,-3.61892093740119,3.2527360118601965,-3.6560716196027627,3.270146040655026,0
221.28,-3.652401808486831,3.282196894918216,-3.689267023811818,3.2642139266961716,-3.6578298091667367,3.267798538043847,0
221.312,-3.633201764174157,3.2822390315150254,-3.6439725238143885,3.315246549708065,-3.640766922667077,3.2868029779982737,0
221.344,-3.6140017364985333,3.282281005804159,-3.5706849727461822,3.289300279124664,-3.6012141701408193,3.287827043211437,0
221.376,-3.5948017220532638,3.2823228443995083,-3.579208856199263,3.273911189245232,-3.5808920718448243,3.2822857724200896,0
221.40800000000002,-3.5756017181852227,3.2823645729195654,-3.6364414207944287,3.2868981936342507,-3.591591838578882,3.284155753402217,0
221.44,-3.5564017228273963,3.282406215572568,-3.5793270636487744,3.28939210953214,-3.5751659556667557,3.286275264610855,0
221.472,-3.537201734367564,3.282447794845433,-3.572681487548734,3.2555828419862394,-3.562652195414133,3.2740232338619624,0
221.504,-3.5180017515453823,3.282489331265581,-3.516759003407451,3.2728873630289814,-3.532774945566415,3.273593805262111,0
221.536,-3.498801773371788,3.282530843216501,-3.489485449415346,3.2695635817890585,-3.5039391740436736,3.2720066274458928,0
221.568,-3.4796017990659815,3.282572346797785,-3.4798651808292425,3.292444201574087,-3.482789603697316,3.2802065693840303,0
221.6,-3.4604018280062765,3.282613855727787,-3.460747392103564,3.2603220982021313,-3.4624527460166057,3.272277701232329,0
221.632,-3.441201859691939,3.28265538129176,-3.4945065290750246,3.225236997054152,-3.463754286226493,3.2534863536939147,0
221.66400000000002,-3.4220018937137615,3.2826969323404667,-3.4014557581810156,3.3060952633453846,-3.4273149020337237,3.274554869778001,0
221.696,-3.402801929731606,3.2827385153441586,-3.3757941570814016,3.257205186047628,-3.3951866311232766,3.2676399694574103,0
221.728,-3.383601967457526,3.2827801345049976,-3.4114300710552543,3.293532011094983,-3.3901640342149815,3.278021781778177,0
221.76,-3.3644020066433433,3.282821791927985,-3.3481608258583573,3.2359278613158486,-3.3618427780405495,3.2612092321286363,0
221.792,-3.3452020470717727,3.282863487846843,-3.3707719608780033,3.290558364903661,-3.35389447839177,3.2729739260157333,0
221.824,-3.3260020885503354,3.282905220897551,-3.3394731117373007,3.3172734416687315,-3.3366059589911954,3.290718793852318,0
221.856,-3.306802130907415,3.282946988428867,-3.2906319610122274,3.2998548894046884,-3.306696387101407,3.294398312389608,0
221.888,-3.287602173989903,3.2829887868364036,-3.302886828439596,3.2364723114700653,-3.2936525909737795,3.271253008614406,0
221.92000000000002,-3.268402217661958,3.283030611905036,-3.2726190453170902,3.2732494948426876,-3.273719200077746,3.2720767133053394,0
221.952,-3.249202261804459,3.2830724591436415,-3.252631864842692,3.248228583042128,-3.25376429337411,3.2625625823227997,0
221.984,-3.2300023063148156,3.2831143240964895,-3.273836120790389,3.2722940528334123,-3.250273051749268,3.2664803000432263,0
222.016,-3.2108023511068424,3.2831562026169587,-3.2141904117944735,3.3115992198071242,-3.224320023189404,3.284553003623338,0
222.048,-3.191602396110489,3.2831980910915335,-3.2067731933706076,3.3031460483849915,-3.2057813186933584,3.292015361526892,0
222.08,-3.172402441271268,3.283239986605059,-3.1686201799078204,3.2871981348800543,-3.1793968906170664,3.2901136138271814,0
222.112,-3.1532024865493025,3.283281887041792,-3.156544510277672,3.254392504142348,-3.1587359659237997,3.2758503150076703,0
222.144,-3.134002531917955,3.283323791120618,-3.1496806434451474,3.3065178902760772,-3.143593864378584,3.2881424918909152,0
222.17600000000002,-3.1148025773620707,3.2833656983666826,-3.1538048134610035,3.2047039486100424,-3.136158271461711,3.254792223148766,0
222.208,-3.0956026228758895,3.283407609025374,-3.048180875770845,3.2977122764562012,-3.0894473406404104,3.271985395281558,0
222.24,-3.0764026684607324,3.2834495239278207,-3.1196398960428633,3.287845888616729,-3.0900043902628958,3.278354746384763,0
222.272,-3.057202714122572,3.283491444319698,-3.100916945778205,3.2362529450509396,-3.0828494399389044,3.261539183459913,0
222.304,-3.0380027598696158,3.2835333716669965,-3.0395304113324286,3.264672872518731,-3.0540018559765905,3.262817821451356,0
222.336,-3.0188028057100262,3.2835753074533685,-3.027401744276803,3.3070032566797427,-3.0318418387891803,3.2805171635095456,0
222.368,-2.9996028516498985,3.2836172529837424,-2.946954091195151,3.3351167687152183,-2.986366767257728,3.302382179807801,0
222.4,-2.9804028976915977,3.2836592092080297,-2.973702769448989,3.2892978573962828,-2.9697811956548588,3.297173631677266,0
222.43200000000002,-2.961202943832537,3.283701176577054,-2.9872865904763444,3.2252348728986147,-2.9652633811185978,3.2684233156375315,0
222.464,-2.9420029900644593,3.283743154940391,-2.877001706410746,3.3334142468518206,-2.918438738784319,3.2944448818630514,0
222.496,-2.922803036373246,3.283785143492796,-2.9120004608254475,3.3266817774645103,-2.904343455161677,3.307364839343797,0
222.528,-2.903603082739255,3.283827140772509,-2.9040859763595446,3.3134467556999367,-2.8927204912112767,3.3098228094830864,0
222.56,-2.8844031291381547,3.283869144711169,-2.8478997997464512,3.318631260963844,-2.8632722422021333,3.3133713965608784,0
222.592,-2.8652031755421836,3.2839111527315716,-2.8888311272226104,3.3129726439827243,-2.8619758237896895,3.3132371031887944,0
222.624,-2.846003221921747,3.2839531618863016,-2.8064793269744364,3.3307751282323177,-2.828257252641447,3.3202775201748773,0
222.656,-2.826803268247229,3.2839951690275515,-2.8402892218129168,3.29239181289584,-2.821550067882219,3.309148441639307,0
222.68800000000002,-2.8076033144908874,3.2840371709963785,-2.840750722806903,3.3013329189939125,-2.817710357414609,3.306047432541731,0
222.72,-2.7884033606286933,3.2840791648183743,-2.8131974635578207,3.3319069026740107,-2.804385227421176,3.3164164145113344,0
222.752,-2.7692034066419704,3.2841211478923276,-2.792618041478567,3.261157133587834,-2.788158380577276,3.2943378886858223,0
222.784,-2.750003452518721,3.2841631181589297,-2.7519536365188646,3.31951413239413,-2.7621565104688637,3.304433564398739,0
222.816,-2.7308034982545326,3.284205074237913,-2.7725092964112403,3.3028381876465542,-2.754777652341515,3.303820583123704,0
222.848,-2.7116035438529975,3.2842470155240964,-2.725244911447938,3.258671463536069,-2.7314445834605445,3.285786095910069,0
222.88,-2.692403589325617,3.284288942235524,-2.667370710151102,3.3452255972486324,-2.6942950615950805,3.309587048756849,0
222.912,-2.6732036346911894,3.2843308554100394,-2.66418674306236,3.3082189823277273,-2.6707317616242747,3.3090649671508157,0
222.94400000000002,-2.6540036799747315,3.284372756850015,-2.6507167105422025,3.306614554449297,-2.651205768620717,3.308109941069433,0
222.976,-2.634803725205995,3.2844146490183648,-2.639596693788568,3.339692523904646,-2.6350421661078585,3.320768108949154,0
223.008,-2.6156037704176844,3.284456534892166,-2.6075524567740618,3.257651446351925,-2.6125263097893106,3.295546576345454,0
223.04,-2.596403815643487,3.284498417783001,-2.595209338103183,3.2926103699256823,-2.59407954852928,3.294397225957605,0
223.072,-2.57720386091604,3.284540301135328,-2.5774826044735804,3.271041111169934,-2.5759207983253196,3.2850799140091897,0
223.104,-2.5580039062649598,3.2845821883156683,-2.5851444569074653,3.2568126036029463,-2.5680902891845427,3.273798127502741,0
223.136,-2.538803951715052,3.2846240824060216,-2.482699171575307,3.2948629227218564,-2.52241386957885,3.282249188582817,0
223.168,-2.5196039972848148,3.284665986014718,-2.4948537734622036,3.2800566267346882,-2.499869858584647,3.2813973134625702,0
223.20000000000002,-2.5004040429853216,3.284707901116823,-2.5641199981079827,3.2674116324725557,-2.514049941862761,3.2758281981669723,0
223.232,-2.481204088819557,3.2847498289343573,-2.493874940229904,3.272886254873769,-2.4944599686955353,3.274676585799878,0
223.264,-2.4620041347822457,3.284791769864052,-2.4914096585278203,3.3425305476931593,-2.4817198721312117,3.3018433432187546,0
223.296,-2.4428041808601977,3.284833723457332,-2.446882170056212,3.28366852840478,-2.456264818819445,3.294598597032746,0
223.328,-2.423604227033147,3.284875688453872,-2.377288273045081,3.3724941654337854,-2.4131542280410403,3.3257820101255966,0
223.36,-2.4044042732750417,3.284917662866613,-2.4356236444332606,3.2418432926162213,-2.4106220221391785,3.292231713382011,0
223.392,-2.3852043195557115,3.28495964411284,-2.364842572139847,3.3020049472966053,-2.380790269686781,3.296166199986521,0
223.424,-2.3660043658428056,3.2850016291829363,-2.328143053088282,3.280444801074775,-2.348211410596602,3.289902834319472,0
223.45600000000002,-2.346804412103879,3.285043614835995,-2.348017003791057,3.3172923006537496,-2.336613675421187,3.3008838136443694,0
223.488,-2.3276044583084925,3.2850855978097595,-2.285094537105068,3.263873374569062,-2.3044860476349998,3.286104827814663,0
223.52,-2.308404504430181,3.2851275750314115,-2.320472318535916,3.3149317319153586,-2.299360583525404,3.297660774582953,0
223.552,-2.289204550448163,3.285169543815692,-2.2790558321789014,3.255660759070279,-2.2797187105036216,3.2808859474627696,0
223.584,-2.270004596348671,3.2852115020376504,-2.2531639270907244,3.248078280257923,-2.257576824639942,3.26778805265079,0
223.616,-2.2508046421258174,3.2852534482689566,-2.25458504038153,3.2872557888311476,-2.2448601384216076,3.275600311667227,0
223.648,-2.2316046877819375,3.2852953818690565,-2.244501371333045,3.2688480585260695,-2.2331966590547356,3.2729245674120206,0
223.68,-2.2124047333273906,3.285337303025368,-2.1296157615704328,3.3177191622908038,-2.1802443275141403,3.290867555298187,0
223.71200000000002,-2.1932047787798434,3.285379212739991,-2.1998775607700525,3.2754101409522782,-2.1765776482562615,3.28470973336666,0
223.744,-2.174004824163081,3.285421112763836,-2.2010684727729433,3.269103643649392,-2.174854005492251,3.278492436498639,0
223.776,-2.1548048695054343,3.2854630054824727,-2.151481955325824,3.3504728471748337,-2.1539852128481676,3.3073097366538833,0
223.808,-2.1356049148379297,3.2855048937610825,-2.160447746564709,3.291127979452228,-2.1450502537545,3.300862168384298,0
223.84,-2.116404960192279,3.2855467807585317,-2.1352639273420593,3.3090862539297645,-2.1296157506107107,3.3041769378862673,0
223.872,-2.09720500559884,3.2855886697225696,-2.058459296949953,3.2690242970701426,-2.0896331965732204,3.2901410194225083,0
223.904,-2.078005051084668,3.285630563779352,-2.06658242998038,3.290708341210594,-2.0688929173723216,3.2903930903218357,0
223.936,-2.0588050966717892,3.2856724657308694,-2.021413032884937,3.238107363201738,-2.038380991026228,3.2695039474451555,0
223.96800000000002,-2.039605142375784,3.285714377873342,-2.0275810768935147,3.346075493428001,-2.022541052837017,3.3001577206911055,0
224.0,-2.0204051882047813,3.285756301848294,-2.049855457589174,3.3204961743500956,-2.021946842218197,3.308318264540473,0
224.032,-2.00120523415892,3.2857982385359272,-2.0262692009268313,3.2910093288388693,-2.012155813198784,3.301419860344959,0
224.064,-1.9820052802303125,3.2858401879976715,-1.9527708240642063,3.279671263475469,-1.976881845058191,3.292745599051866,0
224.096,-1.962805326403523,3.285882149471635,-1.976564063993546,3.3346454520367423,-1.9652347601599258,3.3095307242651097,0
224.12800000000001,-1.9436053726565305,3.285924121421253,-1.8975560806233798,3.25971192812089,-1.9266433158845757,3.2896283951628096,0
224.16,-1.9244054189621251,3.2859661016340054,-1.9729255707024862,3.2091030880120752,-1.9336362453592473,3.257443465421039,0
224.192,-1.9052054652896508,3.2860080873638267,-1.927439307162085,3.292813936702278,-1.9196374976321566,3.2716168489990896,0
224.22400000000002,-1.8860055116069845,3.2860500755080206,-1.8721179490827722,3.282826782734278,-1.8891097057641926,3.2761260175635423,0
224.256,-1.8668055578826241,3.2860920628072523,-1.8721380954205697,3.2955001211041712,-1.8708010891742948,3.2839008521118944,0
224.288,-1.8476056040877444,3.2861340460557025,-1.7925494722642832,3.253163898585891,-1.827980469949621,3.2716312600766146,0
224.32,-1.8284056501980832,3.2861760223078114,-1.842647959812352,3.2770266721928696,-1.8223274934223737,3.2738146089642552,0
224.352,-1.8092056961955283,3.2862179890682683,-1.7879062450191787,3.273198519691465,-1.79703902157439,3.27359335072871,0
224.38400000000001,-1.7900057420692974,3.286259944452986,-1.802345861839055,3.3165737767431374,-1.7876417851774187,3.2908106912299226,0
224.416,-1.7708057878166321,3.286301887310671,-1.7714303046010207,3.302453124033,-1.7696372204271658,3.2954928267332635,0
224.448,-1.7516058334429625,3.2863438172971646,-1.7554378017714212,3.29016494184122,-1.7524374804286813,3.29338682760707,0
224.48000000000002,-1.7324058789615335,3.2863857348977477,-1.7390537524012586,3.283082129748427,-1.7355640166664585,3.2892900963913085,0
224.512,-1.7132059243925255,3.286427641395994,-1.704960937475287,3.2894638527066,-1.711802812426064,3.2893847410357457,0
224.544,-1.694005969761731,3.286469538791169,-1.679107970668365,3.27005412651216,-1.6872049031495946,3.2816776330034,0
224.576,-1.6748060150988793,3.286511429669506,-1.6688456806989946,3.3329529962046025,-1.6683412415903163,3.302212913467926,0
224.608,-1.6556060604357223,3.2865533170376446,-1.6428430451227958,3.2617579922627877,-1.6466219904227983,3.286056079492481,0
224.64000000000001,-1.6364061058040005,3.286595204128957,-1.6066015064639512,3.254782761578594,-1.6190938242615491,3.2735718881157125,0
224.672,-1.6172061512334208,3.286637094195243,-1.604118282145393,3.36501553823827,-1.6015836348442676,3.3101744871130316,0
224.704,-1.5980061967497705,3.2866789902972,-1.57861898108894,3.3475099929170273,-1.580877800781859,3.3251338332165012,0
224.73600000000002,-1.5788062423732785,3.2867208951071736,-1.5609562133955417,3.238148608401652,-1.5613891932805708,3.2903648932688947,0
224.768,-1.5596062881173272,3.2867628107369025,-1.5230014557680422,3.3317513795771703,-1.5345141257444228,3.3069446449308497,0
224.8,-1.540406333987592,3.286804738601366,-1.5146575787451453,3.279859557057047,-1.515051534430305,3.296135774582945,0
224.832,-1.5212063799816644,3.286846679327526,-1.5375147207661612,3.2912329620196994,-1.5125168364669994,3.294199822031292,0
224.864,-1.502006426089184,3.286888632713863,-1.5027529124032932,3.2596997791131135,-1.4970912943595773,3.2804249845245494,0
224.89600000000002,-1.4828064722924799,3.2869305977433285,-1.5264368619391868,3.2771809171800457,-1.4973095489231265,3.279152543486095,0
224.928,-1.463606518567682,3.2869725726488963,-1.4486205841726938,3.270779197587531,-1.4663139905653577,3.2758283959149717,0
224.96,-1.4444065648862443,3.2870145550274907,-1.410293527869543,3.2981647536144534,-1.4323858330364971,3.2847881330074076,0
224.99200000000002,-1.4252066112167776,3.287056541994953,-1.456173845645214,3.3060113008169307,-1.4303810656324147,3.2933025954961783,0
225.024,-1.4060066575270824,3.287098530372045,-1.4461164177473504,3.2954636710854057,-1.4251552340294973,3.2941922204904417,0
225.056,-1.3868067037862453,3.28714051688949,-1.4108575983677958,3.337068298403415,-1.4079162073104006,3.3113678438887297,0
225.088,-1.3676067499666569,3.287182498398819,-1.3032371887845131,3.31770117012131,-1.3545246274362621,3.313926362333677,0
225.12,-1.348406796045819,3.287224472075417,-1.4004867063526438,3.2819383064041254,-1.3613894865264289,3.301156322153467,0
225.15200000000002,-1.3292068420078134,3.2872664356006673,-1.3218792444231926,3.253724850585303,-1.3340654171937283,3.2822089088503525,0
225.184,-1.310006887844335,3.2873083873114566,-1.315784417605666,3.3070529682838226,-1.315233044850633,3.292171700416632,0
225.216,-1.2908069335552206,3.2873503263073975,-1.2903648057950894,3.2873042575557445,-1.2937657767037019,3.2902498833562692,0
225.24800000000002,-1.2716069791484403,3.287392252508873,-1.2704216654078158,3.231375360745335,-1.2729081596444987,3.2667252270069693,0
225.28,-1.252407024639558,3.2874341666621607,-1.266730117022327,3.286999392132877,-1.2589169700403957,3.2748600391604774,0
225.312,-1.233207070050701,3.2874760702913246,-1.1990302861135156,3.2585329675321373,-1.2234423239026992,3.2683543512429862,0
225.344,-1.2140071154091125,3.2875179655999753,-1.1935648002013974,3.2622104090989557,-1.1999713418469522,3.2659219113193783,0
225.376,-1.1948071607453867,3.2875598553292322,-1.2043162493407753,3.348044087499674,-1.1901893322649335,3.298795916740782,0
225.40800000000002,-1.1756072060915004,3.28760174258104,-1.157638150549781,3.3012897291264856,-1.1656488869992405,3.2998185766034016,0
225.44,-1.1564072514787684,3.287643630618219,-1.166749103607383,3.292048998837614,-1.1545690010670249,3.29673588231158,0
225.472,-1.1372072969358504,3.287685522654125,-1.1901032127478148,3.30100580397921,-1.1572627131720055,3.2984689915241665,0
225.504,-1.1180073424869301,3.2877274216454717,-1.030576683127158,3.293011606413129,-1.0950683285983254,3.2963111833413157,0
225.536,-1.0988073881501783,3.2877693301016673,-1.130216911947363,3.327048346787218,-1.0976077893965077,3.308631201140134,0
225.568,-1.0796074339365929,3.287811249922955,-1.0794385616507487,3.266987968711162,-1.0788201257728767,3.291999067968452,0
225.6,-1.0604074798492864,3.2878531822778014,-1.0377257204860189,3.3125194183274504,-1.0508623911496737,3.3002323756367087,0
225.632,-1.0412075258832707,3.2878951275274546,-1.0203243271978912,3.2828148723284176,-1.0271271930770456,3.2932905494105187,0
225.66400000000002,-1.0220075720257533,3.287937085202544,-1.0289314463976877,3.266434929537871,-1.016328921928543,3.2825734834909808,0
225.696,-1.002807618256934,3.287979054033256,-1.0082096428230078,3.292822778957205,-1.0015612378223573,3.2866983895527517,0
225.728,-0.9836076645512577,3.2880210320311467,-0.9512067525294826,3.2639012538029166,-0.9698994712508288,3.277604727510715,0
225.76,-0.9644077108790465,3.2880630166173233,-0.936246611674999,3.3154183382910154,-0.9449183549718954,3.292755366718028,0
225.792,-0.9452077572084138,3.2881050047887297,-0.9587279482322655,3.2741570464378276,-0.9389222198290285,3.2853412342234805,0
225.824,-0.9260078035073315,3.288146993311808,-0.9414363532133098,3.2602904825486543,-0.9284079007330188,3.275346127932311,0
225.856,-0.9068078497457185,3.2881889789310375,-0.968314465642715,3.2936485218435423,-0.9328505542403501,3.2826922767559985,0
225.888,-0.8876078958974074,3.2882309585788914,-0.9100933015575574,3.3093660464989685,-0.9122276807001859,3.293386971113618,0
225.92000000000002,-0.8684079419418557,3.288272929573668,-0.8192730738965032,3.295536681850558,-0.8635258654981721,3.2942720357007507,0
225.952,-0.8492079878654861,3.2883148897924284,-0.8023552008199935,3.3230681676581817,-0.8275376271307476,3.305815661636883,0
225.984,-0.8300080336625651,3.2883568378078962,-0.8764913722276657,3.308001564793508,-0.8355991526566415,3.306715188403194,0
226.016,-0.810808079335562,3.2883987729804964,-0.7857092530117035,3.2961461219042354,-0.804123220269046,3.3025127196412183,0
226.048,-0.7916081248949677,3.2884406954996046,-0.8539711771238014,3.3415199499403507,-0.8125424304656352,3.318140762410704,0
226.08,-0.7724081703585924,3.2884826063713586,-0.739859883089182,3.2847980946360322,-0.7719494389561141,3.304828839705204,0
226.112,-0.7532082157503923,3.2885245073538263,-0.7036018208310895,3.326783992504752,-0.7330904191364802,3.31363604032955,0
226.144,-0.7340082610989076,3.2885664008437088,-0.752754848918967,3.2645995754386576,-0.729436218472796,3.294046590640084,0
226.17600000000002,-0.7148083064354184,3.2886082897218794,-0.6813282770283492,3.2782553071948937,-0.6986730693153659,3.2877552121629163,0
226.208,-0.6956083517919373,3.2886501771677104,-0.7007305681625972,3.269443596421956,-0.6879760962759078,3.2804557013619124,0
226.24,-0.6764083971991662,3.2886920664541455,-0.7242202767599468,3.3054144582493303,-0.6909537958966645,3.290464342129594,0
226.272,-0.657208442684544,3.288733960736711,-0.6868990239695532,3.2467435381259433,-0.6778119145622923,3.273001162819467,0
226.304,-0.6380084882705038,3.2887758628500694,-0.6143566275473302,3.2930406034844566,-0.6409098272053537,3.281042087141547,0
226.336,-0.6188085339730462,3.2888177751252163,-0.5627769692453797,3.2904020055926884,-0.5981367114854209,3.2848112094579567,0
226.368,-0.5996085798007148,3.2888596992391186,-0.595854052230681,3.299003707633836,-0.5857036752640663,3.2905133712162904,0
226.4,-0.5804086257540382,3.288901636106492,-0.5538001690360914,3.277391603412968,-0.5614223002703171,3.2852898343207886,0
226.43200000000002,-0.5612086718254771,3.288943585820714,-0.5301547677298157,3.268290238461247,-0.5373953147677837,3.2785151736280773,0
226.464,-0.5420087179998837,3.2889855476476946,-0.5559240984401032,3.264892480792647,-0.5332868557648858,3.2730912807794583,0
226.496,-0.5228087642554503,3.289027520073123,-0.5208362485608862,3.3096089589704727,-0.5167866404233111,3.2877235417577246,0
226.528,-0.5036088105650939,3.2890695009000472,-0.50859393046509,3.2884042974525394,-0.5019895839884758,3.2880210375869026,0
226.56,-0.4844088568981918,3.289111487390505,-0.4800111417007615,3.2620646266254303,-0.481678234626302,3.277663668788286,0
226.592,-0.46520890322255987,3.289153476442071,-0.47604491277743444,3.2442997130383393,-0.4679049334398676,3.2643432821635874,0
226.624,-0.44600894950654335,3.2891954647879276,-0.4588937192830124,3.306468481073112,-0.4527804753261677,3.28121855554128,0
226.656,-0.4268089957210831,3.2892374492075493,-0.4693296171057651,3.267825027054796,-0.4478801595789715,3.2758863342689684,0
226.68800000000002,-0.40760904184161584,3.2892794267344043,-0.4557570077098583,3.302883688309401,-0.4395109263607313,3.2867104607241475,0
226.72,-0.3884090878496804,3.2893213948472715,-0.3343150772524775,3.2861042903534776,-0.3859126142325426,3.286493170881108,0
226.752,-0.36920913373411995,3.2893633516328347,-0.35665801818421244,3.251675254318008,-0.3626908033122249,3.27259117519864,0
226.784,-0.3500091794917995,3.2894052959090714,-0.369809986472509,3.249204230322921,-0.3540185040584904,3.2632615604752715,0
226.816,-0.33080922512779387,3.2894472273014856,-0.30416267887639303,3.3145264158720074,-0.3225562014512666,3.283792658289715,0
226.848,-0.3116092706550367,3.2894891462672797,-0.3175989864407703,3.282375728763753,-0.30905334289753955,3.283251035197395,0
226.88,-0.29240931609345966,3.289531054065914,-0.25516666450223924,3.295189605270459,-0.2759786989771158,3.288051606088472,0
226.912,-0.2732093614686847,3.289572952677958,-0.21150052981396494,3.2950145782289115,-0.2386674587399672,3.2908619334100635,0
226.94400000000002,-0.2540094068103591,3.289614844677461,-0.23201188682581578,3.293184235069514,-0.22448525739664024,3.291815989886824,0
226.976,-0.2348094521502441,3.28965673306607,-0.22661175947003062,3.286823528979493,-0.2138158856467296,3.2898441406002483,0
227.008,-0.21560949752018066,3.2896986210795696,-0.2249992188043528,3.267125242639584,-0.20676924633319266,3.280781717719844,0
227.04,-0.19640954295006047,3.2897405119793155,-0.21167106692390705,3.3399606164601585,-0.19721000199968294,3.3044784166331445,0
227.072,-0.17720958846592635,3.289782408841984,-0.15321568936642416,3.3250146555368545,-0.16809230438705075,3.312718056411007,0
227.104,-0.15800963408831825,3.2898243143611907,-0.21648477872237792,3.303030234945075,-0.17592932157532593,3.3088680782174613,0
227.136,-0.13880967983096487,3.2898662306737654,-0.10844207303609164,3.274531660146998,-0.13741444962939228,3.295158668538301,0
227.168,-0.11960972569990101,3.2899081592218873,-0.15429347639383437,3.3383778534804414,-0.13264608782168563,3.312471507739412,0
227.20000000000002,-0.10040977169306749,3.2899501006599845,-0.1221968440746863,3.270358920668997,-0.11694641782622242,3.295651645835517,0
227.232,-0.08120981780042137,3.2899920548124144,-0.17321319051923695,3.321632373799293,-0.12793315442256528,3.3060691171742063,0
227.264,-0.062009864004555604,3.290034020684674,-0.09698042393567684,3.325924695926634,-0.10403208976070866,3.314036535120588,0
227.296,-0.04280991028179451,3.290075996527429,-0.03198800609620552,3.3001149167437016,-0.0636944838386398,3.3084930791655935,0
227.328,-0.02360995660370178,3.2901179799492475,0.008302576808323702,3.286602758412382,-0.02337568713079119,3.2997621455498294,0
227.36,-0.004410002938907545,3.2901599680707716,-0.008593065475640411,3.2739384783768335,-0.005942666022775954,3.289457874783688,0
227.392,0.014789950744861297,3.2902019577103827,0.04760821474874399,3.2999312326897066,0.026997658732976333,3.293672413503547,0
227.424,0.03398990447868093,3.2902439455893795,0.06098761647319236,3.3524847186211693,0.0521136142816168,3.3172225286349786,0
227.45600000000002,0.053189858290400446,3.2902859285434314,0.03513517617985464,3.271510444494909,0.05684221150274478,3.298962883822779,0
227.488,0.07238981220282041,3.290327903726657,0.10567619539855697,3.297408618975371,0.087895777535448,3.2983663609935663,0
227.52,0.09158976623220316,3.2903698687951675,0.09421821833543542,3.3043098902314694,0.10194472634481974,3.300768948941159,0
227.552,0.11078972038721675,3.2904118220582323,0.13406954113722938,3.314010823953538,0.12631462476763985,3.306090867660723,0
227.584,0.12998967466838168,3.290453762587329,0.14969399922775783,3.266177566682698,0.1471863470744375,3.2901507082524484,0
227.616,0.14918962906805544,3.2904956902760483,0.13994751866681562,3.271121270520446,0.15581078825035657,3.28256408671624,0
227.648,0.16838958357095027,3.290537605847,0.1913767331330838,3.2589927816468216,0.18155713875690965,3.273160711603598,0
227.68,0.18758953815514506,3.2905795108052844,0.23676605218178387,3.2713815104899684,0.21516067669215935,3.27247417264567,0
227.71200000000002,0.2067894927935188,3.2906214073415248,0.16880400104735882,3.304041946730196,0.20813797900795897,3.2851264199040413,0
227.744,0.2259894474555078,3.2906632981907156,0.20114018450843218,3.2919358618423025,0.21685883378632867,3.287875332255529,0
227.776,0.2451894021090715,3.290705186455975,0.23889907655572837,3.3199652496685355,0.2371949034724834,3.300736434696102,0
227.808,0.26438935672274055,3.290747075408549,0.24089999325384262,3.30277365402201,0.2501969119593755,3.3015764597560198,0
227.84,0.28358931126761977,3.2907889682769498,0.25974851655363324,3.2890555493286233,0.2655375263633777,3.296593236605183,0
227.872,0.3027892657192233,3.290830868038816,0.3122057425018281,3.3132368194645916,0.2957247853735194,3.3032758160589824,0
227.904,0.3219892200590308,3.290872777228895,0.3209995086059591,3.2631454097934105,0.31735464720696954,3.287248806411852,0
227.936,0.34118917427566925,3.290914697775539,0.346338102862844,3.3322797165598126,0.3404680019936722,3.3052863307169082,0
227.96800000000002,0.3603891283656483,3.2909566308762632,0.3102934834876988,3.2803130277932877,0.33991816709871525,3.2953221775422956,0
228.0,0.3795890823336007,3.290998576920396,0.40605254966860455,3.289944213091636,0.3778918926174718,3.2931961673690857,0
228.032,0.39878903619200873,3.2910405354638383,0.4168716850829163,3.2536717057855347,0.4050037820791792,3.2774115653280065,0
228.064,0.4179889899604277,3.291082505257569,0.4448939888652554,3.285355125152612,0.432479837256214,3.2806141777587303,0
228.096,0.43718894366425054,3.2911244843280785,0.422075178548458,3.3275165141879532,0.43983794622597217,3.299400305282666,0
228.12800000000001,0.4563888973330857,3.291166470104552,0.4521868408227303,3.305399305435666,0.45629747651160457,3.301825101003808,0
228.16,0.4755888509988501,3.2912084595846074,0.5057760141783653,3.249491737918066,0.48760886402350334,3.280916952219405,0
228.192,0.4947888046936997,3.2912504495278903,0.49582877223480837,3.285500723374619,0.5024167997557943,3.28277565595318,0
228.22400000000002,0.5139887584479339,3.2912924366650436,0.5025678634024316,3.2850095560041397,0.5139971976689346,3.2836944081753945,0
228.256,0.5331887122880157,3.291334417908559,0.5229739614270097,3.3472535700574646,0.5291078756370721,3.3091432603670374,0
228.288,0.5523886662348402,3.2913763905519082,0.5327009417179558,3.304982316308086,0.5420650745477842,3.3075040640337945,0
228.32,0.5715886203023717,3.2914183524441087,0.5574397658023368,3.308731554120014,0.5597349235435719,3.308020234221744,0
228.352,0.5907885744967398,3.2914603021284674,0.5947854233941998,3.3324781051109107,0.5852750959945436,3.3178285490664323,0
228.38400000000001,0.6099885288158543,3.2915022389365585,0.633045648178392,3.3069047559659825,0.6159032893956191,3.3134841906181656,0
228.416,0.6291884832495603,3.2915441630313813,0.6802684537008532,3.2542949458230144,0.6531693276610406,3.2898336442592964,0
228.448,0.6483884377803197,3.2915860753969266,0.6798642557633094,3.2616113356899916,0.6753672714590249,3.2785698660896117,0
228.48000000000002,0.6675883923843658,3.291627977774821,0.625237929539517,3.245433382181467,0.6668355072591197,3.265340412821983,0
228.512,0.6867883470332528,3.29166987255214,0.6841683050629783,3.275101781355259,0.6852885989557582,3.269270097228178,0
228.544,0.7059883016956934,3.291711762607607,0.6867367728129506,3.281155678717865,0.6973878410768404,3.274049465387833,0
228.576,0.7251882563395671,3.2917536511260943,0.7059576287709226,3.3156490453913605,0.7123357287315011,3.2907144334907574,0
228.608,0.7443882109339695,3.291795541393359,0.74164589556512,3.29047606145133,0.7355797680365854,3.290644223247484,0
228.64000000000001,0.7635881654511774,3.29183743658424,0.8234307593308583,3.272105530798149,0.782240137116671,3.283253889086234,0
228.672,0.782788119868409,3.2918793395579593,0.8330134455739003,3.305714294109672,0.8140694330494009,3.292263199662365,0
228.704,0.8019880741692732,3.2919212526737183,0.8003084409498447,3.273825503439944,0.8200850087444036,3.2849132766210722,0
228.73600000000002,0.8211880283448182,3.2919631776384857,0.8237167191955814,3.3006347500757816,0.8330576654431741,3.291227029021463,0
228.768,0.8403879823941154,3.2920051153967975,0.8173443844966782,3.271810354941964,0.8382923255658978,3.2834855301816166,0
228.8,0.8595879363243388,3.292047066069695,0.8788939806051521,3.2945460384468537,0.8660529600665852,3.2879349117552747,0
228.832,0.8787878901503295,3.292089028946758,0.8696018391231125,3.285981843661324,0.8789924841595389,3.2871788694817186,0
228.864,0.8979878438936673,3.2921310025317645,0.8954637460968834,3.2714461085446507,0.8971009613928156,3.2809109555570846,0
228.89600000000002,0.9171877975813021,3.2921729846390493,0.9072845989141003,3.2985211015530007,0.9126943888510799,3.2879802083283645,0
228.928,0.9363877512438282,3.2922149725343597,0.9332846002350377,3.2663142715319538,0.9324504458497962,3.2793390300896195,0
228.96,0.9555877049135095,3.2922569631111243,0.9738928765382812,3.281873958897157,0.9605473905699771,3.2803781982482425,0
228.99200000000002,0.974787658622184,3.292298953090768,1.0026203158198552,3.2446080709036895,0.9888965331186619,3.2660953421412087,0
229.024,0.9939876123991866,3.292340939234143,1.0360764781388143,3.313587680890039,1.0192884835834395,3.2851174688230493,0
229.056,1.0131875662694318,3.292382918550443,1.0675366378201103,3.2686510781410516,1.0501077177463256,3.278556098476267,0
229.088,1.0323875202517843,3.2924248884901077,1.0062646343161556,3.313499291949209,1.0440904568567482,3.29255855526692,0
229.12,1.0515874743578306,3.292466847109285,1.0577536510336611,3.3087684486474007,1.0610757070261227,3.299067684649183,0
229.15200000000002,1.070787428591133,3.292508793195245,1.075666831000654,3.2935970728002366,1.0784321291314658,3.2969046041974543,0
229.184,1.089987382947013,3.2925507263446563,1.1185228405580552,3.2888904827431267,1.105988386234261,3.293724112290561,0
229.216,1.1091873374128767,3.292592646989691,1.0909970400777407,3.2467570102486816,1.1115118203190755,3.2749624211566175,0
229.24800000000002,1.1283872919690523,3.292634556370272,1.1393664755467983,3.326236300563602,1.1341736549705006,3.2954971166829887,0
229.28,1.1475872465900812,3.292676456454257,1.1462933870595375,3.3457617393808388,1.150541520376183,3.315628105062003,0
229.312,1.166787201246371,3.2927183498106976,1.1690947650433896,3.2611002549997123,1.1694827908190573,3.293842101617746,0
229.344,1.1859871559061033,3.2927602394443336,1.1880015707796108,3.3409563909109137,1.1884102753810046,3.31271295311749,0
229.376,1.2051871105372716,3.292802128601983,1.1957432192772752,3.2779095995646723,1.2028634255146713,3.2988167486544135,0
229.40800000000002,1.2243870651097195,3.292844020563285,1.2611706736635724,3.320744570386431,1.237706297342683,3.3076130173800835,0
229.44,1.2435870195970573,3.292885918429283,1.253147885733248,3.3290724208046236,1.2554029052569413,3.3162219235598176,0
229.472,1.2627869739783368,3.292927824922459,1.288414996537255,3.326442678086085,1.2801277143136345,3.3203353763527512,0
229.504,1.2819869282393865,3.2929697422111164,1.2726448752826323,3.2739054591359764,1.2886545512301526,3.301788567619591,0
229.536,1.3011868823737212,3.293011671769438,1.3189859009225213,3.286799190939876,1.31230706361919,3.295817982809675,0
229.568,1.320386836382972,3.293053614282258,1.3030551276813713,3.29845516604815,1.320126261739224,3.296898029716689,0
229.6,1.3395867902768037,3.2930955696007054,1.3816916067691163,3.286848853141489,1.3562723722304035,3.2929035399903017,0
229.632,1.3587867440723203,3.2931375367516087,1.3505309653299962,3.27657089876317,1.3654957819355422,3.2863956707682087,0
229.66400000000002,1.37798669779299,3.293179514000067,1.4133893124874177,3.2700839317580064,1.3961731666105894,3.2798961674612332,0
229.696,1.3971866514671534,3.2932214989611754,1.409933360309104,3.3038282230705724,1.4131972165369162,3.2894941853701107,0
229.728,1.4163866051262026,3.293263488753714,1.404653510290022,3.301842345712946,1.4212997064818098,3.2944586466635375,0
229.76,1.4355865588025525,3.2933054801858797,1.419985025185555,3.2544813902049388,1.4322938064080075,3.278492940755095,0
229.792,1.4547865125275317,3.293347469961095,1.4228248029396056,3.292490349163915,1.4400261774706449,3.284117098371495,0
229.824,1.4739864663293376,3.293389454890606,1.478404070051765,3.2640910118989317,1.4668973069622948,3.276131853829175,0
229.856,1.4931864202311926,3.2934314320991547,1.575271388857758,3.328354681796291,1.5217669121921937,3.297046169344389,0
229.888,1.512386374249827,3.2934733992104595,1.5070916045553295,3.2813709766970796,1.527416761624169,3.290801269752745,0
229.92000000000002,1.5315863283943925,3.2935153545005345,1.484525956387633,3.2848071351552535,1.521780412032806,3.2884287858203773,0
229.952,1.5507862826658767,3.293557297008967,1.5720266464735668,3.3355783219355977,1.5533988783293449,3.3073137624012574,0
229.984,1.569986237057057,3.293599226600976,1.5950249880450584,3.3616115343477717,1.5815692947522022,3.3290580258337306,0
230.016,1.5891861915529895,3.2936411439762576,1.5606985092499206,3.3273804214491642,1.5847409531024987,3.328412132027208,0
230.048,1.6083861461319986,3.2936830506240393,1.6147990322265595,3.3712958892503693,1.6082841573153257,3.345590777365212,0
230.08,1.6275861007670933,3.293724948727247,1.6695003791946137,3.276412799332635,1.64429061863882,3.317944724666209,0
230.112,1.646786055427715,3.293766841021942,1.6806062384250062,3.3942521210296017,1.6703368391296811,3.348492819609858,0
230.144,1.6659860100817019,3.2938087306210844,1.639656105754132,3.2882839726566955,1.6695845183561888,3.324434417068039,0
230.17600000000002,1.6851859646973444,3.29385062081396,1.6457313157712377,3.2622195433267036,1.6715632098949857,3.2995736056207816,0
230.208,1.704385919245402,3.2938925148541927,1.7071605411349486,3.3263457597386243,1.6973221149557578,3.3103076089805636,0
230.24,1.7235858737009606,3.293934415749981,1.7425136887423933,3.3090565197865267,1.7269187170236777,3.3098323202978195,0
230.272,1.7427858280450135,3.2939763260700903,1.6923077425440736,3.313090892873911,1.724594299770786,3.31116090288508,0
230.304,1.761985782265676,3.294018247778101,1.7629582463244755,3.285511236930767,1.7514598509150177,3.3009261974801207,0
230.336,1.7811857363589516,3.294060182105612,1.771490092483029,3.310979512277671,1.7709919200479443,3.304972692176655,0
230.368,1.800385690329007,3.294102129472594,1.8024787216151814,3.311880732459156,1.795106613163782,3.307761084746847,0
230.4,1.8195856441879281,3.294144089460058,1.7905011520869858,3.2479819233417833,1.8047844012065624,3.2838746037064235,0
230.43200000000002,1.8387855979549712,3.2941860608368176,1.8936161120542794,3.3283791134271867,1.8518370580060342,3.3017015971108172,0
230.464,1.8579855516553487,3.2942280416386502,1.8249184846596331,3.3312669655514315,1.8525896011179235,3.3135529385419438,0
230.496,1.877185505318621,3.2942700292947737,1.9040862522366988,3.301823556650488,1.8847082340097687,3.308886382631355,0
230.528,1.8963854589767943,3.2943120207934857,1.8899666103684698,3.2684478752227397,1.8983315569956871,3.2927361773779795,0
230.56,1.9155854126622478,3.294354012876296,1.9286256954437868,3.328160612728351,1.9219691848198077,3.30693114811013,0
230.592,1.9347853664056258,3.2943960022480274,1.8818463492573665,3.31949174385358,1.9174400230463358,3.3119805799719932,0
230.624,1.9539853202338362,3.2944379857893353,1.9237257844850773,3.3128135540409196,1.9314743000837116,3.3123389584229472,0
230.656,1.973185274168291,3.294479960757928,1.9328481414648717,3.2890684034376494,1.9435438091115063,3.3030559191039397,0
230.68800000000002,1.9923852282235097,3.294521924965513,1.9679314780224888,3.3377188291017474,1.9648188491668857,3.316946258619983,0
230.72,2.0115851824061797,3.294563876919056,2.029335804263915,3.268342811348381,2.0021456037135286,3.2975300475226295,0
230.752,2.030785136714733,3.294605815917236,1.99995396908051,3.2511651108316992,2.012788922385096,3.2790092329023794,0
230.784,2.0499850911394684,3.29464774209588,2.1330420326471895,3.280310969281082,2.0724101390306555,3.2795550802065505,0
230.816,2.0691850456631986,3.294689656419454,2.097975860829116,3.2431333505145643,2.0941564003046826,3.265011534703044,0
230.848,2.088385000262384,3.2947315606191325,2.0608236574718357,3.3374060339867806,2.0923432757371834,3.2939944757473305,0
230.88,2.1075849549086647,3.2947734570814498,2.1219233675934475,3.2915644481402517,2.1156952850526913,3.2930476026565287,0
230.912,2.1267849095706906,3.2948153486946805,2.125843011178116,3.3051795469624556,2.131274348079118,3.2979255168355897,0
230.94400000000002,2.1459848642161323,3.294857238662838,2.1646219384402414,3.316549694280568,2.156133356798758,3.30540032475669,0
230.976,2.1651848188137426,3.294899130299258,2.117760998086792,3.2730695743983014,2.1523043858838413,3.292493163995226,0
231.008,2.1843847733353408,3.2949410268130586,2.1694378230190603,3.297232605841552,2.170677733298559,3.2944140843515215,0
231.04,2.203584727757601,3.2949829311022207,2.1614139387771036,3.3316048258672986,2.1784921880380397,3.30931553033735,0
231.072,2.2227846820635366,3.295024845566636,2.198928098934143,3.2885583226968467,2.1981865249294494,3.301037803578607,0
231.104,2.241984636243585,3.2950667719531688,2.1940507000078044,3.3004254525301504,2.2080521674771054,3.3008180270864216,0
231.136,2.261184590296231,3.2951087112427495,2.2424412364509387,3.3201282005410926,2.2333277675658056,3.308567268246557,0
231.168,2.2803845442281268,3.2951506635867958,2.3459763054481098,3.306608058108642,2.2899071552013566,3.3078087635371416,0
231.20000000000002,2.2995844980536884,3.295192628297096,2.3064733324083773,3.2925493773764587,2.308053598551931,3.301730195215682,0
231.232,2.3187844517942002,3.295234603889839,2.297138405013181,3.2959435120331366,2.3152074935919673,3.2994407136747927,0
231.264,2.3379844054764676,3.2952765881809816,2.3164052694435364,3.28664930019538,2.327206576379325,3.294349344037119,0
231.296,2.3571843591311032,3.295318578426824,2.3552076190079805,3.336162948757424,2.349926965872705,3.3110999838752804,0
231.328,2.3763843127905546,3.2953605715007472,2.3473412263739832,3.3021781684670506,2.360412642514627,3.307556455890972,0
231.36,2.395584266487001,3.2954025640947227,2.350114085544609,3.3092504845329467,2.367813192171862,3.308259263774503,0
231.392,2.4147842202502545,3.295444552932603,2.434492318544554,3.33470143642826,2.4060048151741014,3.3188613256429007,0
231.424,2.433984174105816,3.2954865349814337,2.4965077770148607,3.286661090325133,2.453725972375063,3.3060064190693064,0
231.45600000000002,2.4531841280732074,3.295528507647154,2.4205126294483232,3.270297665364741,2.451960607683349,3.291748098593591,0
231.488,2.4723840821647003,3.295570468942068,2.529200518864065,3.273948162995892,2.49437654465084,3.2846532979423104,0
231.52,2.491584036384526,3.295612417613273,2.4593976985389516,3.314695337011018,2.4919049787183596,3.2966952793478246,0
231.552,2.5107839907286142,3.2956543532237683,2.4900266876723225,3.320334181230602,2.5026736348290317,3.306175998182665,0
231.584,2.5299839451848762,3.2956962761809954,2.521894492241765,3.2487905617605115,2.52188195033868,3.2832469746105466,0
231.616,2.5491838997340075,3.2957381877109704,2.54453165494625,3.2507790461457713,2.5424618047393857,3.270284948206391,0
231.648,2.5683838543507522,3.2957800897796505,2.5814468341912606,3.3175280093911685,2.569575789087745,3.2892073131070063,0
231.68,2.587583809005542,3.295821984966587,2.594764787849139,3.2850357587990913,2.5911713611660097,3.2875638290114573,0
231.71200000000002,2.6067837636663964,3.2958638762989807,2.62408347916904,3.2599413165250084,2.6158561809427985,3.276539960784352,0
231.744,2.625983718300969,3.2959057670568077,2.641120864139918,3.283954268219787,2.6374820267947388,3.279530821662896,0
231.776,2.645183672878604,3.295947660561551,2.6376466190531684,3.2953872316796,2.6490678362645204,3.285898526637255,0
231.808,2.6643836273722816,3.2959895599621314,2.6547828779696037,3.281603801789811,2.662873825502505,3.284205782460815,0
231.84,2.6835835817603333,3.2960314680318246,2.6641731058874236,3.310112647241284,2.674913510198855,3.2945936803553426,0
231.872,2.7027835360278174,3.2960733869892564,2.702133532903546,3.323415491834247,2.6973214918073016,3.3061475641753364,0
231.904,2.7219834901674815,3.2961153183550285,2.7983942476743495,3.278694459594555,2.749270566663646,3.295191489378767,0
231.936,2.7411834441802405,3.2961572628532383,2.798674942970658,3.241374206357678,2.7805522896787904,3.2736897510730723,0
231.96800000000002,2.7603833980751427,3.296199220364285,2.7768236522809864,3.3012010555830136,2.790580807195788,3.284719455200801,0
232.0,2.779583351868818,3.2962411899320427,2.7824187121456276,3.3018657133922362,2.798835941637631,3.291603147298926,0
232.032,2.7987833055844393,3.29628316982498,2.803351494769008,3.2642767291544583,2.8121621353408033,3.2806977740193144,0
232.064,2.8179832592502523,3.296325157647331,2.876213510915443,3.308314463777566,2.849302658013651,3.291769647384502,0
232.096,2.837183212897769,3.2963671504931784,2.8082717621963864,3.2708256724696403,2.8444102721262574,3.2834172564671955,0
232.12800000000001,2.856383166559736,3.2964091451335427,2.8421389119544855,3.2818357372664653,2.8550217004979572,3.2828098474234895,0
232.16,2.875583120268008,3.296451138224431,2.8712815677297905,3.3088940092091046,2.8730456198363132,3.2932687083904706,0
232.192,2.894783074051476,3.2964931265224338,2.886837577917271,3.285953070374156,2.890082375523513,3.2903676452352153,0
232.22400000000002,2.913983027934178,3.2965351070939755,2.978602907588511,3.308501505817215,2.9370105608169057,3.297646375771724,0
232.256,2.9331829819337343,3.296577077504719,2.9296980290859875,3.3024707834112808,2.9456055206070744,3.2996013182090165,0
232.288,2.9523829360602005,3.296619035976908,2.938414813290063,3.323755175468091,2.9542492101795323,3.309288032844644,0
232.32,2.9715828903154256,3.2966609815044863,2.959282425723484,3.260325406793438,2.9677824689136005,3.2897281462741494,0
232.352,2.9907828446929443,3.2967029139185646,3.003312236266023,3.2560984653007954,2.993514348387666,3.2763014301303297,0
232.38400000000001,3.009982799178416,3.29674483389898,3.029418395346846,3.289408149224471,3.0193959397193524,3.281569267179207,0
232.416,3.0291827537505687,3.2967867429311877,3.013013149577402,3.2851297822278447,3.028362796222847,3.2830186169891444,0
232.448,3.0483827083825856,3.296828643211217,3.011009945107981,3.2500039378521417,3.0329416283459856,3.269837885083215,0
232.48000000000002,3.067582663043834,3.2968705375047804,3.021790579537441,3.259400163402777,3.0400011813964403,3.265687933961549,0
232.512,3.086782617701827,3.296912428969573,3.06967038383318,3.271773878537151,3.063388834945459,3.268147449132729,0
232.544,3.105982572324295,3.2969543209521572,3.1388395814445595,3.2561879105309055,3.1050891061155,3.2633887728296713,0
232.576,3.1251825268812308,3.2969962167725,3.196372077137294,3.225033857280906,3.153122267086566,3.2480719494390735,0
232.608,3.144382481346789,3.297038119510003,3.102265179244444,3.246561132095551,3.1442994045003916,3.2474927706822982,0
232.64000000000001,3.1635824357009255,3.297080031804811,3.128141482288226,3.293099915800552,3.1493562081516457,3.2657607835811646,0
232.672,3.182782389930673,3.2971219556872033,3.221511069143027,3.3065101231898635,3.189738125067811,3.2820856818396775,0
232.704,3.2019823440309785,3.2971638924460884,3.23512081124339,3.3378357186042185,3.2194111720402487,3.304410866931883,0
232.73600000000002,3.2211822980050453,3.2972058425451194,3.2313502075806886,3.340852010714146,3.2357067587414403,3.319012502698971,0
232.768,3.240382251864158,3.297247805591892,3.2564063531052296,3.3129435198862036,3.255506568956102,3.316610095086955,0
232.8,3.2595822056269914,3.297289780362279,3.2177066410129154,3.297671449467773,3.2519065702344454,3.309059828535781,0
232.832,3.2787821593184425,3.297331764878399,3.2466940397110533,3.257968759803391,3.2613415304703954,3.2886485974494377,0
232.864,3.2979821129680533,3.297373756535262,3.2723855440416747,3.309077818618058,3.2772791083377872,3.2968454852570765,0
232.89600000000002,3.317182066608122,3.2974157522679906,3.255071627779805,3.2557719594209105,3.2799160885513485,3.2804412752307996,0
232.928,3.336382020271622,3.2974577487488883,3.3375018482782997,3.3123712715827494,3.314470364881198,3.2932384730196693,0
232.96,3.355581973990067,3.297499742601691,3.3290224771249166,3.275697775855645,3.3318111822243623,3.286247390382136,0
232.99200000000002,3.3747819277914615,3.2975417306192134,3.330999774806444,3.2897986769452183,3.3430065917133436,3.287693096450188,0
233.024,3.393981881698477,3.2975837099703833,3.4076506233405546,3.2638805761029115,3.380384176834034,3.2781932735123673,0
233.056,3.4131818357269803,3.2976256783833118,3.393007265611755,3.304142017755855,3.3969533848308853,3.2885979491157897,0
233.088,3.4323817898850058,3.2976676342925932,3.4549130592741566,3.332926924232092,3.4316572271111783,3.306354709191616,0
233.12,3.4515817441722443,3.2977095769413136,3.388263023931561,3.241501187996654,3.425819518359684,3.280438462794492,0
233.15200000000002,3.470781698580079,3.2977515064311547,3.437304795827355,3.274682817979057,3.441933601883494,3.2781613594444305,0
233.184,3.489981653092154,3.2977934237173083,3.4921113789422287,3.313589526849097,3.4735246852580746,3.2923577744090977,0
233.216,3.5091816076854445,3.2978353305484616,3.5010631549209417,3.307482609438653,3.4960600456856783,3.298432851210455,0
233.24800000000002,3.528381562331741,3.297877229355632,3.509845204201959,3.3173715787413527,3.5130940816622993,3.30603348150094,0
233.28,3.5475815169994545,3.297919123096926,3.5470993263458173,3.2868528372846297,3.5382161521092463,3.29838636151584,0
233.312,3.5667814716556245,3.297961015068117,3.5490329827869918,3.329080830202792,3.55406285695286,3.3106892871587617,0
233.344,3.5859814262680048,3.2980029086911635,3.5581864676914696,3.280962438440999,3.56723227381539,3.298823688327283,0
233.376,3.6051813808070947,3.2980448072941964,3.6374993234438673,3.3132445128515333,3.6068590662243665,3.3046171631480292,0
233.40800000000002,3.624381335247997,3.2980867138970953,3.597242831293788,3.349107335229542,3.6145325447967407,3.3224383829416126,0
233.44,3.6435812895719897,3.2981286310164277,3.64919909756045,3.27025768239103,3.63991913843119,3.301591260850082,0
233.472,3.662781243767716,3.298170560502317,3.7074859100960484,3.2808798113159874,3.6784658196087894,3.2933318470946817,0
233.504,3.6819811978319206,3.2982125034177834,3.6697963747695654,3.287047808563062,3.6865180141668787,3.2908434059254983,0
233.536,3.701181151769682,3.2982544599684007,3.7229470480590283,3.3202287039460714,3.7126096002002154,3.302622707294298,0
233.568,3.7203811055941274,3.298296429486899,3.7328015217904893,3.2603216978927727,3.7322063412971858,3.2857274928353677,0
233.6,3.739581059325629,3.2983384104738365,3.719472716752583,3.3072770933296165,3.738632863927282,3.2943725282406158,0
233.632,3.758781012990544,3.2983804006918636,3.69225608671154,3.286212980419536,3.7316021254795295,3.2911339086094027,0
233.66400000000002,3.777980966619555,3.2984223973076636,3.8174145082408817,3.2655545761846465,3.7774470510173632,3.2809273775322083,0
233.696,3.797180920245725,3.2984643970725847,3.8088618039094557,3.311829579023755,3.8015329246067315,3.293313460366014,0
233.728,3.8163808739023866,3.29850639653048,3.743216864923917,3.343164992999554,3.7897264731699227,3.3132792739248202,0
233.76,3.835580827621004,3.2985483922395065,3.782752419996649,3.31486232569084,3.7984568243450254,3.313937691436916,0
233.792,3.8547807814291484,3.2985903809937165,3.871689066736631,3.296282838807249,3.8392696937579673,3.306900941758604,0
233.824,3.873980735348726,3.2986323600302656,3.8944036192882514,3.279172239101,3.8728432364412955,3.2958346452524925,0
233.856,3.893180689394573,3.2986743272089516,3.9314067503684513,3.2911065397484625,3.9077886145003506,3.2939685798452167,0
233.888,3.912380643573511,3.298716281152548,3.862242789901172,3.29087525417755,3.901090257166815,3.2927564181652986,0
233.92000000000002,3.9312133317300457,3.298757352194445,3.944186729159714,3.286459627755859,3.9296111376832803,3.2902623146279195,0
233.952,3.949459204464321,3.2987970939850912,3.992457392130752,3.293384965752346,3.9656703436859795,3.2915351454185444,0
233.984,3.9671160575122086,3.298835510661467,3.9417831546594755,3.348044446135853,3.9666858516475036,3.3141618246134397,0
234.016,3.9841998027660694,3.2988726141764984,3.958560436892542,3.3030955461755225,3.973667057820416,3.309757496845595,0
234.048,4.000729510353405,3.2989084517367906,4.060248731074044,3.279895143787125,4.0182030913456925,3.297833999891939,0
234.08,4.016724246279115,3.2989430826973263,4.009784126812696,3.2486563034719698,4.024421499407019,3.2781836604595354,0
234.112,4.032202373825577,3.298976566335129,4.05202369825651,3.2864463723340673,4.044741273909145,3.281508811121908,0
234.144,4.047181452080682,3.2990089578046957,4.0541418334855335,3.341536190654898,4.057483212654816,3.3055391850884206,0
234.17600000000002,4.061678271443952,3.2990403072431587,4.073754599948273,3.2653517395474565,4.072685884173543,3.289483012308686,0
234.208,4.075708913005822,3.299070659911888,4.024665326277647,3.3008347739985378,4.061893438663377,3.2940419304548696,0
234.24,4.089288805475933,3.2991000566552575,4.10043727092463,3.3236218253547336,4.085457360869222,3.3058915325639164,0
234.272,4.102432774748033,3.2991285344381325,4.068327852629786,3.333418518968915,4.086491212905361,3.3169194227101295,0
234.304,4.115155086224203,3.299156126877383,4.104029486292436,3.318463308186153,4.101139813344947,3.317553543011128,0
234.336,4.127469481004598,3.29918286473438,4.1349111037414295,3.3041326154590265,4.122037352169388,3.31220122627186,0
234.368,4.139389207071258,3.299208776355676,4.135054511821795,3.2979764299178624,4.134396802277802,3.3065268665848713,0
234.4,4.1509270464220895,3.299233888058472,4.166972727611576,3.3036426647515658,4.154350899880722,3.3053882646238018,0
234.43200000000002,4.162095338927288,3.299258224462319,4.218265823358465,3.3219836567561676,4.186619070190019,3.312041034617751,0
234.464,4.172906003523282,3.2992818087708877,4.226903892001675,3.252552242413706,4.209220768583607,3.2882596789458898,0
234.496,4.183370557232316,3.2993046630086975,4.191777048525348,3.3114504164568004,4.2085234854387155,3.297549696299189,0
234.528,4.19350013239488,3.2993268082179004,4.204364188204559,3.2869505933590677,4.2129390519651295,3.2933233511540845,0
234.56,4.203305492422415,3.2993482646200523,4.182579889776837,3.334976201349559,4.206680184642893,3.3099973730446166,0
234.592,4.2127970463147575,3.2993690517474206,4.219826763186755,3.2971755430209844,4.217635350680348,3.3048811203530075,0
234.624,4.221984862137105,3.2993891885479476,4.226060533959006,3.3233775621455353,4.226519720759477,3.3122917852962352,0
234.656,4.230878679612072,3.299408693467586,4.2084906268301925,3.2610825568927817,4.224645973877083,3.2918198021928866,0
234.68800000000002,4.239487921951462,3.2994275845133334,4.2174830281912286,3.2555490457098144,4.226947924984719,3.277322838764849,0
234.72,4.247821707027945,3.2994458792999644,4.217271378814614,3.275261130641873,4.228079138436396,3.276509136237754,0
234.752,4.255888857967501,3.2994635950831595,4.258536677767222,3.323315306678629,4.245103977407837,3.2952422371324572,0
234.784,4.2636979132282455,3.2994807487814564,4.276683283493326,3.279903422006838,4.262422633777887,3.28911700603509,0
234.816,4.27125713621912,3.2994973569892028,4.305901432723682,3.374696298791804,4.284351153427481,3.3233586903670256,0
234.848,4.278574524502397,3.2995134359824454,4.267436477336909,3.3170590780184637,4.281977145978907,3.320848494779737,0
234.88,4.285657818616304,3.299529001719467,4.271947047127943,3.300831080361153,4.2822164755700625,3.3128508701370363,0
234.912,4.29251451054805,3.2995440698374545,4.326396124423058,3.292375002873666,4.30400370499563,3.3046695655786795,0
234.94400000000002,4.299151851882715,3.299558655646586,4.293667292123664,3.292974006173706,4.303852861246616,3.300000094631251,0
234.976,4.3055768616496275,3.2995727741226077,4.331061978934386,3.3311189602791793,4.318592792768857,3.31245611320872,0
235.008,4.311796333884759,3.299586439898796,4.30917294961122,3.34179772811278,4.318557779766727,3.324200959814587,0
235.04,4.317816844925207,3.2995996672580254,4.3320257020626,3.309474959562275,4.3275584590805956,3.318318497287626,0
235.072,4.32364476044984,3.2996124701254956,4.334922726221529,3.3180554945056215,4.3340020825221,3.3182209790599777,0
235.104,4.3292862422785605,3.2996248620625432,4.372337970715234,3.2705931945041997,4.352722458407988,3.299177301590116,0
235.136,4.334747254941317,3.299636856261831,4.326600527504728,3.3197349488421186,4.3455513902056975,3.307407558239264,0
235.168,4.340033572026926,3.2996484655440965,4.357450490303897,3.3053916614491023,4.353483882962216,3.306608166367405,0
235.20000000000002,4.345150782320873,3.299659702356565,4.402889680361216,3.313758978322937,4.376317557352184,3.3094752345608764,0
235.232,4.350104295740505,3.299670578773035,4.331418284788192,3.302470023911335,4.361330953320283,3.306679677522672,0
235.264,4.3550463096890955,3.2996814558743637,4.323989740742063,3.326910431818758,4.3493675732770125,3.3147785090483692,0
235.296,4.3553554209218035,3.308638454283773,4.355445701358518,3.3245947117400005,4.351786173928423,3.318704961981152,0
235.328,4.355310881008966,3.318252345777318,4.319810286510451,3.343134184520126,4.338983004697101,3.328476622497696,0
235.36,4.355206322136951,3.3279536494467674,4.358529027124511,3.337863950982931,4.346788603436234,3.332231525515958,0
235.392,4.355100181760701,3.337649900289252,4.378385350505738,3.331850537795952,4.359414543401177,3.3320791022672998,0
235.424,4.355003954674996,3.3473284979738493,4.3560414940381,3.307891772760529,4.358052610564524,3.322404142470556,0
235.45600000000002,4.354918289058235,3.3569907179611373,4.332688092168809,3.369275138282416,4.347894119834569,3.341152512900841,0
235.488,4.354841614379863,3.3666396450478477,4.3454497942404435,3.3082132086778855,4.346903721726809,3.3279767633627895,0
235.52,4.354772178007683,3.3762780849763816,4.347045321408162,3.3565437043598614,4.346947698956619,3.3394035119209553,0
235.552,4.354708472924571,3.3859083058293518,4.36249883161892,3.4153362588077965,4.353155487884426,3.369776582819733,0
235.584,4.354649282494971,3.3955320938208473,4.4074807325401375,3.4064753235831158,4.374872916147002,3.384456051240805,0
235.616,4.354593642956453,3.405150846080688,4.3602914549036,3.3817339870227103,4.369027654636743,3.383367197635486,0
235.648,4.35454079564896,3.4147656530518105,4.359265767048651,3.4440707879575396,4.36511021464416,3.4076486058121587,0
235.68,4.354490144769132,3.424377365157432,4.343456206497751,3.469300282844504,4.356435918903227,3.4323092486420106,0
235.71200000000002,4.354441222899004,3.4339866455493095,4.392433590307581,3.4575722145791445,4.370822288468108,3.4424144070079885,0
235.744,4.354393663537275,3.4435940115365518,4.389175691829321,3.4476778141756586,4.378150945632896,3.4445197418465288,0
235.776,4.354347179384162,3.4531998669990975,4.3605432089390375,3.468843524774693,4.371095143048475,3.4542492269760006,0
235.808,4.354301545230227,3.4628045276746366,4.341094456009839,3.4645536101182355,4.359082158040129,3.458370952183957,0
235.84,4.354256584497489,3.4724082408370287,4.345256316693129,3.44486373480438,4.35353911035713,3.4529680371815767,0
235.872,4.3542121586681235,3.482011200577151,4.346821482134099,3.4493778324169417,4.350839348144877,3.451531927228317,0
235.904,4.354168158991923,3.4916135596474076,4.362369122555194,3.5104083493908917,4.355438548189085,3.4750824680529795,0
235.936,4.354124499989542,3.5012154386297127,4.284092517868598,3.494656699176319,4.32688742832757,3.4829121324720185,0
235.96800000000002,4.354081114368912,3.5108169330250445,4.346514308986618,3.4800891500455897,4.334725475435839,3.4817829114834384,0
236.0,4.354037949052173,3.520418118733501,4.331828585368652,3.494198341751906,4.333554017246802,3.486749055586594,0
236.032,4.353994962073966,3.530019056291039,4.440041028303387,3.536737384651043,4.376136122761336,3.50674435922278,0
236.064,4.35395212016239,3.539619794147748,4.326996722404059,3.5774824828266985,4.35646766709567,3.5350395806897366,0
236.096,4.353909396853886,3.5492203712084356,4.367429255448141,3.5874444061457025,4.360839610326489,3.5560014829124373,0
236.12800000000001,4.353866771025085,3.5588208188060406,4.322552798702207,3.550510441198197,4.345512196927181,3.5538050382816238,0
236.16,4.353824225749708,3.5684211622391477,4.351849624305421,3.520494754706614,4.34803448238115,3.54048089692051,0
236.192,4.3537817474084575,3.578021421974405,4.37015060860117,3.569507596209426,4.356868250479949,3.5520915487182956,0
236.22400000000002,4.353739324995516,3.5876216145910416,4.348389617589382,3.5642776898731694,4.353464117880193,3.5569659772750675,0
236.256,4.353696949577601,3.597221753526523,4.428448462637304,3.585231100314834,4.383445179118969,3.5682719985976816,0
236.288,4.3536546138712495,3.6068218496684272,4.3843449377880965,3.6209518758989554,4.383792408543485,3.5893439216361194,0
236.32,4.3536123119116015,3.6164219118269694,4.358430012843812,3.612222723046359,4.373634778699154,3.5984954143287853,0
236.352,4.353570038791971,3.626021947114485,4.372295384797743,3.6385124233237787,4.373086351932684,3.61450219006552,0
236.38400000000001,4.353527790458151,3.6356219612519873,4.3740281241052426,3.620612670196591,4.373450393859837,3.6169463542664952,0
236.416,4.353485563545055,3.645221958818255,4.3610451323016,3.6431678673970596,4.368475624491112,3.627434931676836,0
236.448,4.353443355246156,3.6548219434533284,4.338604220024454,3.7079327442961074,4.3565144001142855,3.659634028892099,0
236.48000000000002,4.353401163208377,3.6644219180256297,4.29788959730352,3.6935923296800226,4.333051818538314,3.673217321384233,0
236.512,4.353358985446816,3.6740218847698514,4.381240273940953,3.6970679665767,4.3523145423906,3.6827575516476507,0
236.544,4.3533168202750225,3.6836218454012313,4.360862187142032,3.6305394734627185,4.355720944146684,3.6618702925696933,0
236.576,4.353274666247558,3.6932218012106204,4.350759576636936,3.7508616911850523,4.353723743196106,3.697466824221598,0
236.608,4.353232522112358,3.7028217531438563,4.372406169993106,3.726250620034894,4.361184062206439,3.7089803147626017,0
236.64000000000001,4.35319038677101,3.712421701868237,4.381453956639839,3.772014333910554,4.369279370551339,3.734193894647565,0
236.672,4.353148259245548,3.7220216478283463,4.372411504886365,3.6747331277518924,4.370519577174612,3.7104095601253184,0
236.704,4.353106138650675,3.7316215912930484,4.421117001150924,3.705390944077208,4.390745902000457,3.7084020859524283,0
236.73600000000002,4.353064024170606,3.741221532395115,4.341016287938669,3.761855223382996,4.370841413971107,3.7297833131813585,0
236.768,4.35302191503991,3.750821471164694,4.358965819818177,3.7587634752304426,4.366078536260475,3.7413753502679716,0
236.8,4.352979810527876,3.7604214075575837,4.355880228115366,3.7664644918400416,4.361986575280496,3.7514109791738743,0
236.832,4.352937709926028,3.7700213414791093,4.361458937953976,3.7645627926139897,4.361762884901781,3.7566716768367914,0
236.864,4.3528956125384735,3.7796212728042518,4.338111022591956,3.766396866978368,4.352289506721299,3.7605617251896586,0
236.89600000000002,4.352853517674843,3.78922120139455,4.30399471298787,3.775261652110524,4.33295895805034,3.7664416682630444,0
236.928,4.352811424645589,3.7988211271122103,4.383306804647365,3.794007514306825,4.3530854674466815,3.777467978993698,0
236.96,4.3527693327594275,3.808421049831769,4.304947011920501,3.793436209675795,4.333817457753652,3.7838552435869435,0
236.99200000000002,4.352727241322739,3.8180209694495937,4.406826977669481,3.848489851090545,4.3630086397914765,3.8097090589150886,0
237.024,4.352685149640726,3.827620885891457,4.366200814982556,3.763232412547734,4.364272885258441,3.7911183727000592,0
237.056,4.352643057020114,3.8372207991183775,4.314827735529216,3.8588653513864206,4.344482201814419,3.8182171365105235,0
237.088,4.352600962773232,3.846820709130884,4.350438761148665,3.8879946521691737,4.346852202767083,3.846128115112613,0
237.12,4.352558866223218,3.856420615971849,4.399663748471407,3.8478281229245868,4.367964198732901,3.846808090577364,0
237.15200000000002,4.352516766710178,3.866020519728007,4.322821788426588,3.861144938876158,4.349894612437236,3.852542802236737,0
237.184,4.352474663598058,3.875620420530269,4.357495207378068,3.8805061490446047,4.352922228049298,3.863728113298156,0
237.216,4.352432556282021,3.8852203185529315,4.337378476919605,3.8810995141983757,4.346692104701581,3.870676645993437,0
237.24800000000002,4.352390444196108,3.8948202140118866,4.367896482384908,3.929638294907573,4.355161232005811,3.894261277889717,0
237.28,4.352348326820982,3.904420107161917,4.331086133973632,3.9195626081577695,4.3455185678131025,3.904381782321538,0
237.312,4.352306203691516,3.914019998293184,4.320960877644397,3.9275289641676125,4.335682865227316,3.913640627377138,0
237.344,4.3522640744040455,3.9236198877269968,4.364441317283362,3.9300739807756386,4.34717361768046,3.9202139410449517,0
237.376,4.352221938623106,3.9332197758109726,4.349328723433818,3.910574304168922,4.3480230294696405,3.916358058592971,0
237.40800000000002,4.352179799836939,3.9428196629087697,4.402173064771953,3.9375958118441527,4.369670413078415,3.92485313218582,0
237.44,4.340640792131776,3.949728989668498,4.328952715240662,3.996819116209143,4.341863402659705,3.9536199050336656,0
237.472,4.3219933469271625,3.9501895800644573,4.272349960782952,3.921103342057612,4.302538052130248,3.940598955867956,0
237.50400000000002,4.3026772230455625,3.9501310294827503,4.3263551717003885,3.9851169324188813,4.300544913572017,3.958395398761724,0
237.536,4.283265107058574,3.950018449550133,4.265946076221214,3.996980473144339,4.275185386189799,3.973821536657045,0
237.568,4.263867937429712,3.9499187663133615,4.300359166574332,3.9245954235170175,4.27373490239271,3.9541254886266426,0
237.6,4.2445050099237704,3.949839031177698,4.254743432968797,3.8977901682954808,4.254618316685134,3.9315874992498587,0
237.632,4.225174691123853,3.9497763596543423,4.167732047711411,3.949429528006378,4.208343810113343,3.938721692367749,0
237.66400000000002,4.205871479728002,3.9497269640207144,4.212224634729475,3.980617205060903,4.198376140466687,3.9554781115718596,0
237.696,4.1865899861670455,3.9496876965583776,4.205267900989911,3.9590754971044375,4.189612844944588,3.9569158094090104,0
237.728,4.167325700172336,3.9496561854402747,4.135871114095274,3.9018098676149124,4.156596152763016,3.9348725090438816,0
237.76,4.148075002176816,3.949630713160482,4.144414800312872,3.935043256340188,4.140203611886726,3.934940111779606,0
237.792,4.128835023591215,3.9496100625542354,4.126020598746088,3.992952552921349,4.123010406702777,3.958144583912693,0
237.824,4.109603499545722,3.9495933774113645,4.122882146744092,3.96828349126898,4.111439102768857,3.962199844704787,0
237.856,4.090378643687717,3.9495800479861463,4.114775104552952,3.925943309524654,4.101253503513764,3.9476971649026513,0
237.888,4.071159047349765,3.94956962262492,4.05101188736281,3.9544683388023905,4.069636857072478,3.9504058452900894,0
237.92000000000002,4.051943599626541,3.9495617436064583,4.055559895462322,3.9188312418242237,4.052486072446031,3.9377765242045113,0
237.952,4.032731424315864,3.9495561038700093,4.074921692687727,3.9863466729030623,4.049940320574088,3.957205431050928,0
237.984,4.0135218302229525,3.9495524206759804,4.070596126789043,3.9628547794730618,4.046682643122468,3.959466343498141,0
238.016,3.9943142720047073,3.9495504221305735,3.9815600259664174,3.9307506504016296,4.009113596368893,3.9479815447085267,0
238.048,3.975108319320913,3.9495498427577718,3.9783254653190663,3.9220982083023217,3.985278344114186,3.937629957160759,0
238.08,3.9559036325325065,3.9495504247962354,3.937917909093782,3.926312443637817,3.954814170329774,3.933104918136942,0
238.112,3.9366999435589247,3.9495519225256346,3.9413840334543435,3.994433493132046,3.937922115855875,3.9576384770504918,0
238.144,3.91749704079838,3.9495541075947744,3.8925411857964907,3.9087813512263487,3.908249744148177,3.93809785839851,0
238.17600000000002,3.898294757245288,3.9495567739615183,3.905283433812858,3.891965335987854,3.8955432203529807,3.919647125375745,0
238.208,3.879092961121853,3.949559741613293,3.8811395714073327,3.963732663009489,3.878261761118405,3.937283606783168,0
238.24,3.8598915484861553,3.9495628586893043,3.7742185911938564,3.853319801113622,3.825124493480321,3.903700294503767,0
238.272,3.840690437394539,3.949566001961971,3.830867043698938,3.9600425610918775,3.8159015138741603,3.9262393165335774,0
238.304,3.8214895632873733,3.949569075859939,3.8007777111592507,3.958978007105431,3.7983319930601227,3.939336784502714,0
238.336,3.8022888753390185,3.949572010342343,3.802871030839331,3.942997637675082,3.788627608404533,3.9408029738743515,0
238.368,3.783088333568981,3.949574757982914,3.7775062000303357,3.9172205000244578,3.7726590452475244,3.9313716772640124,0
238.4,3.7638879065549493,3.9495772906142452,3.785553521802928,3.991630628201075,3.7662968360244378,3.955476791314577,0
238.43200000000002,3.744687569622419,3.9495795958370654,3.6935612454089277,3.9479712186713245,3.7256825998991943,3.9524759388502617,0
238.464,3.7254873034120917,3.9495816736343343,3.712760549383576,4.001452791145652,3.708993779785285,3.972067906419911,0
238.496,3.706287092746889,3.9495835332590947,3.7476881162780677,3.983967016491048,3.7129515144515555,3.976828638008562,0
238.528,3.6870869257366428,3.9495851904982624,3.6868934213944957,3.932936649437956,3.6910082772798645,3.9592728044377345,0
238.56,3.667886793071272,3.949586665358011,3.691782286999222,3.9395855998637783,3.6797978812052508,3.951398773653064,0
238.592,3.6486866874633654,3.9495879801731033,3.6852163525918713,3.9452735156977066,3.6704452697878076,3.948949426214682,0
238.624,3.6294866032091027,3.9495891581128917,3.665723349115884,3.974861117600017,3.6570365015401665,3.9593147786245053,0
238.656,3.6102865358428318,3.9495902220395016,3.572634027940252,3.95646615631793,3.61175551211677,3.958175940420636,0
238.68800000000002,3.591086481865703,3.9495911936666315,3.663955450229356,3.991181992475998,3.621115487375415,3.97137892049344,0
238.72,3.5718864385328195,3.9495920929677237,3.542469747135492,3.9227337065947183,3.5781371912912077,3.951921355010272,0
238.752,3.552686403686587,3.9495929377872576,3.565262395665495,3.971650059088872,3.561467273051581,3.959813328280723,0
238.784,3.5334863756265182,3.9495937436162336,3.5509474471141185,3.9679951480820055,3.5457393426866344,3.9630865284967145,0
238.816,3.5142863530077837,3.949594523500646,3.5036765517045696,3.971701382845016,3.5173942263035363,3.9665329306324195,0
238.848,3.4950863347624024,3.949595288058611,3.4954829817996615,3.9668321613008226,3.497109728511597,3.96665307725322,0
238.88,3.4758863200382497,3.949596045587073,3.475680218458465,3.9609052702636545,3.477017924499959,3.964354407151716,0
238.912,3.456686308152047,3.949596802242387,3.457431544849694,3.9467121759818165,3.457663372649545,3.957297968789902,0
238.94400000000002,3.437486298553289,3.9495975622807094,3.437258211179351,3.9366220999308332,3.43798130807128,3.9490280787140786,0
238.976,3.4182862907966816,3.949598328344353,3.3861570441854987,3.9053419388727204,3.405731602526922,3.9315540846488255,0
239.008,3.3990862845211454,3.949599101779635,3.3959940113505427,3.9341168528553543,3.3903165660664722,3.9325796585633936,0
239.04,3.379886279433838,3.949599882970781,3.381324403635808,3.9677929044114872,3.3751997011044517,3.9466654281904434,0
239.072,3.3606862752979483,3.9496006716736525,3.362257656396965,3.971257251448004,3.358502883231835,3.956502633081656,0
239.104,3.3414862719232743,3.9496014673328887,3.3427514847108535,3.970580546364089,3.340682323833942,3.9621342778671806,0
239.136,3.322286269158802,3.9496022693667103,3.3389493942709763,3.9634565635442747,3.3284691520193705,3.962663675178706,0
239.168,3.3030862668866816,3.949603077405315,3.3548707698797675,3.93193209035343,3.32750979917426,3.9503715277645686,0
239.20000000000002,3.2838862650171334,3.9496038914714573,3.297390321079581,3.949248961131238,3.3039420079472475,3.94992299131514,0
239.232,3.264686263483957,3.949604712095326,3.206283627142,3.9342974401860937,3.25335865563616,3.9436732653118742,0
239.264,3.2454862622404073,3.9496055403599843,3.253144405620057,3.9230304605669364,3.2417529556409193,3.935416643002108,0
239.296,3.2262862612553,3.949606377878122,3.2247547975266677,3.958067556518877,3.223433692406657,3.9444775143259028,0
239.328,3.2070862605092887,3.949607226705358,3.1684374665536508,3.935332498410998,3.18991520207719,3.940820021608501,0
239.36,3.187886259991304,3.9496080891994865,3.205729071539145,3.912402354975603,3.184720749874073,3.929453477844427,0
239.392,3.168686259695199,3.949608967838581,3.177054003060786,3.9615598321111536,3.170134051161297,3.942296553171359,0
239.424,3.1494862596166766,3.9496098650135094,3.1549408677086985,3.958261220698577,3.1525367777933075,3.9486829658735587,0
239.45600000000002,3.130286259750593,3.9496107828119773,3.146303843719334,4.008491110011242,3.138523604177348,3.9726067823511793,0
239.488,3.1110862600887224,3.9496117228115866,3.149128954832787,3.900908089058132,3.131245744453791,3.943927877652678,0
239.52,3.0918862606180797,3.9496126858985874,3.058936477282879,3.9037367971012475,3.0908020376003704,3.9278520320240355,0
239.552,3.0726862613198547,3.949613672127041,3.0807862541394115,3.954215463148716,3.0752757242316218,3.9383980046658906,0
239.584,3.0534862621689967,3.949614680630152,3.034685235828094,3.959278934450853,3.047519528886518,3.946750989422015,0
239.616,3.034286263134445,3.949615709591804,3.086228165534692,3.935570678040376,3.051482983562714,3.942279488847104,0
239.648,3.0150862641799656,3.9496167562820417,2.9661955745080566,3.982626722442548,3.0058480199583038,3.9584190153702914,0
239.68,2.9958862652655123,3.9496178171557563,2.9596749970162763,3.9776334986166404,2.9758588107993464,3.966105448406073,0
239.71200000000002,2.9766862663490046,3.949618888009374,3.0217316679238313,3.9573140681690924,2.9826879536672393,3.962589539937265,0
239.744,2.957486267388384,3.949619964186271,2.961372874459082,3.9892986831615733,2.962641922002148,3.973273841811875,0
239.776,2.938286268343797,3.9496210408181924,2.957268868528912,3.902366536174585,2.94897270063092,3.9449115621615682,0
239.808,2.919086269179743,3.949622113087368,2.9272486752605467,3.915895520407156,2.928763090500563,3.9333057832974516,0
239.84,2.899886269867038,3.9496231764924485,2.9576135012924536,3.9911035844314173,2.9287832548346913,3.956425534343725,0
239.872,2.8806862703844542,3.949624227100961,2.8826906433336097,3.945722055368818,2.8988262102510975,3.9521447640724645,0
239.904,2.8614862707199196,3.949625261771705,2.9338993016059676,3.969669343806589,2.901335446809279,3.9591552065459252,0
239.936,2.8422862708711953,3.9496262783323304,2.8670903719412073,3.9403040768493507,2.8761174168776495,3.9516153536896983,0
239.96800000000002,2.8230862708459785,3.949627275700161,2.8555480150009105,3.959886086962272,2.8563696561419336,3.954924234335383,0
240.0,2.80388627066142,3.9496282539379197,2.7982348305629094,3.974455911211291,2.821595725924735,3.9627374813006186,0
240.032,2.7846862703430744,3.9496292142401996,2.809349193063945,3.9157260289919806,2.8051771127943432,3.9439334666865005,0
240.064,2.7654862699233504,3.9496301588509617,2.765206403587496,3.951406807226311,2.7776688291251452,3.9469233610948216,0
240.096,2.7462862694395413,3.9496310909168186,2.7553686238058632,3.9550533643605066,2.757228747010707,3.950175914722457,0
240.12800000000001,2.727086268931558,3.9496320142850037,2.7527170550343047,3.973478602174121,2.7439040702332793,3.9594975387136175,0
240.16,2.7078862684395006,3.9496329332585347,2.7003120408164296,3.9455784324923826,2.714947258479654,3.9539304446370607,0
240.192,2.6886862680012156,3.9496338523238723,2.6693322088971545,3.8931180411044473,2.6851812386598715,3.929606033730821,0
240.22400000000002,2.669486267649991,3.949634775868191,2.6706158041145143,3.9026167872599187,2.6678350648551596,3.918810890249537,0
240.256,2.6502862674125374,3.9496357079040902,2.6542890152910585,3.922781785226454,2.650896645043265,3.9203998101084654,0
240.288,2.6310862673073814,3.9496366518191417,2.632056081960563,3.92857451297403,2.6318404198243286,3.9236702615660706,0
240.32,2.611886267343781,3.9496376101661124,2.604806954981208,3.940595843251623,2.6095070339016857,3.930441074095211,0
240.352,2.5926862675212323,3.9496385845071234,2.5933148616100623,3.9807242352988794,2.5915101650001393,3.950554928427983,0
240.38400000000001,2.5734862678296024,3.9496395753215685,2.589724264417537,3.992744710509682,2.5792758047827045,3.9674314408896416,0
240.416,2.554286268249881,3.9496405819835507,2.560342294811189,3.963808756955875,2.560182400810178,3.965982975851489,0
240.448,2.535086268755502,3.9496416028101486,2.5908195247420216,3.895447537132435,2.560917250399404,3.9377694163424195,0
240.48000000000002,2.5158862693141475,3.949642635177288,2.476506920353474,3.941966476031297,2.515633118397832,3.9394488616831698,0
240.512,2.4966862698899117,3.9496436756956745,2.494337511174558,3.93024016070144,2.4955948755255086,3.935766005922295,0
240.544,2.477486270445686,3.9496447204353977,2.4470722639120517,3.890257400593301,2.464665830897157,3.917563189058534,0
240.576,2.458286270945606,3.949645765184692,2.514084393662561,4.001380330760056,2.472913256020247,3.9510906690678866,0
240.608,2.4390862713574006,3.949646805726176,2.4721701682603823,3.949172991177645,2.4610960209329873,3.950324216850324,0
240.64000000000001,2.419886271654494,3.949647838112765,2.4312198066458475,3.9648727993672335,2.437625535234454,3.956144262238397,0
240.672,2.4006862718177286,3.9496488589254963,2.347287978615899,3.9954014050978133,2.3899705126029,3.971847723464754,0
240.704,2.381486271836602,3.9496498654966743,2.3914891597919,3.9690459567363807,2.3790579714938582,3.97072761135493,0
240.73600000000002,2.362286271709938,3.949650856083997,2.323479321560326,3.961516707382976,2.3453065115352763,3.9670438342619545,0
240.768,2.343086271445964,3.9496518299844814,2.3231117598005966,4.0107278720721515,2.3249086108557284,3.984518023867581,0
240.8,2.3238862710617787,3.9496527875808933,2.321666255149831,4.006151723631114,2.31209166858724,3.993172068963716,0
240.832,2.3046862705822604,3.949653730317746,2.3489109695481076,3.904324342727965,2.315299388985083,3.957633535698301,0
240.864,2.2854862700384704,3.9496546606084615,2.278123601182639,3.96006385550755,2.2889090738773246,3.958606214737933,0
240.89600000000002,2.266286269465664,3.9496555816797474,2.227772215988757,3.9574752319248714,2.2529343307349494,3.958154368865107,0
240.928,2.247086268901026,3.94965649736326,2.2584603487119383,3.9421842876226294,2.2436247379387453,3.9517668822616097,0
240.96,2.227886268381274,3.949657411848052,2.2126040205974666,3.89004132592844,2.2196964510152983,3.9270772068608792,0
240.99200000000002,2.2086862679402888,3.9496583294098015,2.242860264723034,3.9264957716261386,2.2174419765116324,3.9268451836618397,0
241.024,2.1894862676069144,3.9496592541343345,2.1639508489799684,3.9600949459880823,2.1845255255124854,3.9401456455348844,0
241.056,2.1702862674030783,3.9496601896532977,2.1263028035047293,3.95753125490416,2.1497164367232715,3.9471004541723778,0
241.088,2.1510862673423534,3.949661138909064,2.1561303159050755,3.9066197296241123,2.1407619884103255,3.9309087385807553,0
241.12,2.1318862674290613,3.949662103964059,2.217811092651294,3.924964342943448,2.1600616301215405,3.928531564682962,0
241.15200000000002,2.1126862676579754,3.9496630858668262,2.1046086009506326,3.959438357422065,2.126360418468524,3.940894876406014,0
241.184,2.093486268014647,3.9496640845834876,2.1429078818659977,3.9288773261778447,2.1214594038433696,3.9360884606929583,0
241.216,2.074286268476338,3.949665098999043,2.1057354140124125,3.9547780195771307,2.1036498079273085,3.943564897228841,0
241.24800000000002,2.055086269013492,3.949666126988429,2.0438204535784914,3.9764043430081792,2.068198066204489,3.9567012954261584,0
241.28,2.0358862695916544,3.949667165552774,2.032512479124707,3.922928520787927,2.042403831389559,3.9431928102145797,0
241.312,2.0166862701737043,3.9496682110120753,1.9790285785513257,3.9516736502907706,2.0055337302713885,3.9465857731950083,0
241.344,1.99748627072226,3.9496692592418725,2.045318616501754,3.8991877936351402,2.0099276847806498,3.92762720802646,0
241.376,1.978286271202092,3.949670305938668,2.003951643573494,3.9515958715625428,1.9960172683147457,3.937215297219464,0
241.40800000000002,1.959086271582391,3.9496713468969786,1.9485469024529105,3.952701315735905,1.9655091219866763,3.943410323130297,0
241.44,1.939886271838743,3.949672378280154,1.9770056742964148,3.9506424816663928,1.9585877429268295,3.9463037977163875,0
241.472,1.9206862719546907,3.9496733968674937,1.9088875201243858,3.9228067217507765,1.927187653821622,3.936905569582693,0
241.50400000000002,1.9014862719227767,3.949674400261724,1.9157753478578183,3.9486239608730447,1.9111027314513396,3.941593518419789,0
241.536,1.8822862717450153,3.9496753870434493,1.8950141001277758,3.9573870217429925,1.8931472789366182,3.9479115017651987,0
241.568,1.8630862714327565,3.949676356862606,1.8570463697396025,3.8784814296085086,1.867186915272013,3.9201400449039094,0
241.6,1.8438862710059587,3.949677310461015,1.844738019903677,3.956204792954343,1.8466873571384403,3.9345665070454476,0
241.632,1.8246862704919133,3.9496782496245673,1.849582306364559,3.963570332734902,1.8363253368422974,3.946168592681694,0
241.66400000000002,1.8054862699235033,3.9496791770681168,1.820812423090433,3.969245017124269,1.8186001713547126,3.9553997122638993,0
241.696,1.786286269337101,3.9496800962604914,1.7697153510102672,3.9474444291374833,1.78752624322996,3.952218145626043,0
241.728,1.7670862687702409,3.949681011200901,1.783681428734639,3.9913828754412792,1.7744683174448381,3.9678845835401044,0
241.76,1.747886268259208,3.949681926161153,1.7934426962225027,3.9647707418799287,1.7705380689690071,3.966639594846355,0
241.792,1.7286862678367023,3.949682845410291,1.7155099289947044,3.960794946185322,1.737006812992596,3.964302287813018,0
241.824,1.7094862675297238,3.9496837729394065,1.6958212219665847,3.9813147572931884,1.7090125765958086,3.971107834686853,0
241.856,1.6902862673578198,3.949684712204371,1.6652434061119286,3.9466353738794178,1.6799849084162675,3.9613194178566373,0
241.888,1.67108626733181,3.9496856659030635,1.7207853690212254,3.934549736970415,1.6847850926727228,3.9506121226230966,0
241.92000000000002,1.6518862674530759,3.9496866358014695,1.6705635743513092,3.944885246717617,1.6675764853591342,3.948321959605691,0
241.952,1.6326862677134635,3.949687622619852,1.650257285159125,3.9622503408013463,1.6491288052946258,3.953893909588302,0
241.984,1.61348626809581,3.9496886259863433,1.6270190815605714,3.992198003186963,1.6287649158169977,3.969216153971653,0
242.016,1.594286268575057,3.949689644460945,1.5544379790542313,3.933493653068078,1.5875141411283278,3.9549277686643234,0
242.048,1.5750862691198804,3.9496906756283945,1.53454532910635,3.9664265044831994,1.5548066163363266,3.9595278843032906,0
242.08,1.5558862696947269,3.949691716253914,1.4994172324834283,3.925802924704749,1.521130862812191,3.946038525775622,0
242.112,1.5366862702621216,3.949692762491798,1.572834519967911,4.012498824344722,1.5302923256915963,3.9726232719997983,0
242.144,1.517486270785094,3.9496938101334,1.5496898303789888,3.910244879581332,1.5265313275836148,3.947672540701836,0
242.17600000000002,1.4982862712295653,3.9496948548785262,1.4933644596646012,3.9617937225552735,1.5017445804328688,3.9533216354456884,0
242.208,1.47908627156654,3.949695892612744,1.433117997285,3.984591970096295,1.4627739471902486,3.9658303853374695,0
242.24,1.4598862717739625,3.94969691967272,1.4920317632126794,3.9134881491952638,1.4629570736153121,3.9448940990216235,0
242.272,1.440686271838124,3.949697933082485,1.426576746665339,3.990212970630925,1.436884942850909,3.9630222465045484,0
242.304,1.4214862717545311,3.949698930745383,1.4456157319665344,3.935849561446789,1.4288572585122097,3.952153761206769,0
242.336,1.4022862715281847,3.949699911579332,1.4240113793743503,3.938099435418517,1.415398906871589,3.9465326093425595,0
242.368,1.3830862711732534,3.949700875586662,1.3937600774044292,3.936660469241183,1.3952233750987637,3.9425843219806,0
242.4,1.363886270712166,3.9497018238540336,1.3586505092939312,3.989203142264135,1.3690742287904563,3.9612324101316205,0
242.43200000000002,1.344686270174176,3.9497027584824287,1.3034088998546767,3.952366436351726,1.33128809722945,3.9576865737046627,0
242.464,1.3254862695934937,3.9497036824517298,1.3691016544233796,3.9222459898079345,1.3348935201201155,3.943510888414763,0
242.496,1.306286269007095,3.9497045994286157,1.2923679700628463,3.9541942718672876,1.3063633001102037,3.947784787695036,0
242.528,1.2870862684523519,3.9497055135301578,1.2586824161830352,3.969870434446341,1.2757709465523517,3.9566195925244814,0
242.56,1.2678862679646277,3.94970642905836,1.2428270365272478,3.928694659309247,1.2510733825554587,3.9454501681810648,0
242.592,1.2486862675749948,3.9497073502227598,1.2541563694705418,3.940837016542692,1.2407865773348812,3.943605461684495,0
242.624,1.2294862673082214,3.9497082808689745,1.2218142440707132,3.9985206323884417,1.2216776440429404,3.9655720914066297,0
242.656,1.2102862671811596,3.9497092242307024,1.2022918663105258,3.939808670729338,1.2024033329641193,3.9552672934538204,0
242.68800000000002,1.1910862672016418,3.9497101827211623,1.1824299389378188,3.926365181329231,1.1828939753682222,3.943707028822592,0
242.72,1.1718862673679633,3.9497111577774318,1.1516522967620857,3.970548540510695,1.1588773039409035,3.954444224001075,0
242.752,1.1526862676689853,3.9497121497677137,1.1568863961262534,3.990868314282383,1.1465609408306956,3.9690144606219926,0
242.784,1.1334862680848534,3.9497131579675195,1.0958937488930214,3.9363461445599417,1.1147740640717627,3.9559477437856083,0
242.816,1.114286268588287,3.949714180606307,1.1475626598845274,3.921971974934889,1.116369502413423,3.9423580534026774,0
242.848,1.0950862691463523,3.949715214981567,1.113462329829345,3.916218852284095,1.1036866333966637,3.931902995681785,0
242.88,1.0758862697226013,3.9497162576330127,1.0442369869870531,3.9334759354408115,1.0683867748498819,3.9325327975216737,0
242.912,1.0566862702794346,3.9497173045656386,1.065056581949204,3.891172856834991,1.055534697706719,3.915989447825959,0
242.94400000000002,1.0374862707805341,3.9497183515072747,1.0458469255273737,4.016871312769922,1.0401395888519853,3.95634281841601,0
242.976,1.018286271193203,3.9497193941840307,0.9565829310381017,3.9381680228194695,0.9951969257431896,3.9490735203402965,0
243.008,0.9990862714904665,3.9497204285958714,0.9731885372389961,3.9818863630486026,0.9748735703579003,3.962199270940097,0
243.04,0.9798862716527957,3.9497214512745558,0.9680060386534097,3.994257043639719,0.9606065576920295,3.9750229851210133,0
243.072,0.9606862716693515,3.9497224595073046,0.9300318571831218,3.917859497530761,0.9368566775038724,3.952158185543554,0
243.104,0.9414862715386683,3.9497234515117734,0.925754099355145,3.918336647868646,0.9208956462592499,3.9386301556839234,0
243.136,0.9222862712687401,3.949724426551041,0.9182390647697609,3.9552091452673217,0.9083130136778053,3.945262326533678,0
243.168,0.903086270876504,3.949725384981199,0.8610777321040576,3.9209178535660225,0.8778989010621923,3.935525102880247,0
243.20000000000002,0.8838862703867558,3.9497263282284627,0.9042743218468745,3.93523951461681,0.8769290693895662,3.9354114249479144,0
243.232,0.8646862698305652,3.949727258697279,0.8104663403155173,3.9574261971494606,0.8388239777731612,3.944217884888951,0
243.264,0.845486269243289,3.949728179615346,0.8463120753352181,3.8842046150841933,0.8302992168110226,3.9202131239694675,0
243.296,0.8262862686623081,3.9497290948255412,0.7980048132734873,3.977834381235899,0.8058614554089873,3.9432621723363868,0
243.328,0.8070862681246282,3.9497300085381646,0.7788311862837763,3.9284362255794276,0.7835293477719384,3.9373323401668756,0
243.36,0.7878862676644969,3.949730925059474,0.8045504281276408,3.9363026948347652,0.7804177799274238,3.9369210321856745,0
243.392,0.7686862673111907,3.949731848514019,0.7346275315537533,3.9649680097022393,0.7505816805914333,3.9481403792740544,0
243.424,0.7494862670871159,3.94973278257867,0.7724711968919795,3.9756229433570747,0.7478174871254948,3.959133968848076,0
243.45600000000002,0.7302862670063476,3.9497337302454985,0.7325238607993755,3.9106041141736987,0.7301800366093303,3.9397226001999504,0
243.488,0.7110862670737069,3.9497346936287987,0.7374610594174514,3.973214413696004,0.721572445747355,3.9531199089236577,0
243.52,0.6918862672844384,3.949735673828694,0.7469413667022888,3.935775884334848,0.7202000141446224,3.946182892687937,0
243.552,0.672686267624512,3.9497366708601267,0.6648103882799623,3.9718064848438543,0.6865241638145623,3.95643293293244,0
243.584,0.6534862680715314,3.949737683651814,0.6582440357507641,3.944009473908527,0.6636921126053139,3.951464161363817,0
243.616,0.6342862685961889,3.9497387101152417,0.6837936732647588,3.9758793451485293,0.6602127368857515,3.961230853894985,0
243.648,0.6150862691641691,3.9497397472792515,0.6086271506939737,3.9680787478011097,0.6280585024259794,3.9639706353181,0
243.68,0.5958862697383779,3.949740791481551,0.6184672549557986,4.003413419285309,0.6127020034549914,3.9797483751630724,0
243.71200000000002,0.5766862702813443,3.9497418386048007,0.531826030872469,3.9608292914186123,0.5688316144390643,3.9721813677195192,0
243.744,0.5574862707576421,3.9497428843420606,0.5451773634598541,3.938305015042307,0.5478499140643105,3.9586314499101083,0
243.776,0.5382862711361702,3.9497439244744856,0.5438304564950919,3.974972552832593,0.5347221310532642,3.9651685091382243,0
243.808,0.5190862713921474,3.949744955143363,0.5984903917835603,3.963212381677337,0.5487094353616202,3.9643866689357217,0
243.84,0.49988627150869436,3.949745973098952,0.4925025547334603,3.994571005878305,0.5147066831261082,3.9764610056109166,0
243.872,0.48068627147790655,3.94974697591008,0.429981869624711,3.9436800559826506,0.4692967577407714,3.9633492177397773,0
243.904,0.46148627130135006,3.949747962120971,0.44677679237747636,3.9850670573971865,0.4487687716101401,3.972036935269477,0
243.936,0.4422862709899547,3.949748931345196,0.4902221398804505,3.9767657445629423,0.45383011893244674,3.9739290306091584,0
243.96800000000002,0.42308627056331094,3.9497498842906773,0.4330386990989209,3.9500536712262178,0.43399355101277703,3.9643794493499747,0
244.0,0.40388627004841676,3.9497508227141265,0.4482395835143836,3.9800599484117374,0.428171964026805,3.9706522038446392,0
244.032,0.3846862694779527,3.9497517493078522,0.4320572815649661,3.9190571868204134,0.41820609105520296,3.9500147462763295,0
244.064,0.3654862688881916,3.949752667526228,0.3920287876588503,3.9725496057096974,0.39621516970965653,3.9590292360204793,0
244.096,0.34628626831667464,3.9497535813630056,0.2978397095712377,3.9227633809968645,0.3453449856672616,3.9445234392797763,0
244.12800000000001,0.32708626779980043,3.9497544950938335,0.3043085758297189,3.9212542498155996,0.3174104217453107,3.9352163106742046,0
244.16,0.30788626737047836,3.9497554130005725,0.3231448234165225,3.9879025146910907,0.30818418242706547,3.9562913438621976,0
244.192,0.28868626705599953,3.9497563390951953,0.27152667886194837,3.9739230517176813,0.28200118101459337,3.963344585192353,0
244.22400000000002,0.2694862668762638,3.949757276861061,0.25158449775026814,3.9747690435761034,0.2583145077228298,3.9679149351196763,0
244.256,0.2502862668424805,3.949758229028262,0.20016887048073598,3.8831786780223747,0.223536252840419,3.9340210084783758,0
244.288,0.2310862669564308,3.9497591973975132,0.19937503523523825,3.895409465409817,0.2023517658132778,3.918576977689239,0
244.32,0.21188626721034337,3.9497601827239643,0.16931651785518156,3.912186384611313,0.17761766664548953,3.916021337093011,0
244.352,0.1926862675873935,3.94976118466841,0.2064953841129919,3.938616180534841,0.17764875364844096,3.9250598805992363,0
244.38400000000001,0.17348626806279344,3.949762201819061,0.1840244076825827,3.9750877605174537,0.16867901527849394,3.945071646875598,0
244.416,0.15428626860540307,3.949763231782477,0.18298108506387248,4.011287547089457,0.16287984320939852,3.971558627606698,0
244.448,0.13508626917975272,3.9497642713378025,0.1464292299769142,3.9896460792635566,0.14477959793339634,3.9787942329990456,0
244.48000000000002,0.11588626974834434,3.9497653166443643,0.12356589020010726,3.979706661923603,0.12477411485717088,3.9791598308659384,0
244.512,0.09668627027407845,3.949766363489256,0.060842505078147376,3.987732611960329,0.08768147096260055,3.9825895685497343,0
244.544,0.07748627072264844,3.949767407558949,0.08328790214436514,3.988376106109294,0.07440404345214745,3.984904805216975,0
244.576,0.058286271064746334,3.949768444717415,0.04160821403266772,3.9008155403360294,0.0497657117008672,3.951269714985221,0
244.608,0.039086271277939774,3.949769471272837,0.05897625718238573,3.8907601795489692,0.04192992990955202,3.9270665086694256,0
244.64000000000001,0.019886271348102027,3.9497704842157004,-0.01650112130987928,3.9269907758563503,0.007037509437352324,3.9270368141079697,0
244.672,0.0006862712703075251,3.9497714814129163,0.05865044018608588,3.9935091090962818,0.016162681751882194,3.9536263205376967,0
244.704,-0.01851372895086191,3.94977246174545,-0.05729191582063178,3.917556564815627,-0.02473915726261651,3.939198996371903,0
244.73600000000002,-0.037713729301616275,3.9497734251805783,0.002989326129242964,3.9880755998214146,-0.025167763891853448,3.9587502060456323,0
244.768,-0.0569137297598414,3.9497743727741046,-0.04801416401965876,3.906103930100656,-0.04582632392937283,3.937692255247949,0
244.8,-0.07611373029651311,3.9497753066023846,-0.061686851325852714,3.981558650653834,-0.06369053487468566,3.9552393659538563,0
244.832,-0.09531373087755143,3.9497762296285366,-0.1295509818669445,3.966507035058482,-0.10155471365852639,3.9597469812326684,0
244.864,-0.11451373146600109,3.9497771455114585,-0.14356889341663553,3.935585258693352,-0.1298803855488086,3.950082837393452,0
244.89600000000002,-0.13371373202440057,3.94977805836996,-0.17712044488141293,3.9842924663752455,-0.16029640926887323,3.963767234306632,0
244.928,-0.1529137325171908,3.949778972517216,-0.1802304525389446,3.953441803791469,-0.1797900265637946,3.9596376101597137,0
244.96,-0.1721137329130097,3.9497798921826597,-0.12431147942649802,3.938748271035604,-0.16911860769553105,3.95128242772563,0
244.99200000000002,-0.19131373318672343,3.949780821239251,-0.21737480061200634,3.9662735052135525,-0.19994108484844153,3.9572794191775733,0
245.024,-0.210513733321062,3.9497817629537018,-0.1892950996884181,3.9189159906323936,-0.2072026907703361,3.9419346170748923,0
245.056,-0.22971373330774839,3.9497827197757687,-0.2460975567867987,3.9751546566239733,-0.23428063716234745,3.955223212114198,0
245.088,-0.24891373314804632,3.9497836931801995,-0.25373138309796606,3.921162492084148,-0.25358093552150834,3.941599513632585,0
245.12,-0.2681137328526857,3.9497846835715342,-0.2839091486787585,3.89575305122348,-0.2772322207688047,3.923261528251057,0
245.15200000000002,-0.2873137324411706,3.9497856902578996,-0.25097685035238165,3.9218786388949627,-0.27825007258614487,3.9227089812345755,0
245.184,-0.30651373194051384,3.9497867114954963,-0.28522075119570794,3.9765521183626387,-0.2925583440134585,3.944246852457373,0
245.216,-0.32571373138348203,3.9497877446009158,-0.3077803881169893,3.9828300080490324,-0.31016716163803737,3.9596807367191795,0
245.24800000000002,-0.3449137308064678,3.949788786124057,-0.356262025348578,3.9551036820097516,-0.3401251071052249,3.9578505401566435,0
245.28,-0.3641137302471307,3.9497898320704934,-0.3345277664389795,3.975423166436311,-0.3494061708216472,3.964880216714885,0
245.312,-0.383313729741962,3.9497908781589697,-0.35823011384124587,3.927009565165871,-0.3644557480125067,3.949732580248103,0
245.344,-0.4025137293239329,3.9497919200974176,-0.4295886306943243,3.9251916518833854,-0.40202890106849665,3.9399168286638933,0
245.376,-0.4217137290203773,3.9497929538597067,-0.4464659759954754,3.940897470780416,-0.4313237310229181,3.9403096986655823,0
245.40800000000002,-0.4409137288512434,3.9497939759452816,-0.476887799524939,3.947059892230106,-0.4610693584078179,3.943010380849447,0
245.44,-0.4601137288278246,3.949794983604943,-0.4827272152404775,3.9542151265840797,-0.4812525011254929,3.94749287425443,0
245.472,-0.47931372895204527,3.949795975018209,-0.46624569641427205,3.9130607770383303,-0.4867697792261546,3.933720620203484,0
245.50400000000002,-0.4985137292163463,3.9497969494108127,-0.49008071589797697,3.99150392063356,-0.4996141538805538,3.956834514968476,0
245.536,-0.5177137296041727,3.949797907104757,-0.5410211204031108,3.991819285652454,-0.5276969404757149,3.9708289882853753,0
245.568,-0.5369137300910339,3.949798849497682,-0.5388230170079648,3.955569250893014,-0.5436673710751422,3.964725650130145,0
245.6,-0.5561137306460683,3.9497997789728725,-0.5526857715675356,3.9939462671643877,-0.5587947312589174,3.976414447342939,0
245.632,-0.5753137312340156,3.9498006987456966,-0.5815376373687107,3.921889519536996,-0.5794118936898325,3.9546050224684097,0
245.66400000000002,-0.5945137318174736,3.9498016126563704,-0.6056716981428368,3.9414469207832714,-0.6014358154580954,3.949342326409588,0
245.696,-0.6137137323592975,3.949802524922407,-0.6599976726723389,3.9626723849854164,-0.636380558330801,3.9546748954460424,0
245.728,-0.632913732824991,3.9498034398667032,-0.6099284846709104,3.9820132808357354,-0.637319728853687,3.9656107987581395,0
245.76,-0.6521137331849339,3.9498043616387997,-0.5918430111242932,3.9403815146711025,-0.6306490417485011,3.955519640159503,0
245.792,-0.6713137334163038,3.9498052939472834,-0.6389723507675673,3.9617744191476247,-0.645498365342336,3.958022114621132,0
245.824,-0.6905137335045629,3.949806239820591,-0.6758201377614216,3.994018482208509,-0.6691470742957396,3.972421233797485,0
245.856,-0.7097137334444105,3.9498072014116357,-0.6990299888988724,3.933790786334558,-0.6926202401222696,3.9569696370749075,0
245.888,-0.7289137332401373,3.9498081798588625,-0.7802222047107522,3.9135028487912074,-0.7391810259424213,3.9395835143380964,0
245.92000000000002,-0.7481137329053538,3.9498091752126987,-0.6946882261923036,3.9774711267784757,-0.7329039060266211,3.9547391617320784,0
245.952,-0.7673137324621097,3.9498101864321455,-0.7953388038577733,3.8805126857864325,-0.769397865142859,3.9250491825045106,0
245.984,-0.786513731939463,3.949811211451744,-0.7714955902967948,3.914040825627585,-0.7817569551878176,3.9206464579649847,0
246.016,-0.8057137313715924,3.9498122473146045,-0.8399858028357485,3.984395308582334,-0.8165684942300904,3.946146621355161,0
246.048,-0.8249137307955794,3.949813290362932,-0.8671858207557891,3.9966617255649144,-0.84833542482332,3.9663532886666486,0
246.08,-0.8441137302490063,3.949814336473775,-0.8653840235772449,3.8911753724466456,-0.8666748643078377,3.936282747681631,0
246.112,-0.8633137297675291,3.949815381324798,-0.8851381657685989,3.9356150733364457,-0.8855801848752374,3.9360163007198596,0
246.144,-0.8825137293825823,3.949816420672956,-0.9009986719699985,3.9707747722515245,-0.903267579696523,3.949920306954712,0
246.17600000000002,-0.9017137291193632,3.9498174506280934,-0.921072192518241,3.9592848806934624,-0.9219094248089931,3.9536667468220283,0
246.208,-0.9209137289952225,3.949818467903838,-0.9128270661514222,3.8732629456484777,-0.9297964813302328,3.9215058278441974,0
246.24,-0.9401137290185623,3.9498194700295985,-0.9517772784742354,3.9287384680984823,-0.950108800172633,3.9243994754989795,0
246.272,-0.9593137291883075,3.949820455509996,-0.9789489273938564,3.881839067207237,-0.973164851046459,3.9073758933784317,0
246.304,-0.9785137294939814,3.9498214239214375,-0.9943818723293688,3.9049141637356923,-0.9931716595454672,3.9063917726091564,0
246.336,-0.9977137299163791,3.9498223759395965,-0.9808182367867593,3.9488419144899547,-0.999750290428274,3.9233723912406244,0
246.368,-1.0169137304287952,3.9498233132960108,-0.9993151697902815,3.980906696216766,-1.0110962421597265,3.946386667394382,0
246.4,-1.03611373099873,3.9498242386665936,-0.9677203810480083,3.956568601085729,-1.0052658977019449,3.9504599893081935,0
246.43200000000002,-1.0553137315899666,3.9498251554992305,-1.0466560283884236,3.9772757134562498,-1.0333419499635847,3.961186824037242,0
246.464,-1.0745137321648894,3.9498260677915686,-1.0473273456515448,3.9830579279653198,-1.050456108225843,3.969935809886152,0
246.496,-1.0937137326869004,3.949826979833321,-1.0822528238115687,4.00330004605258,-1.0746947944471172,3.9832820504642314,0
246.528,-1.1129137331227756,3.9498278959296984,-1.1476836577058953,3.9584903739011916,-1.1154103397374113,3.973365930291666,0
246.56,-1.132113733444814,3.949828820123795,-1.1116153692425919,3.92541862583758,-1.125412351525964,3.9541875655307646,0
246.592,-1.1513137336326364,3.949829755935832,-1.133516068918642,3.960444808051032,-1.1401738384691256,3.9566910279305993,0
246.624,-1.1705137336745155,3.94983070613607,-1.1876385101459728,3.9487014400620972,-1.1706797071254953,3.9534957678084792,0
246.656,-1.1897137335681456,3.9498316725660443,-1.19234387892265,3.947756481110797,-1.1908653758294834,3.9512006384289418,0
246.68800000000002,-1.2089137333208029,3.949832656019649,-1.1965003193614059,3.979174199375162,-1.2046393532268582,3.962390658358654,0
246.72,-1.2281137329488785,3.949833656191753,-1.2653686059047844,3.976551718196481,-1.2404510542821319,3.96805568741221,0
246.752,-1.2473137324768169,3.9498346716976673,-1.2176157812675263,4.000218012275211,-1.2428369450599435,3.980921230740653,0
246.784,-1.266513731935529,3.949835700162226,-1.2483588995519848,3.9485807565196587,-1.2565657268400525,3.9679856608639037,0
246.816,-1.2857137313603857,3.949836738372744,-1.2825966465553162,3.9551323695054785,-1.278498094709207,3.962844968308458,0
246.848,-1.3049137307889234,3.949837782486006,-1.3768418079749953,3.9589716274287032,-1.3293555799984678,3.961296257598039,0
246.88,-1.3241137302584163,3.949838828275948,-1.3537322677803474,3.9551824280886065,-1.3506262550942116,3.9588513504586,0
246.912,-1.3433137298034714,3.9498398714060787,-1.3240860606904448,3.94531767612235,-1.3515301773158912,3.9534385018421823,0
246.94400000000002,-1.362513729453804,3.949840907709068,-1.362052290411935,3.9316840236422026,-1.3672590225378218,3.944737325792177,0
246.976,-1.3817137292323345,3.949841933455488,-1.357081921897887,3.9310533595501775,-1.374708182265794,3.9392643466737187,0
247.008,-1.4009137291537284,3.949842945594375,-1.3972075436467446,3.8873545306057946,-1.395227926802626,3.918501018314678,0
247.04,-1.4201137292234651,3.949843941950092,-1.4509454004068192,3.9573852317914007,-1.4290349162292935,3.9340552916038485,0
247.072,-1.4393137294374962,3.949844921362792,-1.423355624517816,3.944902775196295,-1.4382831995302254,3.9383948625649077,0
247.104,-1.4585137297825106,3.9498458837634125,-1.5113387840914736,3.9595178043330588,-1.4790254333407393,3.9468446068851204,0
247.136,-1.4777137302367866,3.9498468301783505,-1.424989037151282,4.010123743652138,-1.468930874851392,3.9721568203953233,0
247.168,-1.4969137307715805,3.9498477626635027,-1.493412141463145,3.9302290208610384,-1.4902433814828573,3.9553862522444216,0
247.20000000000002,-1.5161137313529611,3.9498486841719065,-1.568499070306237,3.994824985133198,-1.5330656569991938,3.971162292051034,0
247.232,-1.535313731943979,3.9498495983635062,-1.524594482497257,3.9852477371137955,-1.5411971871855092,3.9767970141671123,0
247.264,-1.5545137325070342,3.9498505093692944,-1.5548082542581938,3.987057223303843,-1.5581616140016612,3.9809016419689094,0
247.296,-1.5737137330062918,3.9498514215250284,-1.5806701892426789,3.9208976727115714,-1.5786850440850193,3.9569006010814634,0
247.328,-1.5929137334099925,3.9498523390916875,-1.6611372611853976,3.9860931567215006,-1.6231859309118861,3.9685781752611313,0
247.36,-1.612113733692508,3.9498532659806886,-1.5759854342302344,3.9737654242447276,-1.6158257322256082,3.970653633996319,0
247.392,-1.6313137338360075,3.9498542055015804,-1.646930030659582,3.9247675968468627,-1.639787451585165,3.95229978714033,0
247.424,-1.6505137338316234,3.9498551601484886,-1.6501649458084757,3.943929137949092,-1.6554584492599789,3.9489521054015224,0
247.45600000000002,-1.6697137336800363,3.94985613143909,-1.635340086042475,3.9248412030042,-1.658931103957953,3.939308332744684,0
247.488,-1.6889137333914392,3.9498571198165062,-1.677782467356893,3.9792806416507895,-1.6779916493019855,3.9552978547348823,0
247.52,-1.7081137329848821,3.9498581246204605,-1.7041017654375468,3.9286367841807004,-1.6999556957401762,3.9446340341738875,0
247.552,-1.7273137324870365,3.949859144129568,-1.7467840968686987,4.005275720189656,-1.7302070561751262,3.9688913239844554,0
247.584,-1.7465137319304642,3.9498601756720544,-1.7478068355199279,3.929996434265173,-1.7487669678962607,3.9533339892545323,0
247.616,-1.7657137313515057,3.94986121579778,-1.795953078846636,3.954836878662225,-1.7791614122594244,3.953935769566348,0
247.648,-1.7849137307879248,3.9498622605004936,-1.800427053558541,3.947023179528142,-1.7991876687620285,3.9511713589078745,0
247.68,-1.8041137302764692,3.949863305476,-1.7921304720505205,3.969333850731985,-1.807884790060478,3.958436979165695,0
247.71200000000002,-1.8233137298505029,3.949864346399609,-1.805584329419789,3.938226676059364,-1.8184846057874953,3.950353477102159,0
247.744,-1.8425137295378649,3.949865379204976,-1.7956170854073963,3.949715578351866,-1.820857597619114,3.950098930190011,0
247.776,-1.8617137293590889,3.9498664003463704,-1.8674613420852049,3.9774098863899794,-1.8510190953896704,3.961023916848415,0
247.808,-1.880913729326097,3.949867407027441,-1.8363557659182195,3.9743221016338843,-1.8566737635857318,3.966343785253637,0
247.84,-1.9001137294414454,3.9498683973817332,-1.8915652390933666,3.9481419217650253,-1.8821503537739699,3.959063624007258,0
247.872,-1.9193137296981688,3.949869370593297,-1.9393615412653535,3.9171798310431947,-1.9165548287562322,3.9423106806397774,0
247.904,-1.938513730080229,3.9498703269495934,-1.9633152933439635,3.9411345678538283,-1.9467790145775068,3.941840799688787,0
247.936,-1.9577137305635415,3.949871267823272,-1.9320182613907024,3.9366318468601094,-1.9523947132893613,3.9397577743638292,0
247.96800000000002,-1.9769137311175113,3.9498721955839673,-1.9898746253802106,3.915962609539776,-1.978906678112573,3.9302402577199262,0
248.0,-1.9961137317069872,3.9498731134457863,-1.9992806485671544,3.94792357412976,-1.998576266281462,3.937314129304822,0
248.032,-2.0153137322945085,3.949874025260298,-2.025717065013042,3.956679871198993,-2.0209525857612176,3.9450609693493286,0
248.064,-2.0345137328427065,3.9498749352683573,-1.9939549056324881,3.97532008667851,-2.0216735136968,3.957165160475822,0
248.096,-2.053713733316706,3.9498758478267515,-2.0563495795774984,3.925668267213675,-2.04706394003599,3.94456695085699,0
248.12800000000001,-2.072913733686377,3.949876767127289,-2.1143173378717237,3.9393112432881305,-2.0854852991569253,3.9424652213644085,0
248.16,-2.0921137339282856,3.949877696926435,-2.1549447192388707,3.9334522983209848,-2.1247890671759833,3.9388606135110518,0
248.192,-2.111313734027219,3.949878640302933,-2.1021473338250276,3.935365594489593,-2.127252373821442,3.9374631765702217,0
248.22400000000002,-2.1305137339771827,3.949879599459042,-2.124410183693561,3.9332835217271276,-2.137635497755637,3.935791895478481,0
248.256,-2.149713733781799,3.949880575578222,-2.1502177761680126,3.953927745313261,-2.1541884091054144,3.9430468266523944,0
248.288,-2.1689137334540796,3.949881568748456,-2.200768597249528,3.9334793170063724,-2.1843404843473717,3.939220423973814,0
248.32,-2.1881137330155864,3.949882577956181,-2.2042679567978323,3.9133335989309654,-2.2038314733113937,3.928866303979305,0
248.352,-2.207313732495033,3.9498836011512295,-2.183781789263552,3.9190744516268112,-2.2073315996756966,3.924950180234872,0
248.38400000000001,-2.226513731926424,3.9498846353786363,-2.272689699636775,3.9404096210348394,-2.2449948396432777,3.931134578792048,0
248.416,-2.2457137313468496,3.9498856769688206,-2.262797486542867,4.00240777218443,-2.2636358983861076,3.9596444809664346,0
248.448,-2.264913730794086,3.9498867217739178,-2.286823274827028,4.0153250722266,-2.2844308489454623,3.981917342239234,0
248.48000000000002,-2.28411373030416,3.9498877654350326,-2.2648177181795117,3.9372268923863163,-2.288105596622213,3.9640417843900195,0
248.512,-2.303313729909029,3.9498888036632063,-2.2699395118277383,3.8750045998510556,-2.2923591626878377,3.928427527531829,0
248.544,-2.322513729634536,3.9498898325159795,-2.3275358752727535,4.000299303786764,-2.317949847705621,3.957176847727694,0
248.576,-2.3417137294987596,3.949890848651731,-2.3464789458610076,3.973343856690762,-2.3408814869520795,3.963644252080588,0
248.608,-2.360913729510864,3.9498918495453763,-2.379281586787594,3.9410475912627447,-2.367761526871124,3.954606178505796,0
248.64000000000001,-2.380113729670524,3.949892833651513,-2.3614251685815697,3.9455223818955742,-2.376746983540684,3.9509732401537185,0
248.672,-2.3993137299679494,3.949893800504467,-2.3748906794800506,3.9037457826601023,-2.387524461902326,3.9320828272159885,0
248.704,-2.4185137303845137,3.9498947507487676,-2.3170718738573233,3.9815723118317576,-2.3708634266706725,3.9518791817763916,0
248.73600000000002,-2.437713730893943,3.9498956860980536,-2.4476665881228614,3.945572610291501,-2.4131046912382614,3.9493571060393267,0
248.768,-2.456913731463992,3.949896609225031,-2.476086479891079,3.956704343114568,-2.4498174066863636,3.9522965478635514,0
248.8,-2.4761137320585003,3.9498975235895455,-2.4842832983944647,3.939692332893998,-2.475123763356727,3.9472554053791646,0
248.832,-2.495313732639704,3.949898433215828,-2.5355760271349803,3.9672980808575207,-2.5108246688551805,3.9552730181801414,0
248.864,-2.5145137331706566,3.9498993424332483,-2.4532355155075662,3.848101781591151,-2.4993090075031996,3.9124050679147215,0
248.89600000000002,-2.533713733617605,3.9499002555972766,-2.5133048242322618,3.9149932639259766,-2.5164273341816905,3.9134408949905795,0
248.928,-2.5529137339521686,3.949901176808631,-2.5581278855376883,3.934486488666403,-2.5446275547106536,3.9218596876964704,0
248.96,-2.5721137341531786,3.94990210964871,-2.544448494849884,3.9259214693709183,-2.5560759307525194,3.9234849640053575,0
248.99200000000002,-2.591313734208058,3.9499030569483824,-2.5957848790484297,3.942283932420489,-2.5834795100565966,3.931005124710894,0
249.024,-2.6105137341136446,3.9499040206050426,-2.648606996334913,3.9692481819059053,-2.621050504553129,3.946302931299173,0
249.056,-2.6297137338764087,3.9499050014597556,-2.6260963084807605,3.9057230275568138,-2.634588826108863,3.9300715638837396,0
249.088,-2.6489137335120394,3.9499059992424366,-2.6796571037129837,3.940863770294722,-2.664136137134685,3.9343890502309655,0
249.12,-2.668113733044432,3.949907012588631,-2.683673210567986,3.937725007254285,-2.683470966491724,3.93572404522701,0
249.15200000000002,-2.6873137325041396,3.9499080391268584,-2.6981763690691416,3.925035264727166,-2.700873127506042,3.9314491517760097,0
249.184,-2.7065137319263965,3.9499090756309183,-2.722337621660991,3.9366510269312243,-2.720978925151122,3.933530524881787,0
249.216,-2.7257137313488355,3.949910118227385,-2.7088624414846145,3.9915575399782464,-2.7276523316675103,3.956741955711486,0
249.24800000000002,-2.744913730809059,3.949911162644945,-2.738415601981311,3.9441688293529538,-2.7434776397760636,3.95171332904347,0
249.28,-2.764113730342219,3.9499122044895327,-2.7622838138130477,3.931607179290452,-2.7625201093740825,3.943671489494605,0
249.312,-2.7833137299787603,3.9499132395275462,-2.797724746888769,3.9379638532231938,-2.7881219643635093,3.941389049431921,0
249.344,-2.8025137297424734,3.9499142639588927,-2.7826012771147246,3.9231910930934175,-2.797433689447983,3.9341104734302546,0
249.376,-2.8217137296489807,3.949915274662265,-2.8156809101758755,3.9775403785908447,-2.8162525777236382,3.9514830326176695,0
249.40800000000002,-2.8409137297047464,3.9499162693968164,-2.8609936139586987,3.9605813778727406,-2.8456689922027056,3.955122957538119,0
249.44,-2.86011372990667,3.9499172469472095,-2.845693802696133,3.9464396281191605,-2.857198916385661,3.9516502020522615,0
249.472,-2.879313730242288,3.9499182072026593,-2.913001658579275,3.9047247766559434,-2.8910400132491914,3.9328805980844943,0
249.50400000000002,-2.8985137306905733,3.949919151164823,-2.894214722928055,3.9524415711723577,-2.9038298971072516,3.9407055445145596,0
249.536,-2.917713731223268,3.9499200808839845,-2.95629701976048,3.968723626375357,-2.936336746155394,3.9519133271323197,0
249.568,-2.9369137318066882,3.9499209993276003,-2.889803620707807,3.9022837977706435,-2.9292434959634375,3.9320620600856553,0
249.6,-2.956113732403866,3.9499219101896204,-2.9578408088646535,3.930025079775144,-2.952202421111112,3.9312478099637023,0
249.632,-2.9753137329769133,3.949922817652841,-2.977686230296142,3.9883807871616246,-2.973915944772304,3.9541015428030257,0
249.66400000000002,-2.9945137334894474,3.949923726119564,-3.0081687965769874,3.933780772666285,-2.999137085481232,3.9459737793230207,0
249.696,-3.0137137339089306,3.949924639927896,-3.0110070112741716,3.957018865342888,-3.0154050557852274,3.950392363408483,0
249.728,-3.032913734208768,3.949925563071958,-3.0221580628705342,3.958045535289352,-3.029626258605836,3.953454189100503,0
249.76000000000002,-3.052113734370034,3.949926498944036,-3.0449706282852205,3.9139182298902564,-3.0472840064636575,3.9376403713090826,0
249.792,-3.071313734382701,3.9499274501153057,-3.0809365798442143,3.9182724703503657,-3.0722650358014665,3.9298937868842025,0
249.824,-3.090513734246302,3.9499284181692866,-3.0798581989088873,3.954567601721973,-3.086822301029502,3.9397638993065573,0
249.856,-3.1097137339699703,3.949929403598801,-3.105582489707947,3.9136235534824624,-3.105846376485421,3.929308357774864,0
249.888,-3.1289137335718538,3.9499304057731304,-3.104957679267747,3.927594785831017,-3.1170108975823947,3.9286235352207752,0
249.92000000000002,-3.1481137330779467,3.9499314229775453,-3.1777119375704332,4.012773212519642,-3.1528113135612195,3.962284020293241,0
249.952,-3.1673137325204084,3.949932452522728,-3.171616122320494,3.985208203264472,-3.171853237048203,3.9714543135530604,0
249.984,-3.186513731935487,3.9499334909171058,-3.2246761481065684,3.959954491872836,-3.2045024014546146,3.9668550084737237,0
250.016,-3.2057137313611817,3.9499345340910494,-3.1828746441576024,3.944195916404821,-3.207371298518813,3.957791996131518,0
250.048,-3.2249137308347953,3.9499355776585543,-3.2051210057072606,3.9207819848577983,-3.217991181377287,3.9429886143085096,0
250.08,-3.244113730390543,3.9499366171995853,-3.248694367580746,3.9558738937454634,-3.241792455842006,3.9481433443901626,0
250.112,-3.263313730057365,3.949937648544921,-3.220968191143429,3.9393591895235356,-3.24498274994628,3.944630294067238,0
250.144,-3.28251372985708,3.9499386680451596,-3.2846924675150357,3.9259922178592777,-3.2723866369579557,3.937175666647083,0
250.17600000000002,-3.3017137298030037,3.949939672806543,-3.3135168621331696,3.965671471566407,-3.3003587270127475,3.948574581787094,0
250.208,-3.3209137298991083,3.9499406608783802,-3.3189223325284027,3.951204908355607,-3.319304169204271,3.9496272949998774,0
250.24,-3.340113730139773,3.94994163137994,-3.385112620591234,3.9842340941307404,-3.357147549744856,3.963470586634106,0
250.272,-3.359313730510146,3.949942584558576,-3.4226096231511094,3.9259218662140563,-3.3948523790936442,3.9484516605093862,0
250.304,-3.3785137309870863,3.949943521775258,-3.3415267619350577,3.9560881592992483,-3.3850421322169035,3.9515068134345084,0
250.336,-3.397713731540632,3.9499444454183457,-3.3497125219233244,3.933852838386584,-3.382430288086472,3.9444457700511815,0
250.368,-3.4169137321359,3.94994535875107,-3.401398419554339,3.9499271126456055,-3.4015375406608106,3.9466388492494016,0
250.4,-3.4361137327353015,3.949946265702443,-3.4424632019956274,3.909053105387163,-3.4294278051820024,3.931605091977149,0
250.43200000000002,-3.455313733300935,3.949947170614988,-3.471272235022087,3.9884444600285365,-3.4576855771052535,3.9543413802933793,0
250.464,-3.474513733797005,3.9499480779654514,-3.5316407939434007,3.929019278135642,-3.4987876638275663,3.944213084008508,0
250.496,-3.493713734192116,3.9499489920764366,-3.5181909820128414,3.9781521138844704,-3.518068991088458,3.9577892464563043,0
250.528,-3.512913734461291,3.949949916837489,-3.472031584948108,3.9320704908258426,-3.5111740286187327,3.9475023026770053,0
250.56,-3.5321137345875835,3.9499508554536003,-3.5783430626615327,3.9510706681543986,-3.5495616422218212,3.9489302168590097,0
250.592,-3.5513137345631773,3.9499518102373306,-3.5531272935427403,3.9928092233404406,-3.5625079027356543,3.9664823978894614,0
250.624,-3.5705137343898996,3.9499527824580047,-3.5683622485843203,3.9114248331755284,-3.5763696410600545,3.944459961142186,0
250.656,-3.5897137340791128,3.9499537722577585,-3.6042448823495032,3.9980464478176243,-3.5990397375602394,3.9658951552118396,0
250.68800000000002,-3.6089137336509873,3.9499547786399516,-3.6076275885110562,3.989241158445367,-3.6139948779244833,3.9752341650606553,0
250.72,-3.6281137331332096,3.94995579953082,-3.623647079253256,3.9348646501200615,-3.6293757584394974,3.9590869750941815,0
250.752,-3.647313732559203,3.949956831910541,-3.689039792676787,3.953202966119731,-3.664761372117616,3.9567339927788447,0
250.784,-3.666513731965985,3.9499578720054234,-3.6301128637666036,3.947800635786421,-3.662421968760248,3.953161273983026,0
250.816,-3.6857137313917967,3.949958915528997,-3.694864386958726,3.9810058122376017,-3.6869189360226637,3.964299713288974,0
250.848,-3.7049137308736655,3.9499599579566307,-3.682570262357226,3.9287578339519245,-3.6966994665396564,3.9500835828265717,0
250.88,-3.72411373044505,3.9499609948161116,-3.7347577713280735,3.9115869217963763,-3.723442788438482,3.934685534385588,0
250.912,-3.7433137301337203,3.9499620219755847,-3.7863265555962777,4.022713779711845,-3.760116295285474,3.969897440947095,0
250.94400000000002,-3.7625137299600127,3.949963035910372,-3.770102065775898,3.982486826252113,-3.7756306034660243,3.974933794197102,0
250.976,-3.781713729935551,3.9499640339315114,-3.7982062923841413,3.9451118778725127,-3.7961808790182108,3.963005616320041,0
251.008,-3.8009137300625255,3.9499650143612826,-3.8376875976659695,3.938988329720535,-3.824303566462824,3.9533992793535084,0
251.04,-3.820113730333562,3.949965976644329,-3.8473763404823598,3.9460149820866053,-3.84505267605669,3.9504461273387776,0
251.072,-3.8393137307321927,3.9499669213871056,-3.8324723056187935,3.958754734379168,-3.8515405278680617,3.953770127156173,0
251.104,-3.85851373123389,3.9499678503229245,-3.8234930470239914,3.9147092179760157,-3.851841535517352,3.938146312122391,0
251.136,-3.877713731807608,3.949968766204636,-3.8374233721085003,3.9082629681151504,-3.8575942701410093,3.9261935168641777,0
251.168,-3.8969137324177248,3.9499696726315876,-3.8546203117910665,3.962602177216559,-3.8679246867883883,3.940757519536189,0
251.20000000000002,-3.916113733026279,3.9499705738217226,-3.8780458949251138,3.9403768636989294,-3.8834931700304693,3.9406057946515904,0
251.232,-3.9348356715770616,3.949971538892366,-3.9622446420416315,3.917217279125937,-3.9262043751643887,3.931250875943562,0
251.264,-3.95296560635561,3.9499723739882113,-3.9337774498906604,4.010055223325848,-3.9400847601656497,3.9627730436685416,0
251.296,-3.970508711876246,3.9499730733736804,-3.9550992182715583,3.947821742646443,-3.956593603771911,3.9567929021472406,0
251.328,-3.987482299770053,3.949973680773981,-4.001239167965245,3.9879227754524065,-3.984618062187554,3.969245191957672,0
251.36,-4.003905622134968,3.949974227297224,-3.9696040227959744,3.90144517837935,-3.9884527862817665,3.942125499476281,0
251.392,-4.019797643917434,3.9499747340073825,-4.029062523363888,4.0085172416510435,-4.014221693175983,3.9686824910876735,0
251.424,-4.035176572437614,3.9499752162859725,-4.0580669670890215,4.001069166207195,-4.040979687984203,3.981637445245788,0
251.45600000000002,-4.050059810365253,3.9499756856746364,-4.099219416226641,3.9849082223641887,-4.073200189096431,3.982946035427826,0
251.488,-4.064464002572627,3.949976150649889,-4.121364454809757,3.9584901077623798,-4.101104747028629,3.9731639432027177,0
251.52,-4.078405096484691,3.9499766171121573,-4.049803277035672,3.9552895599113067,-4.088946450187746,3.96601447114728,0
251.552,-4.091898397747708,3.949977088820373,-4.048111509012632,3.930274903630405,-4.080707095870682,3.9517189295936914,0
251.584,-4.104958618276705,3.949977567808604,-4.090449342215139,3.937563009718698,-4.092439545176965,3.9460568521442996,0
251.616,-4.117599917238123,3.9499780547735672,-4.11567413563693,4.0099923347974,-4.10931817589503,3.9716313409015065,0
251.648,-4.129835936132772,3.9499785494186366,-4.130803987187137,3.9390331531862577,-4.1252545820055975,3.958592366332139,0
251.68,-4.141679829082653,3.9499790507465606,-4.12979792399968,4.038898484906076,-4.134179068833858,3.990715118359558,0
251.71200000000002,-4.153144289240014,3.9499795572996224,-4.176384993553787,3.995585609650688,-4.157941186007482,3.992663622579926,0
251.744,-4.164241572056497,3.94998006735042,-4.199746605690973,3.9102521503808934,-4.181322983531163,3.959699343403467,0
251.776,-4.174983515999192,3.9499805790488582,-4.166115985418267,3.9322238926186017,-4.181686746105867,3.9487094736335733,0
251.808,-4.18538156117909,3.9499810905318684,-4.143125396334331,3.9392578235847635,-4.172502522693078,3.944929123849363,0
251.84,-4.195446766261215,3.949981600002389,-4.202985727130336,3.9947469804117217,-4.190736478496033,3.9648565753033504,0
251.872,-4.205189823949702,3.9499821057836044,-4.229637213354,3.984761172299239,-4.2121441945293965,3.972818720508731,0
251.904,-4.214621075281104,3.949982606353698,-4.200820769382426,3.9337527308023357,-4.213275179852893,3.9571926276959193,0
251.936,-4.223750522911877,3.9499831003655386,-4.19375780081596,3.92724033735786,-4.210947503594596,3.9452120104885267,0
251.96800000000002,-4.23258784354865,3.949983586654962,-4.286689274533256,3.9533367112853943,-4.246548201931807,3.9484621849027612,0
252.0,-4.241142399640405,3.949984064240594,-4.2308325988275595,3.8852779970804248,-4.245396274095439,3.923188798459469,0
252.032,-4.249423250428413,3.949984532317584,-4.243131947627826,3.9665218036151644,-4.249460609436599,3.9405222833281863,0
252.064,-4.257439162431364,3.949984990247116,-4.2744852608560855,3.9437168394473625,-4.264281543597329,3.9418003823347023,0
252.096,-4.265198619428575,3.9499854375431704,-4.212738646072883,3.9575491656179977,-4.248321552669911,3.9481001656831527,0
252.12800000000001,-4.272709831992645,3.9499858738576705,-4.275400005374759,3.9986648894442625,-4.263661120259766,3.9683263185056283,0
252.16,-4.279980746613784,3.949986298964899,-4.208681243261933,3.9650968371723505,-4.246033140687234,3.967034782452746,0
252.192,-4.287019054450787,3.9499867127458423,-4.334922000395283,4.0251871785161395,-4.285813054236261,3.9902959904635393,0
252.22400000000002,-4.2938321997378734,3.9499871151729615,-4.306857557518569,3.9255931647430646,-4.298320089704463,3.9644151028621115,0
252.256,-4.300427387871994,3.94998750629574,-4.302521978979596,3.8871913474394026,-4.303959267180235,3.933525836522308,0
252.288,-4.306811593201555,3.949987886227255,-4.285925839706318,3.914617706010653,-4.300577690344171,3.925962813367372,0
252.32,-4.312991566534557,3.949988255131922,-4.3317637427043225,3.9584199075067885,-4.316761328699371,3.9389458734006135,0
252.352,-4.318973842381776,3.949988613214503,-4.291954959766266,3.981124541006388,-4.310429343049245,3.95581755627828,0
252.38400000000001,-4.3247647459487135,3.949988960710396,-4.3785722394173625,3.9619676164661106,-4.341162203823314,3.9582777897938777,0
252.416,-4.330370399888491,3.9499892978772,-4.349439904499026,3.96270274061624,-4.347837800971911,3.960047973327775,0
252.448,-4.335796730826576,3.9499896249874986,-4.334484115703173,3.9393836770727044,-4.345753215187061,3.9517824519625275,0
252.48000000000002,-4.341049475667236,3.9499899423227935,-4.297937684951497,3.9550911130586415,-4.329779705861448,3.953106107641388,0
252.512,-4.346134187690694,3.9499902501685042,-4.308178072029348,3.924460442033883,-4.324190902396257,3.941648026915853,0
252.544,-4.351056242449305,3.9499905488099265,-4.387436119478712,3.90475482120852,-4.352443212826017,3.926890924600184,0
