time,gt_x,gt_y,noisy_gps_x,noisy_gps_y,est_x,est_y,in_blackout
0.032,-1.1095238011074482e-05,1.0834412181866289e-05,-0.019782377462159887,0.026490913277857932,-1.1095238011074482e-05,1.0834412181866289e-05,0
0.064,-0.00014417235857686723,3.47176218385436e-05,0.007169243544379365,-0.051130005686416916,-0.0012118631954939887,-0.02045878754127349,0
0.096,-0.0004058234955806038,0.00016978488723741293,-0.00775770798261711,-0.008283685676692498,-0.007916124526185541,-0.01562868929852913,0
0.128,-0.0007950129778508133,0.00043393808114657636,0.011469327733093568,0.019641676009217342,-0.004273457756460243,-0.0016007374709129107,0
0.16,-0.0013195707291324499,0.0008317671182570536,0.0001405795068448424,-0.03541380306686917,-0.006656708532562743,-0.015260362473955246,0
0.192,-0.0019920061203695335,0.001365549194433127,0.010563450985226524,-0.004643054726553438,-0.003965464489999036,-0.011216469062529509,0
0.224,-0.002826516034213292,0.0020377132118646227,-0.040974341618595936,-0.045624255066559566,-0.023022905858702498,-0.025266255692965058,0
0.256,-0.0038368894683477126,0.002849675989594218,-0.026323079751278684,0.024257419712752908,-0.028661281866924862,-0.0058428001431657,0
0.28800000000000003,-0.0050355501940845485,0.0038012856369972754,-0.0467435082678079,-0.03144042531820215,-0.040282219187341956,-0.016583672588228484,0
0.32,-0.006433325735357017,0.004890712268062754,0.02824187237878957,-0.0019649540364712484,-0.017333435407281696,-0.011371081928197902,0
0.352,-0.008039719159602922,0.0061145489306577505,-0.022470837543193477,-0.03995877026690228,-0.0239226170903705,-0.023592175135925417,0
0.384,-0.00986341449226182,0.007468132931212015,0.004763358364878496,-0.08451047287080851,-0.017053609941321074,-0.04891536916496261,0
0.41600000000000004,-0.011912760755297897,0.008945961213252963,0.011652392031545644,-0.051356709562858066,-0.010242497577244117,-0.05103689190261289,0
0.448,-0.014196088473287419,0.010542082753368603,0.030068138142472757,-0.013976571999895887,0.001153166105552399,-0.03756637761660478,0
0.48,-0.016721819701551205,0.01225040157112152,-0.06419359733476265,-0.02489706777682925,-0.029759188564924093,-0.03408032008299849,0
0.512,-0.019498406211066924,0.014064873879096782,0.021183570008664936,0.02364053951893464,-0.014184634073474539,-0.012820582552841046,0
0.544,-0.022534162815945485,0.01597961349270544,-0.011322438641652508,0.022252870292651404,-0.01785089284741914,-0.0008845451643424568,0
0.5760000000000001,-0.0258370623676826,0.01798892730626271,-0.03240464819484496,0.0031733738244300973,-0.028467479170134313,-0.0016355088664654683,0
0.608,-0.030014579446547285,0.01859271771177416,0.03276420647216988,0.1073890840103245,-0.00872870264734604,0.03931287505767775,0
0.64,-0.035067139087400584,0.01744559424883583,-0.05705147172947347,0.017735477844138904,-0.03274094094196359,0.02773159859675861,0
0.672,-0.04091642246976239,0.01443063333148739,-0.013543861056117771,0.043947748409125575,-0.029643319124748633,0.030980855769609482,0
0.704,-0.047473984749395876,0.009459563879076094,-0.02779668220144805,0.0188910457034953,-0.03335182788247541,0.022626617165569112,0
0.736,-0.05431976134811739,0.003952009445563306,-0.07295813412525307,-0.008567407358332096,-0.05350040376453383,0.006388605889705522,0
0.768,-0.06624054741906375,-0.006826574270702178,-0.08742122908749256,-0.01841413352213431,-0.07536562839087832,-0.011478905041225614,0
0.8,-0.07934267430462359,-0.01966789876453564,-0.09346324631226391,0.02132242590082399,-0.0905931445099858,-0.006652288401291154,0
0.8320000000000001,-0.09274986314514597,-0.033059670748401215,-0.11070554448659897,-0.03278613291705056,-0.10634970544016331,-0.025662831089596716,0
0.864,-0.10597286425124129,-0.04634023460491486,-0.10916128802244926,-0.01956282678728273,-0.11494929830514769,-0.03197294464786277,0
0.896,-0.1188372182822278,-0.05962863194937205,-0.08485548925333367,-0.05018258540587992,-0.11016901551031733,-0.04816533349511458,0
0.928,-0.12683878590382489,-0.07038745492229471,-0.08860572057442291,-0.07474316020991491,-0.10508021286456751,-0.06330995654540425,0
0.96,-0.13404178888707532,-0.08137443871677373,-0.16284339416651608,-0.0888659944321399,-0.13164384314887126,-0.07809146656849539,0
0.992,-0.14085410475212506,-0.0923654700489829,-0.1369893194245877,-0.11981534813434126,-0.13717709758421534,-0.09937338191573705,0
1.024,-0.14738303674732117,-0.10333024349799017,-0.15489837941356857,-0.1201858225834235,-0.14761314844963203,-0.11231304376896996,0
1.056,-0.15366273359812024,-0.1142617400288084,-0.1703085301977539,-0.12462519320606472,-0.16000770283636476,-0.1218650624734145,0
1.088,-0.15970800019975429,-0.12515851395317024,-0.15090428081270915,-0.08326870659195179,-0.1596683722993173,-0.11105709097012678,0
1.12,-0.16552729038714048,-0.13602191621875556,-0.18846423433779388,-0.15042394581526802,-0.17449134281316747,-0.13142922053693304,0
1.1520000000000001,-0.17112608022521636,-0.14685531136441918,-0.15564040129630904,-0.1580375123676816,-0.17027512330340033,-0.1466842830042986,0
1.184,-0.17650796890089257,-0.15766365573855992,-0.24356655663861554,-0.13263930400203544,-0.20295214811117862,-0.14565574230382783,0
1.216,-0.18167523778782999,-0.16845317132413273,-0.1691413847600792,-0.18464653362404754,-0.19284099615405387,-0.16581004262828955,0
1.248,-0.18662927248525343,-0.17923106872205405,-0.14497026583971334,-0.09521993667270846,-0.17717442583572426,-0.1420905121605093,0
1.28,-0.1914450187631013,-0.1894862168228341,-0.1779527992182861,-0.1686155660330319,-0.18104990400992094,-0.15716546334027168,0
1.312,-0.19612667899476147,-0.19907973721663078,-0.2050857162271225,-0.18224795226548463,-0.19432320344851667,-0.17160058945596113,0
1.344,-0.20085016736388236,-0.2079541217514318,-0.24505659512353317,-0.22805913547856502,-0.21838098466460965,-0.1985112495157506,0
1.3760000000000001,-0.21095792249648204,-0.22064172723053546,-0.21434755747659753,-0.25640266128514727,-0.2244902804782377,-0.23017760777529694,0
1.408,-0.22368835199707512,-0.2341902841625767,-0.1946770174628151,-0.23979849779734094,-0.22048436903794003,-0.24237267587867298,0
1.44,-0.23696831760151146,-0.2480176674757148,-0.3116025784708635,-0.2704562527800968,-0.2650177325088946,-0.26180521774642507,0
1.472,-0.25039965549440735,-0.2616764923323909,-0.2673071448329,-0.2728651184684917,-0.2741223369785372,-0.2743312950587389,0
1.504,-0.2641311270291564,-0.2752799724749991,-0.27692028178277717,-0.29329359806541266,-0.28347593169061047,-0.2899724351238219,0
1.536,-0.2780128281714341,-0.2887189880127344,-0.267026528910609,-0.3374040977821019,-0.28514130397858134,-0.31698971905436046,0
1.568,-0.29194235096026566,-0.3021147628313729,-0.20196537838454498,-0.283404840161914,-0.26010352054133246,-0.31161298431767775,0
1.6,-0.30575711492555796,-0.3155427104724766,-0.3371334334278444,-0.322582243813659,-0.2991245533735345,-0.3240821169416348,0
1.6320000000000001,-0.3194554516850425,-0.3290245018161197,-0.3130896161738782,-0.32034448965226153,-0.31289626190732334,-0.3306925634278329,0
1.6640000000000001,-0.33310038026547517,-0.34255865529810015,-0.3609458156543663,-0.3446369978459544,-0.34028619028011675,-0.34439178172437723,0
1.696,-0.3467168966469107,-0.35612366307928456,-0.35820116413928865,-0.3901372728961144,-0.35561176123093374,-0.3708220859577015,0
1.728,-0.36031144033150364,-0.36970500275634177,-0.38530272861159204,-0.4216315765786514,-0.37564022393022906,-0.3992855394768553,0
1.76,-0.37389241784746174,-0.3832950408675206,-0.39350099424239465,-0.34541188493281777,-0.3909316707627742,-0.38588067785531915,0
1.792,-0.38746621235539097,-0.3968883762453514,-0.38413184052963767,-0.3655485526838104,-0.39635616765763615,-0.3858951308820693,0
1.824,-0.4010375783263016,-0.41048109528319,-0.4116549810612209,-0.37341299565637354,-0.4106192186571244,-0.3890504764580075,0
1.856,-0.4146098132339082,-0.42407056871701443,-0.4241741951605591,-0.3806071898984243,-0.42418516989283206,-0.39382092409971314,0
1.8880000000000001,-0.4281849403876755,-0.43765528828866457,-0.45951134612279904,-0.40731788702287025,-0.4464609164622555,-0.40736615759111505,0
1.92,-0.4417639418058507,-0.45123466533254536,-0.4923121019326381,-0.5146020706927332,-0.4729484585877912,-0.45840518250604734,0
1.952,-0.45534701564771907,-0.4648088043382824,-0.45051074871258123,-0.4217121887879096,-0.4721223858538566,-0.4518707043447079,0
1.984,-0.4689338269619432,-0.4783782774685351,-0.4443351067542631,-0.4845741070843645,-0.4691583430667637,-0.4730929287363446,0
2.016,-0.4825237289814244,-0.4919439213347889,-0.41965087025324566,-0.4941059492606951,-0.45750784241115183,-0.48963738078857494,0
2.048,-0.4961159422690388,-0.5055066695660144,-0.46771429933847936,-0.4431224299281756,-0.4697442163821943,-0.4791693407113442,0
2.08,-0.5097096874053254,-0.5190674273324491,-0.4735928782508602,-0.5579827253640018,-0.4794384374636215,-0.5188316684426411,0
2.112,-0.5233042729759273,-0.5326269879579587,-0.45926518982773745,-0.5459283348258661,-0.47952454316935234,-0.5378066592456949,0
2.144,-0.5368991445077831,-0.546185987376727,-0.5560328138900588,-0.5815153039764095,-0.5182836347926204,-0.5634260619627709,0
2.176,-0.5504939020816294,-0.559744889499103,-0.5739122863034848,-0.6046628409043888,-0.5486910469236415,-0.5880565497426917,0
2.208,-0.5640882950171319,-0.5733039943872302,-0.5675926039513092,-0.5649969876590397,-0.5644076407432994,-0.5869684815631387,0
2.24,-0.5776822016707074,-0.5868634612038032,-0.572792002503155,-0.5278005625085854,-0.5759172838037387,-0.5714371434240724,0
2.2720000000000002,-0.5912756013522402,-0.600423338818738,-0.5910798905381853,-0.5925377758749678,-0.5901381071275031,-0.588013343911416,0
2.3040000000000003,-0.6048685439564727,-0.6139835983719459,-0.5786950570480933,-0.5687939243682141,-0.5937165404845541,-0.5884616511627863,0
2.336,-0.6184611213658615,-0.627544163681471,-0.648492301897329,-0.5684050651066883,-0.623782385631361,-0.5885752048956449,0
2.368,-0.6320534432041598,-0.6411049369195742,-0.6401156470686603,-0.6769307551826395,-0.6384711459319415,-0.6320536982280038,0
2.4,-0.6456456182343847,-0.6546658183031803,-0.6893043943388012,-0.6354585937086557,-0.66695984913574,-0.6415519816463435,0
2.432,-0.6592377416751369,-0.6682267195819617,-0.6480912595180306,-0.7324372793921547,-0.667567796984101,-0.686042446163838,0
2.464,-0.6728298879804926,-0.6817875718376055,-0.6952147518654733,-0.70173815898706,-0.686781968953927,-0.7004570703755955,0
2.496,-0.6864221081779073,-0.6953483285519715,-0.7187954667039126,-0.7425283405480358,-0.7077427835038844,-0.7254218920347554,0
2.528,-0.7000144306470648,-0.7089089651043411,-0.6698750064263296,-0.6842171544150724,-0.7007511247896436,-0.7170762738240359,0
2.56,-0.7136068641978992,-0.7224694758743304,-0.7243666228165481,-0.7204597581827679,-0.71835281674964,-0.726565903676042,0
2.592,-0.7271994024118621,-0.7360298700143902,-0.7663637843371071,-0.6936368068413498,-0.7457127351776354,-0.721530462314623,0
2.624,-0.7407920283943227,-0.7495901667664706,-0.746519205363144,-0.7047652559542653,-0.7541908869982245,-0.7229605447115584,0
2.656,-0.7543847193034667,-0.7631503909751304,-0.7308052739882797,-0.7524387393704972,-0.7529922290023845,-0.742887963997324,0
2.688,-0.7679774502384121,-0.7767105692275639,-0.8035555235787804,-0.7958761396442883,-0.7813731475519173,-0.77221936213415,0
2.72,-0.7815701972634673,-0.790270726852681,-0.7839756972237899,-0.8374015466094863,-0.7905697718972754,-0.8064283600350353,0
2.7520000000000002,-0.7951629395032778,-0.8038308858498965,-0.8405836528549265,-0.7911114877711962,-0.8187309238736418,-0.8084377401350191,0
2.7840000000000003,-0.8087556603598495,-0.8173910636990693,-0.8215086218748031,-0.7890602177057205,-0.8279975908239187,-0.8088228720408335,0
2.816,-0.8223483479779145,-0.8309512729253977,-0.8738271067374195,-0.816562540743072,-0.8544849680729345,-0.8200548973062518,0
2.848,-0.8359409951246283,-0.8445115212522154,-0.8043402614099103,-0.8458804463938934,-0.8425826363421952,-0.8385212947232242,0
2.88,-0.8495335986602038,-0.8580718121633989,-0.8220306153629899,-0.8046976121285889,-0.84251735760788,-0.8331280207957471,0
2.912,-0.8631261587656185,-0.8716321457074871,-0.87268933431067,-0.9094027934420451,-0.8627416567921845,-0.8717741501697298,0
2.944,-0.8767186780695325,-0.8851925193998761,-0.8909294943386163,-0.8898687682993498,-0.8821722803711303,-0.8871482377276827,0
2.976,-0.8903111607856107,-0.8987529291108393,-0.8919700426197382,-0.8932485414201108,-0.8942468558172987,-0.8977246175674504,0
3.008,-0.9039036119387778,-0.9123133698602613,-0.8170751466571889,-0.9156700516963445,-0.8715336269919455,-0.9130390653272427,0
3.04,-0.9174960367283316,-0.9258738364710115,-0.9134873768297674,-0.9290523085105746,-0.8964705684524393,-0.9275806500537354,0
3.072,-0.9310884400496652,-0.9394343240593932,-0.9006013673218192,-0.9364280502876773,-0.9062783184759102,-0.9392559086762698,0
3.104,-0.9446808261757966,-0.9529948283619073,-0.8901736970971494,-0.9438016644868671,-0.9079918913338672,-0.9492105186171286,0
3.136,-0.9582731985852122,-0.9665553459123978,-0.9297153288547256,-0.9729406690180953,-0.924836680306445,-0.9668388938569024,0
3.168,-0.9718655599132922,-0.9801158740929579,-0.9469189739438884,-0.9422348375100441,-0.9418250055155275,-0.9651335926222798,0
3.2,-0.9854579119999742,-0.9936764110865917,-0.9749651311189611,-0.942683689543289,-0.9632364581732822,-0.9642899580450628,0
3.232,-0.9990502560053308,-1.0072369557605714,-0.9665105724901641,-1.0076335142171342,-0.9727015015455385,-0.9897637119503375,0
3.2640000000000002,-1.0126425925663494,-1.020797507507753,-1.059362527455412,-1.0079078349282249,-1.0155213051236096,-1.0051576970197025,0
3.2960000000000003,-1.0262349219714846,-1.0343580660697516,-1.003161627544924,-1.0882157115278486,-1.0187328230745445,-1.0465172429427883,0
3.3280000000000003,-1.0398272443337155,-1.0479186313616187,-1.0902216705775405,-1.0757296181269103,-1.0554837469730463,-1.0663385372309226,0
3.36,-1.0534195597473022,-1.0614792033131217,-1.0033689458708432,-1.032156644192912,-1.042793207515865,-1.0608021281529507,0
3.392,-1.0670118684177698,-1.0750397817372843,-1.054275954957173,-1.1071859844012562,-1.055541683822118,-1.0874920224520048,0
3.424,-1.080604170758616,-1.0886003662328134,-1.0673223260419948,-1.0825936813354962,-1.0684093147782983,-1.0936690410742398,0
3.456,-1.0941964674516804,-1.1021609561235044,-1.1374941458717245,-1.108404058834452,-1.1041986185720158,-1.1076994059653635,0
3.488,-1.1077887594710234,-1.115721550434758,-1.1084890877959723,-1.1161426696991794,-1.1140701756166167,-1.1192130712519148,0
3.52,-1.1213810480725073,-1.1292821479049349,-1.1181575900853864,-1.1862657175025035,-1.1238605096139105,-1.1541704906930677,0
3.552,-1.1349733347531323,-1.1428427470273892,-1.1021088238518562,-1.1404096781868847,-1.1233152033432514,-1.1568025268075355,0
3.584,-1.1485656211855675,-1.156403346117603,-1.1347666898268585,-1.1610592225976994,-1.1360511668331499,-1.1666415653762323,0
3.616,-1.1621579091342933,-1.1699639433988636,-1.1533652300521224,-1.2085496263015336,-1.1511321629314182,-1.1915411480802938,0
3.648,-1.1757502003603637,-1.1835245370993317,-1.1793504144213407,-1.2338215913932598,-1.1705748372593021,-1.216589680811372,0
3.68,-1.189342496522018,-1.1970851255531454,-1.1781366883309565,-1.2071578990974963,-1.1817549552441584,-1.2209533196985127,0
3.712,-1.202934799078243,-1.2106457072983372,-1.1902356712488775,-1.2573109212363205,-1.19330262377078,-1.2436327073071252,0
3.744,-1.2165271092019279,-1.2242062811648369,-1.2632029637805129,-1.1917551870819252,-1.229418147006773,-1.23101804109124,0
3.7760000000000002,-1.2301194277084646,-1.2377668463466334,-1.2680554515748301,-1.2260199498766282,-1.2530284614716827,-1.237155141061367,0
3.8080000000000003,-1.2437117550045853,-1.2513274024532677,-1.2029158147061283,-1.252959758768383,-1.2411388008451572,-1.251613319145401,0
3.84,-1.2573040910609068,-1.2648879495371605,-1.3153351764021817,-1.2460940112349637,-1.278972754358661,-1.2575419217592487,0
3.872,-1.2708964354101608,-1.278448488094807,-1.249126749439571,-1.2571383913374863,-1.2751897604047437,-1.2655168306344655,0
3.904,-1.2844887871714847,-1.2920090190414935,-1.2788171768332202,-1.3233746884373228,-1.2847961389940457,-1.2967962907859372,0
3.936,-1.2980811450995133,-1.3055695436608454,-1.2952531754799554,-1.267073685870139,-1.297134368701069,-1.2930435627479255,0
3.968,-1.3116735076554669,-1.3191300635320928,-1.3113931622699642,-1.3048622066695599,-1.3109933032879746,-1.3059073321933838,0
4.0,-1.3252658730960294,-1.3326905804393485,-1.3085247222276213,-1.3038739649132884,-1.3181612889437866,-1.3132302962353748,0
4.032,-1.338858239574675,-1.3462510962683565,-1.2977037455357425,-1.3506028371043552,-1.3181336894425026,-1.3363156237555236,0
4.064,-1.3524506052492866,-1.3598116128969873,-1.3528303427743458,-1.3562974304155517,-1.3401677673343033,-1.3524446588980212,0
4.096,-1.366042968389471,-1.3733721320861962,-1.3530163509421074,-1.3546131385348972,-1.3534626150655873,-1.361448365507496,0
4.128,-1.3796353274769602,-1.386932655378179,-1.3866303223889416,-1.4361639953737153,-1.3748851092168184,-1.3994709352821857,0
4.16,-1.393227681292876,-1.4004931840080406,-1.37793516702869,-1.446742235421064,-1.3842605399196173,-1.426515776818336,0
4.192,-1.4068200289864392,-1.4140537188344846,-1.4578199483344108,-1.4018238469056268,-1.4218397068916084,-1.4247753303151511,0
4.224,-1.4204123701208329,-1.4276142602938475,-1.4256689650973604,-1.406509887424992,-1.4315268097454168,-1.4256054826650155,0
4.256,-1.4340047046933653,-1.4411748083803515,-1.4667644410037426,-1.4038385810180933,-1.453777257988252,-1.4250350553531583,0
4.288,-1.4475970331286758,-1.4547353626538,-1.4984681775712931,-1.4883056648187492,-1.4798090181798176,-1.4584796358753795,0
4.32,-1.461189356245432,-1.4682959222742076,-1.4175506177804291,-1.482131843294185,-1.4630610476641175,-1.476076858299531,0
4.352,-1.4747816751986353,-1.4818564860611543,-1.4699206849665811,-1.4662291432023218,-1.4739602903521318,-1.4802741135986905,0
4.384,-1.488373991401206,-1.4954170525740846,-1.4895134538189834,-1.4870799949662243,-1.488336942580502,-1.4911328084113071,0
4.416,-1.5019663064298239,-1.508977620208446,-1.5755164125790824,-1.5243777972441634,-1.5313641174992363,-1.512567146132195,0
4.448,-1.5155586219210175,-1.5225381873015529,-1.5318865134816673,-1.5508710030143447,-1.5397284638779225,-1.5360250300038925,0
4.48,-1.5291509394641045,-1.5360987522414493,-1.4875650155398192,-1.521255301415595,-1.5270184745047586,-1.5382534777064238,0
4.5120000000000005,-1.5427432604977955,-1.5496593135718524,-1.4771638708165518,-1.5544670105368255,-1.5152320257400507,-1.5528752272215067,0
4.5440000000000005,-1.556335586217038,-1.5632198700865134,-1.5092192554319168,-1.5878063541849181,-1.520982313660331,-1.5749840110490332,0
4.5760000000000005,-1.569927917496021,-1.576780420907006,-1.5635551292623748,-1.5985805735486054,-1.5461668396369155,-1.5925589653901442,0
4.6080000000000005,-1.5835202548322267,-1.5903409655390144,-1.5734330454456165,-1.614595725113225,-1.5652287254996762,-1.609509994808231,0
4.64,-1.5971125983150678,-1.603901503903569,-1.5511684819445972,-1.6094953598158108,-1.5677600352770613,-1.6176404626713967,0
4.672,-1.610704947621067,-1.6174620363412742,-1.5649006398013658,-1.604731582434888,-1.574771687558167,-1.6206132291572795,0
4.704,-1.6242973020358356,-1.6310225635893145,-1.6709497283355785,-1.6176928338312067,-1.6213983170052517,-1.62758138693634,0
4.736,-1.6378896605013802,-1.6445830867327593,-1.644272209478137,-1.6423573377414222,-1.638703289008877,-1.641628081285095,0
4.768,-1.6514820216856454,-1.6581436071333473,-1.6217575763561505,-1.602029908867328,-1.6400804199265577,-1.6339251253781402,0
4.8,-1.6650743840697653,-1.671704126340376,-1.6179558414935786,-1.7184827536144394,-1.6393860045144484,-1.6758844897505387,0
4.832,-1.6786667460473632,-1.6852646459894742,-1.6378821342980847,-1.715919296464094,-1.6469398713854704,-1.7000347265197098,0
4.864,-1.6922591060294685,-1.6988251676958166,-1.6874186320688802,-1.7387622760835768,-1.6712867886875495,-1.723662062362389,0
4.896,-1.705851462548257,-1.7123856929486951,-1.715504268767642,-1.6535575165276455,-1.6971291910149882,-1.7037565627853586,0
4.928,-1.7194438143529105,-1.7259462230142755,-1.676253295572414,-1.7461603683871387,-1.6969342397690086,-1.7288544071551892,0
4.96,-1.7330361604913975,-1.7395067588528286,-1.7399505755084543,-1.7576696363833826,-1.722296177215182,-1.748516824765113,0
4.992,-1.7466285003728934,-1.7530673010557947,-1.6864998745057136,-1.7534760808158918,-1.7161330553269682,-1.7586368570681676,0
5.024,-1.7602208338068108,-1.7666278498067443,-1.773928382064408,-1.751127144985595,-1.7474065813423931,-1.7637693060020876,0
5.056,-1.773813161015921,-1.7801884048687568,-1.8127485113067792,-1.8231902615348559,-1.781698745102323,-1.7956740255367212,0
5.088,-1.7874054826227184,-1.7937489655990282,-1.7532895216765627,-1.8032303488262664,-1.7784904445170864,-1.8068328951701669,0
5.12,-1.8009977996099118,-1.8073095309897527,-1.8175198499976106,-1.7763434287813948,-1.8022575932551113,-1.8027734511767723,0
5.152,-1.8145901132575868,-1.820870099732638,-1.7855169650552392,-1.823780327273887,-1.8037167271761625,-1.8193125455256876,0
5.184,-1.8281824250610967,-1.83443067030288,-1.8069708251492467,-1.8620004165303545,-1.8131737512031123,-1.8445240382017527,0
5.216,-1.8417747366349766,-1.8479912410571793,-1.849346783212013,-1.843279505282348,-1.835798349486574,-1.8521625686644996,0
5.248,-1.8553670496090775,-1.8615518103394704,-1.8368194467253787,-1.8093804415333488,-1.844362175468842,-1.8431860598319445,0
5.28,-1.868959365523627,-1.8751123765875533,-1.8670276970155724,-1.8713862020340941,-1.861583773642815,-1.8626024562584016,0
5.312,-1.8825516857299853,-1.8886729384337428,-1.8697578017156737,-1.8864015309455073,-1.873008777598931,-1.880258422499729,0
5.344,-1.896144011303507,-1.9022334947930546,-1.8722448486098608,-1.9232151785707323,-1.8808586024012184,-1.9055774576150808,0
5.376,-1.9097363429741379,-1.915794044933231,-1.9192490221246246,-1.9468417793553858,-1.9043701706225238,-1.930219515054912,0
5.408,-1.923328681079235,-1.9293545885220895,-1.917373328772009,-1.8792986441224924,-1.9177268381581518,-1.917987491472518,0
5.44,-1.9369210255416662,-1.9429151256491255,-1.9956192211489385,-1.9578575743102715,-1.9570391993300877,-1.942071845689727,0
5.472,-1.9505133758746134,-1.95647565681996,-1.9275114233787873,-2.009582474735291,-1.953383500142523,-1.9772124151651727,0
5.5040000000000004,-1.964105731212784,-1.970036182923972,-1.9742270608832535,-1.9415108672511772,-1.9698763381592843,-1.9710681113233415,0
5.5360000000000005,-1.9776980903680255,-1.9835967051771852,-2.013669350004643,-2.0124342268737947,-1.99554895829258,-1.9957508711886678,0
5.5680000000000005,-1.9912904519057673,-1.9971572250440703,-2.0322093185717773,-1.9962473899408064,-2.0183685185131286,-2.004085791619269,0
5.6000000000000005,-2.0048828142373645,-2.0107177441433017,-2.0088578591309103,-2.0136631918165744,-2.0227196705755883,-2.016053064922146,0
5.632,-2.018475175722392,-2.024278264143533,-2.024081183453984,-2.054588826555128,-2.0314196902601163,-2.039603684084482,0
5.664,-2.0320675347742987,-2.037838786655916,-2.046208782459756,-2.033071076532769,-2.045490739484574,-2.045126957766649,0
5.696,-2.045659889962599,-2.0513993131302977,-1.9856617005666863,-2.0201618727021713,-2.0297145333077165,-2.0432772434049538,0
5.728,-2.0592522401050295,-2.0649598447617996,-2.1015003284859497,-2.035978511273798,-2.066584257239255,-2.048494073754928,0
5.76,-2.0728445843437138,-2.078520382413806,-2.0592529331609937,-2.1112916658259375,-2.0718071295894824,-2.0817494376735834,0
5.792,-2.0864369222004306,-2.092080926562339,-2.1345769679800304,-2.0598196139612353,-2.1050704629494104,-2.0811138392660458,0
5.824,-2.100029253607424,-2.105641477265405,-2.102930308772911,-2.0998762073185677,-2.112369795461519,-2.0967551213944096,0
5.856,-2.1136215789117636,-2.1192020341592923,-2.1048926248179334,-2.13896114711248,-2.117534317968432,-2.121773870015356,0
5.888,-2.1272138988529736,-2.1327625964820562,-2.1097372847923612,-2.1753800222331083,-2.122570892666485,-2.1513526720385805,0
5.92,-2.1408062145153672,-2.1463231631226667,-2.1233405160994527,-2.179740386268085,-2.1310341280145018,-2.1708441008648163,0
5.952,-2.1543985272581576,-2.1598837326926543,-2.1505366114714075,-2.1853223745542447,-2.1469905063086543,-2.184771754540943,0
5.984,-2.167990838627843,-2.173444303615631,-2.181403829196992,-2.1645477540754245,-2.1689112203101715,-2.184818498620448,0
6.016,-2.1815831502585064,-2.187004874228913,-2.16698081887294,-2.2139872750094223,-2.1762944455181374,-2.2046223525028807,0
6.048,-2.19517546376646,-2.2005654428907113,-2.2140423559261,-2.199672842061969,-2.1995489973417905,-2.2107788897713583,0
6.08,-2.2087677806460118,-2.214126008085972,-2.1974618148696092,-2.2081153442233643,-2.2068695147102915,-2.217849810293789,0
6.112,-2.2223601021730848,-2.2276865685240708,-2.2310528044174265,-2.224971565066742,-2.2246982242922373,-2.2288348475950617,0
6.144,-2.2359524293228925,-2.2412471232220517,-2.2771518431691926,-2.242110010639267,-2.2538350693125517,-2.242281244425569,0
6.176,-2.2495447627069938,-2.254807671568064,-2.2405563221440135,-2.2790565016224065,-2.2566789718700573,-2.265127674952474,0
6.208,-2.2631371025337814,-2.268368213360893,-2.2050064438502055,-2.2542115939160228,-2.2441653659716327,-2.2688975662923614,0
6.24,-2.2767294485949656,-2.2819287488230393,-2.2828206482470246,-2.330427658815051,-2.2677828877538797,-2.3016459234849718,0
6.272,-2.290321800278925,-2.2954892785864796,-2.3277175831528734,-2.2870761252433547,-2.2999121777956093,-2.303954321354749,0
6.304,-2.3039141566100763,-2.309049803652029,-2.3478614782840572,-2.323181117243909,-2.3272473121357007,-2.3197813546089385,0
6.336,-2.317506516311726,-2.322610325324896,-2.3327644438705626,-2.3735860091529,-2.337609580342708,-2.3494395299534787,0
6.368,-2.331098877888353,-2.3361708451305847,-2.315475899096032,-2.293355928017539,-2.336911523742089,-2.335142402320161,0
6.4,-2.34469123972202,-2.3497313647165567,-2.3353284262501135,-2.318462078353662,-2.3444337000192403,-2.336606586500192,0
6.432,-2.358283600176698,-2.3632918857459924,-2.3947699525140322,-2.329082529712053,-2.372723614697228,-2.3417332791491816,0
6.464,-2.3718759577037716,-2.376852409790509,-2.337222247029503,-2.332842343708266,-2.3666784788484625,-2.34631322280459,0
6.496,-2.3854683109419272,-2.390412938228759,-2.3677481950534536,-2.3448859669903497,-2.375261773377039,-2.353878641489862,0
6.5280000000000005,-2.399060658804973,-2.403973472157459,-2.4222330761340176,-2.409252317062371,-2.402205698848369,-2.3841644364165093,0
6.5600000000000005,-2.4126530005519387,-2.4175340123205937,-2.465654380520699,-2.4283639147602,-2.4357405719378953,-2.409980556408835,0
6.5920000000000005,-2.4262453358349196,-2.431094559061369,-2.4149137763886768,-2.4178012960983994,-2.4355652501748057,-2.421245184912799,0
6.6240000000000006,-2.439837664721594,-2.4446551123000138,-2.435188704707734,-2.446806115467305,-2.4435700247194623,-2.439605893496578,0
6.656000000000001,-2.4534299876909436,-2.4582156715388614,-2.5015105385348884,-2.4243670052301938,-2.474901619730473,-2.4416466778062427,0
6.688,-2.467022305602462,-2.471776235894382,-2.4665443378882914,-2.4495353945493488,-2.4797140939190423,-2.4529385066850873,0
6.72,-2.480614619640822,-2.485336804154095,-2.4808674203745964,-2.490676548814665,-2.488330809719056,-2.4761700674301594,0
6.752,-2.4942069312395687,-2.4988973748546943,-2.4916337515877,-2.5004955856030513,-2.4978073709380193,-2.4940366193405845,0
6.784,-2.5077992419887476,-2.5124579463763435,-2.5620894139174033,-2.5269893015688716,-2.5316755728640006,-2.515354036609827,0
6.816,-2.521391553532419,-2.5260185170470746,-2.4970321018336015,-2.484868193722626,-2.5259735704403936,-2.511296042575615,0
6.848,-2.5349838674626612,-2.5395790852505584,-2.552143096889627,-2.5307199311537234,-2.544596769173216,-2.5272019389578873,0
6.88,-2.5485761852168918,-2.5531396495303116,-2.556592077079855,-2.549267499089927,-2.5575502834237662,-2.5441645010201026,0
6.912,-2.5621685079851297,-2.5667002086836312,-2.5915794008432353,-2.5278691507741726,-2.579317324994639,-2.545782695407714,0
6.944,-2.5757608366331803,-2.5802607618392015,-2.58098904050739,-2.532441776660111,-2.5881414096712003,-2.5485826585172227,0
6.976,-2.5893531716467,-2.5938213085133737,-2.560884321891037,-2.615658269872712,-2.585393977002081,-2.583549229687178,0
7.008,-2.602945513099759,-2.6073818486414826,-2.637295360209958,-2.6109740566538835,-2.614309936545969,-2.6026554832748747,0
7.04,-2.6165378606499363,-2.6209423825821703,-2.677322809996568,-2.621847763031983,-2.6476704956040784,-2.618468714553581,0
7.072,-2.63013021356027,-2.6345029110944234,-2.6809407076052096,-2.6126692833500322,-2.6691339928776596,-2.6242852586461995,0
7.104,-2.6437225707466627,-2.6480634352887864,-2.630539316587492,-2.6235027003595843,-2.6618515368269238,-2.632108549908705,0
7.136,-2.657314930847685,-2.661623956555885,-2.6998502524891284,-2.6440577867708535,-2.6852064386168224,-2.6450245581685357,0
7.168,-2.670907292312287,-2.675184476476849,-2.698828288527494,-2.690380120149746,-2.698810594163902,-2.671303096418057,0
7.2,-2.6844996534997594,-2.6887449967214128,-2.6724200139946297,-2.70045629646785,-2.6964097767301136,-2.6911006908461284,0
7.232,-2.6980920127855046,-2.702305518940255,-2.6719146789735366,-2.6913019016127673,-2.6947671503659434,-2.6993174914608504,0
7.264,-2.7116843686657934,-2.7158660446585317,-2.709016142694621,-2.701810204005691,-2.7086221573150158,-2.708450895514104,0
7.296,-2.725276719854754,-2.729426575177471,-2.741849049028175,-2.7794527650102485,-2.7300683206460477,-2.7449879657276295,0
7.328,-2.7388690653673398,-2.742987111490389,-2.7427238611671014,-2.740082437343913,-2.743285939693885,-2.7511620806044967,0
7.36,-2.7524614045829168,-2.7565476542185485,-2.7549698022563285,-2.7510165066540253,-2.7561148835619367,-2.7592401812603766,0
7.392,-2.7660537372853784,-2.770108203571005,-2.779578379603496,-2.7573659774874946,-2.7736556768921536,-2.766626833925982,0
7.424,-2.7796460636771863,-2.7836687593310354,-2.7377213934727185,-2.87380619368846,-2.767437354827959,-2.817634915624198,0
7.456,-2.793238384366436,-2.79722932087002,-2.786535278035724,-2.768938747665437,-2.7832319123561735,-2.8062927892995453,0
7.488,-2.806830700327766,-2.8107898871878887,-2.781036790730896,-2.8366555484283547,-2.7905092496408157,-2.8265742361256763,0
7.5200000000000005,-2.820423012839629,-2.824350456977517,-2.7732242133042773,-2.8303218223785565,-2.7917506196271002,-2.83620961521859,0
7.5520000000000005,-2.834015323401954,-2.8379110287089295,-2.831405531262837,-2.85490523837968,-2.815767968375564,-2.8518242095025124,0
7.5840000000000005,-2.8476076336395066,-2.8514716007278778,-2.837576328754927,-2.8450231773411834,-2.8326466972088618,-2.857240141068707,0
7.6160000000000005,-2.861199945197162,-2.8650321713624494,-2.869967424422703,-2.868555664815926,-2.855730374339057,-2.869902693431558,0
7.648000000000001,-2.874792259633842,-2.8785927390308452,-2.8865301075388023,-2.8826887713229845,-2.876205656301119,-2.883153465008886,0
7.68,-2.888384578321951,-2.8921533023433814,-2.839494886504729,-2.87027600308312,-2.869676740218888,-2.8861388174977978,0
7.712,-2.901976902358794,-2.905713860192152,-2.943849949536629,-2.8942084663457623,-2.9075014194491127,-2.8975030106208166,0
7.744,-2.9155692324956957,-2.919274411822572,-2.9437589686379613,-2.947464371261553,-2.930159838570075,-2.9256238845094176,0
7.776,-2.929161569089398,-2.9328349568821848,-2.937168996081028,-2.936249812080991,-2.941118904982654,-2.9380105811982915,0
7.808,-2.9427539120788793,-2.9463954954435803,-2.9402832755360913,-2.91355448649825,-2.9489400603390417,-2.936364465242963,0
7.84,-2.956346260989105,-2.959956027999928,-2.948501424346818,-2.975541304423356,-2.9569200163266833,-2.9601715195826617,0
7.872,-2.9699386149614764,-2.973516555433396,-2.9838205396421036,-2.9838921686388167,-2.9758356385989346,-2.9777960953050946,0
7.904,-2.9835309728090302,-2.9870770789584697,-2.950622571343839,-2.9912911222653737,-2.97390582635016,-2.991330420477981,0
7.936,-2.997123333092837,-3.000637600043809,-2.9524443810317615,-3.0220375392587777,-2.973476663617481,-3.011749581635911,0
7.968,-3.0107156942146753,-3.0141981203176678,-3.0185926301781794,-3.0122228566904314,-2.99967846536292,-3.0200752055774904,0
8.0,-3.024308054520021,-3.0277586414629662,-3.0333041917537042,-3.050422131304485,-3.021284169768181,-3.040350291063259,0
8.032,-3.037900412404702,-3.0413191651087823,-3.035306228046069,-3.0481881574870506,-3.035048404738024,-3.0516217550231506,0
8.064,-3.051492766418351,-3.054879692725264,-3.0871985305550838,-3.030237860493659,-3.0640638637551056,-3.0512045175771307,0
8.096,-3.0650851153579812,-3.0684402255287444,-3.075123982089251,-3.0393237757463365,-3.0766433162225297,-3.0545885447754317,0
8.128,-3.0786774583456467,-3.0820007644031957,-3.0607780053631015,-3.1410493516693196,-3.0784525930960815,-3.097309195389238,0
8.16,-3.092269794885181,-3.095561309843088,-3.1404865321735067,-3.07884290762522,-3.111421565919395,-3.098059012174299,0
8.192,-3.1058621248943465,-3.1091218619213556,-3.1294572778384824,-3.047029703111218,-3.1267912440043766,-3.0857836243238097,0
8.224,-3.119454448710312,-3.1226824202845354,-3.11669080847313,-3.097640476878437,-3.1309064596331684,-3.0986627046045974,0
8.256,-3.1330467670681004,-3.1362429841754005,-3.138687646722384,-3.118889770663447,-3.1421743214563675,-3.114889873147526,0
8.288,-3.1466390810533773,-3.149803552481632,-3.1272274248467555,-3.1695685812221206,-3.144350947751846,-3.1448977005497287,0
8.32,-3.1602313920326197,-3.1633641238073937,-3.187750841227707,-3.1884537352057785,-3.169866288970355,-3.170456459698265,0
8.352,-3.173823701565141,-3.1769246965632076,-3.187449263065821,-3.189393347416613,-3.1850548623336583,-3.186167560175005,0
8.384,-3.187416011302645,-3.1904852690683394,-3.2128636250173006,-3.204304319117682,-3.204333752043401,-3.201558608228175,0
8.416,-3.2010083228827613,-3.204045839659108,-3.182067424958083,-3.219858707611909,-3.20358260771165,-3.2170149905873124,0
8.448,-3.2146006378234318,-3.2176064067961465,-3.192475836037164,-3.2461388052741604,-3.207295288244338,-3.236800856361274,0
8.48,-3.228192957424941,-3.231166969163714,-3.2375729525488204,-3.2385814673383493,-3.2275617465279796,-3.2456494372841016,0
8.512,-3.2417852826859237,-3.244727525754655,-3.2764687912795254,-3.241411338434698,-3.2552799607917,-3.2520905304661865,0
8.544,-3.2553776142387614,-3.2582880759355324,-3.2547104099334105,-3.2507959220108456,-3.263207540808623,-3.2597090157993973,0
8.576,-3.268969952308553,-3.271848619487728,-3.2541654543685827,-3.2573186639530003,-3.267746110527073,-3.2668891998327365,0
8.608,-3.2825622966983183,-3.2854091566218426,-3.2505976790896502,-3.2519211941080375,-3.269042145862975,-3.2690383186898657,0
8.64,-3.296154646801405,-3.298969687964444,-3.2712298213003823,-3.2642574553968497,-3.2780726270127953,-3.2752622914484872,0
8.672,-3.3097470016403183,-3.312530214517993,-3.350898829915558,-3.289468612752991,-3.3153585214611803,-3.2890811357282597,0
8.704,-3.323339359929491,-3.3260907375965045,-3.272525768279609,-3.3287770626749182,-3.306380834885858,-3.31309582085155,0
8.736,-3.3369317201579536,-3.3396512587410676,-3.311121225898914,-3.3307238129580323,-3.3164324064032544,-3.328283331622923,0
8.768,-3.3505240806865966,-3.3532117796206538,-3.373537702097546,-3.335604131445739,-3.347429939184181,-3.339347966091221,0
8.8,-3.3641164398537544,-3.3667723019245988,-3.4080507594162697,-3.3953430440194805,-3.3798336801847415,-3.369882313400928,0
8.832,-3.377708796082315,-3.3803328272536857,-3.3607492662299188,-3.400002319315071,-3.3803553250294684,-3.390066634391885,0
8.864,-3.3913011479814488,-3.39389335701686,-3.416594676733843,-3.415641901086697,-3.4030064729293237,-3.408433062911195,0
8.896,-3.404893494436398,-3.407453892340242,-3.35072953748356,-3.4136834005648486,-3.390251102238204,-3.4186695235537186,0
8.928,-3.4184858346805322,-3.421014433994317,-3.4151635855229223,-3.471268247923789,-3.408371495024925,-3.4478453429065774,0
8.96,-3.432078168345015,-3.434574982344011,-3.441461380401318,-3.4382953506298075,-3.4297628446079136,-3.452161679650574,0
8.992,-3.4456704954828687,-3.448135537324887,-3.4347181931522632,-3.4668191608472836,-3.4399003756508764,-3.4661610096000874,0
9.024000000000001,-3.459262816565872,-3.4616960984470047,-3.530617419879596,-3.464762841157009,-3.4843425816379736,-3.4737380830310904,0
9.056000000000001,-3.472855132454463,-3.4752566648262144,-3.517142470718763,-3.4420179690855237,-3.5056179229276685,-3.469186380905498,0
9.088000000000001,-3.4864474443425753,-3.488817235240876,-3.5174090033334586,-3.476573225741355,-3.5184897389698877,-3.4802774640741014,0
9.120000000000001,-3.500039753680936,-3.5023778082103645,-3.517962636072105,-3.5039779417530164,-3.5264342808879636,-3.497894001184515,0
9.152000000000001,-3.5136320620837447,-3.5159383820903165,-3.540776506342807,-3.527841337785005,-3.5403265543703784,-3.5180092816397437,0
9.184000000000001,-3.527224371224732,-3.5294989551785005,-3.5123845331128303,-3.519188267473322,-3.5373051304022525,-3.5266172205509028,0
9.216000000000001,-3.5408166827292824,-3.543059525824501,-3.5547073801367364,-3.4985217678714564,-3.5524214169963906,-3.5235153818863374,0
9.248,-3.55440899806956,-3.5566200925361615,-3.546910575865274,-3.622724702477269,-3.5583724702005615,-3.5713354495667358,0
9.28,-3.5680013184694035,-3.5701806540759455,-3.586801199976247,-3.6250949864655824,-3.577899355323195,-3.60097560020624,0
9.312,-3.5815936448251193,-3.583741209540995,-3.569317639473823,-3.6321384359019273,-3.5826220661207966,-3.6215770664303006,0
9.344,-3.595185977647295,-3.597301758421727,-3.6134902212533335,-3.613229101534736,-3.6031247293511117,-3.6263742083684463,0
9.376,-3.6087783170274053,-3.6108623006351723,-3.5963463886866016,-3.633470571332066,-3.6085687981555106,-3.6373490775482367,0
9.408,-3.62237066263139,-3.6244228365308766,-3.6110308613098203,-3.6451429341334363,-3.6177090319804415,-3.648602940675458,0
9.44,-3.635963013720647,-3.6379833668689514,-3.665492944346326,-3.6480258355722874,-3.6449780083557117,-3.6565084162548906,0
9.472,-3.6495553691991214,-3.651543892771644,-3.6634739013278184,-3.6561891126243027,-3.6605317790246277,-3.6645170103673776,0
9.504,-3.6631477276834814,-3.6651044156515113,-3.650285605949748,-3.663017746909659,-3.6645887243763418,-3.6720536194448266,0
9.536,-3.676740087591896,-3.67866493712079,-3.6727698947758274,-3.6668371246004434,-3.676016607195832,-3.678103335889391,0
9.568,-3.69033244724571,-3.69222545888777,-3.6251661286442847,-3.6661140494925086,-3.663831829481236,-3.681443936668866,0
9.6,-3.703924804977484,-3.7057859826468382,-3.7452614430871094,-3.7087211438168377,-3.7045590867025586,-3.700491136797858,0
9.632,-3.7175171592384526,-3.719346509969262,-3.756692428985264,-3.7216324426883705,-3.7335678326153148,-3.717083979209693,0
9.664,-3.7311095086984762,-3.7329070422017594,-3.780348539439432,-3.744468242705418,-3.7604355208892954,-3.7361740081270662,0
9.696,-3.7447018523320486,-3.746467580379397,-3.7736118425678153,-3.7279046992866065,-3.7738614511936737,-3.741002612030508,0
9.728,-3.7582941894848036,-3.7600281251584526,-3.7512677205562093,-3.864474160218815,-3.7729793564539875,-3.798527562872785,0
9.76,-3.7718865199162175,-3.7735886767735853,-3.742952498224425,-3.728166796755088,-3.7691240066168588,-3.778519592062779,0
9.792,-3.7854788438157274,-3.7871492350221043,-3.809305698546883,-3.7698415364493627,-3.793352073100118,-3.7831847092066964,0
9.824,-3.799071161791193,-3.8007097992763823,-3.7961173949259037,-3.760100317403684,-3.8026135883554453,-3.7820872950684654,0
9.856,-3.812663474830404,-3.8142703685236437,-3.7566933940119256,-3.827493461896053,-3.792400894718547,-3.808386106812644,0
9.888,-3.8262557842380622,-3.8278309414306073,-3.7906290478406635,-3.7924017280732794,-3.799847538560903,-3.8101287018405605,0
9.92,-3.839848091552255,-3.8413915164288572,-3.850893489788692,-3.8605401454594195,-3.8284213011529316,-3.8384296263055093,0
9.952,-3.853440398445751,-3.8549520918154867,-3.8906517076129634,-3.8276965634265903,-3.8614688463913547,-3.842272747616552,0
9.984,-3.867032706618434,-3.8685126658625726,-3.8907651963291086,-3.855342861663504,-3.881342770584771,-3.85563713813038,0
10.016,-3.8806250176877715,-3.8820732369284676,-3.8574747368752047,-3.9064195810133526,-3.879950943792675,-3.8840864576994165,0
10.048,-3.89421733308435,-3.8956338035637734,-3.9272374575337365,-3.903508891046668,-3.907020939203999,-3.8999917702234574,0
10.08,-3.9078096539591973,-3.909194364605186,-3.904958113778091,-3.86989888030896,-3.9143512027129894,-3.896090949669537,0
10.112,-3.9214019811088696,-3.922754919251168,-3.9014623069641834,-3.9706717155630025,-3.917351042154671,-3.9340595873674413,0
10.144,-3.934994314923154,-3.9363154671145635,-3.9845500935555274,-3.8973149687312594,-3.9523860645517517,-3.927498067148357,0
10.176,-3.948586655358788,-3.949876008248722,-3.921493399759429,-3.942342854065022,-3.9481844043341363,-3.941572305278778,0
10.208,-3.9621790019409495,-3.9634365431453964,-3.9442687883785537,-3.9699972647019295,-3.95477356702839,-3.9610786090266945,0
10.24,-3.9757713537924837,-3.9769970727044828,-4.029611468265664,-3.9887792461793925,-3.992864139269562,-3.9802951811903817,0
10.272,-3.989363709689051,-3.990557598177461,-4.038431675069129,-3.96279336155378,-4.019246567120825,-3.9814307688489774,0
10.304,-4.002956068136735,-4.004118121088095,-3.984026835072637,-3.976335805730907,-4.0133140886126455,-3.9875290983334883,0
10.336,-4.016548427467179,-4.017678643135415,-3.9948727404648956,-3.9744065941293374,-4.014092963382098,-3.990416411666768,0
10.368,-4.030140785944214,-4.031239166085144,-3.984843718743855,-4.036240593261725,-4.010548678221979,-4.016882400656194,0
10.4,-4.043733141875163,-4.044799691656496,-4.028413391300636,-4.024949081783851,-4.025849973843334,-4.0282453917694,0
10.432,-4.057325493719729,-4.058360221411578,-4.078657500611962,-4.04050802669415,-4.055128391805117,-4.041286767544366,0
10.464,-4.070917840189489,-4.071920756654487,-4.126037882646251,-4.084310519929559,-4.091647591625566,-4.066632594082696,0
10.496,-4.0845101803316135,-4.085481298346574,-4.033466885019794,-4.079874667542964,-4.076530708299181,-4.080065753228908,0
10.528,-4.097827530668321,-4.0987674073318825,-4.115233129867643,-4.083272799836135,-4.0999890597387285,-4.089307352719851,0
10.56,-4.110728695284602,-4.111638412166441,-4.093696171019088,-4.074072981482323,-4.10519355891059,-4.090917326887987,0
10.592,-4.12321307712685,-4.124093792372975,-4.1489062821391745,-4.098834158908044,-4.130152568638727,-4.101540691002359,0
10.624,-4.135292160027391,-4.136144946400779,-4.182105669818872,-4.089857638413168,-4.158168003401939,-4.104084984046809,0
10.656,-4.146979492702181,-4.147805344356758,-4.091922793382406,-4.138262890698226,-4.138672176013403,-4.124742297954093,0
10.688,-4.158288575429203,-4.159088422213373,-4.1683689863472155,-4.158609252741732,-4.1573287472670435,-4.145051364215482,0
10.72,-4.169232399630625,-4.170007116038688,-4.2062895047140065,-4.156285115853314,-4.183473756193413,-4.156090520921331,0
10.752,-4.179823384798701,-4.180573796337499,-4.155924655297714,-4.187103079595102,-4.178804698666594,-4.1748315632151245,0
10.784,-4.190073405633502,-4.190800294223411,-4.196898937950236,-4.131341777320549,-4.192189632804096,-4.163568784906173,0
10.816,-4.199993834428864,-4.20069794328791,-4.201588123281448,-4.152521528446439,-4.2018994728479,-4.165086663769611,0
10.848,-4.209595581394947,-4.210277619456847,-4.22784917472436,-4.221917496485256,-4.218039333548589,-4.193565735092159,0
10.88,-4.21888912975014,-4.219549775590401,-4.252223305640063,-4.2654680139921375,-4.2372885588883,-4.2278894449883655,0
10.912,-4.227884565721952,-4.22852447097918,-4.21749211580729,-4.203030424771475,-4.234767193248646,-4.2233305985965846,0
10.944,-4.236591604234392,-4.237211396540212,-4.259343911860259,-4.261315635662892,-4.2498223917139475,-4.243737049141263,0
10.976,-4.245019611066849,-4.2456198965175815,-4.234976490270277,-4.2473380018087905,-4.2489413789501125,-4.250223064996079,0
11.008000000000001,-4.253177622150066,-4.253758987364499,-4.255165169223979,-4.279406623557229,-4.256326436851626,-4.266780668272526,0
11.040000000000001,-4.261074360538512,-4.261637374350501,-4.23140232101225,-4.230575553171033,-4.251095709706513,-4.257026520302502,0
11.072000000000001,-4.2687182514903235,-4.269263466325044,-4.268854731034779,-4.32346599440688,-4.262786630561944,-4.288178932449991,0
11.104000000000001,-4.276117435998162,-4.276645388978413,-4.264035508378443,-4.268073204880729,-4.267726740975801,-4.284566833270403,0
11.136000000000001,-4.283279783044235,-4.283790996869535,-4.301456079022955,-4.261413808119042,-4.285516979880691,-4.27959407338148,0
11.168000000000001,-4.2902129007970355,-4.290707884434131,-4.310793259937319,-4.265289681636382,-4.299788486296734,-4.2780235633948624,0
11.200000000000001,-4.2969241469232715,-4.297403396142477,-4.333216485906002,-4.2959722891882794,-4.3171875714665155,-4.289221489373054,0
11.232000000000001,-4.303420638153532,-4.303884635941329,-4.298590989019396,-4.294583434238854,-4.313647973726795,-4.295256143303089,0
11.264,-4.309709259212667,-4.310158476087167,-4.3327848866488345,-4.272633154123291,-4.325077046431225,-4.2899723788711,0
11.296,-4.315796671204025,-4.316231565456413,-4.29231440582785,-4.307670210891271,-4.315625560279198,-4.300696481100687,0
11.328,-4.321689319519435,-4.3221103374012255,-4.264825379757132,-4.302497806784568,-4.298842183149095,-4.304945374172477,0
11.36,-4.327393441333168,-4.327801017206101,-4.326145581927769,-4.293900215353754,-4.313187101491369,-4.303942798416028,0
11.392,-4.332915072727291,-4.3333096291899125,-4.309374370141303,-4.244200966414219,-4.314976050624939,-4.283352290347803,0
11.424,-4.338260055487217,-4.338642003489645,-4.293755155358834,-4.354664374606391,-4.309695720314915,-4.315077581984647,0
11.456,-4.343434043599455,-4.343803782555526,-4.340257208726373,-4.322039255942717,-4.325025720796564,-4.3209603269227514,0
11.488,-4.348442509478088,-4.34880042738199,-4.334681398125333,-4.360806639795073,-4.33189405688331,-4.339897820657123,0
11.52,-4.353290749942162,-4.353637223494847,-4.339493048316716,-4.357801332551757,-4.3378435563683215,-4.349962258117759,0
11.552,-4.357983891962695,-4.3583192867117075,-4.336265202089989,-4.3235967428421205,-4.340029031409332,-4.342226218167178,0
11.584,-4.3625268981951715,-4.362851568690197,-4.340908904943759,-4.401219282622087,-4.343107689120881,-4.368543714623125,0
11.616,-4.366924572311164,-4.367238862276381,-4.3810118195623255,-4.343760358774112,-4.360908823613789,-4.361263623405922,0
11.648,-4.371181564140837,-4.371485806664251,-4.357813162630616,-4.375160518412588,-4.362225605842416,-4.369371396846373,0
11.68,-4.375302374636641,-4.375596892375767,-4.359159090905202,-4.379364478959654,-4.363472311842866,-4.375836104201609,0
11.712,-4.379291360667247,-4.3795764660699446,-4.398557634510962,-4.372631311212426,-4.379900632899588,-4.376942729095532,0
11.744,-4.383152739649774,-4.383428735188596,-4.393525303035691,-4.410749451596721,-4.3876681039915795,-4.392777552791816,0
11.776,-4.386890594027572,-4.387157772445674,-4.35866297273967,-4.365878402339355,-4.378309515655508,-4.38425606413689,0
11.808,-4.390508875600062,-4.390767520166591,-4.358218957427369,-4.391503218175592,-4.372444989366863,-4.3893215001219685,0
11.84,-4.394011409710645,-4.394261794483397,-4.380672095025993,-4.459352809478328,-4.377838057317516,-4.419431291388016,0
11.872,-4.39750579366464,-4.397747976434778,-4.419677178181891,-4.374319327863683,-4.396675933194487,-4.403483771653205,0
11.904,-4.400671468899458,-4.401387637924021,-4.368207271824582,-4.388595710329669,-4.382425645516124,-4.394691118486002,0
11.936,-4.403590706028373,-4.405056963993592,-4.428013546079302,-4.461589118611172,-4.397768701751395,-4.418621046715977,0
11.968,-4.406282867334342,-4.408740126685746,-4.427160784715472,-4.406753876233845,-4.406585541286967,-4.411053574901816,0
12.0,-4.408748524744434,-4.4124293289668355,-4.365626766365415,-4.423273306297879,-4.387195855792964,-4.4131309067320235,0
12.032,-4.410983193878224,-4.416116292363365,-4.418094573177639,-4.4788453627453695,-4.396465166941043,-4.436618738125139,0
12.064,-4.412981353727198,-4.419792318746321,-4.496749984251244,-4.4418599943021615,-4.4333877307074925,-4.435933964550474,0
12.096,-4.414738265677192,-4.423449758125779,-4.422903587455862,-4.435008094347568,-4.425885104090321,-4.43280486074152,0
12.128,-4.416249614511907,-4.427083929935838,-4.408083048069795,-4.427991589488586,-4.415322180347168,-4.428151175664871,0
12.16,-4.417511753718335,-4.4306931249353525,-4.417503538320695,-4.394797181433977,-4.412605002931802,-4.412121647710357,0
12.192,-4.4185216598931,-4.434278250826442,-4.434984495103134,-4.453502237485942,-4.4178062036587615,-4.426038834787664,0
12.224,-4.419276849280892,-4.437842147777814,-4.418150409946369,-4.459415681513245,-4.4140206459385105,-4.436822332101077,0
12.256,-4.419775371147478,-4.441388843682083,-4.416993589749538,-4.478683621076676,-4.411103987525265,-4.4510849103974115,0
12.288,-4.420015905283635,-4.44492294629152,-4.397442316226673,-4.431008774418584,-4.401343154298043,-4.4406779153435485,0
12.32,-4.419997945604704,-4.448449250638704,-4.414227858230309,-4.442517509810358,-4.402005496034332,-4.439165254294642,0
12.352,-4.419722033013663,-4.451972545818308,-4.454383189114214,-4.4673784717635945,-4.418267824394108,-4.448355153947998,0
12.384,-4.41918999831314,-4.455497557223634,-4.4200439598895125,-4.461106351849986,-4.414094271460613,-4.451540620506805,0
12.416,-4.418402582775298,-4.459022002599754,-4.402172657907465,-4.490441437359523,-4.404252705426943,-4.46539540105684,0
12.448,-4.416935161311147,-4.461548592827292,-4.435991558903567,-4.443132393147964,-4.411698268090554,-4.455022780446484,0
12.48,-4.414679129483796,-4.463001074417903,-4.429618563634135,-4.512994402730451,-4.413457295704086,-4.477011243827808,0
12.512,-4.410456711044008,-4.4640315139646685,-4.38607276660366,-4.459299668370766,-4.3969595614902195,-4.469017214368948,0
12.544,-4.4039087194682365,-4.465015369004568,-4.382231836608636,-4.488055622880058,-4.385419802432126,-4.476034663114464,0
12.576,-4.396601249294951,-4.465234077873547,-4.403203522402936,-4.418348978982145,-4.386816035948286,-4.452651851982903,0
12.608,-4.3814822055280525,-4.465284414655608,-4.398421704893847,-4.447497709570142,-4.3799580197152,-4.450486886225007,0
12.64,-4.362468698052395,-4.465100367854501,-4.3286704069435675,-4.43338499787482,-4.347928574932688,-4.4439731562876155,0
12.672,-4.343308138953427,-4.464581880080578,-4.35036927905479,-4.443290619678652,-4.337407636659545,-4.444367207582584,0
12.704,-4.324965396435016,-4.464503809745844,-4.362630143175786,-4.438826467293636,-4.336032744607458,-4.443101506262846,0
12.736,-4.306888700335751,-4.464455120701487,-4.330107968913439,-4.454652922480221,-4.322240979107917,-4.448918383406203,0
12.768,-4.293437210802542,-4.466644766032253,-4.24333418605379,-4.446839807096274,-4.2849893145651174,-4.448780263453356,0
12.8,-4.2804028567684504,-4.469204921046266,-4.235532537648123,-4.447871904841832,-4.259538283547821,-4.449186307548752,0
12.832,-4.267589773334341,-4.4717513068578425,-4.218835507257002,-4.465917973595194,-4.237606956914044,-4.4567054597419045,0
12.864,-4.25493241512433,-4.474190533228801,-4.284535206724013,-4.427401674148053,-4.2507422267298205,-4.4458488393676365,0
12.896,-4.242406580031137,-4.476494049915079,-4.2469559184267185,-4.448457659456254,-4.243600956106445,-4.447777258582752,0
12.928,-4.229999844189136,-4.478651083446254,-4.221662607071246,-4.5129455047505695,-4.229202648610029,-4.474731253040889,0
12.96,-4.217703690314696,-4.48065731236548,-4.196354603663358,-4.488991122244942,-4.210438511162986,-4.481305637255234,0
12.992,-4.205511482290555,-4.482511715235349,-4.251906714050841,-4.461859824938553,-4.22139332727492,-4.474363449599082,0
13.024000000000001,-4.193417908480121,-4.484215397087088,-4.174974132824763,-4.534758382889745,-4.197180541930866,-4.499305141380507,0
13.056000000000001,-4.1814187789986965,-4.485770933501059,-4.131831461607478,-4.505027289325427,-4.16537891849437,-4.502307008858404,0
13.088000000000001,-4.169510899609899,-4.487181882615927,-4.155539744080681,-4.492772194615489,-4.15576134851125,-4.499116850324384,0
13.120000000000001,-4.157691954576579,-4.488452377372137,-4.182580918564013,-4.441420965688832,-4.1607859224887545,-4.476554220328998,0
13.152000000000001,-4.1462151180615034,-4.4897909281651245,-4.137957108900871,-4.524949287424243,-4.145930385207666,-4.496302219895532,0
13.184000000000001,-4.128856272106747,-4.490659421624624,-4.125120495074628,-4.453516492954516,-4.1261250370502935,-4.479731953618766,0
13.216000000000001,-4.110091146279358,-4.491174209448259,-4.1020933124371295,-4.498954442782706,-4.105008469360682,-4.487716472623596,0
13.248000000000001,-4.0910543807065665,-4.491718076658308,-4.091685833166688,-4.519213644292623,-4.088163276986945,-4.500406401975997,0
13.280000000000001,-4.071917847495852,-4.492021687431936,-4.00248516942256,-4.4669644006782,-4.042372389851209,-4.486987148357,0
13.312000000000001,-4.0526170822992515,-4.491924411188449,-4.094950243509917,-4.480333304593585,-4.051884119270783,-4.484222080917765,0
13.344,-4.033420031749083,-4.49175130740232,-4.062729740275013,-4.443958242194521,-4.044703568454329,-4.46799581689335,0
13.376,-4.014263745464107,-4.491574759816007,-3.9404791010613804,-4.4393416539134325,-3.9914949800669848,-4.456433037588778,0
13.408,-3.9950661985671707,-4.491385516419651,-3.9954554954996833,-4.490343066792858,-3.9815598985374874,-4.469935811034704,0
13.44,-3.975857402799202,-4.491273744052473,-4.010417475853304,-4.523779412222969,-3.981583189817238,-4.491447160771762,0
13.472,-3.956638246322379,-4.491247344433194,-3.978313228596265,-4.580184119365812,-3.968755268620502,-4.526937711450914,0
13.504,-3.937419822268753,-4.491264087483867,-3.9636583249366772,-4.475658128904497,-3.9551965067722685,-4.50643582778448,0
13.536,-3.9182050167576468,-4.491306229712213,-3.9340350682123373,-4.5059310367959995,-3.9352119483885755,-4.506253626727227,0
13.568,-3.898993367527805,-4.491362154846583,-3.86522903935623,-4.547950718269997,-3.895698816421521,-4.522958308945711,0
13.6,-3.87978424829142,-4.491423646402305,-3.936339120874749,-4.44226161221319,-3.9004349829341223,-4.490708520783226,0
13.632,-3.8605771114568537,-4.491484794917595,-3.8355839711556334,-4.532163686590401,-3.862974628636812,-4.507320067880296,0
13.664,-3.841371519830173,-4.491541654916136,-3.842257450396172,-4.530407818480494,-3.843167805754292,-4.516583460639484,0
13.696,-3.82216713625546,-4.491591972261433,-3.7897924287866913,-4.505054209050264,-3.810297696223869,-4.51199773353673,0
13.728,-3.8029637033758843,-4.491634863412537,-3.7595820856946336,-4.461115528249848,-3.7784914840646633,-4.491667938297891,0
13.76,-3.7837610233040766,-4.491670465625439,-3.773685915641756,-4.479746159451232,-3.7650492799156545,-4.486919306264017,0
13.792,-3.7645589410314013,-4.491699596463223,-3.7642393678055908,-4.48857596889652,-3.7532053311531666,-4.4875992437958185,0
13.824,-3.7453573325974814,-4.491723452793104,-3.771269169596278,-4.517176053568643,-3.7489108775353475,-4.499444834943105,0
13.856,-3.7261560974481873,-4.491743366985939,-3.7549082514477625,-4.5008844776900165,-3.7397898348666283,-4.500033654356296,0
13.888,-3.706955153736579,-4.491760626956915,-3.716624873164357,-4.536738783239409,-3.7190038560863625,-4.514727281391432,0
13.92,-3.6877544353103335,-4.491776358248094,-3.671900216492435,-4.49524905623083,-3.6886424051876947,-4.506946658670143,0
13.952,-3.6685538894644627,-4.491791460656351,-3.6825469022120703,-4.489736997248226,-3.6746842085161586,-4.500072957539708,0
13.984,-3.6493534749500562,-4.491806588692636,-3.635418363003286,-4.513241637592037,-3.6474578747145623,-4.505350402595021,0
14.016,-3.6301531600577257,-4.491822164001547,-3.650317487395368,-4.503829294138044,-3.6370817242427442,-4.504751962878009,0
14.048,-3.610952920784518,-4.491838408279415,-3.6132590984131308,-4.4882723440469245,-3.6160326785099874,-4.49817028659249,0
14.08,-3.591752739161839,-4.491855386695523,-3.5546344912401038,-4.464402207209089,-3.579953408389579,-4.484673460929547,0
14.112,-3.5725526018149116,-4.491873053874008,-3.6267642852808732,-4.5122699935390616,-3.5871577641354078,-4.495722729469676,0
14.144,-3.553352498786365,-4.491891296739444,-3.5626431951982034,-4.488087500892887,-3.56583194174035,-4.492679521766826,0
14.176,-3.534152422617951,-4.491909970670486,-3.509938856253542,-4.478185735918654,-3.531954712886833,-4.486893077635314,0
14.208,-3.5149523676589283,-4.491928927248391,-3.4972092698108885,-4.503855690209385,-3.506536541119597,-4.493689329357582,0
14.24,-3.4957523295591426,-4.491948033328093,-3.4805266428559407,-4.50639312107951,-3.4846125873571387,-4.498782140096949,0
14.272,-3.4765523049052165,-4.491967182171678,-3.4735107131326197,-4.488136915249532,-3.4686518432519513,-4.494535389267739,0
14.304,-3.4573522909641676,-4.491986297995254,-3.4929597479547088,-4.486453578133418,-3.4668550107291543,-4.491314016703392,0
14.336,-3.4381522855060838,-4.492005335552456,-3.40484191153497,-4.537118039225891,-3.4305297766389264,-4.509646969097108,0
14.368,-3.4189522866840107,-4.492024276389911,-3.3460445761736186,-4.543072930464283,-3.3852157020213394,-4.523028677607539,0
14.4,-3.3997522929542736,-4.492043123243677,-3.3928529307964217,-4.482867734307238,-3.3767505990791475,-4.506975602636232,0
14.432,-3.38055230302428,-4.492061893775419,-3.3475065931894314,-4.48658933947806,-3.3535330022546956,-4.498832382480203,0
14.464,-3.3613523158178555,-4.4920806145350145,-3.351701185338645,-4.529111307186187,-3.3412802810118034,-4.51095522889905,0
14.496,-3.3421523304506984,-4.4920993157290905,-3.3389592384541893,-4.473161420307883,-3.3288318695148016,-4.495848984296712,0
14.528,-3.32295234621079,-4.49211802710381,-3.2987645289955014,-4.497627779066475,-3.305284938846416,-4.496571794645559,0
14.56,-3.30375236254052,-4.492136775032887,-3.3265103943189605,-4.544606002943819,-3.30225512659799,-4.515796794429734,0
14.592,-3.2845523790188453,-4.492155580744259,-3.30339491911317,-4.45571145997046,-3.2911910491981304,-4.491774009762025,0
14.624,-3.2653523953429753,-4.492174459519154,-3.299055478527036,-4.473959446238993,-3.282816826561474,-4.484659572455458,0
14.656,-3.246152411309788,-4.492193420647622,-3.199994069443815,-4.5163472889811205,-3.238167729387839,-4.497346090025688,0
14.688,-3.226952426797575,-4.492212467914476,-3.2121429343028844,-4.51500046873859,-3.2162378170706334,-4.504419316809885,0
14.72,-3.207752441748784,-4.492231600407304,-3.150555348972874,-4.457674197129479,-3.178444835591299,-4.4857327879146,0
14.752,-3.188552456154353,-4.492250813472968,-3.166555409944495,-4.53456452520592,-3.16216907113321,-4.50527704302744,0
14.784,-3.1693524700400304,-4.492270099691406,-3.176399198973167,-4.48950822713957,-3.156341128107116,-4.498981114221637,0
14.816,-3.150152483454868,-4.492289449778326,-3.123081145316506,-4.457158518946812,-3.1315171408614253,-4.482263706130671,0
14.848,-3.13095249646188,-4.492308853366666,-3.115974800929954,-4.477503097811541,-3.113780210786622,-4.480371119756737,0
14.88,-3.1117525091307137,-4.492328299647383,-3.104246442474904,-4.502041904680107,-3.0984467093811396,-4.489051111753312,0
14.912,-3.0925525215320837,-4.492347777872293,-3.091785892763345,-4.55449968401312,-3.084262388668714,-4.515242233848982,0
14.944,-3.0733525337336847,-4.492367277735308,-3.135333183321244,-4.521676396413893,-3.0931707124741035,-4.517827601506951,0
14.976,-3.054152545797287,-4.492386789654767,-3.1047495492295893,-4.443465232453146,-3.0862822531249052,-4.488094360608112,0
15.008000000000001,-3.0349525577767595,-4.492406304980178,-3.0346304781605804,-4.5067342885630275,-3.0541015490870747,-4.495562037780842,0
15.040000000000001,-3.0157525697168004,-4.492425816143442,-2.928536125498835,-4.528133818928599,-2.9923553855946876,-4.508602451322293,0
15.072000000000001,-2.9965525816522134,-4.492445316769216,-3.002027628391543,-4.460532085594346,-2.984704288647823,-4.489385997763865,0
15.104000000000001,-2.97735259360762,-4.4924648017530275,-2.9850546603226955,-4.548230627698248,-2.9733244432409487,-4.512935531475849,0
15.136000000000001,-2.9581526055975367,-4.492484267310208,-2.937941145779565,-4.5431333210367635,-2.9476511301665163,-4.5250263162283835,0
15.168000000000001,-2.938952617626781,-4.4925037109944865,-2.9746819411350716,-4.500856778576833,-2.9469434604500253,-4.515370156304369,0
15.200000000000001,-2.9197526296911924,-4.492523131682521,-2.8914003112563975,-4.5130539918606845,-2.913206206654479,-4.514455331699925,0
15.232000000000001,-2.9005526417786545,-4.492542529519923,-2.883300779579162,-4.468916005331759,-2.8897240416926966,-4.496251228945471,0
15.264000000000001,-2.881352653870402,-4.492561905825235,-2.8563261105312434,-4.543637333263331,-2.8648448750841986,-4.515217286340955,0
15.296000000000001,-2.862152665942584,-4.4925812629505515,-2.842292018280118,-4.434418226512587,-2.8443037382082483,-4.482909267771876,0
15.328000000000001,-2.8429526779680327,-4.4926006041005735,-2.829673665278209,-4.48804123795473,-2.8269317148737985,-4.484973653149609,0
15.36,-2.8237526899181606,-4.4926199331153445,-2.773812611591344,-4.510577134233361,-2.7941640793928224,-4.4952266373584555,0
15.392,-2.804552701764904,-4.492639254225355,-2.7925736957331027,-4.486285253451523,-2.7820079317580486,-4.491661672689911,0
15.424,-2.7853527134825984,-4.492658571790589,-2.745224224651048,-4.519967164382732,-2.755774454744089,-4.502995457985486,0
15.456,-2.7661527250496833,-4.492677890037193,-2.694976145894288,-4.519229575754228,-2.7199351370351543,-4.509500695842254,0
15.488,-2.746952736450127,-4.49269721280653,-2.7618941471848566,-4.495883796642662,-2.725198746930242,-4.504065531109735,0
15.52,-2.727752747674486,-4.492716543331292,-2.7626683737320428,-4.5090960649699365,-2.7286666034920106,-4.506089345409736,0
15.552,-2.7085527587205314,-4.492735884052145,-2.7333689643430534,-4.495810945026063,-2.7190275536803967,-4.501989592887624,0
15.584,-2.689352769593402,-4.492755236486143,-2.6222665127277778,-4.5224556150259145,-2.6688031431547206,-4.510187616721159,0
15.616,-2.670152780305287,-4.4927746011549985,-2.674508910221235,-4.431814792185942,-2.6595654558439707,-4.478850109094813,0
15.648,-2.6509527908746593,-4.4927939775775725,-2.651651220744058,-4.51188979532635,-2.6448797676732045,-4.492077612264193,0
15.68,-2.6317528013251197,-4.492813364326844,-2.612851059195438,-4.469803785088381,-2.620548290156605,-4.483179715318716,0
15.712,-2.6125528116839285,-4.492832759147459,-2.6413400590703744,-4.487758730302094,-2.6173450036002484,-4.485022958819261,0
15.744,-2.593352821980328,-4.492852159126027,-2.596042111337646,-4.517721811541786,-2.5973038525749823,-4.498114139029545,0
15.776,-2.5741528322437577,-4.492871560902949,-2.6224560793861365,-4.500928473040124,-2.5958447491787027,-4.49925151123922,0
15.808,-2.5549528425020744,-4.492890960911828,-2.5939439048038073,-4.478627795875403,-2.5835644173053174,-4.491013661042087,0
15.84,-2.535752852779886,-4.492910355630804,-2.5384828169311975,-4.4704532715228575,-2.5540117830275304,-4.482801136523172,0
15.872,-2.5165528630970972,-4.4929297418293395,-2.566007321167786,-4.52757270685265,-2.54729000414904,-4.500721389560087,0
15.904,-2.4973528734677592,-4.492949116794384,-2.4879822086401675,-4.483291955245805,-2.5120468918031116,-4.493761233031073,0
15.936,-2.4781528838992863,-4.492968478521166,-2.447708716680334,-4.542213406201698,-2.474791627603003,-4.513153710955805,0
15.968,-2.4589528943920946,-4.492987825856221,-2.453674939666064,-4.487054757251296,-2.4548249582683437,-4.502725729312159,0
16.0,-2.4397529049396907,-4.493007158583406,-2.4312438278285193,-4.5271433417026445,-2.4338725119239584,-4.512504365587558,0
16.032,-2.4205529155292043,-4.49302647744737,-2.4353332694357777,-4.5099460670347185,-2.422936820752538,-4.511492629828868,0
16.064,-2.4013529261423443,-4.493045784113041,-2.3799244334513188,-4.49614505030631,-2.3942118716495995,-4.5053651753985475,0
16.096,-2.3821529367567145,-4.493065081063876,-2.4463362867653013,-4.514138160997534,-2.4035416435089374,-4.508885942530929,0
16.128,-2.3629529473474116,-4.493084371445595,-2.358141682612915,-4.479774847993887,-2.3738616649612103,-4.497253075231336,0
16.16,-2.343752957888798,-4.493103658865658,-2.308764088656043,-4.425041887802628,-2.336302640249739,-4.468380170681284,0
16.192,-2.3245529683563317,-4.4931229471616465,-2.3391671362955644,-4.45348002338372,-2.325928444480893,-4.4624316844019525,0
16.224,-2.305352978728327,-4.4931422401536745,-2.2980714120800823,-4.524721938742353,-2.3032656373378164,-4.487359363186906,0
16.256,-2.286152988987521,-4.493161541397018,-2.2912912050773837,-4.4629829548358515,-2.2869558702572483,-4.477620383231839,0
16.288,-2.2669529991223434,-4.4931808539511,-2.2811059976405303,-4.483858142914296,-2.2730959270420716,-4.48012707836531,0
16.32,-2.247753009127794,-4.493200180179904,-2.284086121147544,-4.4874814151006825,-2.265972010524739,-4.483080413244027,0
16.352,-2.228553019005878,-4.493219521596832,-2.1989384885264256,-4.441380987697644,-2.227638607575366,-4.466412252624129,0
16.384,-2.209353028765568,-4.493238878764144,-2.280278630736762,-4.516767256270278,-2.2371746226992606,-4.48656587299299,0
16.416,-2.190153038422304,-4.49325825125356,-2.1729521936737672,-4.50497480199408,-2.199965656957103,-4.493941072125618,0
16.448,-2.170953047997073,-4.4932776376706745,-2.1589433772384723,-4.485998485772829,-2.1720367509451597,-4.49077567250355,0
16.48,-2.1517530575151267,-4.493297035741669,-2.126776875429688,-4.4681170807136255,-2.1424128066202375,-4.481723876391367,0
16.512,-2.1325530670044377,-4.493316442456816,-2.1235333119008692,-4.489718085653707,-2.123341014617433,-4.484933204323552,0
16.544,-2.1133530764939827,-4.493335854261573,-2.073472969961783,-4.494112278329497,-2.0918738026414756,-4.488616479487464,0
16.576,-2.094153086011971,-4.493355267283003,-2.103965539713738,-4.494372413022895,-2.0851905033556397,-4.4909304974265,0
16.608,-2.0749530955841182,-4.493374677576968,-2.1000884669988356,-4.4506666407909945,-2.079629694694801,-4.474836595959278,0
16.64,-2.055753105232079,-4.493394081380181,-2.0418015855319394,-4.533298636089544,-2.052978456906051,-4.4982330477762265,0
16.672,-2.0365531149721248,-4.493413475350887,-2.0015909532615117,-4.50573325293492,-2.0209034613173906,-4.50124475844847,0
16.704,-2.017353124814147,-4.493432856782656,-2.0505333475867946,-4.496606438829925,-2.0212354216857875,-4.499401050781074,0
16.736,-1.9981531347610573,-4.493452223777493,-1.9663826291088544,-4.46351189504784,-1.9877743105064027,-4.4850569995090215,0
16.768,-1.9789531448086146,-4.493471575367076,-1.947348044078774,-4.477818989879143,-1.9600838097773647,-4.482173397378629,0
16.8,-1.9597531549457023,-4.493490911574283,-1.9531814258353388,-4.511056328816004,-1.9458028620336667,-4.493738162832336,0
16.832,-1.9405531651550443,-4.4935102334109995,-1.8881782949531554,-4.439331627972189,-1.9112330410267182,-4.4719871339490975,0
16.864,-1.9213531754143218,-4.493529542812328,-1.9320505459161113,-4.4771869061500995,-1.908040048801419,-4.4740786215989266,0
16.896,-1.9021531856976253,-4.493548842511409,-1.899199184763504,-4.513328103797557,-1.892983709000828,-4.489789988886024,0
16.928,-1.8829531959771495,-4.493568135862902,-1.9120839236954525,-4.464193333679291,-1.8891038006911014,-4.479562899057376,0
16.96,-1.8637532062250253,-4.493587426626513,-1.9123055840936736,-4.467420171956877,-1.8868645198647522,-4.474717380661954,0
16.992,-1.8445532164151608,-4.493606718724498,-1.8608908176194858,-4.499618099128983,-1.8649550447817993,-4.484689243013633,0
17.024,-1.82535322652497,-4.4936260159887915,-1.7853195303823237,-4.481185147836267,-1.821580844841863,-4.483299184591896,0
17.056,-1.806153236536867,-4.493645321914037,-1.8078580755664757,-4.584792767446855,-1.8045717429581292,-4.523908203927158,0
17.088,-1.7869532464394278,-4.493664639432449,-1.814084359166761,-4.464724738294348,-1.7968567952760168,-4.500246411846788,0
17.12,-1.767753256228134,-4.493683970724998,-1.7890744097750226,-4.4982267017457644,-1.7822238469190002,-4.499450130877319,0
17.152,-1.74855326590566,-4.49370331708107,-1.6848391647538412,-4.441811576238812,-1.7317499799056213,-4.476406321333996,0
17.184,-1.7293532754816834,-4.493722678815637,-1.7828220012239233,-4.476217726486221,-1.740658794294688,-4.476342504693352,0
17.216,-1.7101532849722403,-4.493742055249241,-1.7186507505699196,-4.501847360254725,-1.7203355826747577,-4.486556076366896,0
17.248,-1.6909532943986731,-4.493761444752083,-1.7044238012221207,-4.476301991442581,-1.7024508759705463,-4.482466078633778,0
17.28,-1.6717533037862495,-4.493780844849356,-1.6710633426076622,-4.4706357653123,-1.6783758685072874,-4.477745594527458,0
17.312,-1.6525533131625403,-4.493800252381023,-1.6313307823178007,-4.506764896164467,-1.6480378399162923,-4.489364959265524,0
17.344,-1.6333533225556642,-4.493819663705759,-1.5937661172099733,-4.497981021338204,-1.6148091567191298,-4.492823028728576,0
17.376,-1.6141533319925099,-4.49383907493591,-1.656558016813877,-4.502422684094376,-1.6199887066405805,-4.496674533712792,0
17.408,-1.594953341497039,-4.49385848218833,-1.5976398289775124,-4.479351647233557,-1.5995291614548297,-4.489757017931035,0
17.44,-1.5757533510887762,-4.493877881834938,-1.5856594850083185,-4.4416361460224065,-1.5824612967496292,-4.470520301976612,0
17.472,-1.5565533607815758,-4.4938972707368485,-1.5640811050629977,-4.503835190521517,-1.563589225940707,-4.483857882616011,0
17.504,-1.5373533705827362,-4.493916646446965,-1.5715952765918055,-4.510135278767545,-1.5552716520581014,-4.494380457612496,0
17.536,-1.5181533804925242,-4.493936007367983,-1.526142737288403,-4.476178601778715,-1.5321000919978696,-4.487111322590909,0
17.568,-1.4989533905041386,-4.493955352855583,-1.4921115047568252,-4.5025402054424015,-1.5045846629398625,-4.493294473875522,0
17.6,-1.4797534006041229,-4.493974683260152,-1.4281418427053147,-4.445332028651614,-1.4624875406758822,-4.474121085408994,0
17.632,-1.46055341077321,-4.493993999904342,-1.4944361703761904,-4.498301561465993,-1.4637469983784879,-4.483804858130007,0
17.664,-1.4413534209875491,-4.49401330499787,-1.4649004406250268,-4.450272849690021,-1.4526883810939142,-4.47040363139572,0
17.696,-1.4221534312202408,-4.494032601495093,-1.473056489117532,-4.494297682673194,-1.4493156301165453,-4.4799728249248165,0
17.728,-1.402953441443087,-4.494051892904505,-1.4034001509211915,-4.514714157995686,-1.419429444250235,-4.493880929814086,0
17.76,-1.3837534516284342,-4.494071183062487,-1.3911333899253564,-4.46078168215963,-1.3965910283331207,-4.480652803409825,0
17.792,-1.3645534617509907,-4.49409047588589,-1.3693631101653532,-4.470794358940691,-1.3741798668821494,-4.476721001565646,0
17.824,-1.3453534717894904,-4.494109775119422,-1.304883467362961,-4.470939645539568,-1.334941312895991,-4.474420040461929,0
17.856,-1.3261534817280893,-4.494129084094143,-1.282628090770043,-4.481943495129044,-1.3024960298742494,-4.477441010729976,0
17.888,-1.3069534915573986,-4.494148405512642,-1.3835077066537262,-4.439292543058371,-1.3233807064230843,-4.462193220430564,0
17.92,-1.2877535012750858,-4.494167741274738,-1.2496364716898576,-4.488768598416467,-1.2823630183759922,-4.4728349774958875,0
17.952,-1.268553510886008,-4.494187092354953,-1.2765061607013466,-4.527601413673309,-1.2685002811616477,-4.494753167086062,0
17.984,-1.249353520401872,-4.49420645873963,-1.2043100334884604,-4.49703277423979,-1.231304187956762,-4.495676633864834,0
18.016000000000002,-1.230153529840453,-4.494225839427754,-1.260801628041345,-4.441747826621734,-1.231583169862846,-4.474116742665083,0
18.048000000000002,-1.2109535392244268,-4.49424523249541,-1.2282767788445348,-4.491015871693,-1.218740619334108,-4.480888032233953,0
18.080000000000002,-1.191753548579901,-4.494264635219727,-1.2057547888667954,-4.494570115831206,-1.2020262930301653,-4.486372507966593,0
18.112000000000002,-1.1725535579347375,-4.49428404425433,-1.1414969898750553,-4.543227430502973,-1.1662945776532703,-4.509126121406577,0
18.144000000000002,-1.1533535673167785,-4.494303455844989,-1.122723231593835,-4.495592634527505,-1.137346045114439,-4.503724370869651,0
18.176000000000002,-1.1341535767520814,-4.49432286607158,-1.1638907517061472,-4.480003532618806,-1.1364439336334977,-4.494247677243775,0
18.208000000000002,-1.1149535862632711,-4.494342271100786,-1.1370291590617514,-4.517737296957235,-1.125158029682412,-4.503655162096984,0
18.240000000000002,-1.0957535958681093,-4.494361667433229,-1.1024247802420988,-4.542126758468035,-1.1045447357772518,-4.51905543104299,0
18.272000000000002,-1.0765536055783629,-4.4943810521291265,-1.1158597063315687,-4.502089596869999,-1.0975507298618443,-4.512280719760518,0
18.304000000000002,-1.0573536153990457,-4.494400422997902,-1.0071116301399172,-4.510685198742333,-1.0498550958269146,-4.511654124804394,0
18.336000000000002,-1.038153625328079,-4.494419778739524,-1.0733574114317603,-4.497414102726044,-1.0477360279133299,-4.505969720139515,0
18.368000000000002,-1.0189536353563993,-4.49443911902843,-1.0192251702385715,-4.458953717524973,-1.0248116906788043,-4.487174914224478,0
18.400000000000002,-0.9997536454685128,-4.494458444534616,-0.9819648977584973,-4.545847114560696,-0.9961529793378101,-4.5106553812852015,0
18.432000000000002,-0.9805536556434676,-4.494477756880518,-0.9851259640172436,-4.538236614101451,-0.9802221790298415,-4.521699454493116,0
18.464,-0.9613536658561895,-4.494497058536444,-0.9874572118843752,-4.511557634938979,-0.971596197986858,-4.5176543017086725,0
18.496,-0.9421536760790981,-4.494516352661305,-0.9499919187224504,-4.515123550348023,-0.9514344920933792,-4.516653573282872,0
18.528,-0.9229536862838987,-4.494535642898921,-0.9170311390316711,-4.504735032051885,-0.9261531566803809,-4.511897728303396,0
18.56,-0.9037536964434341,-4.49455493314304,-0.9019535453733488,-4.557985057361433,-0.9049533179710094,-4.5303442331858115,0
18.592,-0.884553706533465,-4.494574227286236,-0.9424034759554119,-4.505669054044252,-0.9084133869822109,-4.520485738773443,0
18.624,-0.8653537165342615,-4.494593528968885,-0.8794221497558211,-4.496250605375905,-0.8852968979150821,-4.510803268625083,0
18.656,-0.8461537264318933,-4.494612841344415,-0.85249570577198,-4.457344417006298,-0.8606564268888607,-4.489431318750797,0
18.688,-0.8269537362191316,-4.494632166875965,-0.8537763749019734,-4.497514616578976,-0.8463844119338384,-4.492676237325906,0
18.72,-0.8077537458959035,-4.4946515071775615,-0.7716766699838781,-4.496672649711078,-0.8049813210028633,-4.494286410942884,0
18.752,-0.7885537554692738,-4.494670862910039,-0.7354174555278665,-4.463488834482553,-0.765635780671117,-4.481978998194225,0
18.784,-0.7693537649529589,-4.4946902337384085,-0.7837568788633709,-4.48065730305006,-0.7613642258148845,-4.481461946506087,0
18.816,-0.7501537743664152,-4.494709618353418,-0.7624036108740183,-4.520266387827519,-0.7502599857128291,-4.496995356748873,0
18.848,-0.7309537837335649,-4.494729014555902,-0.6973382205949352,-4.522448685930782,-0.7175712855457153,-4.507188327816934,0
18.88,-0.7117537930812492,-4.494748419398499,-0.7351199257978935,-4.5144686338050795,-0.7130707475303333,-4.5101120932579875,0
18.912,-0.6925538024375076,-4.494767829375591,-0.7160655233973495,-4.5566418498283925,-0.702748663762296,-4.528735640315736,0
18.944,-0.673353811829794,-4.494787240649254,-0.64494539334702,-4.500914027134155,-0.6681073614803632,-4.517618638499783,0
18.976,-0.6541538212832368,-4.494806649296647,-0.6259539421619573,-4.5052877437829455,-0.6397259996338738,-4.512697920802085,0
19.008,-0.63495383081905,-4.494826051562922,-0.6627353427168645,-4.5127551046802825,-0.6374097427425266,-4.512732429189934,0
19.04,-0.6157538404531872,-4.494845444103334,-0.6246772813386131,-4.482647573973691,-0.6207967640492427,-4.50071011484709,0
19.072,-0.5965538501953224,-4.49486482419897,-0.6175030977807264,-4.5228864255083785,-0.6079593034016512,-4.509592258478515,0
19.104,-0.5773538600482196,-4.494884189932146,-0.6199328163041127,-4.48834060763294,-0.6012287144132429,-4.501103208386109,0
19.136,-0.5581538700075337,-4.494903540310182,-0.543592895205887,-4.502477072144353,-0.5666543925715548,-4.501664354857298,0
19.168,-0.5389538800620615,-4.494922875329528,-0.5398991861773998,-4.5206769299268865,-0.5444323158462527,-4.509280977015964,0
19.2,-0.519753890194433,-4.494942195976108,-0.45782887799166194,-4.500540459890802,-0.49827094652891124,-4.505796354469837,0
19.232,-0.5005539003822077,-4.494961504161838,-0.517184648690591,-4.486355724446352,-0.494316433211745,-4.498031680451884,0
19.264,-0.4813539105993091,-4.494980802601393,-0.479939307864561,-4.478197653159372,-0.47704558888663506,-4.490109643134812,0
19.296,-0.46215392081771023,-4.495000094637194,-0.4328619092798548,-4.558260094001398,-0.4478521228555012,-4.517381394893594,0
19.328,-0.4429539310092584,-4.4950193840238715,-0.49858091287259276,-4.504438448430621,-0.4566236446740804,-4.512215787877132,0
19.36,-0.42375394114751785,-4.495038674686146,-0.4260617733724953,-4.483476957335032,-0.4328789019676907,-4.500731829719439,0
19.392,-0.4045539512095046,-4.4950579704657265,-0.3654810066350516,-4.483930586722245,-0.3943997496535583,-4.494022911242921,0
19.424,-0.38535396117719367,-4.495077274873565,-0.41520758629708204,-4.480447823428408,-0.39120289013644854,-4.488604461374335,0
19.456,-0.3661539710386943,-4.495096590863447,-0.3249023100990969,-4.478606994550085,-0.35316266395500673,-4.484617067886509,0
19.488,-0.3469539807890151,-4.495115920641517,-0.3251306126216063,-4.532019542182415,-0.3304298492641117,-4.503589659765833,0
19.52,-0.3277539904303698,-4.495135265524006,-0.33503643203726946,-4.50509003322842,-0.3207524882251796,-4.504201420589711,0
19.552,-0.30855399997200766,-4.495154625852335,-0.25996118903273596,-4.531730156918255,-0.284915974409119,-4.5152245355978495,0
19.584,-0.28935400942958694,-4.4951740009710575,-0.21481176121824494,-4.491236226151021,-0.24535429500198136,-4.505640840510323,0
19.616,-0.2701540188241394,-4.49519338927005,-0.2615843314369788,-4.546410873370768,-0.24032631545213168,-4.521960489206467,0
19.648,-0.25095402818069895,-4.495212788288242,-0.24850667411554264,-4.486200736031695,-0.23207846479877775,-4.50766822855246,0
19.68,-0.2317540375266877,-4.495232194872193,-0.21792283977108404,-4.501751888036897,-0.21489622067196648,-4.505313335901946,0
19.712,-0.21255404689016272,-4.495251605379311,-0.25956094718078343,-4.480194477619793,-0.2212421171604007,-4.495277436770099,0
19.744,-0.19335405629803365,-4.495271015912628,-0.21770113103551245,-4.515748898330333,-0.20830572859360638,-4.503477663844817,0
19.776,-0.17415406577435927,-4.495290422571999,-0.18825176230176585,-4.488747176371339,-0.18876414795600932,-4.497597107330675,0
19.808,-0.15495407533882485,-4.4953098217055585,-0.16021934877512456,-4.47167650581392,-0.16582623415675887,-4.487240499234324,0
19.84,-0.13575408500549152,-4.495329210145211,-0.13673941732178946,-4.47246459039461,-0.14267151328821814,-4.481341760638149,0
19.872,-0.11655409478189355,-4.4953485854109845,-0.08750582186292824,-4.577510106081127,-0.10908524257477034,-4.519820715066039,0
19.904,-0.0973541046685409,-4.4953679458710445,-0.11089970717305912,-4.459419386676201,-0.09829103426142247,-4.49567179071296,0
19.936,-0.07815411465886206,-4.495387290847053,-0.10241793129414449,-4.458816667259849,-0.08842179891256724,-4.480941339123547,0
19.968,-0.0589541247395964,-4.4954066206580405,-0.09430251317603129,-4.549615803248411,-0.07925409044737684,-4.508422713984453,0
20.0,-0.039754134891619844,-4.495425936599958,-0.09269523953411804,-4.4901314324558275,-0.07311055590406734,-4.5011177831860065,0
20.032,-0.02055414509115675,-4.495445240862207,-0.01890155278124532,-4.513281041624276,-0.03990696047117863,-4.505994662635806,0
20.064,-0.0013541553113058241,-4.495464536386526,-0.018640396204249506,-4.497384224541729,-0.019880340576934375,-4.502562059763149,0
20.096,0.017845834476217612,-4.495483826677329,-0.014615589257364857,-4.5168949867921215,-0.006254445860196712,-4.5083068014979295,0
20.128,0.03704582429923606,-4.4955031155757315,0.0028931375541824747,-4.521979171779345,0.008924581693537355,-4.513787321452147,0
20.16,0.05624581418328708,-4.495522407011853,0.07852997078933444,-4.479016679018701,0.04828673151660705,-4.499890639539434,0
20.192,0.07544580414994749,-4.4955417047513695,0.0498882908629175,-4.493012351997987,0.060447349434553085,-4.497150904895046,0
20.224,0.0946457942154206,-4.4955610121526695,0.07740898154990533,-4.435188248795492,0.07875199645302916,-4.4723774298884535,0
20.256,0.11384578438948262,-4.495580331950275,0.11399455385864524,-4.497847752710488,0.10436901357921857,-4.482577154805236,0
20.288,0.13304577467485948,-4.495599666078492,0.1492629492607569,-4.477164526672714,0.13384658200661598,-4.480423708449348,0
20.32,0.15224576506707077,-4.4956190155466516,0.16153871351809584,-4.485972834277426,0.15644342875664835,-4.482654972953301,0
20.352,0.17144575555474742,-4.495638380373975,0.17569034032116293,-4.46792526150773,0.1756621875189744,-4.47677471139111,0
20.384,0.19064574612039456,-4.495657759588264,0.2338264619422207,-4.442175717448557,0.21044789141687212,-4.462946744670225,0
20.416,0.20984573674154264,-4.495677151288492,0.16111887236622655,-4.472412928497546,0.20223627791880677,-4.4667448553878595,0
20.448,0.2290457273922063,-4.495696552767259,0.24874073777756603,-4.529244205570412,0.23235805598003098,-4.491756237059601,0
20.48,0.24824571804455495,-4.49571596068524,0.29925343273998234,-4.480214388978836,0.2706362007994879,-4.487151141634076,0
20.512,0.2674457086706875,-4.495735371286371,0.26343739885004025,-4.484496571266173,0.2792766741353187,-4.4861009571544725,0
20.544,0.2866456992444023,-4.495754780639942,0.3133152277591958,-4.460141629278673,0.3044120897029841,-4.4757288671932,0
20.576,0.30584568974285503,-4.495774184893982,0.2625378235825259,-4.541383246598244,0.29918237737762954,-4.502002255485281,0
20.608,0.32504568014800495,-4.495793580523623,0.28570104112487976,-4.550489646392044,0.305309837005975,-4.521408841838034,0
20.64,0.3442456704477641,-4.495812964558431,0.3316731573446875,-4.53829531289702,0.32737515927899397,-4.528175052251392,0
20.672,0.3634456606367779,-4.495832334774033,0.4459358702557091,-4.489916266130571,0.38631943781624845,-4.5128831508472675,0
20.704,0.3826456507167867,-4.495851689835682,0.39543782094339724,-4.450675420804871,0.401486785223071,-4.4880116625597,0
20.736,0.4018456406965406,-4.495871029384476,0.4440962634038852,-4.512824288481397,0.4300505706605078,-4.497948307573608,0
20.768,0.42104563059126765,-4.4958903540606565,0.4379219360498755,-4.477651282205098,0.4447191109896791,-4.489841083803039,0
20.8,0.4402456204217193,-4.495909665462461,0.4270487811666675,-4.535025634572089,0.4491709732408449,-4.507926483567436,0
20.832,0.4594456102128497,-4.495928966043174,0.4968913190049984,-4.498223943781636,0.4797791057320136,-4.504057041983861,0
20.864,0.4786455999922097,-4.495948258953,0.4437814333481383,-4.507773982509286,0.47690003096697287,-4.505555389522802,0
20.896,0.4978455897881576,-4.495967547835972,0.5251436962467163,-4.504305387738624,0.5077174912680581,-4.505066959453077,0
20.928,0.5170455796280065,-4.495986836594978,0.4972119359842898,-4.566256137910813,0.5150352633420525,-4.529554203156121,0
20.96,0.5362455695362329,-4.496006129140077,0.5439436514027509,-4.566693757979726,0.5381186127498916,-4.544421601333787,0
20.992,0.5554455595328722,-4.496025429136343,0.5617609676034698,-4.499720910307668,0.5590955488689362,-4.526552907098289,0
21.024,0.5746455496322083,-4.496044739767505,0.5699756640604555,-4.464527296226629,0.5749675891155859,-4.501754252467063,0
21.056,0.5938455398418492,-4.496064063530618,0.5926220503106716,-4.5227912981972205,0.593549367754949,-4.510180669147882,0
21.088,0.6130455301622479,-4.496083402074995,0.6541970816589942,-4.492943966817773,0.6293284474685993,-4.5032975958449875,0
21.12,0.6322455205866969,-4.496102756095806,0.5937902251952082,-4.445400835372619,0.6266331527019922,-4.480150508498134,0
21.152,0.6514455111017903,-4.496122125289163,0.6569941584538497,-4.4876739898484495,0.6502975491368148,-4.483171526471058,0
21.184,0.6706455016883162,-4.496141508371609,0.682268750005305,-4.475010645105751,0.6746060236107967,-4.479918806771419,0
21.216,0.6898454923225148,-4.496160903162742,0.674134357637221,-4.456222138425077,0.6859373513421226,-4.470451778037073,0
21.248,0.7090454829776159,-4.496180306725649,0.7491167128506443,-4.493432301231174,0.7227290900625045,-4.479655629648388,0
21.28,0.7282454736255548,-4.496199715556136,0.7185054401319799,-4.508775207943039,0.7325596242057815,-4.491315104759634,0
21.312,0.7474454642387572,-4.49621912580853,0.7413615596497558,-4.488961401936214,0.7476003924997678,-4.490385266518342,0
21.344,0.766645454791887,-4.496238533543548,0.7830598042070464,-4.49446444263011,0.773304151302325,-4.492028576638027,0
21.376,0.7858454452634484,-4.49625793498225,0.7634004589562811,-4.465763232539024,0.780862668488931,-4.481534073358545,0
21.408,0.8050454356371486,-4.4962773267497145,0.793848720256569,-4.459366147428154,0.7975770833281666,-4.47267853027148,0
21.44,0.8242454259029391,-4.496296706092729,0.8053991061433599,-4.552543742796194,0.8122258865948939,-4.5046362341864095,0
21.472,0.8434454160576693,-4.496316071057444,0.8228296184615989,-4.4431002279216525,0.8279873734914585,-4.480033441439856,0
21.504,0.8626454061053105,-4.496335420615525,0.8902383848768667,-4.5071397612138115,0.864407772204902,-4.490887569786283,0
21.536,0.8818453960567293,-4.496354754730648,0.7994929199822719,-4.459992616292608,0.849961825484087,-4.478541179926679,0
21.568,0.9010453859290188,-4.496374074361023,0.9719571103485729,-4.516913084713414,0.9102799336060593,-4.493901525476913,0
21.6,0.9202453757444221,-4.496393381397767,0.8856870813336621,-4.474735668158866,0.9119627868796956,-4.486246759788488,0
21.632,0.9394453655289109,-4.496412678543085,0.9206545526261835,-4.523360234685946,0.9269594873653719,-4.501103722507012,0
21.664,0.958645355310509,-4.49643196913611,0.9799302792208086,-4.480235340357284,0.9596677982968987,-4.492767940133208,0
21.696,0.977845345117469,-4.496451256937635,0.9752499971330959,-4.541858327650902,0.9774206720206435,-4.512415665704818,0
21.728,0.997045334976424,-4.4964705458876155,1.0375251100410694,-4.484886569982054,1.0129824414156436,-4.5014156004050285,0
21.76,1.0162453249106407,-4.496489839851098,0.9728813203040662,-4.477284144572585,1.008461987153213,-4.49177459567562,0
21.792,1.035445314938495,-4.4965091423689625,1.072319861256105,-4.504784325810217,1.0455251309700424,-4.496990071838674,0
21.824,1.0546453050722733,-4.496528456429546,1.0336454599602138,-4.568959087352378,1.0522932567337742,-4.5257892701303355,0
21.856,1.0738452953173816,-4.496547784275896,1.1197576559475169,-4.479503339753458,1.090799010577955,-4.507286498999028,0
21.888,1.0930452856720132,-4.496567127261047,1.0939278939043702,-4.491020458177904,1.1035705580578314,-4.50079169300284,0
21.92,1.112245276127291,-4.496586485760676,1.1159229239738533,-4.512251951197121,1.120031498564386,-4.505387415703893,0
21.952,1.13144526666787,-4.496605859148747,1.1846549407739855,-4.518222136743697,1.157400869580009,-4.510532931825383,0
21.984,1.1506452572729526,-4.49662524583772,1.1449649342171875,-4.578628552863775,1.1639464895596467,-4.5377828148846415,0
22.016000000000002,1.1698452479176442,-4.496644643380731,1.1369119327640296,-4.486122715106081,1.1646526609609533,-4.517130414763054,0
22.048000000000002,1.1890452385745582,-4.496664048629176,1.193066457895723,-4.520465881361781,1.1875381738513484,-4.5184762442128985,0
22.080000000000002,1.2082452292155668,-4.4966834579355535,1.2555441513825443,-4.504071833352054,1.226260558979598,-4.512726123377959,0
22.112000000000002,1.2274452198135863,-4.496702867388499,1.2472711006280635,-4.4679029431483315,1.246184769756439,-4.494808493126664,0
22.144000000000002,1.2466452103442924,-4.496722273064887,1.218541101714389,-4.475927912174617,1.2466472966610498,-4.4872678986559045,0
22.176000000000002,1.2658452007876575,-4.496741671282765,1.2647193121394837,-4.467311244177894,1.2653960969798643,-4.479296868834702,0
22.208000000000002,1.2850451911292229,-4.496761058838796,1.268951847168423,-4.443142420221924,1.278338391190382,-4.464846713791692,0
22.240000000000002,1.3042451813610263,-4.496780433214932,1.34259385550786,-4.4644928850227235,1.3155605710612663,-4.464716797977231,0
22.272000000000002,1.3234451714821267,-4.496799792740942,1.337580727581858,-4.555392198736213,1.3358886278227697,-4.500998564684347,0
22.304000000000002,1.3426451614986885,-4.496819136702331,1.3547430987837523,-4.5117316984104034,1.3549504103697718,-4.505303415306081,0
22.336000000000002,1.3618451514236165,-4.496838465386631,1.3459389828945199,-4.465989153111423,1.3628658335509893,-4.48958929890172,0
22.368000000000002,1.3810451412757536,-4.496857780065095,1.3970771253014442,-4.466440719157132,1.3880703444300078,-4.480341447991488,0
22.400000000000002,1.4002451310786892,-4.49687708291091,1.3831399734557799,-4.469919214904871,1.3976181902250004,-4.476184129912506,0
22.432000000000002,1.4194451208592471,-4.496896376859226,1.39703710998388,-4.515273139705238,1.4089057523170418,-4.491831305182746,0
22.464000000000002,1.4386451106457492,-4.496915665417998,1.4403541363976036,-4.493022185272638,1.4330051001392796,-4.492319227043423,0
22.496000000000002,1.4578451004661699,-4.496934952441841,1.4190352573411198,-4.4832885880283655,1.438937157209176,-4.488718542105827,0
22.528,1.4770450903463042,-4.496954241883499,1.471719252546281,-4.439499986395576,1.4635699895300052,-4.46904269365108,0
22.56,1.4962450803080765,-4.496973537538936,1.4913540089309978,-4.526153219980121,1.4862035914710985,-4.491898483285837,0
22.592,1.5154450703681053,-4.4969928428025225,1.4128998925284602,-4.52266292036852,1.4684021060676686,-4.504215844268058,0
22.624,1.534645060536623,-4.49701216044808,1.5420560298441621,-4.487699568885526,1.509383669743492,-4.497620928627442,0
22.656,1.5538450508168231,-4.497031492449917,1.5222231111317066,-4.462857630874596,1.5260394404548125,-4.48372721317916,0
22.688,1.5730450412046726,-4.497050839855385,1.5359227920532053,-4.462233173602566,1.541512775240812,-4.475141210328818,0
22.72,1.5922450316892016,-4.497070202717178,1.5258055052302717,-4.508499726347019,1.5467498613742503,-4.488496238628401,0
22.752,1.6114450222532388,-4.497089580089732,1.6312647462770775,-4.518138182229869,1.592075809465034,-4.500364645882097,0
22.784,1.6306450128745422,-4.497108970089963,1.6052173756149246,-4.5205841743838855,1.6088524300481493,-4.508464093513525,0
22.816,1.6498450035272416,-4.497128370018442,1.623752239430043,-4.529492501673106,1.6263323479195058,-4.516887097507275,0
22.848,1.6690449941835017,-4.497147776533209,1.6558300966864419,-4.498758214495168,1.6496514415425527,-4.509647187321529,0
22.88,1.6882449848152963,-4.497167185865044,1.6956400974754537,-4.490926526784678,1.6795668980320486,-4.502170566055826,0
22.912,1.7074449753961842,-4.497186594060334,1.7335310963109778,-4.5655766919876415,1.7126725714624074,-4.52754465695115,0
22.944,1.7266449659029819,-4.497205997235904,1.7246208763558808,-4.488929601018446,1.728971887543266,-4.512110270472634,0
22.976,1.7458449563172298,-4.497225391829393,1.75926733344267,-4.551295703885764,1.7526100600331058,-4.527796073199603,0
23.008,1.7650449466263676,-4.4972447748290385,1.7863741969712021,-4.508336439111366,1.7776357089465287,-4.520023840908053,0
23.04,1.7842449368245434,-4.49726414396804,1.771753457214507,-4.492828620330643,1.786802802400981,-4.5091573650333014,0
23.072,1.8034449269130075,-4.497283497870962,1.8720539513335503,-4.483647756276933,1.8324232561307288,-4.498965124508112,0
23.104,1.822644916900059,-4.497302836142705,1.801129282200066,-4.466542174983069,1.8314256607244146,-4.486007538508902,0
23.136,1.8418449068005436,-4.497322159394282,1.813372979532879,-4.503328591006556,1.8357245824221606,-4.492947544954627,0
23.168,1.8610448966349258,-4.497341469203709,1.919565450569917,-4.5311077686208785,1.8807809238626727,-4.50822321284458,0
23.2,1.8802448864279888,-4.497360768014506,1.9020113036621442,-4.482754213958841,1.900793069969112,-4.49804718648363,0
23.232,1.8994448762072416,-4.497380058978338,1.9044227053821288,-4.495025181307141,1.9137649183240697,-4.4968499545060405,0
23.264,1.9186448660011348,-4.49739934575194,1.9031171812025167,-4.529717508724354,1.921025817665964,-4.510008545515201,0
23.296,1.937844855837204,-4.497418632261397,1.9554411793618045,-4.539228322636281,1.946311956533198,-4.52170802729269,0
23.328,1.9570448457402658,-4.4974379224490155,1.9879182643718265,-4.5682786742501715,1.9744744738536526,-4.540347860886231,0
23.36,1.976244835730793,-4.49745722001908,2.0024798223522198,-4.459548454048742,1.9971966074321585,-4.508039678866712,0
23.392,1.9954448258235749,-4.497476528198912,1.9863884310533853,-4.4973028396532895,2.004393331052153,-4.503756531443808,0
23.424,2.0146448160267623,-4.497495849530636,2.0426656172285593,-4.521586609233703,2.0312222396854778,-4.510900159523903,0
23.456,2.0338448063413517,-4.497515185707079,2.0537922291467847,-4.5034449390097455,2.051770229623413,-4.5079296775767626,0
23.488,2.0530447967611445,-4.49753453746239,2.0788184805787413,-4.526285193579732,2.074109524149601,-4.515283499523215,0
23.52,2.072244787273176,-4.497553904524424,2.0642364971667226,-4.470370042170665,2.081680307491749,-4.497329740806504,0
23.552,2.091444777858577,-4.497573285631976,2.0843629774957377,-4.508243815721894,2.0942733696210536,-4.501707002507249,0
23.584,2.1106447684938114,-4.497592678615761,2.09094487335234,-4.54580443758631,2.1044619652353496,-4.519357614129078,0
23.616,2.1298447591521947,-4.497612080537948,2.124066329856771,-4.538315585170501,2.123823705201823,-4.526952443957406,0
23.648,2.149044749805605,-4.497631487881258,2.1469492807700097,-4.473234360819872,2.1445939295454357,-4.505476853653254,0
23.68,2.1682447404262692,-4.49765089677549,2.12263512133232,-4.536456370281442,2.147330400377376,-4.517880302410724,0
23.712,2.1874447309885214,-4.497670303246867,2.164555528505304,-4.473992167144133,2.165740445748944,-4.500336687234158,0
23.744,2.2066447214704237,-4.4976897034741805,2.216367045083847,-4.504934521610198,2.1975110796086694,-4.50218745460973,0
23.776,2.225844711855155,-4.497709094035206,2.240736405706519,-4.55164665129554,2.2263212041807483,-4.521982759815503,0
23.808,2.2450447021320863,-4.4977284721275135,2.2760268809108712,-4.489213643399565,2.2577234690142536,-4.508886731353556,0
23.84,2.2642446922974675,-4.49774783574943,2.3052689961841852,-4.490603509408251,2.2882616740329884,-4.50158505146114,0
23.872,2.283444682354693,-4.497767183829446,2.2499965131673996,-4.50151448421613,2.2844756038470084,-4.501568424031314,0
23.904,2.3026446723141105,-4.497786516295713,2.2953426016647995,-4.488281869408692,2.300342397143449,-4.496265392640049,0
23.936,2.321844662192389,-4.497805834081089,2.332079777155307,-4.492921238157213,2.324557343325578,-4.49493931328136,0
23.968,2.3410446520114707,-4.497825139063395,2.3065977310784778,-4.502802394712451,2.328893492610665,-4.498096121768459,0
24.0,2.3602446417971743,-4.497844433944692,2.3917968815613095,-4.51960325253227,2.3655748423794525,-4.50671054539214,0
24.032,2.37944463157753,-4.497863722077342,2.3956622492612385,-4.543321797710042,2.389129799323071,-4.52136661526009,0
24.064,2.3986446213809605,-4.497883007248048,2.4141294007073504,-4.47972672554405,2.410649634067684,-4.504722228309088,0
24.096,2.417844611234423,-4.497902293433817,2.469588789587174,-4.4715369613638005,2.4457452904640036,-4.4914596928329455,0
24.128,2.4370446011616465,-4.497921584545533,2.423955291043043,-4.496780576588366,2.448549284879542,-4.493599622222544,0
24.16,2.456244591181576,-4.497940884175725,2.4505506865550557,-4.495363146977524,2.460869839727141,-4.494316614520138,0
24.192,2.4754445813071415,-4.497960195366765,2.485194146274541,-4.529902708651038,2.4821195565154524,-4.508562642578685,0
24.224,2.4946445715444243,-4.4979795204144555,2.50690031079603,-4.470665588966441,2.5035518523879947,-4.49341542053559,0
24.256,2.51384456189228,-4.497998860719672,2.523371214298579,-4.493763890190376,2.5229995913030807,-4.49356641719883,0
24.288,2.533044552342439,-4.498018216697643,2.504116515513384,-4.474617603994306,2.526966355128786,-4.485998509914326,0
24.32,2.552244542880068,-4.498037587750707,2.543513323307557,-4.519465943044489,2.5451051365334014,-4.4993971095615155,0
24.352,2.5714445334847493,-4.498056972306343,2.5893310713382394,-4.482413769217902,2.574315504581308,-4.4926154068753865,0
24.384,2.590644524131812,-4.498076367918038,2.534779004028589,-4.510674188006093,2.570020898480867,-4.499850558036289,0
24.416,2.6098445147939175,-4.498095771422516,2.6668702646425984,-4.498560161719592,2.620280639063042,-4.4993460413351185,0
24.448,2.6290445054428058,-4.498115179143244,2.6228682684530487,-4.456958520303213,2.632835684935736,-4.482402675520619,0
24.48,2.6482444960510856,-4.49813458712712,2.667446366928126,-4.4860929765494095,2.658199951851021,-4.483890436906289,0
24.512,2.667444486593963,-4.49815399139913,2.653121770647093,-4.511179208787601,2.667688673491742,-4.494817582713777,0
24.544,2.6866444770508093,-4.498173388218576,2.6701180596430594,-4.495756547620876,2.6801804220805954,-4.495204799767109,0
24.576,2.7058444674064654,-4.498192774320366,2.7104612859378237,-4.529726417620588,2.7038127617595267,-4.509025070371046,0
24.608,2.7250444576522135,-4.498212147125811,2.682830384469272,-4.491453576911158,2.7069398049883575,-4.502008087647519,0
24.64,2.7442444477863472,-4.498231504909324,2.7701722625228196,-4.532782065422632,2.7437527821565713,-4.514329284006999,0
24.672,2.763444437814308,-4.498250846910222,2.7265391803612533,-4.557247949722236,2.7483873356023585,-4.531508346127566,0
24.704,2.7826444277483664,-4.498270173382398,2.8054194406361854,-4.5148904262583285,2.782720171788669,-4.524872765200939,0
24.736,2.8018444176068638,-4.498289485578602,2.7816548524282707,-4.488778429114854,2.7938140382249665,-4.5104466101428375,0
24.768,2.8210444074130585,-4.498308785670295,2.864957057424637,-4.571450865777674,2.8337912400912915,-4.534859885789134,0
24.8,2.8402443971936404,-4.498328076608202,2.7960852563663727,-4.489219010215082,2.8302288407917207,-4.516615105013979,0
24.832,2.8594443869770076,-4.498347361932524,2.9048903025078623,-4.444140668984072,2.8716134196702074,-4.487636898418258,0
24.864,2.878644376791424,-4.498366645545,2.8658257787521775,-4.499533015328518,2.880818357494249,-4.4924069137655,0
24.896,2.8978443666631715,-4.498385931457525,2.908313312221054,-4.48136868634893,2.9033363335730895,-4.488003194504442,0
24.928,2.917044356614834,-4.498405223533493,2.962893452494794,-4.513189372103814,2.938679175324597,-4.498089242526191,0
24.96,2.936244346663822,-4.498424525238556,2.9515429597782004,-4.480477207630256,2.9553446832817505,-4.491056012639662,0
24.992,2.955444336821244,-4.498443839416861,2.982896990787656,-4.517408403386532,2.9778856004513443,-4.501608561455729,0
25.024,2.9746443270911973,-4.498463168107205,2.9967540273977487,-4.534933195858074,2.996952965387833,-4.514950016989547,0
25.056,2.9938443174705234,-4.498482512410955,2.9732312581787195,-4.506748888158478,2.9989842766525836,-4.511681176697422,0
25.088,3.013044307949039,-4.498501872420296,3.063759139525647,-4.456564962696086,3.036414215941063,-4.489646311404098,0
25.12,3.0322442985102183,-4.49852124721144,3.02777436670979,-4.470004328806244,3.0444782703796474,-4.481801146751474,0
25.152,3.051444289132279,-4.49854063490328,3.0665794445100465,-4.484014298800535,3.0648387341562566,-4.4826980425254,0
25.184,3.07064427978959,-4.498560032777769,3.0574181450796054,-4.465148126798037,3.0733904926453537,-4.475689715818024,0
25.216,3.0898442704543134,-4.498579437454304,3.0962023511553904,-4.487592997180528,3.094035230166699,-4.480462670334935,0
25.248,3.1090442610981714,-4.498598845106955,3.0895682155664517,-4.498934535811377,3.1037684184439325,-4.487863058486559,0
25.28,3.1282442516942317,-4.4986182517105835,3.1193995809352324,-4.509329979972759,3.1215408775602222,-4.496461466628249,0
25.312,3.1474442422186035,-4.498637653300037,3.0816131539313094,-4.50573194923418,3.1170897822331463,-4.500181294552118,0
25.344,3.1666442326519424,-4.4986570462257545,3.2192113968995595,-4.513800955476873,3.169458422230898,-4.5056407871823465,0
25.376,3.1858442229806756,-4.498676427389314,3.1594144095376997,-4.5642315029793785,3.1769608112930476,-4.529088693607616,0
25.408,3.205044213197872,-4.498695794443728,3.15284316776894,-4.496368341530627,3.1788337480320887,-4.516012163718721,0
25.44,3.2242442033037038,-4.498715145945552,3.2459746824537494,-4.5238647794546205,3.217210115959107,-4.519164811367462,0
25.472,3.2434441933054625,-4.498734481448939,3.248145893139726,-4.460902137282552,3.241104420999169,-4.495871333693037,0
25.504,3.262644183217126,-4.498753801535519,3.241944715830827,-4.515831985854171,3.2529605331082907,-4.503867177918749,0
25.536,3.281844173058491,-4.498773107778083,3.2805702372094463,-4.456409567665565,3.275524408932486,-4.484895709930252,0
25.568,3.3010441628539278,-4.498792402640359,3.2858346229776685,-4.504569305689653,3.2911684887397348,-4.492776718914937,0
25.6,3.3202441526308215,-4.498811689319226,3.303112466802755,-4.435008128822414,3.3074660741573823,-4.4696808502938925,0
25.632,3.3394441424178094,-4.498830971539496,3.3104034973111585,-4.487857860760034,3.3201610376122117,-4.476963221009216,0
25.664,3.358644132242924,-4.498850253314421,3.40564146699423,-4.475050358277094,3.3658732035567787,-4.476209643993906,0
25.696,3.3778441221317683,-4.498869538687312,3.3502739859439155,-4.477473223192968,3.3711535106994934,-4.4767266476364345,0
25.728,3.3970441121058497,-4.498888831470888,3.4149647879812255,-4.49711557166,3.4001980157940555,-4.484893795180923,0
25.76,3.416244102181184,-4.498908135001148,3.479383282690603,-4.4912028525398195,3.4433921167268435,-4.4874290037336895,0
25.792,3.435444092367265,-4.498927451921611,3.415745869681775,-4.575523235731832,3.443853612074065,-4.522678291023166,0
25.824,3.4546440826664693,-4.498946784011846,3.4861178128149692,-4.4831107552649385,3.4722792865261085,-4.506862880724233,0
25.856,3.4738440730739244,-4.498966132071374,3.5127924225977982,-4.456318096278901,3.5000045351008673,-4.486656580482235,0
25.888,3.4930440635778517,-4.498985495866482,3.4623322219826558,-4.499475503671805,3.4964556039906554,-4.4917957722258945,0
25.92,3.512244054160347,-4.499004874143443,3.5295120379170144,-4.524218985635176,3.5211981716904397,-4.504776687808897,0
25.952,3.531444044798545,-4.499024264707376,3.503375284267869,-4.489555588347677,3.525589010844512,-4.4986998843096915,0
25.984,3.5506440354660858,-4.499043664561795,3.5244461384920016,-4.458287545627587,3.5366518560225693,-4.4825465891050325,0
26.016000000000002,3.569844026134787,-4.4990630700999645,3.575294258301823,-4.531586428121306,3.5636288110516654,-4.5021741666152835,0
26.048000000000002,3.589044016776418,-4.499082477335862,3.580899881149666,-4.512352116579826,3.582057233209087,-4.506256987679425,0
26.080000000000002,3.6082440073644677,-4.499101882159981,3.62221920474286,-4.447029793518787,3.6096420159440927,-4.482577747851714,0
26.112000000000002,3.6274439978757997,-4.4991212806036085,3.6458590322402675,-4.557918843895654,3.635648816589579,-4.512725818648001,0
26.144000000000002,3.6466439882921002,-4.499140669094609,3.619649188503345,-4.490868016761619,3.640768959489515,-4.503994322941709,0
26.176000000000002,3.66584397860103,-4.499160044688278,3.62118986139854,-4.496210806367199,3.6444573143963854,-4.500892532621941,0
26.208000000000002,3.6850439687970127,-4.499179405258399,3.6804014791526796,-4.524418773665917,3.6703549744518433,-4.510314635760137,0
26.240000000000002,3.7042439588816056,-4.499198749636133,3.7064411895265756,-4.443478414050848,3.696309454644583,-4.48359174396918,0
26.272000000000002,3.7234439488634314,-4.499218077687712,3.7691309844809684,-4.5058929367251475,3.7369580607514816,-4.492523808527783,0
26.304000000000002,3.7426439387576593,-4.499237390325802,3.722376896304244,-4.466535848278828,3.74264558915341,-4.48214020344538,0
26.336000000000002,3.761843928585071,-4.499256689453649,3.8011865621553493,-4.516016853630199,3.7775819725419284,-4.495702435638654,0
26.368000000000002,3.7810439183707563,-4.4992759778454285,3.7861680855920037,-4.524682310844775,3.7925364119546163,-4.507305952929858,0
26.400000000000002,3.800243908142526,-4.499295258970308,3.808627006120954,-4.507808438804577,3.810492643816409,-4.507518511884639,0
26.432000000000002,3.819443897929136,-4.499314536771367,3.773009942427169,-4.504287660992227,3.8070195574560852,-4.506237736007426,0
26.464000000000002,3.838643887758445,-4.499333815413415,3.8352965970167383,-4.508825733436921,3.829850367473339,-4.5072845018255725,0
26.496000000000002,3.857843877655628,-4.49935309901578,3.9183016503175123,-4.4766345628453905,3.876750874799274,-4.49503609779083,0
26.528000000000002,3.877043867641569,-4.4993723913871175,3.835149282574806,-4.469768103302107,3.8716302320909746,-4.484940478309239,0
26.560000000000002,3.8962438577315326,-4.499391695779193,3.8861509811137074,-4.475826490892363,3.8889585258731554,-4.481306470026828,0
26.592000000000002,3.9154438479342155,-4.499411014675407,3.9207820751281015,-4.50614804898315,3.913207939738732,-4.491254697740568,0
26.624000000000002,3.9341856593115248,-4.49942997168208,3.9567767334409627,-4.519381207131668,3.941858935304527,-4.5025166444566045,0
26.656,3.952336398500565,-4.499448366442897,3.9465204265965035,-4.534763626737747,3.9545871670706405,-4.515426472697511,0
26.688,3.969899915911272,-4.4994662195670765,3.957031060008723,-4.518989833659921,3.9660798652523894,-4.51686254838946,0
26.72,3.9868932717723187,-4.499483565223246,4.005945171786223,-4.510329433093142,3.99220390929845,-4.514259729090206,0
26.752,4.003335685323341,-4.499500413281962,4.009062680637759,-4.499904055664257,4.008799066805338,-4.508527581001513,0
26.784,4.019246139514034,-4.499516763765521,4.034166441110551,-4.501374813014075,4.028481971139843,-4.505676289115597,0
26.816,4.034642869577803,-4.499532615437895,4.07418519950816,-4.498815182147779,4.05599373636983,-4.502941356338186,0
26.848,4.049543306215355,-4.499547968860363,4.059669227920751,-4.481298519639097,4.066398789654345,-4.494293428348595,0
26.88,4.063964120396278,-4.499562827192861,4.068094385579521,-4.491977459299811,4.07572579631046,-4.493375947418748,0
26.912,4.077921283525935,-4.499577196199954,4.072200016139866,-4.459561075982818,4.082687372906559,-4.479858610122831,0
26.944,4.091430123335089,-4.4995910839807385,4.085802347249237,-4.506876050070181,4.092037273790332,-4.490673907695152,0
26.976,4.10450537219697,-4.499604500607294,4.100501633049794,-4.520604752505339,4.103267558933615,-4.502654284223388,0
27.008,4.117161208349291,-4.499617457744941,4.169797227602215,-4.5270194856887125,4.1374729230811464,-4.5124081279088575,0
27.04,4.129411291175148,-4.499629968287344,4.167173224808646,-4.481433378988361,4.156703548417571,-4.500025724027202,0
27.072,4.141268791650468,-4.49964204602217,4.164525783698684,-4.522926635063124,4.166947745604624,-4.509193325243424,0
27.104,4.152746418882962,-4.499653705334145,4.170773462856876,-4.535088478681003,4.175365671589855,-4.519558373343202,0
27.136,4.16385644348648,-4.4996649609473724,4.1317509270918595,-4.475320365903096,4.16458704244995,-4.501869915963063,0
27.168,4.174610718382628,-4.499675827706023,4.179961995249602,-4.503284575159833,4.177190979773216,-4.502442293077939,0
27.2,4.185020697499149,-4.499686320391079,4.145453066373518,-4.483607403033808,4.170743288553706,-4.494914627225779,0
27.232,4.195097452737603,-4.499696453570172,4.22026948371816,-4.4841219647648645,4.196601369174155,-4.490603637862488,0
27.264,4.204851689506145,-4.49970624147732,4.233696706689941,-4.508577369156708,4.2172936330462205,-4.497798999954443,0
27.296,4.214293761052719,-4.499715697919395,4.247527647754622,-4.471172404646813,4.235054086459389,-4.487154033577376,0
27.328,4.223433681786209,-4.499724836206269,4.151922180271562,-4.495078236606005,4.2072868837487984,-4.490329196609302,0
27.36,4.23228113973543,-4.499733669101698,4.220028960961967,-4.517619003148101,4.217693787927465,-4.501250418682211,0
27.392,4.240845508266088,-4.499742208792205,4.264532848587628,-4.5096343339549465,4.241569614297879,-4.504609109093521,0
27.424,4.249135857152328,-4.499750466871345,4.28194734871099,-4.470204109633267,4.2626964742980284,-4.490852065304493,0
27.456,4.257160963080939,-4.49975845433689,4.2695843625723615,-4.519715515176797,4.270268221147306,-4.502402239431419,0
27.488,4.2649293196516,-4.499766181598679,4.24628743600521,-4.471265484756278,4.265338416598492,-4.489952176062207,0
27.52,4.272449146924898,-4.499773658495002,4.279229158125201,-4.522192494377195,4.275408070272548,-4.5028527920140045,0
27.552,4.279728400560666,-4.499780894315594,4.332946300336291,-4.530670193734106,4.302792338678605,-4.5139840969329255,0
27.584,4.286774780581843,-4.499787897829522,4.275562325036817,-4.46792656159462,4.296129547932932,-4.495565287809883,0
27.616,4.29359573979326,-4.499794677316412,4.235652527263696,-4.493499081778258,4.276032663879732,-4.494742876083146,0
27.648,4.300198491880103,-4.49980124059969,4.336175699907296,-4.4505523922937655,4.304052840087928,-4.477070623555558,0
27.68,4.306590019207118,-4.499807595080697,4.338566760247386,-4.500125721602515,4.321694597108115,-4.4862964784503605,0
27.712,4.312777080336641,-4.499813747772728,4.284114356301577,-4.51651375985052,4.310375972416373,-4.498387085537123,0
27.744,4.318766217281163,-4.499819705334227,4.366308265780785,-4.534488489782875,4.3363435698183865,-4.5128312245723095,0
27.776,4.324563762504197,-4.49982547410054,4.280687187365986,-4.499264435688099,4.317560705463375,-4.507407972940275,0
27.808,4.330175845681676,-4.499831060113768,4.3223895620818835,-4.507190975448274,4.322860623867496,-4.507324528056641,0
27.84,4.335608400234819,-4.4998364691504165,4.31115808921247,-4.472848862438653,4.321440233764301,-4.493537509568741,0
27.872,4.340867169644352,-4.499841706746639,4.293035135211316,-4.491763115426827,4.313234513053688,-4.492830896634063,0
27.904,4.345957713555138,-4.499846778220975,4.320413763916043,-4.478033914110171,4.319161563735833,-4.486915148500771,0
27.936,4.350885413679501,-4.499851688694574,4.278008989146313,-4.434854664822372,4.305658145793538,-4.466093903137152,0
27.968,4.355801674372687,-4.499856562238429,4.338352575895315,-4.510838740792576,4.321693529730148,-4.483994783912008,0
28.0,4.3561659854454975,-4.490900590460438,4.3604351523688605,-4.470283870836532,4.3371959156061894,-4.47851042423067,0
28.032,4.356182740572292,-4.4812866165625005,4.300181453152632,-4.45016013596075,4.322395701891968,-4.467170314315588,0
28.064,4.3561404574381655,-4.471585034870448,4.300513621960349,-4.4926616302726865,4.3136484454895765,-4.477366846145756,0
28.096,4.356096608064002,-4.461888498217758,4.330101029987473,-4.444967139925262,4.320235106799247,-4.464406969200876,0
28.128,4.356062512594225,-4.452209645397939,4.3668139274252775,-4.407524672528415,4.338872308869598,-4.441654056150533,0
28.16,4.356038813915656,-4.442547203655567,4.306809147769771,-4.391982584079643,4.326052748407131,-4.421785472986366,0
28.192,4.356023967822737,-4.432898083367087,4.338193717419814,-4.3989231014327626,4.330914855828001,-4.412640530050293,0
28.224,4.3560162494152594,-4.42325947327985,4.438033690748107,-4.412067814267152,4.373768115100672,-4.412411449426595,0
28.256,4.356014175042802,-4.4136291005876,4.368578795676126,-4.392238856222283,4.371698111362529,-4.404342417827951,0
28.288,4.356016546735494,-4.4040051753021805,4.319954115948834,-4.389143891327228,4.3510062319825025,-4.398263012898411,0
28.32,4.356022415421295,-4.3943862973463785,4.3248275661914155,-4.419704247521733,4.340540477278646,-4.406839512403781,0
28.352,4.35603103395649,-4.384771373996064,4.337865863851683,-4.457186913595031,4.339476335860665,-4.426978478521623,0
28.384,4.356041815559896,-4.375159553070201,4.332036905996139,-4.373703404816311,4.336506260682843,-4.405668454667685,0
28.416,4.356054299883346,-4.365550170065662,4.386089598604113,-4.401538084759445,4.3563452865031,-4.404016312321859,0
28.448,4.356068125966782,-4.3559427066350755,4.352011980271364,-4.365142225086071,4.354617649930722,-4.3884666830371515,0
28.48,4.3560830108528625,-4.346336758099539,4.379898664580788,-4.372509827820331,4.364735738477684,-4.3820839465551,0
28.512,4.356098732732155,-4.336732008103622,4.363499042504885,-4.372855926834353,4.364246741010706,-4.378392744269322,0
28.544,4.356115117683835,-4.327128208891462,4.333012231375997,-4.335036237301891,4.351758617658615,-4.361050147085188,0
28.576,4.356132029260173,-4.317525165990461,4.375014572372814,-4.320998518206404,4.3610666807889436,-4.345029501138919,0
28.608,4.356149360316107,-4.307922726339291,4.370875101159141,-4.275867349295113,4.364995731878054,-4.317364646010715,0
28.64,4.356167026608675,-4.298320769098784,4.314118962908972,-4.278170544722301,4.344650709664483,-4.301687011109992,0
28.672,4.356184961789616,-4.288719198546272,4.314985591212713,-4.277484540662972,4.332790350618493,-4.292006028552007,0
28.704,4.356203113493119,-4.279117938583435,4.336030106004557,-4.3167732197539435,4.334091944404919,-4.301912910660288,0
28.736,4.356221440282967,-4.269516928490634,4.374147028114318,-4.244656967524304,4.350119672987803,-4.2790105390402875,0
28.768,4.356239909273031,-4.259916119642219,4.349513112414348,-4.283842424656214,4.349882747355144,-4.280943298927893,0
28.8,4.356258494274393,-4.2503154729615265,4.351489876261456,-4.224273302138316,4.350531300931429,-4.258275305859899,0
28.832,4.356277174353626,-4.240714956944618,4.327920090446616,-4.255651013061194,4.341492522004307,-4.257225594394479,0
28.864,4.356295932711477,-4.231114546121166,4.370457343212882,-4.255819101733121,4.353084158785886,-4.256663002989752,0
28.896,4.3563147558107715,-4.221514219851405,4.3104686694045675,-4.225284352794202,4.336043674106575,-4.244111548576583,0
28.928,4.356333632697811,-4.2119139613817485,4.33420188633281,-4.2195328465074695,4.335312672574572,-4.23428007341869,0
28.96,4.35635255447374,-4.202313757099854,4.329745482673491,-4.1745855939192085,4.333091512427498,-4.210402287292837,0
28.992,4.356371513881913,-4.192713595943901,4.408817738321478,-4.195552767690041,4.363387720581823,-4.204462485129371,0
29.024,4.356390504984878,-4.1831134689315395,4.334875501749509,-4.174037106899156,4.351988552602936,-4.192292339518237,0
29.056,4.356409522910507,-4.173513368782106,4.297217626273261,-4.102205318395307,4.330085903190291,-4.156257536752974,0
29.088,4.356428563651394,-4.163913289611885,4.345529666744383,-4.161032043480003,4.3362691311429975,-4.158167345130388,0
29.12,4.3564476239053125,-4.154313226686908,4.331560947925573,-4.115232524981165,4.334391581686816,-4.140993422759815,0
29.152,4.356466700947318,-4.144713176221325,4.400630738897339,-4.141585068379135,4.360892969630953,-4.141230086699071,0
29.184,4.356485792526274,-4.135113135212106,4.37169174013091,-4.085545647912619,4.3652182040895,-4.118956316878409,0
29.216,4.3565048967802955,-4.125513101302842,4.380701430806446,-4.138924592921474,4.371417222240073,-4.126943632991989,0
29.248,4.356524012166918,-4.1159130726710265,4.343778207354903,-4.138914681229676,4.360367344994531,-4.131732057985961,0
29.28,4.35654313740483,-4.106313047934338,4.364952870493167,-4.0766284239107415,4.362207285214515,-4.10969061005747,0
29.312,4.356562271424746,-4.096713026072412,4.356633082390645,-4.078278903658284,4.359983335506712,-4.097125933202285,0
29.344,4.3565814133276755,-4.087113006361258,4.28960901247493,-4.1242496744773804,4.331839339221835,-4.107975435419924,0
29.376,4.3566005623491835,-4.077512988318069,4.354640381618744,-4.086021255589283,4.34096549072853,-4.09919376919861,0
29.408,4.356619717828731,-4.067912971654588,4.405821095055701,-4.05629531031095,4.3669134687440065,-4.082034391358061,0
29.44,4.356638879183287,-4.058312956237547,4.373208737035208,-4.069156138710019,4.369437314194489,-4.076883096017146,0
29.472,4.356658045884723,-4.048712942054993,4.337799683610234,-4.062788371366411,4.356788002046901,-4.0712452118791305,0
29.504,4.3566772174405735,-4.039112929187515,4.359029319502735,-4.05255481933976,4.357690271154482,-4.0637690605897925,0
29.536,4.356696393377848,-4.029512917783591,4.313281493843545,-4.058791308588763,4.339932504460643,-4.061777965520031,0
29.568,4.356715573229687,-4.019912908038425,4.359920710522254,-4.003714743695218,4.347933533261902,-4.038552682525049,0
29.6,4.356734756524658,-4.010312900175753,4.349560794000854,-3.9443736436036647,4.348590186091823,-4.000881072695726,0
29.632,4.356753942778544,-4.000712894432224,4.3285945437511755,-3.9677245070066878,4.3405976798271535,-3.9876184521635536,0
29.664,4.35677313148847,-3.991112891044017,4.360660527855166,-3.9952687740324624,4.348628571792455,-3.99067858665863,0
29.696,4.35679232212924,-3.9815128902354453,4.386112391617834,-4.00039974756383,4.36362785446892,-3.9945670567720777,0
29.728,4.3568115141517305,-3.971912892209346,4.37982143566378,-3.971721925625347,4.370111043559149,-3.985429010068321,0
29.76,4.356830706983208,-3.96231289713909,4.356370237960658,-3.919665570090128,4.364620479636278,-3.9591236398351914,0
29.792,4.356849900029384,-3.952712905162085,4.364893682998151,-3.9629575033420914,4.364735520805869,-3.9606571909988872,0
29.824,4.356869092678052,-3.943112916374674,4.380823756507879,-3.8881697616134976,4.371176576191829,-3.931662225007971,0
29.856,4.356888284304132,-3.9335129308283414,4.371315693250029,-3.9458294516793853,4.3712379851433525,-3.9373291214415405,0
29.888,4.356907474275898,-3.9239129485271516,4.352854196989096,-3.891398267614962,4.363890232750075,-3.9189567856770893,0
29.92,4.356926661962217,-3.9143129694263594,4.2797203126037475,-3.9283354907413943,4.330228027995725,-3.9227082734695418,0
29.952,4.35694584674054,-3.9047129934321236,4.380712144450307,-3.9108029958757897,4.3504274379962204,-3.917946168198667,0
29.984,4.356965028005481,-3.8951130204022637,4.301168450816779,-3.9300956046551296,4.330729606324578,-3.9228059485471016,0
30.016000000000002,4.35698420604591,-3.8855130501546737,4.372907477660175,-3.8916189907242065,4.347606518058951,-3.910331171182868,0
30.048000000000002,4.345484109378627,-3.8785530113744255,4.339729785519928,-3.8872467395008514,4.332935889988828,-3.901080236296872,0
30.080000000000002,4.3268399108143,-3.878031342127931,4.272677059577991,-3.848195496305294,4.297312397167322,-3.879903856912729,0
30.112000000000002,4.307523608402845,-3.878028011736029,4.309332723561532,-3.881699206948145,4.290600565840851,-3.8805959322875108,0
30.144000000000002,4.28811090224629,-3.8780785631283456,4.253095829499081,-3.8167885394028764,4.264078712482788,-3.8550440528439673,0
30.176000000000002,4.268713189437558,-3.878116284215083,4.218469200425267,-3.896215529344914,4.234314952644157,-3.871481430143569,0
30.208000000000002,4.249349834538652,-3.878134161086187,4.284506756026971,-3.8901076166674873,4.242871722563548,-3.878898947310047,0
30.240000000000002,4.230019195930115,-3.8781350690609924,4.257750822948929,-3.9130033700559337,4.237303414218477,-3.8925065128738896,0
30.272000000000002,4.210715752090645,-3.87812277798508,4.187712440736152,-3.878723300934329,4.205947078485561,-3.886958188398486,0
30.304000000000002,4.191434094715477,-3.8781004187488652,4.18895209779634,-3.877717488964993,4.187629141334804,-3.8832263355865133,0
30.336000000000002,4.172169698514345,-3.8780703493774524,4.154398783970866,-3.830764763985808,4.162817054478448,-3.862205797393705,0
30.368000000000002,4.152918932395326,-3.8780342766094456,4.137679193388953,-3.8509091441514247,4.141241966815208,-3.8576509955917393,0
30.400000000000002,4.13367891906858,-3.8779934094623227,4.14527490742385,-3.915534119755091,4.131335200422287,-3.880767909927481,0
30.432000000000002,4.114447387118243,-3.877948598162257,4.0833845949375815,-3.901554539227815,4.100635016222755,-3.889046021895318,0
30.464000000000002,4.095222545234369,-3.8779004482152013,4.051201549210045,-3.88557768121903,4.06934168815422,-3.887621908066859,0
30.496000000000002,4.076002980933292,-3.8778494084061625,4.0440665339679605,-3.8589179374424263,4.047711686090093,-3.876103265272627,0
30.528000000000002,4.0567875802961515,-3.8777958346268955,4.063290941192145,-3.8772692004641662,4.0424234487280435,-3.8765322758878797,0
30.560000000000002,4.037575464665177,-3.8777400328528557,3.946674795527653,-3.9135928885575444,3.9926040491002155,-3.8913188319322534,0
30.592000000000002,4.018365940779468,-3.877682285222845,4.039044338019073,-3.8768465992066017,3.9996602273853057,-3.8854919264573375,0
30.624000000000002,3.999158461509998,-3.8776228632905037,3.954658459351625,-3.909158874724528,3.970139583902445,-3.894920391045887,0
30.656000000000002,3.9799525949449936,-3.8775620322657085,3.976143998230522,-3.830224899955522,3.9610214142676448,-3.8690036148430065,0
30.688000000000002,3.960748000052191,-3.87750004956987,3.9717032484495767,-3.8648625825709955,3.953774213321429,-3.867308406554867,0
30.72,3.941544407518757,-3.877437160401549,3.8852286486767094,-3.878686039375268,3.914836053403622,-3.8718205055155197,0
30.752,3.922341604664098,-3.8773735923399832,3.878976577043967,-3.923945984907447,3.8889723291558393,-3.8926316438117166,0
30.784,3.903139423553616,-3.877309550375186,3.8820715037858657,-3.8903065963532653,3.8746920654577144,-3.89166253006047,0
30.816,3.8839377316264487,-3.8772452131931208,3.8830171066542922,-3.8858727633042722,3.8665021483522635,-3.8893075404150323,0
30.848,3.8647364242974076,-3.8771807310907658,3.8425986829453276,-3.8291156046713164,3.8454208284084013,-3.8651917408984495,0
30.88,3.8455354191101216,-3.877116225558236,3.8039624506662473,-3.8659477740824078,3.8173175432014066,-3.8654552239238997,0
30.912,3.82633465111063,-3.877051790339194,3.7734907085074587,-3.829728813275042,3.7882668747862933,-3.8511258524284493,0
30.944,3.807134069182992,-3.8769874936527033,3.817075384322664,-3.841764083181487,3.7882703435707876,-3.847342479499773,0
30.976,3.787933633144855,-3.876923381210273,3.783502678807698,-3.8491846033864876,3.7748433421083245,-3.8480408164709594,0
31.008,3.7687333114446746,-3.8768594796700984,3.760361716629751,-3.9043793464743106,3.757530755824047,-3.8705378718751957,0
31.04,3.7495330793361537,-3.876795800216327,3.750777780646118,-3.905579290265045,3.743309629137164,-3.8845162359121934,0
31.072,3.7303329174317468,-3.876732342017038,3.7349526481703315,-3.8930784682429587,3.7284468996406854,-3.887903071365377,0
31.104,3.7111328105575145,-3.876669095386694,3.6639987426668132,-3.8811247075666073,3.691147699287421,-3.885153803320039,0
31.136,3.6919327468476033,-3.8766060445471204,3.660663891438022,-3.8662116662716874,3.6674342381770018,-3.877539147767818,0
31.168,3.6727327170292106,-3.8765431699393376,3.6805395839191775,-3.8456539088417827,3.661156438146677,-3.864747358846345,0
31.2,3.6535327138588647,-3.8764804500837657,3.659818173788244,-3.886706758207179,3.6491011937705093,-3.8734935178102825,0
31.232,3.6343327316787626,-3.8764178630178248,3.6109493631059997,-3.909370796348302,3.622320522615609,-3.8878069064795318,0
31.264,3.6151327660682426,-3.876355387358904,3.632709109214339,-3.8560147582394104,3.6149560181558087,-3.8750525887183427,0
31.296,3.595932813570531,-3.8762930030492617,3.610681046068814,-3.8770688742520503,3.6017260900534045,-3.875821696132914,0
31.328,3.576732871478951,-3.876230691840267,3.5898236876682925,-3.8928990730876603,3.5854451897005015,-3.8826152805315948,0
31.36,3.5575329376700378,-3.8761684375691448,3.5559445788508257,-3.8473636248814715,3.56212500586251,-3.8684772825320612,0
31.392,3.5383330104735857,-3.8761062262743757,3.488411039535052,-3.8550293657393335,3.521119479761078,-3.863060802450179,0
31.424,3.519133088571736,-3.8760440461879844,3.4831246151563615,-3.8566767723171833,3.494401594298523,-3.8604698925936645,0
31.456,3.499933170920852,-3.875981887635456,3.5376508923209142,-3.8608224611277437,3.5001813738542564,-3.860573632306265,0
31.488,3.4807332566912366,-3.8759197428677044,3.49016438217745,-3.833627045889004,3.4846546375114684,-3.849757715893827,0
31.52,3.461533345220766,-3.8758576058447365,3.449531610537787,-3.8927692618427945,3.4590854870414147,-3.8669250550806398,0
31.552,3.4423334359793474,-3.87579547198739,3.468297522554697,-3.9144688068627604,3.4512503615651755,-3.8859052769113998,0
31.584,3.4231335285417246,-3.875733337911473,3.4643029908046556,-3.851889254295215,3.44495147358382,-3.8722615876242092,0
31.616,3.403933622566677,-3.8756712011574495,3.3783288577438935,-3.864180825620013,3.4067824875789032,-3.86899200004361,0
31.648,3.384733717781055,-3.87560905992804,3.398306750864621,-3.87425513014158,3.3918722532352157,-3.8710599659060927,0
31.68,3.3655338139674145,-3.875546912845337,3.3806578008290735,-3.9059977302834508,3.3758665326279766,-3.8849977813936984,0
31.712,3.3463339109542907,-3.875484758737996,3.3033592680077675,-3.8879106158502275,3.335343687150374,-3.8861256201853003,0
31.744,3.327134008608347,-3.8754225964675184,3.2901148263196767,-3.8616102929007976,3.305732203206054,-3.876282188867312,0
31.776,3.3079341068278394,-3.8753604248005327,3.3199948570616042,-3.909057519727333,3.2999173251562643,-3.8893550146048614,0
31.808,3.2887342055369717,-3.8752982423313513,3.3074642529763874,-3.8982923169440618,3.2914161567153064,-3.8928926218137616,0
31.84,3.269534304680856,-3.875236047456031,3.2901450791019635,-3.8582562827022615,3.279387786127333,-3.8790007642820603,0
31.872,3.250334404220896,-3.8751738383959484,3.28194175163735,-3.888172475023105,3.2688894328187237,-3.882632117405146,0
31.904,3.231134504130501,-3.8751116132656835,3.2669205310220852,-3.867795461843887,3.256581932621211,-3.876660113569299,0
31.936,3.2119346043911015,-3.8750493701770994,3.1812338292119953,-3.8903056510141623,3.214922751816001,-3.8820809753977708,0
31.968,3.192734704988501,-3.8749871073691087,3.1889778074132424,-3.8392112377613494,3.193024834653839,-3.8648957146946517,0
32.0,3.1735348059096182,-3.874924823350917,3.163002069558686,-3.857300631839864,3.16949578925758,-3.8618203026727755,0
32.032000000000004,3.1543349071397055,-3.874862517045688,3.1553520102920114,-3.8582687408059955,3.152318338357407,-3.8603622853942907,0
32.064,3.1351350086601277,-3.8748001879216356,3.1248919770372465,-3.89335874349815,3.129827854559805,-3.8735234624134485,0
32.096000000000004,3.11593511044677,-3.8747378360985265,3.079653677535977,-3.890390020766238,3.098238244523901,-3.8802326662339306,0
32.128,3.096735212469133,-3.8746754624193964,3.098239958181251,-3.8599521515551825,3.0867189908009096,-3.872083028391544,0
32.160000000000004,3.0775353146901345,-3.874613068479828,3.060785505007012,-3.876387679143053,3.0648256573336634,-3.8737674455708175,0
32.192,3.0583354170665995,-3.874550656610216,3.0435405724844604,-3.879424942251232,3.0447916842749745,-3.8759929916896274,0
32.224000000000004,3.0391355195503897,-3.874488229809852,3.031711903107957,-3.882883680564094,3.028039832713103,-3.878711807329425,0
32.256,3.0199356220900784,-3.874425791635155,3.0256512648536544,-3.8760293596683018,3.0155644664905807,-3.8776013633437154,0
32.288000000000004,3.0007357246330386,-3.8743633460477116,3.0332962105633823,-3.850855300144995,3.0111372250491195,-3.8668654706394947,0
32.32,2.9815358271277996,-3.8743008972307433,3.018335238482643,-3.8196815694823623,3.0024964913518115,-3.847954442797038,0
32.352000000000004,2.9623359295264953,-3.8742384493850137,2.9883661609149996,-3.868150928262457,2.9853244200982183,-3.85599557210989,0
32.384,2.9431360317872306,-3.8741760065167994,2.963582740439498,-3.8569307015846275,2.9651078091403944,-3.856332163779675,0
32.416000000000004,2.923936133876199,-3.8741135722313467,2.9427599508439153,-3.8794830093971533,2.944648726705766,-3.865555048575215,0
32.448,2.9047362357693944,-3.8740511495451027,2.882935350511605,-3.8751773398475953,2.9084434370855403,-3.8693665197853546,0
32.480000000000004,2.885536337453801,-3.8739887407289904,2.9037022768678775,-3.9156298046969873,2.8950270338262216,-3.8878343975801197,0
32.512,2.8663364389279664,-3.873926347193143,2.8734855894741207,-3.90260462786706,2.874890516882078,-3.893705063075273,0
32.544000000000004,2.8471365402019173,-3.8738639694209467,2.8182045102937634,-3.9007374977177984,2.840696175012897,-3.8964806197143482,0
32.576,2.8279366412964095,-3.873801606957144,2.7987974151686483,-3.862851678523225,2.812416731813078,-3.882991634721753,0
32.608000000000004,2.808736742241556,-3.873739258451309,2.8482493644926867,-3.833768029433387,2.8152298455984477,-3.863264791592142,0
32.64,2.7895368430749095,-3.873676921754459,2.75088411804848,-3.8737640248858156,2.777971615272896,-3.8674270897783813,0
32.672000000000004,2.770336943839114,-3.8736145940631523,2.811811220518308,-3.867682449604991,2.779987518052681,-3.8674918425289704,0
32.704,2.751137044579265,-3.873552272102339,2.81194991608963,-3.8966115288993493,2.781252537943148,-3.8791023277276877,0
32.736000000000004,2.7319371453401406,-3.8734899523357265,2.7296685061021595,-3.912462207388625,2.7490989858835597,-3.892408889898981,0
32.768,2.712737246163467,-3.873427631190607,2.703411195679887,-3.8593159311827687,2.7193039304867983,-3.8791343142850376,0
32.8,2.693537347085388,-3.873365305283135,2.684773012695478,-3.900516881686887,2.693971624068965,-3.8876499448076998,0
32.832,2.674337448134296,-3.8733029716299736,2.6865715151853524,-3.822921157258583,2.6794916412332173,-3.8617210274940432,0
32.864,2.655137549329155,-3.8732406278330633,2.7059794780809705,-3.8447084255069433,2.6785668367126565,-3.8548785774295276,0
32.896,2.6359376506784282,-3.873178272225964,2.6549267793287425,-3.8794039049618947,2.6575908745241135,-3.8646512915699356,0
32.928,2.616737752179671,-3.8731159039726455,2.629488728155073,-3.8122867587945497,2.6348300767665367,-3.843668053884826,0
32.96,2.5975378538198206,-3.873053523112632,2.6089276406560895,-3.8745158433866993,2.6129491631360295,-3.8559697378374365,0
32.992,2.5783379555761674,-3.8729911305498064,2.577091092558352,-3.859017412776272,2.587085995739265,-3.857151369616873,0
33.024,2.55913805741794,-3.8729287279857862,2.6129953034328235,-3.9231386021495984,2.585929779667226,-3.8835088194426195,0
33.056,2.5399381593084045,-3.872866317802304,2.5628237315251488,-3.864768884212192,2.5651674212716538,-3.87597539886805,0
33.088,2.520738261207344,-3.872803902900282,2.512131091295811,-3.9339186195255147,2.5324329501470455,-3.8991152392757336,0
33.12,2.5015383630737484,-3.872741486506043,2.530573267809247,-3.8797695669943377,2.520169138075554,-3.8913395231553904,0
33.152,2.4823384648685476,-3.872679071957213,2.46852511653341,-3.918386557949216,2.487991590313766,-3.9021208924977455,0
33.184,2.463138566557201,-3.8726166624821223,2.482354250991467,-3.89761759464104,2.474216715425441,-3.9002821332313493,0
33.216,2.443938668111981,-3.8725542609869543,2.379803453097501,-3.8179032056166884,2.424931471315402,-3.8672931280460823,0
33.248,2.4247387695138,-3.8724918698643425,2.4390834602668012,-3.8529466620264086,2.4190723276939217,-3.861517114629032,0
33.28,2.4055388707534653,-3.8724294908357453,2.4279009349385685,-3.917394351904248,2.411083831364349,-3.883830590343549,0
33.312,2.3863389718322865,-3.8723671248377287,2.3726394023941535,-3.8181244141353705,2.3841861205228883,-3.857510708653766,0
33.344,2.367139072761997,-3.8723047719594503,2.335799037657882,-3.8807510914505765,2.353311348098682,-3.8667694582102206,0
33.376,2.347939173564002,-3.8722424314353323,2.3700358352715463,-3.915834422648202,2.348481203667552,-3.88635804722383,0
33.408,2.3287392742679986,-3.8721801016933406,2.390323269815435,-3.9135386723356684,2.3536980908085465,-3.8971929060193204,0
33.44,2.3095393749100683,-3.872117780455699,2.3422511374623407,-3.8388674345931837,2.337599370139382,-3.8738253300616896,0
33.472,2.290339475530356,-3.872055464885492,2.334630416579662,-3.8894252787316255,2.3248918493784725,-3.8800279240987656,0
33.504,2.271139576170488,-3.871993151769631,2.255306375342977,-3.882079242998579,2.2855377204275245,-3.880811066145808,0
33.536,2.2519396768708946,-3.8719308377263406,2.2555737766702,-3.8859244439684755,2.2620322035947282,-3.882819029640988,0
33.568,2.2327397776682023,-3.871868519423724,2.19964625544203,-3.8699053147100577,2.225557885016854,-3.877616152005822,0
33.6,2.2135398785928673,-3.871806193795268,2.236797108276686,-3.8244695305782983,2.2185336350224265,-3.8563201060898136,0
33.632,2.1943399796671987,-3.8717438582383537,2.2078769983236954,-3.910081482465951,2.202751041067204,-3.877787252321488,0
33.664,2.175140080903904,-3.871681510782932,2.1696435152444407,-3.8582179577041473,2.1779880914877507,-3.869922122335976,0
33.696,2.155940182305244,-3.871619150219467,2.118636273555313,-3.866308706789931,2.1427274250909414,-3.8684393358138456,0
33.728,2.1367402838628675,-3.8715567761778633,2.096502795488104,-3.8596758269288527,2.1127176340519176,-3.8648965039691614,0
33.76,2.117540385558329,-3.8714943891522733,2.132712102061648,-3.8704773489480155,2.1091954820816334,-3.8670914063737793,0
33.792,2.0983404873642617,-3.871431990470161,2.163135501357955,-3.894363006923405,2.119251550637939,-3.8779626048697784,0
33.824,2.0791405892461383,-3.8713695822075995,2.080760053557841,-3.9199098803140346,2.0923350126665854,-3.894704068740335,0
33.856,2.059940691164493,-3.871307167056247,2.069133060942516,-3.863959656517461,2.0715342928465446,-3.8823688548089983,0
33.888,2.040740793077473,-3.871244748150556,2.0421586759620776,-3.876283427921431,2.0482641069646634,-3.8798972343008566,0
33.92,2.021540894943545,-3.8711823288663556,2.0839292553719635,-3.925062439065725,2.0510102271950736,-3.897925867812597,0
33.952,2.002340996724178,-3.87111991260377,2.0078618551313525,-3.880223019225957,2.0222309392262106,-3.890807283325057,0
33.984,1.983141098386334,-3.871057502568483,1.9836705860855322,-3.8165483980102746,1.9952868588099517,-3.861066289255003,0
34.016,1.9639411999045944,-3.870995101565437,1.9158185232568776,-3.8749787530604527,1.9519795854074462,-3.866593841380463,0
34.048,1.9447413012627937,-3.8709327118182912,1.9599124358556208,-3.879800680979123,1.9436327863808505,-3.871839151387948,0
34.08,1.9255414024550508,-3.8708703348262765,1.9051527289993617,-3.8458803964360273,1.9167208241960845,-3.8614182316704198,0
34.112,1.9063415034861368,-3.870807971267699,1.8802806362528712,-3.8325232921143058,1.8906248097603033,-3.8498228462159387,0
34.144,1.887141604371157,-3.8707456209563222,1.9451268263862662,-3.908811678234524,1.9009056771275414,-3.8733809769840306,0
34.176,1.8679417051345715,-3.8706832828534554,1.880527377605905,-3.860373464948286,1.881234418014346,-3.8681405767225483,0
34.208,1.8487418058086185,-3.870620955134971,1.8443022057270728,-3.841620122669932,1.8549415937781328,-3.8574950048219607,0
34.24,1.829541906431243,-3.8705586353089436,1.8250480785970096,-3.909370009633308,1.83146424837332,-3.878207619877957,0
34.272,1.810342007043663,-3.870496320376326,1.7516581134794003,-3.8675364814018334,1.7880218550787386,-3.8739017790544343,0
34.304,1.7911421076877263,-3.870434007024298,1.8012541822218133,-3.8625339083212147,1.781794846601009,-3.869317244696491,0
34.336,1.7719422084032264,-3.8703716918398317,1.7570096015884376,-3.8747048341818684,1.7603608092696423,-3.871434891769076,0
34.368,1.752742309225348,-3.8703093715297006,1.7489918636663095,-3.9397642931233636,1.7442932917166023,-3.8987292590792677,0
34.4,1.733542410182404,-3.8702470431327485,1.739345469296076,-3.8510974105497824,1.7307942234563836,-3.8796391203646614,0
34.432,1.714342511294007,-3.8701847042107405,1.7409157689845527,-3.809312130172585,1.7233229023991394,-3.8514709177447415,0
34.464,1.6951426125697995,-3.8701223530054953,1.7255980770268824,-3.883458984055114,1.7127130330075058,-3.864228729784215,0
34.496,1.6759427140088208,-3.8700599885521774,1.6081320187093968,-3.9036442169418355,1.659360688071934,-3.8799575020325374,0
34.528,1.6567428155995592,-3.8699976107414407,1.6558274735193212,-3.8584638601595933,1.6464274630598812,-3.87132261487509,0
34.56,1.637542917320686,-3.8699352203264343,1.6835323194073895,-3.8463606771305043,1.649749466430479,-3.8613004024151887,0
34.592,1.6183430191424286,-3.869872818874204,1.6600673813768276,-3.8883746154502683,1.6423566932590343,-3.8720926446021724,0
34.624,1.599143121028494,-3.86981040866463,1.599238597559726,-3.877765956456531,1.6135895158423732,-3.8743245223066616,0
34.656,1.579943222938417,-3.8697479925434064,1.6220984285167812,-3.869854852237598,1.6054731417820225,-3.8724992051455915,0
34.688,1.5607433248301819,-3.869685573738538,1.5722164649893404,-3.8379274898416074,1.5806505319349922,-3.8586330698441946,0
34.72,1.5415434266629449,-3.869623155652174,1.5156785193170477,-3.920299113539292,1.543141787751333,-3.883262040149532,0
34.752,1.5223435283996773,-3.869560741641204,1.5197575627806066,-3.9000729230849585,1.5222681586137758,-3.889948950082758,0
34.784,1.5031436300095582,-3.8694983348007503,1.4867661152455087,-3.860080313875217,1.4965474020989813,-3.8779640579622714,0
34.816,1.4839437314699604,-3.869435937764531,1.5014245349924633,-3.909630237168822,1.486978316066407,-3.8905930989218436,0
34.848,1.464743832767903,-3.8693735525349586,1.4353282214885907,-3.8615098486679824,1.4547983390200265,-3.878922375877277,0
34.88,1.4455439339008778,-3.869311180353944,1.460096853020897,-3.940670978513877,1.4453978053786596,-3.903584402133321,0
34.912,1.426344034876999,-3.8692488216227408,1.4539229985981266,-3.8205457799902796,1.4372879433988017,-3.870331546461586,0
34.944,1.40714413571447,-3.8691864758760057,1.4568727113580102,-3.8766296088146968,1.4336019112911127,-3.872813371897601,0
34.976,1.3879442364404064,-3.8691241418117523,1.419256927513394,-3.930186029057134,1.4163439784686531,-3.8957250414197166,0
35.008,1.3687443370890873,-3.869061817375268,1.3336206620358453,-3.8521227266495583,1.3717347125691712,-3.8782467267906306,0
35.04,1.3495444376997527,-3.8689994998915846,1.3786239918396246,-3.8826734674978307,1.3629704849419817,-3.879980037132677,0
35.072,1.3303445383140855,-3.8689371862379516,1.3271371857738694,-3.934911055494415,1.3371172259369044,-3.9019150592972833,0
35.104,1.3111446389735364,-3.8688748730451956,1.311473224820456,-3.888091026906049,1.3153396861567381,-3.8963480598532714,0
35.136,1.2919447397166623,-3.868812556914972,1.219788479719532,-3.877223117187219,1.2655992642589462,-3.8886606930083616,0
35.168,1.2727448405766475,-3.8687502346389007,1.2665290480263798,-3.8844364588008946,1.2544512384594326,-3.8869336044849194,0
35.2,1.2535449415791644,-3.868687903405454,1.3016680897494295,-3.8631493893746724,1.2618180396900551,-3.8773825170941554,0
35.232,1.2343450427407132,-3.8686255609812643,1.2541064306756193,-3.874417933119291,1.2472134568233453,-3.87615927462699,0
35.264,1.2151451440675467,-3.8685632058551556,1.2380918438551467,-3.8905185112816256,1.2320448724013273,-3.881865552342699,0
35.296,1.195945245555255,-3.868500837335623,1.2015001399411178,-3.904804587585668,1.2083070402087701,-3.8910037414071494,0
35.328,1.176745347189038,-3.8684384555954723,1.1816983791051552,-3.89345545707173,1.1861436365834885,-3.891946995057867,0
35.36,1.1575454489446504,-3.868376061660741,1.1462820339061905,-3.875669880334037,1.1586790563501523,-3.8853987099644667,0
35.392,1.1383455507899651,-3.8683136573446153,1.1084394800879158,-3.8391012033812544,1.127063286699654,-3.866842262957559,0
35.424,1.1191456526870465,-3.868251245130592,1.1155964590669503,-3.8113233124484776,1.1109566165120865,-3.844597234963469,0
35.456,1.0999457545946056,-3.8681888280124186,1.1126765155318714,-3.8249095266070965,1.100124636990214,-3.8366847023874757,0
35.488,1.0807458564706751,-3.868126409301115,1.0747243443022134,-3.84140820009197,1.0784445807832013,-3.838536652860375,0
35.52,1.0615459582753253,-3.868063992411521,1.1104186088004928,-3.8602489959539206,1.0797142528496817,-3.8471841441413606,0
35.552,1.042346059973247,-3.868001580642123,1.0228026361955507,-3.9094861786031907,1.0454296670329275,-3.8720675164796687,0
35.584,1.0231461615360309,-3.867939176962353,1.0316294466475797,-3.873765754982908,1.0283896397039256,-3.8727093765119394,0
35.616,1.0039462629439952,-3.867876783821088,0.9569957342105587,-3.8779987469448973,0.9883121383081357,-3.8747876965696397,0
35.648,0.9847463641874465,-3.8678144029886914,0.9785799148989627,-3.878279246750469,0.9728993097201466,-3.876146896489052,0
35.68,0.9655464652672925,-3.8677520354427974,0.9954401472555306,-3.832616025696911,0.9703957054834762,-3.858697136177988,0
35.712,0.9463465661949726,-3.8676896813052086,0.9128542464774301,-3.9366552231440965,0.9358591826048104,-3.8898429667995176,0
35.744,0.9271466669917114,-3.8676273398339838,0.9339932465536629,-3.8771150114007704,0.9235928688853983,-3.8847143874706234,0
35.776,0.9079467676871478,-3.8675650094712304,0.8951756675698507,-3.827321327341272,0.9007060490416973,-3.861719771960607,0
35.808,0.8887468683174262,-3.8675026879435244,0.8567356893060258,-3.8080536733230193,0.8715979658167843,-3.8402159451061895,0
35.84,0.8695469689228763,-3.867440372408477,0.9045626188141511,-3.8453805885406496,0.873263887678134,-3.842244417225957,0
35.872,0.8503470695454242,-3.867378059638002,0.8301432869962434,-3.8025350887905027,0.844495708067482,-3.8263233006916773,0
35.904,0.8311471702259021,-3.867315746226455,0.8794515255180345,-3.8889688871262265,0.8469580957161789,-3.8513441481422284,0
35.936,0.8119472710014266,-3.8672534288102307,0.8003177230555386,-3.851498728229499,0.8167820073330295,-3.851368589160614,0
35.968,0.7927473719030096,-3.8671911042846516,0.7762585103946242,-3.846138038450643,0.7890526692568512,-3.849238972288239,0
36.0,0.7735474729535579,-3.8671287700041646,0.7619699617485379,-3.8837790317362604,0.7666996469750698,-3.863017592588302,0
36.032000000000004,0.7543475741663889,-3.8670664239529415,0.7912063116173207,-3.9448128962620497,0.7649823735787176,-3.8956983028137833,0
36.064,0.7351476755443601,-3.867004064874886,0.7346210957278582,-3.871911054148354,0.7413179232115452,-3.8861459839657693,0
36.096000000000004,0.7159477770796727,-3.8669416923546676,0.6871522839712129,-3.8666707635518835,0.7081317283145239,-3.8783184684328353,0
36.128,0.6967478787543628,-3.866879306844557,0.6902447153620079,-3.8665044591920887,0.6894569839564104,-3.8735554300513595,0
36.160000000000004,0.6775479805414535,-3.866816909635332,0.6999075398811776,-3.846033737746053,0.6821172671692951,-3.8625093122664382,0
36.192,0.658348082406694,-3.8667545027731265,0.696002702788546,-3.827935141678164,0.6761515022750608,-3.8486421985298422,0
36.224000000000004,0.6391481843107734,-3.8666920889275733,0.6506070358176176,-3.866511305692169,0.65441377655926,-3.855752393093887,0
36.256,0.6199482862118655,-3.8666296712197368,0.5833482761839053,-3.835915016074122,0.6144676372788361,-3.8477799932055996,0
36.288000000000004,0.6007483880683372,-3.86656725302092,0.6135288719209311,-3.8530840099984958,0.6025721920011959,-3.8498641521339687,0
36.32,0.5815484898414434,-3.866504837735314,0.6386656920021679,-3.8940778522964927,0.6054896528564412,-3.8675121876903207,0
36.352000000000004,0.5623485914978311,-3.866442428580496,0.5397673361315766,-3.790738770322162,0.5676807870049045,-3.8367653812922935,0
36.384,0.5431486930116909,-3.866380028379935,0.5440686515163785,-3.855695152179836,0.5467159936267363,-3.8442998567067774,0
36.416000000000004,0.5239487943664153,-3.8663176393808834,0.5379388041887185,-3.8292209292986557,0.5316851786442511,-3.838230860346453,0
36.448,0.5047488955556592,-3.866255263109407,0.49435413386674054,-3.898893595882237,0.5052328214996781,-3.8624585372546054,0
36.480000000000004,0.485548996583738,-3.8661929002719106,0.4722601109730088,-3.8588242835718423,0.48052379802907563,-3.8609674265925893,0
36.512,0.46634909746533804,-3.866130550709512,0.4778614302920488,-3.862317399796826,0.4679389116495879,-3.8614700143060965,0
36.544000000000004,0.4471491982245625,-3.86606821340822,0.47341247947167503,-3.8658820962060503,0.45860839947221876,-3.8631974521312005,0
36.576,0.42794929889337696,-3.8660058865642637,0.42463341606080024,-3.863916865031952,0.43349846678451875,-3.863447827575269,0
36.608000000000004,0.4087493995095537,-3.8659435677003584,0.40971517833661203,-3.875343267831286,0.4124652120709794,-3.86816861742937,0
36.64,0.38954950011424644,-3.865881253825415,0.35566356292275847,-3.8211511516821814,0.37822461307247474,-3.849324246376216,0
36.672000000000004,0.37034960074935014,-3.8658189416273894,0.37017381641765656,-3.876262991189633,0.36348435507320404,-3.8600623589715255,0
36.704,0.3511497014548119,-3.8657566276868405,0.3193486115538961,-3.814995040527764,0.3343101183366002,-3.841998043655942,0
36.736000000000004,0.3319498022660645,-3.865694308697413,0.36138602536650577,-3.8511701306907096,0.3336205418341889,-3.8456294860601092,0
36.768,0.3127499032117449,-3.865631981679042,0.2938648582356293,-3.883967267850228,0.3061983291000091,-3.8609272003199098,0
36.800000000000004,0.2935500043118442,-3.8655696441701246,0.27717811059880043,-3.8601498004220742,0.28307030242823555,-3.8605788346735306,0
36.832,0.2743501055764097,-3.8655072943862705,0.21486851241331026,-3.826270176305199,0.2442696471767785,-3.8468179576902246,0
36.864000000000004,0.25515020700488494,-3.865444931335404,0.2835297243632033,-3.855874266435536,0.24845373883233918,-3.850403059398979,0
36.896,0.23595030858613258,-3.865382554881791,0.2546136149103531,-3.8792619307968197,0.23939775006997943,-3.8619091783369925,0
36.928,0.2167504102991428,-3.8653201657548664,0.2611091739158751,-3.864020205904623,0.23656238043753874,-3.8627161527384133,0
36.96,0.19755051211438315,-3.865257765502287,0.15562093111402878,-3.8301601580555587,0.1926658615559515,-3.8496563125146976,0
36.992,0.17835061399570384,-3.865195356390231,0.1605874009599128,-3.8993536729809515,0.16831453817861114,-3.869497810275107,0
37.024,0.1591507159026759,-3.8651329412573645,0.19840135156471617,-3.839079048244496,0.168829324401168,-3.85729285687422,0
37.056,0.13995081779320862,-3.865070523331879,0.1876847748244644,-3.8577866422993035,0.16485156543896295,-3.8574529223462672,0
37.088,0.12075091962627449,-3.8650081060233927,0.12509363249780017,-3.81843428543361,0.13742845312463045,-3.8418080208349457,0
37.12,0.10155102136456426,-3.864945692703123,0.05226688568503512,-3.86762701423103,0.09184388699828308,-3.852098175334894,0
37.152,0.08235112297689648,-3.8648832864865015,0.11332674843288454,-3.8458398007876133,0.08891709240348972,-3.8495573882314438,0
37.184,0.0631512244402265,-3.864820890032254,0.07272224431735255,-3.8717109777729295,0.0709192139779634,-3.8583813936649927,0
37.216,0.043951325741125424,-3.8647585053709026,0.08474434143395379,-3.8992060161027093,0.06492932574398619,-3.8746738200418025,0
37.248,0.02475142687663479,-3.864696133773755,0.023756413670949123,-3.856640385192002,0.03694022167186418,-3.8674230316703726,0
37.28,0.005551527854445841,-3.864633775670844,-0.014713357147020528,-3.8801362682844007,0.004758850875347764,-3.872470919907279,0
37.312,-0.013648371307606651,-3.8645714306231094,-0.0026814866311891117,-3.8337846075552666,-0.009737223420128721,-3.8569589959198805,0
37.344,-0.03284827058269844,-3.864509097350634,0.022032130803853613,-3.902574264933666,-0.008549421043603733,-3.8751677107060427,0
37.376,-0.05204816993674445,-3.864446773815107,-0.047418122326652934,-3.8374811832779394,-0.03561684088510704,-3.8600557116067837,0
37.408,-0.07124806933058908,-3.864384457351206,-0.1507917224475731,-3.910925334065178,-0.09320673284762679,-3.8803661753155256,0
37.44,-0.09044796872251883,-3.8643221448384257,-0.026817142144047262,-3.881650165005963,-0.07817083590642049,-3.8808423867490247,0
37.472,-0.10964786807093857,-3.8642598329022686,-0.07766422569345269,-3.8955100143052483,-0.08948813115742335,-3.886672052086129,0
37.504,-0.12884776733704162,-3.864197518131826,-0.09393880346385783,-3.840393160009049,-0.10278833940568541,-3.8681231063331425,0
37.536,-0.1480476664873046,-3.8641351972997184,-0.13937846872258025,-3.8751763641922485,-0.12894433044184034,-3.8709070155329877,0
37.568,-0.16724756549564782,-3.864072867570211,-0.1405342000798298,-3.8268030814158123,-0.14510021758540068,-3.853228041460088,0
37.6,-0.186447464345122,-3.864010526682092,-0.22757621736112738,-3.878576384973326,-0.18961055675963612,-3.8633299709150375,0
37.632,-0.2056473630290116,-3.863948173094522,-0.28231300245299384,-3.8461380293160388,-0.2382114742746896,-3.85641577824442,0
37.664,-0.22484726155128099,-3.863885806086448,-0.21796246593009577,-3.863543495215972,-0.24163181014820492,-3.859229440886641,0
37.696,-0.2440471599263307,-3.8638234258031803,-0.2499082262635399,-3.851394220309155,-0.2564623157809125,-3.8560579208830887,0
37.728,-0.26324705817807814,-3.863761033247121,-0.27518750049492247,-3.8661350374710945,-0.2754723288314909,-3.8600513291012484,0
37.76,-0.2824469563384179,-3.863698630213236,-0.2878744097755683,-3.9009169694941743,-0.29195310035707595,-3.8763601416077713,0
37.792,-0.30164685444516287,-3.8636362191734266,-0.26905610478643766,-3.8453717515108896,-0.29431424126543737,-3.8639273384339403,0
37.824,-0.32084675253959766,-3.8635738031172404,-0.3099446711161308,-3.8290533618091556,-0.3120863523374149,-3.8499402991392433,0
37.856,-0.34004665066380557,-3.8635113853591885,-0.3561240982956932,-3.8462221943212223,-0.3412213898542529,-3.8484156091305355,0
37.888,-0.35924654885794455,-3.8634489693250775,-0.3689702994504782,-3.8369857328840684,-0.3638408928347253,-3.8438062131513346,0
37.92,-0.3784464471576502,-3.863386558331129,-0.35236820487662834,-3.8878975757824925,-0.37077175680800967,-3.8614053171948997,0
37.952,-0.39764634559173545,-3.863324155370132,-0.3916844886714351,-3.844777024696679,-0.3906567887295914,-3.854716565241836,0
37.984,-0.4168462441803369,-3.863261762918412,-0.40095479689096153,-3.8483969627118424,-0.40629593119391616,-3.8521512965250286,0
38.016,-0.4360461429336241,-3.8631993827760773,-0.4234492040450001,-3.910395385091205,-0.4246771795600476,-3.8754115122229056,0
38.048,-0.45524604185115614,-3.863137015950848,-0.46493603756219776,-3.887210396235711,-0.45230066201321095,-3.8800936542893503,0
38.08,-0.4744459409219211,-3.8630746625929695,-0.47934414291631466,-3.9035275185576843,-0.4746379936523313,-3.889429796334216,0
38.112,-0.49364584012505425,-3.863012321985424,-0.4626467531442231,-3.8368367946681197,-0.48136143674986664,-3.8683551990605887,0
38.144,-0.512845739431186,-3.8629499925900674,-0.45786462314522053,-3.8264098189770537,-0.4834826506275389,-3.851539656199977,0
38.176,-0.5320456388043322,-3.8628876721467322,-0.5360220939217356,-3.8699650593556694,-0.5160183672781495,-3.858872430767595,0
38.208,-0.5512455382042043,-3.8628253578189047,-0.5249076298112965,-3.9230301071037035,-0.5310940116315319,-3.8844981168264985,0
38.24,-0.5704454375887947,-3.8627630463765814,-0.6146755135884343,-3.9021750004961024,-0.5760465517549395,-3.8915314859818926,0
38.272,-0.5896453369170715,-3.862700734404518,-0.6168781578288958,-3.8518376236197356,-0.603899133518992,-3.8756165548216153,0
38.304,-0.6088452361516133,-3.8626384185224376,-0.6233198923602329,-3.88222247093677,-0.6231873763774816,-3.8782215312064294,0
38.336,-0.6280451352610162,-3.862576095603002,-0.6271768076720589,-3.8743359583405135,-0.6363030881993317,-3.8766299064586085,0
38.368,-0.6472450342219197,-3.8625137629734914,-0.6727396944479641,-3.829452542515049,-0.6623976699804898,-3.857721558402921,0
38.4,-0.66644493302052,-3.8624514185881877,-0.6735776185971218,-3.892249237967091,-0.6783895886836302,-3.8714952199809187,0
38.432,-0.6856448316534716,-3.862389061160355,-0.6732559054737608,-3.8962562970255106,-0.6878560546296738,-3.881362232390687,0
38.464,-0.7048447301281165,-3.8623266902452977,-0.6938848281786907,-3.8743853595702813,-0.7017875032532062,-3.8785340568299467,0
38.496,-0.7240446284620226,-3.8622643062691497,-0.7524169537438982,-3.81035924755586,-0.7335592226294569,-3.8512266993172988,0
38.528,-0.7432445266818576,-3.862201910501523,-0.7367566846536098,-3.8938094764367066,-0.7463581465988042,-3.868222370121772,0
38.56,-0.7624444248216717,-3.8621395049737783,-0.7267910392800443,-3.8404180058965305,-0.7500512428156769,-3.857063179681552,0
38.592,-0.7816443229206976,-3.8620770923481764,-0.7496025158266951,-3.8670307280124674,-0.7613916911551244,-3.861012751394881,0
38.624,-0.8008442210208114,-3.862014675746329,-0.7705922802368368,-3.842158622669582,-0.776591865920095,-3.853433651440751,0
38.656,-0.8200441191638218,-3.8619522585480053,-0.8555811137186412,-3.900327894043281,-0.8197075041758094,-3.8721539012522763,0
38.688,-0.8392440173887646,-3.8618898441732545,-0.8630518112191433,-3.8310980196882887,-0.8485651661399587,-3.8556941046327013,0
38.72,-0.85844391572938,-3.8618274358618887,-0.8298400921777157,-3.845293048183135,-0.85259507571823,-3.8514962430878343,0
38.752,-0.877643814211936,-3.8617650364645426,-0.8139942177654328,-3.8812444080825523,-0.8486746717214104,-3.863358076619836,0
38.784,-0.8968437128535413,-3.861702648258789,-0.9246114289242512,-3.883823948860677,-0.8905693138113916,-3.871507000601578,0
38.816,-0.9160436116610505,-3.861640272802175,-0.884238721340043,-3.854842494615198,-0.8995570160580739,-3.86480378140987,0
38.848,-0.9352435106306353,-3.8615779108316652,-0.9355729620077394,-3.857918455067975,-0.9254833336996697,-3.8620122422369683,0
38.88,-0.9544434097480402,-3.861515562215989,-0.927074626596709,-3.8581152990404965,-0.937639790145147,-3.860416064001354,0
38.912,-0.9736433089895093,-3.861453225963976,-0.946478670492174,-3.8733372064102953,-0.9526952815923716,-3.8655471267106596,0
38.944,-0.9928432083233176,-3.861390900288349,-1.0350642897947586,-3.879281451733902,-0.9971628241989158,-3.871003467760496,0
38.976,-1.0120431077118108,-3.8613285827208705,-1.0088119329158876,-3.8818808727673466,-1.0133424070227908,-3.87531704434979,0
39.008,-1.0312430071138217,-3.8612662702714196,-1.0165411456119933,-3.8045378590745424,-1.0261418418006412,-3.8469679863953425,0
39.04,-1.0504429064873104,-3.8612039596207435,-1.0193512183352764,-3.8416108623312137,-1.0349455317550098,-3.8447877524168548,0
39.072,-1.0696428057920624,-3.8611416473344553,-1.1026698302564821,-3.839837939121546,-1.0735551904878298,-3.8427704401931164,0
39.104,-1.0888427049922709,-3.861079330084482,-1.077137829264693,-3.8133247762016893,-1.0865081853164278,-3.8309547832589845,0
39.136,-1.1080426040588416,-3.861017004863681,-1.1059807839293136,-3.829177993433493,-1.1058171640598884,-3.830206669966442,0
39.168,-1.1272425029712723,-3.860954669179789,-1.1896762962907148,-3.8358492094807835,-1.150880756227068,-3.8324262811812897,0
39.2,-1.1464424017189832,-3.8608923212162027,-1.1949320751355461,-3.878389473718882,-1.1800212230394518,-3.8507741456398925,0
39.232,-1.1656423003020113,-3.860829959949218,-1.1710985596518582,-3.836559578550429,-1.1879720969068173,-3.8450508980594837,0
39.264,-1.1848421987310225,-3.860767585214172,-1.1782378235156972,-3.895008497141275,-1.1955983267471657,-3.8649965090655387,0
39.296,-1.2040420970266337,-3.860705197716215,-1.1330257663700563,-3.8787530738786846,-1.1820892417701507,-3.870461699297399,0
39.328,-1.2232419952180902,-3.8606427989850127,-1.1810739000619923,-3.8311288922831115,-1.1932030442418742,-3.8546911350035256,0
39.36,-1.2424418933413797,-3.8605803912762866,-1.2306318241091116,-3.8721812244467917,-1.219694495330262,-3.8616497251446367,0
39.392,-1.2616417914369062,-3.860517977426522,-1.2674395912380463,-3.898077750856267,-1.2503124728276007,-3.8761834875604295,0
39.424,-1.2808416895468762,-3.8604555606702093,-1.250704132526147,-3.8838861184772315,-1.2619890758406784,-3.87922709188621,0
39.456,-1.3000415877125655,-3.8603931444313773,-1.2351093520278331,-3.8995794333259646,-1.2627571254553775,-3.887330582322051,0
39.488,-1.3192414859716506,-3.8603307321028586,-1.270096922969382,-3.847495640326682,-1.2772129836133437,-3.87135916323641,0
39.52,-1.3384413843557745,-3.860268326827515,-1.3641125453594336,-3.8773960438082606,-1.3234927474822133,-3.8737364787347675,0
39.552,-1.3576412828885087,-3.8602059312955217,-1.3509598120983057,-3.8650603065329565,-1.3459995125215314,-3.870228580028214,0
39.584,-1.3768411815838406,-3.860143547570803,-1.4271731449692853,-3.886925654170791,-1.3899889047188911,-3.876869987667348,0
39.616,-1.3960410804452814,-3.8600811769578036,-1.3860159312813938,-3.9292484871127846,-1.3999196545888208,-3.897783973636529,0
39.648,-1.4152409794656515,-3.860018819917216,-1.4171377178033975,-3.8125332519224013,-1.4183268191458263,-3.863646279223394,0
39.68,-1.434440878627553,-3.859956476036101,-1.469953921551853,-3.8586308641194464,-1.4504975994035434,-3.8616027148881877,0
39.712,-1.4536407779044949,-3.859894144054345,-1.4486893243739603,-3.8949750159688508,-1.4612942287074835,-3.8749142433344312,0
39.744,-1.4728406772625986,-3.859831821945761,-1.4893315313993343,-3.8188481514522405,-1.484029089115485,-3.8524504193708284,0
39.776,-1.4920405766627745,-3.859769507048608,-1.465297466286296,-3.8876794181848435,-1.4880563793245867,-3.8665046346213714,0
39.808,-1.5112404760632292,-3.859707196237121,-1.5007416911237095,-3.8180243005220555,-1.5046504433879493,-3.8470751176138576,0
39.84,-1.5304403754221452,-3.859644886122996,-1.560746011354525,-3.8533161956935786,-1.5386086099144638,-3.849534164298875,0
39.872,-1.5496402747003637,-3.8595825732738374,-1.5365042999207625,-3.859107371464944,-1.5492868252465213,-3.853326059429542,0
39.904,-1.568840173863902,-3.8595202544344827,-1.5690514706209369,-3.8316793489736525,-1.568712622709629,-3.844629982518902,0
39.936,-1.5880400728861415,-3.859457926736943,-1.6131395181437098,-3.8294820141311243,-1.5980033201755992,-3.838533395961875,0
39.968,-1.6072399717495496,-3.8593955878854134,-1.5728534306790498,-3.889195946955319,-1.5994633036448582,-3.8587610096206912,0
40.0,-1.6264398704468201,-3.8593332363044306,-1.5797417097965258,-3.857004479578713,-1.6030946053470663,-3.8580209827524143,0
40.032000000000004,-1.645639768981358,-3.8592708712406214,-1.6179441215277348,-3.847489480548967,-1.6205543510343565,-3.8537709588543416,0
40.064,-1.6648396673670738,-3.859208492811473,-1.674151742292569,-3.879811199685706,-1.6535132467276785,-3.8641496244801985,0
40.096000000000004,-1.6840395656274956,-3.8591461019979794,-1.6347001262461638,-3.9013885759667333,-1.657507937703273,-3.8790077676503225,0
40.128,-1.7032394637942583,-3.859083700581614,-1.689933937436679,-3.885159424596353,-1.681998276747564,-3.8814309876930597,0
40.160000000000004,-1.7224393619050617,-3.8590212910296864,-1.680996791479355,-3.8589394199598357,-1.6931176217796238,-3.872396914303364,0
40.192,-1.7416392600012343,-3.8589588763364513,-1.7482497668880255,-3.8001860426008887,-1.726690418957185,-3.8434751177467676,0
40.224000000000004,-1.7608391581250582,-3.8588964598302034,-1.810515562011397,-3.8642392735085314,-1.7717404153147092,-3.8517433326815733,0
40.256,-1.7800390563170343,-3.8588340449587726,-1.7686213465149718,-3.8192337736885325,-1.7820127269389745,-3.838702064274047,0
40.288000000000004,-1.7992389546132637,-3.858771635067251,-1.8145665484241873,-3.8036680843049298,-1.8065541946916897,-3.8246510319261096,0
40.32,-1.8184388530431184,-3.858709233182272,-1.7819687846901409,-3.905929851768581,-1.808239969869388,-3.8571251255578627,0
40.352000000000004,-1.837638751627351,-3.8586468418167557,-1.840535713774219,-3.8578902958419725,-1.8326782066332754,-3.8573937666373963,0
40.384,-1.856838650376765,-3.858584462807724,-1.8706487738596973,-3.8672189235757646,-1.8593863727518611,-3.8612864103983426,0
40.416000000000004,-1.8760385492915301,-3.8585220971976484,-1.8789880688879324,-3.834832100481356,-1.878746990461115,-3.8506672756695526,0
40.448,-1.8952384483611804,-3.8584597451670035,-1.946351406384926,-3.839722124308018,-1.917308696111293,-3.84625181231701,0
40.480000000000004,-1.9144383475652973,-3.858397406022395,-1.9244262111737558,-3.8570664455432984,-1.9316756414401186,-3.8505402699433784,0
40.512,-1.9336382468748274,-3.8583350782410344,-1.9378578278765974,-3.8134700761171176,-1.9456684553376067,-3.8356748026223952,0
40.544000000000004,-1.9528381462539497,-3.8582727595687225,-1.953201782917734,-3.912591034789974,-1.9602017257062563,-3.866403909924457,0
40.576,-1.9720380456623747,-3.858210447165021,-1.918414368396057,-3.9095225581045967,-1.9550067221262468,-3.8836139859370293,0
40.608000000000004,-1.9912379450579272,-3.85814813778627,-2.016884648072501,-3.870636244356618,-1.991277831849582,-3.878385506282725,0
40.64,-2.0104378443992497,-3.8580858279946515,-2.0012252266298116,-3.844385442300997,-2.0067767291005167,-3.8647480958223133,0
40.672000000000004,-2.029637743648456,-3.8580235143798305,-2.049803134146041,-3.883180003528089,-2.035507230445212,-3.872083470227933,0
40.704,-2.048837642773568,-3.8579611937788765,-2.0503842979464926,-3.8760375469918453,-2.052977996754282,-3.873627706730624,0
40.736000000000004,-2.0680375417505754,-3.8578988634802935,-2.076217114196036,-3.898608607889863,-2.0737935830171974,-3.883582666105048,0
40.768,-2.0872374405649925,-3.857836521399001,-2.0753386510030607,-3.8462434533150254,-2.085931549472435,-3.8686095720979607,0
40.800000000000004,-2.106437339212803,-3.8577741662109832,-2.1321541127693155,-3.838821783145006,-2.115940514025413,-3.856657039412471,0
40.832,-2.1256372377007327,-3.8577117974389132,-2.1667005928269223,-3.861285227448921,-2.147764484753952,-3.8584708894287667,0
40.864000000000004,-2.144837136045831,-3.8576494154832255,-2.165387241825561,-3.8034992011871527,-2.1663335267663175,-3.8364447814822813,0
40.896,-2.16403703427438,-3.8575870215966166,-2.13026883079453,-3.8459390404426794,-2.1634275875407547,-3.8402050460893995,0
40.928000000000004,-2.1832369324202054,-3.857524617803597,-2.145662193264395,-3.824323295444092,-2.167841368977773,-3.8338149020610026,0
40.96,-2.2024368305224913,-3.85746220677026,-2.1799412374817657,-3.830968025275823,-2.1842012555173373,-3.8326387046282555,0
40.992,-2.221636728623251,-3.857399791632641,-2.2220946775173953,-3.8595505333927926,-2.2108785634523564,-3.843365988503868,0
41.024,-2.2408366267646063,-3.8573373757947103,-2.215583369687285,-3.8637620594784385,-2.224280425085176,-3.851486970449632,0
41.056,-2.2600365249860666,-3.8572749627090106,-2.3070522896351227,-3.8736876727556204,-2.2689091100544374,-3.8603298081373367,0
41.088,-2.2792364233219757,-3.8572125556540686,-2.3007424576784117,-3.802393726146895,-2.293162388269658,-3.837117937134167,0
41.12,-2.298436321799298,-3.85715015752293,-2.2738914372720243,-3.8808325006341176,-2.2969739470574457,-3.854566330850953,0
41.152,-2.317636220435886,-3.8570877706364612,-2.2701746701711794,-3.8104529781642307,-2.2977741755144874,-3.836883565694147,0
41.184,-2.336836119239338,-3.8570253965934613,-2.2472826321866877,-3.8485295452700736,-2.289097497421528,-3.8415045416323035,0
41.216,-2.3560360182065203,-3.8569630361672766,-2.3343300044714876,-3.8163822283591986,-2.318710439506476,-3.831418208682961,0
41.248,-2.375235917323777,-3.8569006892555975,-2.391175485840353,-3.8102598242539623,-2.359216397330261,-3.822917455054747,0
41.28,-2.3944358165678157,-3.8568383548867065,-2.4618608948104272,-3.8140413991046156,-2.411794135634675,-3.819329639632109,0
41.312,-2.4136357159072066,-3.8567760312817914,-2.398775392448942,-3.838450790839743,-2.4181065776902653,-3.826940712478633,0
41.344,-2.4328356153044,-3.856713715969333,-2.4097466180673415,-3.869543905792042,-2.426282533182814,-3.8439446058176525,0
41.376,-2.4520355147181347,-3.8566514059442074,-2.449012841135518,-3.867772907315803,-2.4468945957109893,-3.8534385440900816,0
41.408,-2.471235414106078,-3.856589097861259,-2.45360973933652,-3.807109551274357,-2.46110059250687,-3.8348695641992787,0
41.44,-2.490435313427541,-3.856526788250882,-2.445081378462233,-3.923605081625858,-2.4662128462265507,-3.870326385899196,0
41.472,-2.509635212646088,-3.856464473742706,-2.4984618873052566,-3.8385335604822286,-2.490632401981254,-3.857571866049062,0
41.504,-2.528835111731881,-3.856402151282984,-2.588336333157534,-3.842788366743384,-2.541233913755411,-3.851621070609487,0
41.536,-2.5480350106636025,-3.8563398183316573,-2.524071658002139,-3.898195368441253,-2.545888950734171,-3.8702133867593917,0
41.568,-2.5672349094298403,-3.8562774730263927,-2.561372551648905,-3.8008920827797184,-2.563602330354077,-3.8424474541570803,0
41.6,-2.5864348080298374,-3.8562151143030112,-2.6382704008047693,-3.8706897212411424,-2.604989497761509,-3.8537069417092584,0
41.632,-2.605634706473554,-3.856152741964523,-2.5634428315853857,-3.925454345967147,-2.5998907704922933,-3.882368476151327,0
41.664,-2.6248346047810416,-3.8560903566943012,-2.6253426435008094,-3.826880475534589,-2.6215914588736244,-3.8601358414715143,0
41.696,-2.644034502981158,-3.8560279600125225,-2.6484418210267617,-3.794026068513751,-2.643851542893621,-3.8336544919553246,0
41.728,-2.6632344011097127,-3.8559655541786415,-2.672572792238538,-3.858484651219594,-2.6668599817765197,-3.843549111082744,0
41.76,-2.682434299207157,-3.855903142046164,-2.6925638597695265,-3.8916511145630284,-2.6886614721111215,-3.862752465582378,0
41.792,-2.7016341973159705,-3.8558407268790402,-2.698370936719568,-3.8908896267267483,-2.7040651970911402,-3.873969882916379,0
41.824,-2.720834095477917,-3.8557783121414917,-2.6351139044695153,-3.8148841498143073,-2.688004619185205,-3.8502981444211857,0
41.856,-2.7400339937313456,-3.8557159012747957,-2.7342588544942754,-3.865264928304863,-2.7180262524640737,-3.8562474165726317,0
41.888,-2.7592338921087176,-3.855653497475407,-2.799972759675056,-3.79963374577863,-2.7623247945218816,-3.833564512442696,0
41.92,-2.7784337906345167,-3.855591103488718,-2.7761050424053684,-3.848885530120617,-2.7793568328713487,-3.839655490670805,0
41.952,-2.797633689323678,-3.855528721431767,-2.809707119426491,-3.9034492620000534,-2.8030168867151604,-3.86513557826137,0
41.984,-2.8168335881806352,-3.855466352656335,-2.8113626222251504,-3.84820637704493,-2.8178751201679657,-3.85832648516088,0
42.016,-2.836033487199045,-3.8554039976612984,-2.8346143399495674,-3.8501871082361223,-2.836090747356103,-3.8550333299944866,0
42.048,-2.8552333863622015,-3.85534165605991,-2.8204896001730306,-3.867848748547119,-2.841370227782974,-3.8601221005983177,0
42.08,-2.874433285644114,-3.8552793266041636,-2.838349198456019,-3.8697299129378844,-2.8516817553732325,-3.8639278351704816,0
42.112,-2.8936331850111756,-3.8552170072647014,-2.8394944211444546,-3.8598626897458552,-2.858326761018694,-3.8622643915495365,0
42.144,-2.9128330844243164,-3.855154695361157,-2.932473386463244,-3.8627563779467935,-2.8995053505433903,-3.8624238037127334,0
42.176,-2.932032983841503,-3.8550923877345546,-2.878991774587965,-3.825491287907588,-2.902819859511338,-3.847613415996534,0
42.208,-2.9512328832204275,-3.8550300809506854,-2.9886943745938397,-3.8935717373224685,-2.9486896048908298,-3.865959362016178,0
42.24,-2.970432782521217,-3.8549677715213666,-2.9869718964679284,-3.910495443986169,-2.975522460857899,-3.883736409130921,0
42.272,-2.989632681708989,-3.8549054561293388,-2.9928111574215666,-3.8953042298119342,-2.9939578788033616,-3.888326146725826,0
42.304,-3.0088325807560965,-3.8548431318423106,-2.9701531245330903,-3.896769458037424,-2.9959559163940863,-3.89166607405014,0
42.336,-3.0280324796439118,-3.8547807963023555,-3.0297685907550083,-3.841530906700256,-3.0210009254125607,-3.8715746022897894,0
42.368,-3.047232378364037,-3.8547184478784384,-3.0369151553911378,-3.874007939445852,-3.0388865566513976,-3.8725105241069473,0
42.4,-3.0664322769188628,-3.8546560857722274,-3.0801212191426766,-3.8190565670567294,-3.0669003608683685,-3.851091519943804,0
42.432,-3.0856321753214293,-3.8545937100703322,-3.0003407418056747,-3.776147585466828,-3.0517964524382997,-3.821076516976319,0
42.464,-3.104832073594604,-3.8545313217395716,-3.1156080011789493,-3.8681253186290787,-3.088841011107265,-3.8398586015989,0
42.496,-3.124031971769617,-3.8544689225655175,-3.097354310974998,-3.792120470891563,-3.1037662702093587,-3.8207259078329336,0
42.528,-3.1432318698840587,-3.854406515038231,-3.12651364417706,-3.8459213937738426,-3.124385158939491,-3.830766657053668,0
42.56,-3.1624317679794545,-3.8543441021924933,-3.2625296889644306,-3.8051412366773016,-3.1911629100871126,-3.820479042087558,0
42.592,-3.1816316660985917,-3.854281687412777,-3.184685413254366,-3.9156060340676326,-3.200091850493162,-3.8584923925280252,0
42.624,-3.200831564282757,-3.854219274215485,-3.2341212279712916,-3.8871509594632587,-3.225223540631891,-3.869918375512994,0
42.656,-3.220031462569076,-3.8541568660224503,-3.196907826685243,-3.819889547571469,-3.2254171942153405,-3.84986940504736,0
42.688,-3.239231360988125,-3.854094465940285,-3.180658744488756,-3.817250478376139,-3.2190337535068174,-3.8367844012417747,0
42.72,-3.2584312595619647,-3.8540320765597884,-3.244038548322172,-3.8740585992176797,-3.240555610639161,-3.851656654706165,0
42.752,-3.2776311583027296,-3.853969699788365,-3.2847986568431877,-3.820485524006944,-3.269772768353609,-3.839150784896598,0
42.784,-3.2968310572118553,-3.85390733672628,-3.2396458816610982,-3.816444379052781,-3.2692419529369103,-3.830030813484871,0
42.816,-3.316030956279993,-3.8538449875947824,-3.3627965584881916,-3.8775993722410025,-3.3181837344442657,-3.8490208360856544,0
42.848,-3.3352308554876133,-3.853782651720776,-3.3871855066631933,-3.8055807446875236,-3.3573043826425817,-3.831607405988973,0
42.88,-3.354430754806259,-3.8537203275791043,-3.3982874746617537,-3.8144383562105593,-3.3852175587807274,-3.824702398622441,0
42.912,-3.3736306542003627,-3.8536580128897895,-3.364573428373263,-3.861524035160211,-3.388479845962514,-3.8393936701910225,0
42.944,-3.392830553629517,-3.853595704764028,-3.3746878193020073,-3.8534127189350884,-3.3944829746510248,-3.8449639090928778,0
42.976,-3.412030453051051,-3.8535333998896046,-3.397226915584942,-3.8446142067208626,-3.407100490378383,-3.844786647882751,0
43.008,-3.4312303524227525,-3.853471094743836,-3.4419091130722395,-3.824599819230004,-3.4325438788038607,-3.8366745343562823,0
43.04,-3.450430251705562,-3.853408785820372,-3.4489707399508314,-3.862067908111797,-3.4506345625981685,-3.8467944979662225,0
43.072,-3.4696301508660725,-3.853346469855275,-3.5276702439275973,-3.816629716858512,-3.4929687744472817,-3.8346911940273927,0
43.104,-3.4888300498786746,-3.853284144037837,-3.4730029679157766,-3.8778032772587347,-3.496502391129249,-3.8518986288053227,0
43.136,-3.508029948727208,-3.853221806192547,-3.4889563725767254,-3.895838841652082,-3.5050039229769077,-3.8694373074482655,0
43.168,-3.5272298474060144,-3.853159454920465,-3.5659576562484845,-3.8737148103800068,-3.5409053555268466,-3.871110893697693,0
43.2,-3.54642974592032,-3.853097089690863,-3.5445288287694323,-3.8318514114814035,-3.553874684038141,-3.8553696775597492,0
43.232,-3.5656296442859214,-3.8530347108771514,-3.535165003771848,-3.868396139240272,-3.557910751120903,-3.8605428312921135,0
43.264,-3.5848295425281904,-3.8529723197346994,-3.5815184415608106,-3.798903290121038,-3.5788737664648576,-3.835849577335471,0
43.296,-3.6040294406804585,-3.852909918321877,-3.6443054788456153,-3.8510727778011553,-3.6165663905689542,-3.8419014150531723,0
43.328,-3.6232293387818895,-3.8528475093692838,-3.595856894001867,-3.864689758543055,-3.619802531083876,-3.8509793068961335,0
43.36,-3.6424292368749684,-3.8527850961054724,-3.686565883848563,-3.8706291984372965,-3.6580278113283056,-3.858801816977741,0
43.392,-3.6616291350027796,-3.852722682050274,-3.660735179246404,-3.8517053745442404,-3.6706306976379706,-3.855925794661915,0
43.424,-3.680829033206244,-3.8526602707889306,-3.7057598628953685,-3.858356586010517,-3.6962023028940783,-3.8568606691576215,0
43.456,-3.7000289315214974,-3.852597865741498,-3.637445146249103,-3.855783694109418,-3.6842193794061475,-3.8563924422957756,0
43.488,-3.7192288299775784,-3.852535469942308,-3.7710295558767966,-3.8414881436336543,-3.730463389186499,-3.85039329276527,0
43.52,-3.7384287285945765,-3.8524730858436764,-3.7526610436976195,-3.860954532397289,-3.750862390208794,-3.8545803664760387,0
43.552,-3.757628627382353,-3.8524107151564926,-3.702022671902589,-3.8525741167044907,-3.7428464421319934,-3.8537404529916977,0
43.584,-3.7768285263399184,-3.852348358738022,-3.8105870943553946,-3.9179216358789346,-3.7814626422951703,-3.8793755212330745,0
43.616,-3.7960284254554963,-3.8522860165342214,-3.800683034763062,-3.850721529325475,-3.8006707385827774,-3.8678765277599716,0
43.648,-3.8152283247072747,-3.852223687580405,-3.8515799537681037,-3.8774165447862106,-3.832554363980781,-3.871655145078257,0
43.68,-3.834428224064786,-3.852161370060371,-3.8080289765789472,-3.840884112827511,-3.834264148362627,-3.8593093484528236,0
43.712,-3.853628123490832,-3.8520990614203563,-3.836401180491676,-3.880323680641497,-3.8466389005696078,-3.8676777015460067,0
43.744,-3.8728280229438314,-3.8520367585306774,-3.8973426213746105,-3.8412302151084883,-3.8784403282529976,-3.8570613290498788,0
43.776,-3.8920279223804393,-3.8519744578848574,-3.8523738133918988,-3.8941688803151386,-3.8795336616688196,-3.8718669712897973,0
43.808,-3.9112278217582768,-3.8519121558236242,-3.904762520302024,-3.8234393358276773,-3.901145144474137,-3.852458536304315,0
43.84,-3.9300947078277586,-3.8518508688495112,-3.9232099841183468,-3.822806051862862,-3.921275506327958,-3.8405608827331,0
43.872,-3.9483763830340006,-3.851791515915775,-3.95397386453223,-3.8695163233965033,-3.945297031517983,-3.852107614418852,0
43.904,-3.9660683620238024,-3.8517341918661567,-3.96704540663502,-3.831298312571858,-3.964587555420823,-3.8437496232524375,0
43.936,-3.983186123973011,-3.8516788065347156,-3.998128733787934,-3.8206353218104687,-3.988255514714991,-3.834470760165516,0
43.968,-3.9997486829763864,-3.8516252657752315,-3.990229033356703,-3.8071172072836537,-3.9989677491509408,-3.8234972790098913,0
44.0,-4.0157751364967265,-3.8515734866437255,-4.041962468330375,-3.830572490324363,-4.025770462705722,-3.8262963429497647,0
44.032000000000004,-4.031283896175582,-3.851523394682904,-4.059412950582923,-3.813801966833492,-4.048524575847391,-3.8212685709051564,0
44.064,-4.046292569535349,-3.8514749218356106,-4.051012033293326,-3.822199244083794,-4.058518908628802,-3.821611779782871,0
44.096000000000004,-4.0608179919962595,-3.8514280053852703,-4.058734753276248,-3.8263546837118767,-4.067316429746931,-3.823480806875316,0
44.128,-4.074876285970858,-3.8513825872728282,-4.110451146133516,-3.8456203421042456,-4.093002611424086,-3.832309379395395,0
44.160000000000004,-4.088482918192095,-3.851338613524885,-4.087849774714259,-3.8711177637540866,-4.099103852585973,-3.8478063535190614,0
44.192,-4.101652749754067,-3.851296033731486,-4.123915525569551,-3.8300034941459074,-4.1169296502496735,-3.8406596629658285,0
44.224000000000004,-4.114400078855398,-3.8512548005722977,-4.134138508955394,-3.7728371338831357,-4.131461461396864,-3.813505909812649,0
44.256,-4.126738677334138,-3.8512148693988806,-4.179171097972677,-3.899835598493677,-4.157948834933086,-3.848013822926284,0
44.288000000000004,-4.138681822131035,-3.851176197876707,-4.150011532119747,-3.8355439082183427,-4.1619405315829425,-3.843002648962898,0
44.32,-4.1502423226493095,-3.8511387456852963,-4.143052074429022,-3.8579035125581895,-4.161322458077803,-3.8489405168116613,0
44.352000000000004,-4.161432544794007,-3.851102474271239,-4.132302017786192,-3.8428945145761015,-4.156429629670867,-3.846500346004812,0
44.384,-4.172264432314878,-3.851067346647108,-4.182676383342478,-3.869701513138033,-4.173428826549594,-3.855759728680905,0
44.416000000000004,-4.182749525947938,-3.8510333272288038,-4.165245442010694,-3.8650702512233144,-4.176447995871854,-3.859463518104718,0
44.448,-4.192898980748467,-3.851000381704306,-4.143874793377622,-3.86337727498868,-4.169509924185079,-3.8610092454197726,0
44.480000000000004,-4.202723581927284,-3.850968476927605,-4.172198792139953,-3.812042183876431,-4.176481811119374,-3.8414032697554514,0
44.512,-4.212233759438184,-3.8509375808325954,-4.261755118107071,-3.854380455699878,-4.216298841300462,-3.8465755983354795,0
44.544000000000004,-4.221439601514061,-3.8509076623626632,-4.217818953339078,-3.7851321504781055,-4.222431998072604,-3.8219802600849957,0
44.576,-4.230350867309435,-3.8508786914125768,-4.208563322419177,-3.878925845493407,-4.222232887581431,-3.8447411038242265,0
44.608000000000004,-4.238976998775703,-3.8508506387800163,-4.228328541821154,-3.828648951581082,-4.2298484127279,-3.8382874037057437,0
44.64,-4.2473271318706445,-3.8508234761246776,-4.195700526451362,-3.817019778592635,-4.221200899929487,-3.829764048666161,0
44.672000000000004,-4.255410107184132,-3.8507971759333333,-4.259992166588935,-3.823584133566114,-4.241568725737752,-3.827276295368497,0
44.704,-4.263234480046479,-3.850771711489611,-4.231239899455817,-3.8582564586490404,-4.242133321232895,-3.839653075139293,0
44.736000000000004,-4.270808530173609,-3.8507470568475104,-4.286919517856577,-3.800429703214064,-4.26459369792234,-3.823948926979115,0
44.768,-4.278140270893518,-3.850723186807881,-4.253023585844802,-3.8642106257466664,-4.26436612936125,-3.840039278125483,0
44.800000000000004,-4.285237457990778,-3.8507000768972586,-4.294117715845879,-3.799342982800923,-4.280526470796813,-3.8237468879741217,0
44.832,-4.292107598199696,-3.850677703348555,-4.246567226198791,-3.8707450913214436,-4.271066213801713,-3.8425327393613986,0
44.864000000000004,-4.2987579573718815,-3.850656043083212,-4.323125763773735,-3.8561173942397846,-4.295881567938193,-3.847953599573043,0
44.896,-4.305195568340054,-3.850635073694483,-4.284558062549039,-3.8178335952868,-4.2952160130304495,-3.8358930108748304,0
44.928000000000004,-4.3114272384968135,-3.8506147734315896,-4.334525360734032,-3.8087437442620002,-4.31467999722622,-3.8250211189391017,0
44.96,-4.317459557104586,-3.8505951211845284,-4.344098503343514,-3.854073894510585,-4.330067996718022,-3.836630432891753,0
44.992000000000004,-4.323298902350933,-3.8505760964693603,-4.280919976353982,-3.833052462970336,-4.313913565098032,-3.835187825359363,0
45.024,-4.328951448161776,-3.8505576794138463,-4.308073989413624,-3.841068728723124,-4.314970395919546,-3.837529131918176,0
45.056,-4.334423170783755,-3.850539850743321,-4.345248061103513,-3.869514148865094,-4.330365594207519,-3.8503124371116346,0
45.088,-4.339719855145834,-3.850522591766723,-4.318863257173621,-3.8727121401029616,-4.328943734532917,-3.8592619586994448,0
45.12,-4.344847101009379,-3.8505058843627276,-4.357131460399162,-3.9158643377144977,-4.343296203677715,-3.8818928817912175,0
45.152,-4.34981032891517,-3.8504897109659426,-4.405569987332092,-3.898025334124894,-4.37118465281642,-3.888336154757198,0
45.184,-4.354614785935183,-3.8504740545531417,-4.361741039490125,-3.7891238768029596,-4.3702908491864,-3.8486418459331726,0
45.216,-4.359408090015067,-3.8504584599654703,-4.382930128327877,-3.80632122630338,-4.378230202533491,-3.8317041973716757,0
45.248,-4.359687525338518,-3.8414999087994395,-4.312834076073862,-3.8488931272221,-4.352052974468609,-3.838579828863172,0
45.28,-4.359624717005555,-3.831887245345045,-4.302094042224939,-3.81243366708327,-4.332051134360489,-3.8281214219277637,0
45.312,-4.359503809853155,-3.8221865621452595,-4.338941938549766,-3.8278077175237173,-4.334789238169568,-3.8279959979039777,0
45.344,-4.359380894205462,-3.8124905238649505,-4.382742799955163,-3.8331624447363657,-4.353952407916247,-3.830062634651709,0
45.376,-4.359267271315886,-3.8028120167964534,-4.359231661829119,-3.750781075985783,-4.356045804232554,-3.798350069515999,0
45.408,-4.3591636981270225,-3.7931498716993883,-4.357905366925512,-3.7834792758949596,-4.356771274946546,-3.792401810698258,0
45.44,-4.359068721656306,-3.783501030107033,-4.3664653015859125,-3.7239515688198694,-4.360630486204198,-3.7650217728515774,0
45.472,-4.358980682137818,-3.7738626883004063,-4.374757775571567,-3.8224743516258375,-4.366262961813024,-3.7880028635148153,0
45.504,-4.358898142080141,-3.764232574839443,-4.312105444615003,-3.746193796442159,-4.344581477803038,-3.771279296066937,0
45.536,-4.358819935473,-3.7546088999873324,-4.353490290994829,-3.753076346457522,-4.348126491976227,-3.763998175815204,0
45.568,-4.3587451343122865,-3.744990264003782,-4.405395818287997,-3.7512784290219265,-4.371015679762631,-3.758910336887841,0
45.6,-4.358673004288261,-3.73537557474945,-4.39535213986236,-3.644722349179517,-4.380731691221269,-3.7132352017823784,0
45.632,-4.358602965473746,-3.7257639808078435,-4.330980125273097,-3.7131723261653145,-4.360812463824781,-3.713210111693285,0
45.664,-4.358534560288978,-3.7161548185289104,-4.388042590271519,-3.695942590431014,-4.371685886126119,-3.706303163518959,0
45.696,-4.358467427999968,-3.7065475704360074,-4.321244503467813,-3.727088082382965,-4.351490678600076,-3.7146171915612776,0
45.728,-4.358401284542758,-3.6969418326910524,-4.359249798343389,-3.6581682483174665,-4.3545756469235455,-3.6920376749196313,0
45.76,-4.358335906575519,-3.6873372897202623,-4.341847993226707,-3.7243182993970105,-4.349465881904094,-3.704949985518028,0
45.792,-4.3582711188630645,-3.677733694473972,-4.397948923923467,-3.662138253485741,-4.368840372462044,-3.687825353655694,0
45.824,-4.358206784285078,-3.668130853102937,-4.3807870710306895,-3.6170486551946714,-4.373600304322451,-3.6595147353556614,0
45.856,-4.358142795911808,-3.658528613084857,-4.387238655629016,-3.5894773029824223,-4.379036877489025,-3.631499823614311,0
45.888,-4.358079070711403,-3.6489268540376036,-4.31813370117745,-3.6424908170155823,-4.35465682147273,-3.635896282295328,0
45.92,-4.358015544547124,-3.639325480618272,-4.4264109249738,-3.645412258465762,-4.383339661003624,-3.639702734184943,0
45.952,-4.35795216819622,-3.6297244170370893,-4.41832851573466,-3.6191881772527066,-4.397316386483938,-3.631496972922354,0
45.984,-4.357888904179461,-3.620123602818475,-4.373108695400793,-3.6370368629651653,-4.387614480978954,-3.633712990526343,0
46.016,-4.357825724235142,-3.6105229895232824,-4.338230923475975,-3.5760323314061697,-4.367842218146181,-3.6106407885293548,0
46.048,-4.357762607306335,-3.6009225382106154,-4.406200022357117,-3.608197975333064,-4.383166491125719,-3.609663724953955,0
46.08,-4.357699537937593,-3.5913222174681096,-4.298953154634188,-3.561736075332495,-4.3494623007964615,-3.590492726848676,0
46.112,-4.357636504998811,-3.5817220018789553,-4.398293821229254,-3.5929365540297318,-4.368976047988251,-3.59147031949324,0
46.144,-4.357573500670866,-3.572121870824555,-4.3569421953195295,-3.560604934276791,-4.364143642381695,-3.5791242271969175,0
46.176,-4.3575105196409725,-3.562521807545382,-4.398704823803889,-3.6119405107791387,-4.377949248438196,-3.592250802428197,0
46.208,-4.357447558466215,-3.5529217984008477,-4.318158303233877,-3.5705393054720207,-4.354014003333951,-3.5835662654431006,0
46.24,-4.35738461507204,-3.5433218322829645,-4.355409860190906,-3.521262318959582,-4.354553479874706,-3.5586447486377946,0
46.272,-4.3573216883590975,-3.5337219001492923,-4.323993207142158,-3.4946207116046977,-4.342310506590275,-3.5330351955960655,0
46.304,-4.357258777897057,-3.5241219946487936,-4.3566190382306385,-3.56537678973325,-4.3480150581103105,-3.545971894999502,0
46.336,-4.3571958836882265,-3.514522109820418,-4.354813841424565,-3.461383785694849,-4.350715714252297,-3.512136712997869,0
46.368,-4.357133005987138,-3.5049222408489182,-4.38677077351334,-3.5048349449219574,-4.365118885475193,-3.5092160674549713,0
46.4,-4.357070145164917,-3.495322383865972,-4.359232444265955,-3.518247060948883,-4.362745461817155,-3.5128285265037507,0
46.432,-4.357007301609442,-3.485722535787364,-4.405874686915565,-3.490101013593607,-4.3799783104538825,-3.5037375829520685,0
46.464,-4.35694447565398,-3.4761226941790313,-4.356739462509511,-3.4601349241027677,-4.370663935975239,-3.4862965809841535,0
46.496,-4.3568816675284046,-3.4665228571463413,-4.303974005073417,-3.430501040768025,-4.343969134618205,-3.463978426428014,0
46.528,-4.356818877328211,-3.4569230232421426,-4.376826908301196,-3.473878056087851,-4.357093421483766,-3.4679383397805883,0
46.56,-4.356756104997437,-3.4473231913900624,-4.405582456764939,-3.4284010441405877,-4.376470219351885,-3.4521234829720604,0
46.592,-4.356693350322374,-3.4377233608202222,-4.313408281328421,-3.458295369138768,-4.351226634136584,-3.4545922988461686,0
46.624,-4.356630612933474,-3.4281235310151055,-4.362260062296211,-3.416222630664945,-4.355621201419127,-3.439244492942721,0
46.656,-4.356567892313422,-3.4185237016637444,-4.3134258792029625,-3.407952865086957,-4.338724274283998,-3.42672790313321,0
46.688,-4.356505187809674,-3.4089238726227458,-4.31890120420101,-3.4045883817953473,-4.330776253375697,-3.4178721558971494,0
46.72,-4.356442498650097,-3.3993240438829564,-4.371477035993738,-3.3939223574541195,-4.3470377785062135,-3.408292297788176,0
46.752,-4.356379823960635,-3.3897242155407996,-4.352115747214925,-3.3899239706292406,-4.349050182571168,-3.4009450281651157,0
46.784,-4.3563171627841015,-3.380124387773497,-4.378020145562521,-3.420579894654148,-4.3606193883527995,-3.408799035976826,0
46.816,-4.35625451409938,-3.370524560817552,-4.357716040199881,-3.346914838813019,-4.359439273161944,-3.384045418306413,0
46.848,-4.356191876840487,-3.3609247349499896,-4.291938383953192,-3.3289871567348204,-4.332420144501789,-3.362022174855385,0
46.88,-4.356129249915037,-3.3513249104719574,-4.335057322323366,-3.3586055573397653,-4.333456245070385,-3.360655589012728,0
46.912,-4.356066632221755,-3.341725087694382,-4.345142195728913,-3.3015066159393305,-4.338111856658726,-3.3369960609363654,0
46.944,-4.3560040226667835,-3.332125266925432,-4.372970317041005,-3.361979827879481,-4.35203647350298,-3.3469896288593253,0
46.976,-4.355941420178567,-3.322525448459613,-4.358440072901496,-3.3500026275498684,-4.354579146822322,-3.3481948894771283,0
47.008,-4.355878823721196,-3.3129256325683527,-4.355183544920582,-3.311321246471043,-4.35480214001994,-3.3334454934151063,0
47.04,-4.355816232306084,-3.303325819491971,-4.322594763844823,-3.2872963302373637,-4.341900423470035,-3.314985889285966,0
47.072,-4.3557536450019585,-3.2937260094329623,-4.326288382576555,-3.249746491542137,-4.3356368405969485,-3.288890191334386,0
47.104,-4.355691060943121,-3.2841262025505333,-4.353568838963433,-3.228682940766924,-4.3427908726375835,-3.2648073522595054,0
47.136,-4.355628479336004,-3.274526398956342,-4.372119274251936,-3.19920728215934,-4.35450346487938,-3.238567385379541,0
47.168,-4.35556589946406,-3.2649265987114116,-4.351012127518679,-3.2922203006895976,-4.353088160174731,-3.2600286126731817,0
47.2,-4.355503320691027,-3.2553268018241788,-4.3288454390592195,-3.2574895319295827,-4.343372300404267,-3.259013041556061,0
47.232,-4.355440742462674,-3.2457270082496392,-4.3771622324117745,-3.244370076172283,-4.356869500163453,-3.2531559165944164,0
47.264,-4.355378164307091,-3.2361272178895537,-4.316323208921288,-3.2809341944029233,-4.340632208799304,-3.264267288921746,0
47.296,-4.35531558875401,-3.2265274305580127,-4.321675061272849,-3.2002821585174805,-4.33303057492146,-3.238673297970391,0
47.328,-4.343823010376237,-3.219686329910022,-4.308816084597361,-3.1877760362310217,-4.311825050883683,-3.2183471845496667,0
47.36,-4.325244067179352,-3.219189872253386,-4.288567162537838,-3.2197577698454145,-4.291002074014741,-3.2189378238740236,0
47.392,-4.305929937552798,-3.219271461915183,-4.3324137652812755,-3.2352446316609362,-4.296046878815354,-3.2254781049532175,0
47.424,-4.286515706450854,-3.219400764970885,-4.298512375669502,-3.2332453774286027,-4.285513160559441,-3.2285941338050734,0
47.456,-4.267117097623653,-3.219504959893834,-4.252185987496497,-3.2384122917833635,-4.260662343322984,-3.2325233174860206,0
47.488,-4.247753620972106,-3.219578494145709,-4.251084365644924,-3.138184097256198,-4.245311185965107,-3.194783415867818,0
47.52,-4.228423342984899,-3.2196259727133594,-4.23591973284675,-3.233921676025282,-4.230034628810808,-3.210429240514899,0
47.552,-4.209120546712661,-3.219652548486494,-4.221700647425807,-3.203993320352722,-4.215181056409067,-3.2078409232553953,0
47.584,-4.189839681190223,-3.2196625320882917,-4.239993739637525,-3.2062389977369543,-4.213586149600802,-3.2071824501275903,0
47.616,-4.170576123178701,-3.2196593300534375,-4.2090244128982635,-3.2172488260673693,-4.2002414767960214,-3.2111881658661616,0
47.648,-4.1513261782034,-3.219645586490792,-4.127951240841549,-3.262260207249029,-4.159805407473387,-3.2315935425421776,0
47.68,-4.132086931122242,-3.219623344278755,-4.083826742900559,-3.1759595447501874,-4.117893970421333,-3.2093143382448788,0
47.712,-4.112856090747609,-3.219594190231369,-4.153088954405538,-3.211103869184315,-4.120451996620703,-3.2100027481776556,0
47.744,-4.093631858190674,-3.219559376073066,-4.1018609061941875,-3.194990580118293,-4.101495596730885,-3.20396899356936,0
47.776,-4.074412821114863,-3.2195199138981883,-4.087929230275372,-3.1736515085771346,-4.084549089783189,-3.191811898716198,0
47.808,-4.055197870231269,-3.2194766475541288,-4.0651121042071505,-3.267961387449906,-4.065254338108089,-3.222240622443109,0
47.84,-4.0359861337549,-3.2194303028757156,-3.9825980416362685,-3.190120613316162,-4.020671864486153,-3.20936079814994,0
47.872,-4.01677692608354,-3.219381520472097,-4.041109400706048,-3.259884463050655,-4.017326925793144,-3.2295379009984817,0
47.904,-3.9975697076573624,-3.21933087501686,-4.028140830568393,-3.1769709580442553,-4.010132535790142,-3.208478410964881,0
47.936,-3.9783640535778844,-3.2192788848485248,-3.965552985642729,-3.2107513846126463,-3.9807807645019366,-3.2093547166545706,0
47.968,-3.9591596290738127,-3.2192260152708854,-3.9397388808872877,-3.1971522250441704,-3.9528440599528283,-3.204440828658556,0
48.0,-3.939956170308997,-3.219172678360578,-3.920110889130116,-3.270183998067977,-3.9282308401387276,-3.2307053431676955,0
48.032000000000004,-3.9207534693522117,-3.219119231437968,-3.9656147119556207,-3.1813546935807087,-3.9316644365608724,-3.2109325940714326,0
48.064,-3.9015513623863507,-3.2190659757134616,-3.899316193749083,-3.2665177270916197,-3.907205185957788,-3.233134526486719,0
48.096000000000004,-3.882349720439093,-3.2190131560399338,-3.8956938096023572,-3.2188304378574726,-3.8910806804997016,-3.227381220894938,0
48.128,-3.8631484420784354,-3.218960962217594,-3.916677716976404,-3.1372812633184823,-3.8897995385632504,-3.1913100782774872,0
48.160000000000004,-3.8439474476429187,-3.218909531926047,-3.8869737462470497,-3.2421886929148056,-3.8771492634086386,-3.2116309135863332,0
48.192,-3.8247466746745338,-3.2188589551002824,-3.741133607236254,-3.2313716337903347,-3.811223040994026,-3.2194971588602304,0
48.224000000000004,-3.8055460742978537,-3.2188092794126213,-3.846684808966034,-3.195202909633563,-3.8138877865631016,-3.2097499852151543,0
48.256,-3.7863456083466684,-3.2187605164541635,-3.8215703912704067,-3.211806213114871,-3.80544086524147,-3.2105435574040366,0
48.288000000000004,-3.7671452470833353,-3.2187126482068638,-3.69802548801865,-3.2001374441947363,-3.7509547496842504,-3.2063527220725634,0
48.32,-3.747944967389501,-3.2186656334404375,-3.774765079609789,-3.2021964978359887,-3.7489589156638745,-3.20466233581897,0
48.352000000000004,-3.7287447513324263,-3.218619413738307,-3.684038301419404,-3.2762185174304057,-3.7114707028035028,-3.2332573632768766,0
48.384,-3.7095445850308755,-3.2185739189382203,-3.6966155019372087,-3.209868050782559,-3.6940086542743256,-3.2238745981256205,0
48.416000000000004,-3.6903444577598994,-3.2185290718542463,-3.733492260704265,-3.221139841179719,-3.6982821277909688,-3.222754011818763,0
48.448,-3.671144361245961,-3.2184847922195536,-3.691774439368561,-3.2737495687536997,-3.684159082632872,-3.243125859021179,0
48.480000000000004,-3.651944289113483,-3.2184409998490584,-3.6296916602013054,-3.193266810700093,-3.650852143265194,-3.223156124603774,0
48.512,-3.632744236451606,-3.2183976170658206,-3.621526141282402,-3.248562636733245,-3.627601771586761,-3.2332928296790504,0
48.544000000000004,-3.613544199476166,-3.218354570465176,-3.579369497890055,-3.2323254346199795,-3.5967888908355574,-3.2328801451208333,0
48.576,-3.5943441752668708,-3.218311792107612,-3.604482495689941,-3.2314828533060793,-3.5883463612082935,-3.2322956366499214,0
48.608000000000004,-3.5751441615637116,-3.218269220237679,-3.6161972635086252,-3.2061592411508317,-3.587966750341895,-3.221815586946054,0
48.64,-3.5559441566098626,-3.2182267996244516,-3.4697684956184593,-3.1981702147046867,-3.52916747651657,-3.212332016237553,0
48.672000000000004,-3.5367441590309485,-3.218184481611733,-3.5464360634631946,-3.1631979123939558,-3.524554939267998,-3.192652995983143,0
48.704,-3.517544167742639,-3.218142223955617,-3.48935650724144,-3.238396254995629,-3.498955594388044,-3.210924941164037,0
48.736000000000004,-3.4983441818802206,-3.218099990514954,-3.544455378315637,-3.2177719063361785,-3.5056355358887576,-3.2136383698655933,0
48.768,-3.4791442007451368,-3.2180577508480566,-3.4721974985429527,-3.24708762430371,-3.4807403489130637,-3.226992699386355,0
48.800000000000004,-3.4599442237645626,-3.218015479757515,-3.4369036878416,-3.212838582009224,-3.4516857125076412,-3.2213056523458223,0
48.832,-3.4407442504609476,-3.217973156814767,-3.4172433550452515,-3.1746343318211347,-3.4263887976283356,-3.2026116859582197,0
48.864000000000004,-3.4215442804291407,-3.2179307658873224,-3.466845920107889,-3.2528862980318842,-3.431051674825269,-3.222696046671305,0
48.896,-3.4023443133192544,-3.217888294684267,-3.336853625222466,-3.2108619022849267,-3.381852483301298,-3.2179368531369104,0
48.928000000000004,-3.383144348823861,-3.217845734329813,-3.373519141365666,-3.1968474866407806,-3.3669991749649215,-3.2094755152411194,0
48.96,-3.3639443866684515,-3.2178030789699794,-3.4098354884854283,-3.1640526424451902,-3.3726137289369746,-3.1912807170932695,0
48.992000000000004,-3.344744426604345,-3.2177603254138925,-3.3313572390476134,-3.2235860688275966,-3.344591161673258,-3.2041771502422933,0
49.024,-3.3255444684034514,-3.2177174728084648,-3.3700790629167265,-3.236964296882586,-3.3432663509903624,-3.21726624330091,0
49.056000000000004,-3.306344511854438,-3.217674522343247,-3.2861117107971998,-3.210054030952738,-3.308884523857637,-3.2143555362522234,0
49.088,-3.287144556759973,-3.2176314769809533,-3.2928555336675345,-3.1932718207087154,-3.290952956846008,-3.2058961738810807,0
49.120000000000005,-3.2679446029347967,-3.217588341208453,-3.289338664401568,-3.2060723612071125,-3.2787872690457567,-3.2059407218675933,0
49.152,-3.2487446502044546,-3.2175451208028605,-3.263282797647921,-3.2683719361391033,-3.2610655097689603,-3.2308872337506163,0
49.184,-3.2295446984045406,-3.217501822607679,-3.2262693585006055,-3.184147819271685,-3.2356270786391983,-3.2121654516869973,0
49.216,-3.2103447473803577,-3.217458454314717,-3.2211406552811237,-3.2035749457511415,-3.21831253875822,-3.2087031954306604,0
49.248,-3.1911447969869045,-3.217415024248605,-3.1692514093099713,-3.202655035854765,-3.1871681165145533,-3.2062578452213053,0
49.28,-3.1719448470891183,-3.2173715411521293,-3.163909915838583,-3.2361118983858868,-3.1663448658414564,-3.2181733528755503,0
49.312,-3.1527448975623047,-3.2173280139721623,-3.1581995806499314,-3.153089410948423,-3.1515667814119315,-3.1921136405518595,0
49.344,-3.133544948292687,-3.21728445164755,-3.139913016166724,-3.2171266690664138,-3.135385304999014,-3.2020926996591204,0
49.376,-3.1143449991780185,-3.2172408629018405,-3.094186551230145,-3.2020911407808805,-3.1073858332034323,-3.2020659120447243,0
49.408,-3.0951450501281808,-3.217197256045058,-3.097224208932968,-3.2197452347942566,-3.0918012132234374,-3.2091114699723553,0
49.44,-3.075945101065709,-3.21715363878971,-3.100574060682793,-3.219681356397263,-3.0837903819419665,-3.2133132504900845,0
49.472,-3.056745151926176,-3.2171100180868186,-3.036378295648328,-3.214049421705034,-3.0533055771574222,-3.2135815457599257,0
49.504,-3.037545202658373,-3.217066399987893,-3.0363533272333583,-3.1768717453075297,-3.0350047069116823,-3.1988714563334875,0
49.536,-3.0183452532242363,-3.2170227895383876,-3.0363617032313153,-3.1699932007117027,-3.0240275351486843,-3.1872939913149985,0
49.568,-2.9991453035984805,-3.2169791907073386,-3.0092485634296913,-3.226112723285696,-3.0065959761512837,-3.202795329659889,0
49.6,-2.9799453537679077,-3.21693560635658,-3.0266040075738445,-3.2176699106498883,-3.0030792183888364,-3.2087190171347952,0
49.632,-2.960745403730401,-3.2168920382512813,-2.9779221724341753,-3.195296676859075,-2.981496429652556,-3.2033239461911305,0
49.664,-2.9415454534936094,-3.2168484871116427,-2.907532115517648,-3.1822085098753714,-2.9403907336212853,-3.1948516469020953,0
49.696,-2.9223455030733723,-3.2168049527035403,-2.9117397101956857,-3.1817949615910175,-2.9174103538520653,-3.1896028575555206,0
49.728,-2.90314555249194,-3.2167614339639004,-2.9322689886955957,-3.209738568535572,-2.9118338373710073,-3.197631035310616,0
49.76,-2.883945601776065,-3.2167179291546977,-2.880028961943027,-3.197350044325612,-2.887591916764769,-3.1974925395856815,0
49.792,-2.864745650955054,-3.2166744360378865,-2.894896744391867,-3.2472706143237646,-2.878993877367381,-3.2173776759630073,0
49.824,-2.845545700058866,-3.216630952062386,-2.870848758764437,-3.209827540903449,-2.864215859468412,-3.214331532640704,0
49.856,-2.826345749116347,-3.2165874745535272,-2.890823909599683,-3.2292006717955384,-2.863339109057158,-3.2202531016396123,0
49.888,-2.807145798153679,-3.216544000895214,-2.7677702110340188,-3.2198619147071166,-2.813591579381505,-3.2200705413664514,0
49.92,-2.787945847193107,-3.2165005286954624,-2.8086425586414703,-3.207459777855576,-2.8000920006193435,-3.2150001503516097,0
49.952,-2.7687458962519966,-3.21645705592693,-2.7584236487686833,-3.213252893311318,-2.7719046894154546,-3.2142751608108093,0
49.984,-2.749545945342252,-3.2164135810355203,-2.728837964012391,-3.2257881727544846,-2.7431580287946815,-3.2188542770633592,0
50.016,-2.7303459944701,-3.216370103012035,-2.724266836190042,-3.242411348458095,-2.7240815812981336,-3.228251014952887,0
50.048,-2.7111460436362416,-3.2163266214240145,-2.687465680427422,-3.159807185629159,-2.6979152505000115,-3.2008473904120978,0
50.08,-2.691946092836338,-3.2162831364073083,-2.7104099543962596,-3.239968745584135,-2.6913931616128,-3.216469837848453,0
50.112,-2.6727461420617926,-3.2162396486192733,-2.6442562662934046,-3.195587528090692,-2.661018433042101,-3.208090818091124,0
50.144,-2.6535461913007725,-3.2161961591578097,-2.6505286979913385,-3.2437624968200276,-2.645302568579776,-3.222333393322341,0
50.176,-2.6343462405394025,-3.216152669452436,-2.612777080851781,-3.2241374997352765,-2.6207724030453106,-3.223028940178276,0
50.208,-2.6151462897630537,-3.216109181135235,-2.605049593204057,-3.2135963027715193,-2.602963308661991,-3.219229791073519,0
50.24,-2.595946338957644,-3.2160656959006446,-2.55058495272499,-3.217311295997533,-2.570491995834579,-3.2184363014580395,0
50.272,-2.5767463881108665,-3.216022215363618,-2.585568327580413,-3.2509921008887126,-2.5650025580725115,-3.231432533083824,0
50.304,-2.55754643721327,-3.215978740925666,-2.5200591429107404,-3.166630189359448,-2.535505221538027,-3.2054855115865313,0
50.336,-2.5383464862591074,-3.2159352736576374,-2.529625773547571,-3.202131173887042,-2.5216334718616564,-3.2041176970975727,0
50.368,-2.5191465352469105,-3.2158918142069326,-2.466051480149419,-3.205420913953526,-2.487880704685765,-3.2046129092054785,0
50.4,-2.4999465841797384,-3.2158483627351466,-2.471727966948307,-3.204084023720229,-2.469899639089273,-3.2043752850226186,0
50.432,-2.480746633065092,-3.2158049188901177,-2.5236933670058983,-3.2375305230920466,-2.47989715974489,-3.217611314472402,0
50.464,-2.461546681914497,-3.2157614818140607,-2.49269794474383,-3.176762717395761,-2.4734975032255404,-3.2012458133543293,0
50.496,-2.4423467307427917,-3.2157180501870957,-2.4712384612760205,-3.211052079712606,-2.461073915921099,-3.2051422601359976,0
50.528,-2.423146779567165,-3.2156746223031543,-2.4245278969820516,-3.2016195544441794,-2.4349355378177426,-3.203707119471864,0
50.56,-2.403946828406025,-3.215631196173143,-2.361922881927203,-3.2521744463292688,-2.3942105049335494,-3.2230679919345713,0
50.592,-2.3847468772777725,-3.215587769648469,-2.389354690208822,-3.183605685183813,-2.380748208518386,-3.2072570097583055,0
50.624,-2.3655469261995674,-3.215544340556708,-2.342517223898749,-3.2468727361721212,-2.3539358441508025,-3.223077238396613,0
50.656,-2.346346975186173,-3.2155009068404317,-2.2940576683204807,-3.2118759670339894,-2.318464603307037,-3.2185706643457235,0
50.688,-2.3271470242489576,-3.2154574666899918,-2.3353518117525933,-3.259630512100383,-2.3136995161838096,-3.2349685334372715,0
50.72,-2.30794707339511,-3.215414018661478,-2.307282341390811,-3.1681707448284473,-2.299612675776851,-3.208223342815507,0
50.752,-2.288747122627127,-3.2153705617720165,-2.342040936925704,-3.296008624785071,-2.3050640097591346,-3.2433113749005766,0
50.784,-2.2695471719425964,-3.2153270955660638,-2.3029076075839505,-3.196561762269996,-2.292681478424366,-3.2245854435962853,0
50.816,-2.2503472213342897,-3.215283620148228,-2.243981372093157,-3.2243231427141623,-2.261681465439051,-3.224454431752905,0
50.848,-2.231147270790556,-3.2152401361803284,-2.2472172313915086,-3.250688436523157,-2.244375801377647,-3.2349219375607614,0
50.88,-2.211947320295998,-3.2151966448427256,-2.167969408205814,-3.223280735109409,-2.202293273674916,-3.230239356778792,0
50.912,-2.192747369832382,-3.215153147762281,-2.156760625164515,-3.1737483588823516,-2.1725602438425837,-3.2076168552496958,0
50.944,-2.1735474193797377,-3.2151096469114777,-2.135700783464425,-3.147182625137458,-2.146296489266062,-3.1834170595501643,0
50.976,-2.154347468917576,-3.215066144485115,-2.1307134105211225,-3.2343132610240013,-2.128543287342665,-3.203749436558139,0
51.008,-2.135147518426151,-3.21502264276246,-2.118095258959491,-3.1836155938923945,-2.112844105560763,-3.1956697973273225,0
51.04,-2.1159475678876922,-3.2149791439636908,-2.1098049034771345,-3.2300806723844335,-2.1001084542926436,-3.20940804784866,0
51.072,-2.096747617287522,-3.214935650109865,-2.045591098483616,-3.19191357641536,-2.0667815415259048,-3.202384163506193,0
51.104,-2.0775476666149877,-3.214892162895414,-2.0651248750467976,-3.2315240759188684,-2.0545989044808057,-3.2140140372597803,0
51.136,-2.0583477158641412,-3.2148486835813825,-2.033878150947059,-3.2283950822511382,-2.034790632602326,-3.21974036913189,0
51.168,-2.0391477650341185,-3.2148052129163016,-2.107334205611104,-3.2100815688070363,-2.0522880913288817,-3.2158507681650432,0
51.2,-2.0199478141291918,-3.21476175108979,-2.0232178255078748,-3.1789649377273204,-2.0291400145118708,-3.201070360300176,0
51.232,-2.00074786315848,-3.214718297721896,-2.0521725286980272,-3.221585064410035,-2.0268330496871445,-3.2092501709300256,0
51.264,-1.9815479121353463,-3.21467485188887,-1.9921762114903967,-3.1905480159873902,-2.001450343900425,-3.2017432418430856,0
51.296,-1.9623479610765135,-3.214631412183727,-1.9558674186947909,-3.227582464472516,-1.9716972033036329,-3.212052866667872,0
51.328,-1.9431480100009626,-3.214587976807707,-1.9095635936602042,-3.1958290181286615,-1.9353237889279309,-3.2055372647031293,0
51.36,-1.923948058928689,-3.2145445436867637,-1.9446746501823282,-3.2369755388674872,-1.9275441629105314,-3.2180865121869964,0
51.392,-1.9047481078794015,-3.2145011106055943,-1.8557254826095113,-3.207618648167596,-1.8872967202731483,-3.2138733034326377,0
51.424,-1.8855481568712487,-3.214457675350604,-1.8925808000329252,-3.218085712895587,-1.8778903816651322,-3.215532201839321,0
51.456,-1.8663482059196579,-3.214414235852613,-1.8586023221103944,-3.1964570454119814,-1.858655187338893,-3.2078760705371914,0
51.488,-1.8471482550363594,-3.2143707903201446,-1.8142597367655546,-3.205701315207965,-1.8293770366148387,-3.2069800954193557,0
51.52,-1.8279483042286528,-3.21432733735472,-1.8460264622204923,-3.1899294525671946,-1.824516836373424,-3.2001337604117093,0
51.552,-1.8087483534989606,-3.214283876040761,-1.7772111891882334,-3.2247660415137958,-1.7940746070274176,-3.209960589796175,0
51.584,-1.78954840284469,-3.214240406004312,-1.7926014157687626,-3.208552912609817,-1.781965360063713,-3.2093714307031886,0
51.616,-1.770348452258411,-3.214196927436821,-1.7890713880131281,-3.1839165325722734,-1.7732878007941093,-3.199163378432284,0
51.648,-1.7511485017283352,-3.214153441082438,-1.7562586275716192,-3.224937243183717,-1.7549561610650959,-3.2094468271871035,0
51.68,-1.7319485512390678,-3.2141099481896704,-1.7415425641830486,-3.16155470619127,-1.738070751879484,-3.190263878455964,0
51.712,-1.7127486007725838,-3.214066450430502,-1.7335787062875718,-3.188501720649845,-1.724753963214554,-3.1895329129602388,0
51.744,-1.693548650309376,-3.214022949792203,-1.6801976925587856,-3.205387463157556,-1.6954114845258108,-3.195848629904255,0
51.776,-1.6743486998297,-3.2139794484488062,-1.6825748399446363,-3.260934578485739,-1.6787568562656223,-3.2218569067687097,0
51.808,-1.6551487493148425,-3.2139359486205503,-1.7445971531515647,-3.213990285182841,-1.6935730045880677,-3.218684157425109,0
51.84,-1.6359487987483337,-3.213892452430355,-1.6602306312515005,-3.2389308985103638,-1.6687160848146387,-3.226756756181152,0
51.872,-1.6167488481170222,-3.2138489617665993,-1.593165164468819,-3.1906461656317053,-1.6269757462284256,-3.2122864262912496,0
51.904,-1.5975488974119427,-3.2138054781610546,-1.5526118669164208,-3.2119735898350585,-1.5857102240450303,-3.2121352027646286,0
51.936,-1.5783489466289153,-3.2137620026898532,-1.5787606414756963,-3.243439484977678,-1.5714104205470627,-3.2246308318446033,0
51.968,-1.5591489957688314,-3.21371853590388,-1.638430637475417,-3.1815570957066432,-1.5866985368363509,-3.2073752588041273,0
52.0,-1.539949044837606,-3.213675077793071,-1.5863179304664436,-3.20102321537834,-1.575026323795099,-3.2048083678123493,0
52.032000000000004,-1.5207490938457966,-3.2136316277869215,-1.511813646599878,-3.251043593204543,-1.538221282413796,-3.2232763887347167,0
52.064,-1.5015491428079102,-3.213588184791159,-1.4750531134120382,-3.19563680587214,-1.5014340443019027,-3.212194489881637,0
52.096000000000004,-1.4823491917414529,-3.2135447472582097,-1.4834817059440213,-3.2442267821175945,-1.4827331384420492,-3.2249813435057435,0
52.128,-1.4631492406657798,-3.21350131328691,-1.429188603211953,-3.2653701581696266,-1.449795353830619,-3.24111080729206,0
52.160000000000004,-1.4439492896008308,-3.213457880745031,-1.4109863643137335,-3.2333850413835936,-1.422751787504777,-3.237994438716063,0
52.192,-1.424749338565833,-3.2134144474067123,-1.394029265650694,-3.166141146082705,-1.3997428082473369,-3.209227058000012,0
52.224000000000004,-1.4055493875780607,-3.2133710110959472,-1.3659854844130177,-3.259642235440666,-1.3747199082038506,-3.2293670626393394,0
52.256,-1.3863494366517295,-3.2133275698268777,-1.3787596735660397,-3.179570492037297,-1.3648158438473967,-3.2094223643347695,0
52.288000000000004,-1.3671494857970947,-3.2132841219318475,-1.316537809096248,-3.228083642009861,-1.333984659455878,-3.2168608008010833,0
52.32,-1.3479495350198094,-3.2132406661689683,-1.3443793837566151,-3.219828680801114,-1.3266225786965662,-3.2180218731361547,0
52.352000000000004,-1.3287495843205759,-3.213197201802257,-1.3765827512788533,-3.190365305822662,-1.335086677261774,-3.206933161288931,0
52.384,-1.3095496336951111,-3.2131537286491803,-1.3298308874869433,-3.191465013105947,-1.321464390895716,-3.2007198119795923,0
52.416000000000004,-1.2903496831344246,-3.213110247092519,-1.2577937993387438,-3.211970881596102,-1.2844761838273189,-3.205194145147405,0
52.448,-1.271149732625388,-3.213066758055794,-1.2795402448323145,-3.1870606664396774,-1.2709818377924844,-3.1979146551132827,0
52.480000000000004,-1.2519497821515664,-3.2130232629438162,-1.3055788878064678,-3.197306117483335,-1.2733006873677128,-3.1976451386575313,0
52.512,-1.2327498316942567,-3.212979763552183,-1.2390717686569106,-3.167493777514161,-1.2480891494567699,-3.1855584911465615,0
52.544000000000004,-1.2135498812336742,-3.2129362619515645,-1.2511681723983454,-3.2243299457904713,-1.2378007882075537,-3.2010409696093904,0
52.576,-1.1943499307502146,-3.2128927603542197,-1.1927970221918467,-3.2521055638650918,-1.208279311373184,-3.2214407049060347,0
52.608000000000004,-1.1751499802257124,-3.212849260971368,-1.180672277904329,-3.2614135414105516,-1.1857165275524442,-3.2374037393572253,0
52.64,-1.1559500296446183,-3.212805765870608,-1.1576081434809782,-3.1792292817378707,-1.1629532034830103,-3.2141078595339003,0
52.672000000000004,-1.1367500789950151,-3.21276227684259,-1.226500466653028,-3.2007457925100704,-1.1768521383004775,-3.208736940225708,0
52.704,-1.1175501282694047,-3.21271879528554,-1.0966165673410273,-3.2222682979567945,-1.13323793945505,-3.214123395722023,0
52.736000000000004,-1.0983501774652107,-3.2126753221150963,-1.03534413006312,-3.2209828752578264,-1.0825604452248268,-3.216841105151771,0
52.768,-1.0791502265849584,-3.2126318577052637,-1.0376464552285452,-3.1986764438995166,-1.0530748787411257,-3.2095491634503137,0
52.800000000000004,-1.0599502756361179,-3.2125884018642985,-1.0849533427542841,-3.2055625624820223,-1.0543062938502883,-3.207928450684162,0
52.832,-1.0407503246306185,-3.212544953847073,-1.0281670380827703,-3.188678000574883,-1.0323306210377963,-3.2002022024096197,0
52.864000000000004,-1.0215503735840665,-3.212501512403119,-0.9949710856630997,-3.2347727023059645,-1.0058668363751826,-3.214004337343619,0
52.896,-1.0023504225147213,-3.2124580758572443,-0.9840726523025248,-3.244140998266168,-0.9856291922287344,-3.2260329387453797,0
52.928000000000004,-0.9831504714422987,-3.2124146422175293,-1.006291675446872,-3.27003904058703,-0.9823742149968542,-3.2436093172898253,0
52.96,-0.9639505203866849,-3.212371209303735,-0.9679767426457946,-3.23067102790663,-0.9650952555385586,-3.2384079387865645,0
52.992000000000004,-0.9447505693666476,-3.2123277748878474,-0.9293129100143577,-3.184776931185324,-0.9392623468152029,-3.216929471140858,0
53.024,-0.9255506183986283,-3.2122843368377048,-0.9191997406893476,-3.2184285522992435,-0.9197173338580468,-3.2175030359653256,0
53.056000000000004,-0.9063506674956942,-3.212240893254455,-0.9018761394536645,-3.2373171076835683,-0.9010608855985662,-3.2254025929966064,0
53.088,-0.887150716666714,-3.212197442594983,-0.9299643732137015,-3.1918821044462256,-0.9011023101576214,-3.2119683211782855,0
53.120000000000005,-0.8679507659158052,-3.2121539837714237,-0.829231464725776,-3.2511674818038157,-0.8608340015095663,-3.227621903868351,0
53.152,-0.8487508152420848,-3.2121105162213395,-0.8178641687107703,-3.235111626683974,-0.8321260979266154,-3.23059170618495,0
53.184000000000005,-0.8295508646397349,-3.2120670399440363,-0.8253645409782728,-3.155973252514016,-0.8179015046951675,-3.200718232907865,0
53.216,-0.8103509140983762,-3.212023555500669,-0.8287813859820042,-3.1760992532980734,-0.8107334867678212,-3.1908445448284706,0
53.248000000000005,-0.791150963603727,-3.211980063978117,-0.7926094701661417,-3.2684164021853204,-0.7919639096931591,-3.2218471879662225,0
53.28,-0.771951013138506,-3.2119365669189555,-0.7475921235919172,-3.1915095048256545,-0.7626952248243015,-3.209686012422453,0
53.312,-0.7527510626835264,-3.2118930662220224,-0.7939805388307397,-3.244609981593511,-0.7636893800013205,-3.223629496567349,0
53.344,-0.7335511122189159,-3.211849564019995,-0.6598717720073819,-3.1991581945450016,-0.7106423663779875,-3.213814872324701,0
53.376,-0.7143511617253864,-3.2118060625418647,-0.6938339289761329,-3.1938891105984157,-0.6923990209882946,-3.2058184656098296,0
53.408,-0.6951512111854773,-3.211762563969183,-0.714191122770939,-3.207487191481058,-0.6895958912664233,-3.2064598565714784,0
53.44,-0.6759512605846898,-3.2117190702953566,-0.6801162846828462,-3.2138627303422767,-0.6742840781896884,-3.2093949103880712,0
53.472,-0.6567513099124376,-3.2116755831970663,-0.6571932471482999,-3.217385175074004,-0.6559277753195998,-3.2125649250846555,0
53.504,-0.6375513591627493,-3.2116321039261138,-0.6063968141867008,-3.1588583808841997,-0.6245954204014864,-3.1910562212678486,0
53.536,-0.6183514083346718,-3.211588633228667,-0.6361877199148576,-3.2025555188052355,-0.6177123697300079,-3.195629859388975,0
53.568,-0.5991514574323437,-3.2115451712971237,-0.5429406599395276,-3.2479884969438824,-0.5762837153254301,-3.2165472386229195,0
53.6,-0.5799515064647306,-3.2115017177576792,-0.5635296332091911,-3.1925055338273927,-0.5596621119800513,-3.2069044855557056,0
53.632,-0.5607515554450414,-3.2114582716944127,-0.5690536597160447,-3.2513491609919676,-0.551898760566806,-3.2246562884537022,0
53.664,-0.5415516043898609,-3.211414831708324,-0.472217586034863,-3.1849316982770848,-0.5085063202399294,-3.208740387962186,0
53.696,-0.5223516533180624,-3.211371396007513,-0.5368576710924773,-3.218287668815406,-0.5083268900631113,-3.212533237536597,0
53.728,-0.5031517022495721,-3.2113279625226876,-0.5421106954346238,-3.188929385235429,-0.5103204416931014,-3.2030656341942603,0
53.76,-0.4839517512040721,-3.211284529040551,-0.5343667568607023,-3.2026730167077773,-0.5084189972437605,-3.2028825237908674,0
53.792,-0.4647518001997276,-3.2112410933464774,-0.48515403609918867,-3.2395291657894685,-0.48759304227465317,-3.2175151149255505,0
53.824,-0.4455518492520216,-3.211197653367278,-0.43779057611772226,-3.2085194451489527,-0.45615208530824747,-3.2138907779699197,0
53.856,-0.42635189837277065,-3.2111542073048653,-0.3929490931986007,-3.224425943459281,-0.41935091797045343,-3.21807877083341,0
53.888,-0.40715194756938233,-3.211110753752197,-0.4324510945545493,-3.170242391653634,-0.4130710181212852,-3.198918140910711,0
53.92,-0.38795199684439624,-3.211067291784028,-0.36031925241802304,-3.2128009603097794,-0.3804503413690186,-3.2044451851862394,0
53.952,-0.36875204619533436,-3.211023821016624,-0.40597498750872374,-3.1892553221877162,-0.37914022936573827,-3.1983431512914713,0
53.984,-0.3495520956148661,-3.2109803416325664,-0.3330162089895281,-3.2370751286415023,-0.3491706507670861,-3.2138098486823505,0
54.016,-0.33035214509127664,-3.210936854369056,-0.3475201006741376,-3.1949749112083827,-0.33699046029121926,-3.2062497759597672,0
54.048,-0.31115219460920845,-3.2108933604704486,-0.33524552486813797,-3.1321146323200897,-0.32477251569065496,-3.176569617526193,0
54.08,-0.2919522441506324,-3.2108498616080765,-0.2339731763412635,-3.231604024062335,-0.2769328095243222,-3.198557277066101,0
54.112,-0.2727522936959904,-3.2108063597725183,-0.30750423476720345,-3.209612798830947,-0.2776414091967471,-3.202953381883199,0
54.144,-0.2535523432254402,-3.210762857145261,-0.2719617314428591,-3.1589417440533967,-0.263849567669287,-3.1853226233826937,0
54.176,-0.2343523927201272,-3.2107193559580254,-0.2274574227096921,-3.211394162228536,-0.2377727392554179,-3.19572513737318,0
54.208,-0.21515244216340215,-3.2106758583488375,-0.23157532409341242,-3.178757720722668,-0.22377380275377728,-3.188912072168402,0
54.24,-0.19595249154190575,-3.2106323662241265,-0.18767201141330497,-3.222697102362018,-0.19781311577170327,-3.2023999896928905,0
54.272,-0.1767525408464481,-3.210588881135751,-0.20832572029057977,-3.246542808419806,-0.19049818712266903,-3.2200310273527104,0
54.304,-0.15755259007262087,-3.210545404180891,-0.1492594865553496,-3.2291002616964657,-0.1624827364274964,-3.223632636406614,0
54.336,-0.1383526392210983,-3.210501935931263,-0.1285769289866979,-3.182155053374018,-0.13740044297106602,-3.2070155237501567,0
54.368,-0.11915268829760296,-3.21045847639622,-0.13491313991514034,-3.183908597346534,-0.1248855512572795,-3.1977466787397884,0
54.4,-0.09995273731253664,-3.210415025022122,-0.09806565171653378,-3.2435584500149903,-0.1026376209395503,-3.2160453172270715,0
54.432,-0.08075278628030008,-3.210371580728005,-0.07284966847078364,-3.276378331248131,-0.0792024694425347,-3.2401524563843624,0
54.464,-0.06155283521834799,-3.210328141975249,-0.06714082141730816,-3.1691254212379376,-0.06285783971731454,-3.2117155783608533,0
54.496,-0.042352884146044725,-3.210284706866751,-0.05346534173926915,-3.217259110973567,-0.04758087000816617,-3.213906928680663,0
54.528,-0.023152933083399205,-3.2102412732692067,-0.03837788385621729,-3.2060599856533156,-0.03237970502965685,-3.2107420886568727,0
54.56,-0.003952982049764776,-3.2101978389506214,-0.002381085211515295,-3.2263349460485538,-0.008860286587860448,-3.2169531673907352,0
54.592,0.01524696893740914,-3.2101544017241896,-0.014531769255164112,-3.2540016329949535,0.00039109085378170785,-3.2317464867673777,0
54.624,0.03444691986369303,-3.210110959589271,0.03241974411476398,-3.15090060806382,0.024722522658358267,-3.199382064715974,0
54.656,0.053646870718591345,-3.210067510860385,0.0825247463199121,-3.198591638230491,0.0593633826129166,-3.1990398190222784,0
54.688,0.07284682149619973,-3.210024054275907,0.05821734316578474,-3.162002397970356,0.07042493731254426,-3.1841987704392136,0
54.72,0.09204677219556767,-3.209980589079458,0.08965907468406618,-3.2427104296718134,0.08963856272770337,-3.2075773486996333,0
54.752,0.11124672282074874,-3.2099371150687412,0.13475366596091481,-3.2362420792484983,0.11920457447590169,-3.219017150347857,0
54.784,0.13044667338053678,-3.2098936326086642,0.11415740697668435,-3.180556294074218,0.12870567792053458,-3.2036067125907177,0
54.816,0.14964662388790692,-3.209850142607894,0.18262066498181423,-3.1885019891977833,0.16179164318049788,-3.197538724072771,0
54.848,0.1688465743591947,-3.209806646460342,0.20191287205466157,-3.246664309865492,0.18936010515904406,-3.217162856331018,0
54.88,0.1880465248130631,-3.2097631459553466,0.18665754252157088,-3.2273128464148026,0.19979905052908653,-3.2211967486089517,0
54.912,0.20724647526931864,-3.2097196431623307,0.2004669125744771,-3.213423038841582,0.2115861657713956,-3.218061160559869,0
54.944,0.22644642574764778,-3.209676140297376,0.24431241990355634,-3.185477686325052,0.23619663785056003,-3.2050016676718025,0
54.976,0.2456463762663529,-3.2096326395803136,0.26419382963860216,-3.223508750366867,0.2589154849971106,-3.2123783997765383,0
55.008,0.2648463268411666,-3.2095891430915553,0.23376114945748913,-3.2860227659096974,0.26037372122018865,-3.2418100486064345,0
55.04,0.28404627748422395,-3.2095456526378983,0.3386617334587153,-3.2343781454555898,0.3032088965641858,-3.238811193985115,0
55.072,0.3032462282032605,-3.20950216963597,0.29773741616264887,-3.1520021964052782,0.31254027486325836,-3.204061506491585,0
55.104,0.32244617900109473,-3.209458695020831,0.29408290420860606,-3.161450003772353,0.3166772970729078,-3.1869908221621186,0
55.136,0.3416461298754312,-3.209415229185632,0.3305568567849295,-3.1387979555785317,0.3337490914410074,-3.167687597489919,0
55.168,0.3608460808190022,-3.209371771956221,0.3549202063667752,-3.2242205542716764,0.35373750790558234,-3.1902747070138533,0
55.2,0.3800460318200397,-3.2093283226023277,0.44284922091761225,-3.189274423245675,0.40090216361412667,-3.1898485245013193,0
55.232,0.39924598286304586,-3.209284879884608,0.40231428304327993,-3.1991165143965397,0.41298698189686195,-3.193529654700626,0
55.264,0.41844593392980994,-3.209241442134514,0.4177312832131451,-3.1640684659019653,0.4264046729391944,-3.1817191155216786,0
55.296,0.43764588500060125,-3.209198007361827,0.42907520555427975,-3.2131963620929005,0.4389928565028901,-3.1942839513065784,0
55.328,0.45684583605545587,-3.209154573382937,0.4306261707174257,-3.2572438818814526,0.44716615270518556,-3.2194418601719295,0
55.36,0.47604578707547063,-3.209111137961591,0.48105125562596257,-3.223763994573512,0.47224016438584865,-3.2211446487427384,0
55.392,0.49524573804401933,-3.209067698953049,0.5109369788109539,-3.2763389123910978,0.4992388606614291,-3.2431962859995944,0
55.424,0.5144456889478128,-3.209024254442353,0.48818003406086785,-3.2002554498433526,0.5063353005176798,-3.2259938793278673,0
55.456,0.5336456397777379,-3.208980802867811,0.49238859603713103,-3.184890385666385,0.512276589211204,-3.2095264049107044,0
55.488,0.5528455905294254,-3.208937343121725,0.4992854200934791,-3.2018442047184954,0.5186000920381463,-3.2064274427063317,0
55.52,0.5720455412035156,-3.2088938746218765,0.5601243724582338,-3.1564268194457945,0.5467297746682744,-3.18640110600102,0
55.552,0.5912454918056087,-3.20885039734915,0.6136661257445767,-3.213257217171397,0.5850242855494897,-3.1971174580350863,0
55.584,0.6104454423459047,-3.208806911848861,0.6045010815818962,-3.2404965006396456,0.6043349744030222,-3.214442978174285,0
55.616,0.6296453928385569,-3.208763419195689,0.6544193654720221,-3.208033847619142,0.6358887012629943,-3.2118532254329972,0
55.648,0.6488453433007773,-3.2087199209244703,0.6199087327277557,-3.191445678887322,0.6410166842755293,-3.2036641037634004,0
55.68,0.6680452937517471,-3.208676418931294,0.6847484704503722,-3.228643927223871,0.6700293691691812,-3.2136299288113337,0
55.712,0.687245244211399,-3.20863291535128,0.6211270753340666,-3.1630819966739003,0.6619884220589487,-3.193384651664595,0
55.744,0.7064451946991424,-3.2085894124209093,0.7238613364177511,-3.250267939264497,0.6982575582293882,-3.216111863783225,0
55.776,0.7256451452326145,-3.2085459123337996,0.7162754712282312,-3.2067622546758283,0.7169846938617539,-3.2123459198263213,0
55.808,0.7448450958265346,-3.208502417099213,0.7832458886406947,-3.199788960790913,0.7550091422144896,-3.207297039573784,0
55.84,0.7640450464917392,-3.208458928412443,0.7897295250421282,-3.201470103502177,0.780417265796916,-3.204940173012853,0
55.872,0.7832449972344635,-3.2084154475454367,0.7843304495786816,-3.252517634703706,0.7935025097724238,-3.2239450706022525,0
55.904,0.8024449480559213,-3.2083719752647117,0.80598691305679,-3.253293227754,0.8100162415608814,-3.2356582516345584,0
55.936,0.8216448989522138,-3.2083285117818683,0.8457763865305028,-3.1834334015357024,0.8358402700350592,-3.2147422348985284,0
55.968,0.8408448499145778,-3.2082850567398817,0.854726451793173,-3.227494375063381,0.8549147132352102,-3.2198170189415123,0
56.0,0.8600448009299563,-3.2082416092360617,0.798272176346688,-3.2132182355849923,0.8437776689855583,-3.2171514374888894,0
56.032000000000004,0.879244751981855,-3.208198167880195,0.8461035645760803,-3.18006403942491,0.8562279977340792,-3.2022904130524115,0
56.064,0.8984447030514238,-3.2081547308841216,0.8477455206386381,-3.1749735804574013,0.8643549774120509,-3.191337616500933,0
56.096000000000004,0.9176446541186895,-3.2081112961769693,0.9195381335590176,-3.192599849883039,0.8979482103878542,-3.1918164467255403,0
56.128,0.9368446051638563,-3.208067861538619,0.9442558822195075,-3.1777625220841146,0.9279912496353757,-3.1861688127879253,0
56.160000000000004,0.9560445561685857,-3.208024424742806,0.9950381334826395,-3.177518432683753,0.9663299736840962,-3.182682594434735,0
56.192,0.975244507117173,-3.2079809837006326,0.9987391511739233,-3.2008752328340724,0.9908136151822302,-3.1899335801175805,0
56.224000000000004,0.9944444579975449,-3.2079375365952507,0.9964754748692632,-3.1418854563101015,1.0045983295495549,-3.170688256633408,0
56.256,1.0136444088020196,-3.207894081999033,1.0143925331636399,-3.183645922595595,1.02003598147655,-3.1758452441291483,0
56.288000000000004,1.0328443595277825,-3.2078506189656797,1.0885165209064802,-3.1876770536489873,1.0589481677179897,-3.1805518837931475,0
56.32,1.0520443101770547,-3.2078071470913216,1.0931248972492642,-3.282488026460427,1.084138829988094,-3.2213002514724227,0
56.352000000000004,1.0712442607569435,-3.2077636665406657,1.0972362084943983,-3.226027543446445,1.100897751837122,-3.2231650739790925,0
56.384,1.0904442112789892,-3.2077201780364932,1.0576987026456919,-3.216719863652868,1.095138102597466,-3.220560891333637,0
56.416000000000004,1.1096441617584347,-3.207676682813167,1.05354412852191,-3.2451409147217833,1.0900204833966864,-3.2303667988773457,0
56.448,1.128844112213263,-3.2076331825371396,1.1435388452401152,-3.1865502428514567,1.122947798558626,-3.2128140725061756,0
56.480000000000004,1.148044062663058,-3.207589679199569,1.1562121274459871,-3.1966664001798626,1.147773500536177,-3.206328898750813,0
56.512,1.167244013127758,-3.207546174987969,1.1771563013070272,-3.188625304553205,1.1710465912682013,-3.1992213567232026,0
56.544000000000004,1.1864439636263802,-3.207502672145159,1.1821754854075457,-3.219134517781799,1.1870181193516691,-3.207160518583259,0
56.576,1.205643914175792,-3.2074591728246196,1.205532143030624,-3.2078365285567916,1.205943699257732,-3.207404822987592,0
56.608000000000004,1.2248438647896132,-3.2074156789515804,1.2503536790977592,-3.221365628340083,1.2352276616372413,-3.2129630495221706,0
56.64,1.24404381547732,-3.2073721920988087,1.2658108105007468,-3.213798882705707,1.2589808916368415,-3.2132712919108917,0
56.672000000000004,1.2632437662436138,-3.207328713385113,1.2508522558225201,-3.2175358101988003,1.2672494077769991,-3.21495101350089,0
56.704,1.282443717088102,-3.2072852434031147,1.2988482390794074,-3.1776300170537652,1.2914089107757687,-3.1999965344606727,0
56.736000000000004,1.3016436680053123,-3.2072417821809456,1.297129728667484,-3.2408305266764774,1.3052172084216422,-3.2163040559133744,0
56.768,1.3208436189850452,-3.207198329180344,1.3497104719103659,-3.1712921728090318,1.3345344843164257,-3.198273231704551,0
56.800000000000004,1.3400435700130406,-3.2071548833312713,1.30517486243096,-3.2106996956487777,1.334310606069713,-3.20321774993144,0
56.832,1.3592435210719127,-3.2071114431008176,1.3642036151624508,-3.1650112343557146,1.3577877802200053,-3.187909078882104,0
56.864000000000004,1.3784434721422885,-3.2070680065919537,1.3685617889593793,-3.169907503943752,1.3736173542318504,-3.1806823853705395,0
56.896,1.3976434232040738,-3.2070245716657646,1.342939096563654,-3.189702145251971,1.3728660216805517,-3.1842642257368543,0
56.928000000000004,1.4168433742377577,-3.2069811360792913,1.4510109541066187,-3.1882113861331236,1.415643965163834,-3.185817024928202,0
56.96,1.4360433252256715,-3.206937697630101,1.4641827653318822,-3.2180457337691175,1.4465794557379734,-3.1986824408734305,0
56.992000000000004,1.4552432761531173,-3.206894254298271,1.4488691289744864,-3.1788944125352523,1.459015295531132,-3.190741158247932,0
57.024,1.474443227009301,-3.206850804376639,1.4797172954396565,-3.1947208075022164,1.478816065982831,-3.192306942122526,0
57.056000000000004,1.4936431777880075,-3.2068073465809253,1.5500026212148026,-3.217650358820668,1.5188106585524062,-3.2024182278913687,0
57.088,1.512843128487983,-3.2067638801326313,1.4865347671522753,-3.22707624988339,1.517420272457136,-3.212255350474752,0
57.120000000000005,1.5320430791130064,-3.2067204048093507,1.515098833893345,-3.19127752799248,1.5280116674846673,-3.2038381300866243,0
57.152,1.5512430296716422,-3.206676920959252,1.4939970952662518,-3.2225221352028464,1.5259258090396393,-3.2112856360105204,0
57.184000000000005,1.570442980176697,-3.206633429478775,1.6153499703061047,-3.21326475844561,1.5732154439795683,-3.2120511848929736,0
57.216,1.5896429306444109,-3.206589931754969,1.5847326356440727,-3.2060499796300665,1.5893422910720116,-3.209624599740744,0
57.248000000000005,1.6088428810934308,-3.2065464295761705,1.5721772692675517,-3.2213709613865498,1.5939962527728946,-3.214297039599839,0
57.28,1.6280428315436288,-3.2065029250167765,1.6410986886450525,-3.2092439714062353,1.6243571975434323,-3.2122497070865803,0
57.312000000000005,1.647242782014836,-3.206459420303525,1.6709135919579268,-3.1874818659365203,1.6544997257329577,-3.202316466297148,0
57.344,1.6664427325255695,-3.206415917671918,1.629998989945704,-3.1895972700848256,1.656219401846748,-3.197202685673033,0
57.376,1.6856426830918345,-3.206372419222032,1.6586808664822215,-3.214526928878773,1.6687239581371818,-3.2041062841481884,0
57.408,1.7048426337260787,-3.2063289267830366,1.702040183107302,-3.232379916699441,1.6935704185711251,-3.215389642619756,0
57.44,1.724042584436371,-3.2062854417951465,1.701274640917833,-3.1875772088936114,1.7081720779668266,-3.2042385794892976,0
57.472,1.7432425352258616,-3.2062419652166447,1.7925630388577016,-3.151746632491155,1.7534484327920692,-3.183215716292238,0
57.504,1.7624424860925643,-3.206198497461967,1.8241310668726263,-3.2265433835434205,1.7932414569050414,-3.2005207040313417,0
57.536,1.7816424370294757,-3.206155038374846,1.8172829129662493,-3.2227102591442676,1.8143780098213467,-3.2093704518070707,0
57.568,1.80084238802503,-3.2061115872382553,1.8634261159641992,-3.2425758664078317,1.8455172227798817,-3.2226265476087383,0
57.6,1.820042339063855,-3.206068142820507,1.856698629975926,-3.1740609869643435,1.8615097561671465,-3.203174256607945,0
57.632,1.8392422901277796,-3.206024703454539,1.83314395777323,-3.2124498281703313,1.8616834073232793,-3.2068584206364,0
57.664,1.8584422411970234,-3.205981267145278,1.8557253444867807,-3.2381922250538397,1.8708201527043156,-3.219365878664508,0
57.696,1.8776421922514854,-3.205937831698173,1.88907896225744,-3.152665042413349,1.8896436470400952,-3.1926594799371086,0
57.728,1.8968421432720461,-3.205894394860606,1.8904032954853596,-3.1898497778549832,1.9014674769286501,-3.191509533073507,0
57.76,1.916042094241797,-3.205850954467083,1.925124198022537,-3.196456341009259,1.9224501358698576,-3.1934621872122833,0
57.792,1.9352420451471188,-3.2058075085788516,1.9146809325285195,-3.2329636157343895,1.9308624250278965,-3.209236685572112,0
57.824,1.9544419959785406,-3.2057640556089395,2.004491498231763,-3.196990016982119,1.9718340247932367,-3.204311940322248,0
57.856,1.9736419467313318,-3.2057205944245712,1.996227809265408,-3.2478415665296634,1.9931115090541072,-3.2216977077810047,0
57.888,1.9928418974057904,-3.2056771244203373,2.0006149224951315,-3.201933049532829,2.0076328448904714,-3.2137657561363833,0
57.92,2.0120418480072164,-3.205633645557399,1.99798186527786,-3.230440762334345,2.015292423493854,-3.2204096651802225,0
57.952,2.0312417985455706,-3.205590158366185,1.997288786599095,-3.184804903588625,2.0196109391741093,-3.2061416625765284,0
57.984,2.0504417490348454,-3.205546663912384,2.0707207990496976,-3.202219372366693,2.0515748535541567,-3.2045466448433575,0
58.016,2.0696416994921822,-3.2055031637284093,2.0618548277513513,-3.2131209687789783,2.0672068136569592,-3.2079502701722546,0
58.048,2.088841649936787,-3.2054596597147365,2.0366118842445204,-3.1994936460485444,2.06648881231286,-3.2045415149339327,0
58.08,2.1080416003887126,-3.2054161540174637,2.098443132194727,-3.2340375146055846,2.0907905106864693,-3.2163138092087316,0
58.112,2.1272415508675793,-3.2053726488899805,2.160056173932621,-3.2459854066707714,2.130016746408813,-3.228156343932648,0
58.144,2.1464415013913123,-3.2053291465476628,2.195841792195259,-3.2076443928069316,2.1678667351531313,-3.219925461805647,0
58.176,2.1656414519749787,-3.2052856490249657,2.1683135377957328,-3.158024392100321,2.1795654266482263,-3.195138935914717,0
58.208,2.184841402629802,-3.205242158044137,2.13459273513015,-3.1835752959030827,2.1730963204892806,-3.1904873864154712,0
58.24,2.2040413533624172,-3.205198674904024,2.238997285614174,-3.2347138729449596,2.2109766769990062,-3.2081518926010784,0
58.272,2.2232413041744254,-3.205155200396153,2.199527584582474,-3.1891813248715453,2.217917010504154,-3.2005375823777396,0
58.304,2.2424412550622765,-3.2051117347535016,2.2425551598645117,-3.179351510158113,2.2392922407317815,-3.192037075536634,0
58.336,2.2616412060174937,-3.2050682776352715,2.28432691870366,-3.2212273524393122,2.2688260824147144,-3.203687113071052,0
58.368,2.2808411570272233,-3.2050248281486535,2.323644742993463,-3.1883161000435827,2.302273517149373,-3.1975126386020656,0
58.4,2.3000411080750767,-3.2049813849061892,2.374709285935308,-3.193655166171431,2.342767795173584,-3.1959435833249734,0
58.432,2.3192410591422035,-3.2049379461150296,2.3303253960034427,-3.1776092451392253,2.3493108060193095,-3.188583783491321,0
58.464,2.338441010208522,-3.2048945096923553,2.3545432928083114,-3.211153896997212,2.3629237712496467,-3.1975857647577257,0
58.496,2.3576409612540257,-3.2048510733995235,2.3231285584970482,-3.2511278605999623,2.3585256566612434,-3.2189765380307565,0
58.528,2.376840912260074,-3.2048076349863024,2.429208976911368,-3.1966569189663177,2.398318955268904,-3.2100226231197695,0
58.56,2.396040863210589,-3.2047641923359094,2.3909596686458627,-3.2146592618892647,2.406895211119668,-3.2118512079688526,0
58.592,2.4152408140930746,-3.204720743601509,2.4414170049405532,-3.1606287403225153,2.4322238991382523,-3.1913361459415728,0
58.624,2.434440764899405,-3.204677287325374,2.445577613117373,-3.2126051471914563,2.4490853552088843,-3.1998176665023257,0
58.656,2.453640715626328,-3.2046338225330286,2.401310507014122,-3.2071307540019034,2.441495386397939,-3.2027168162508857,0
58.688,2.4728406662756615,-3.2045903487962897,2.459987255381653,-3.21509626090413,2.4604121044463554,-3.207642503548202,0
58.72,2.492040616854172,-3.2045468662611305,2.510511845300436,-3.22568639216463,2.491971971231655,-3.2148339634586165,0
58.752,2.5112405673731444,-3.204503375638548,2.4487735755934072,-3.187432145965715,2.4862125834102513,-3.20384713661303,0
58.784,2.53044051784767,-3.204459878158997,2.5002963089296,-3.1795782526112517,2.503366044044234,-3.194113479788478,0
58.816,2.5496404682956957,-3.2044163754933006,2.555335680349297,-3.1955933990822323,2.5356738689874625,-3.1946793420602466,0
58.848,2.56884041873689,-3.204372869645127,2.5819306481974613,-3.2407265522149142,2.565696551090563,-3.2130721197503735,0
58.88,2.588040369191394,-3.2043293628219294,2.5861065036267865,-3.193386597453725,2.585380502525123,-3.205171804888698,0
58.912,2.6072403196785343,-3.2042858572926773,2.6308407134975984,-3.111415415550174,2.615084557338161,-3.1676431449652305,0
58.944,2.6264402702155785,-3.2042423552415356,2.6226594570673147,-3.204643522613191,2.6296344876605966,-3.182417194803493,0
58.976,2.645640220816611,-3.204198858626935,2.6736728457529355,-3.2239464320833697,2.6587698013373435,-3.199002792481539,0
59.008,2.664840171491609,-3.2041553690551274,2.7142731233833954,-3.2298906189280148,2.692491100606337,-3.2113318305749496,0
59.04,2.684040122245779,-3.2041118876763828,2.7050738663574476,-3.213312112602056,2.709044177369141,-3.2120978561035987,0
59.072,2.7032400730792046,-3.2040684151105423,2.662038411407944,-3.2164878561788495,2.7017618414590716,-3.2138277741718397,0
59.104,2.722440023986828,-3.204024951406733,2.702332336500595,-3.2210523005534353,2.71351000996162,-3.21669150785561,0
59.136,2.7416399749587725,-3.203981496039857,2.7417845223240236,-3.231145814294707,2.7363397854027833,-3.2224471580977903,0
59.168,2.7608399259809877,-3.2039380479440993,2.7862888721366623,-3.2187244792448193,2.7678393906008685,-3.220932017906466,0
59.2,2.7800398770361654,-3.2038946055813,2.758283958254663,-3.194875152163159,2.7755371881727786,-3.210483205550469,0
59.232,2.799239828104872,-3.203851167039807,2.7841397619454917,-3.1946541009827953,2.7904981881952615,-3.2041254989947854,0
59.264,2.8184397791668134,-3.203807730157455,2.828880486157549,-3.2212196914025752,2.817371077893527,-3.210937111209592,0
59.296,2.8376397302021514,-3.203764292660748,2.836644949620178,-3.2228412806939524,2.8366005970944355,-3.2156727128841682,0
59.328,2.8568396811927785,-3.203720852311311,2.8555188848582933,-3.2326462406733203,2.855687882704263,-3.222436055244315,0
59.36,2.8760396321234754,-3.2036774070501624,2.8317362615545476,-3.229405533097569,2.857627204740214,-3.225197773895592,0
59.392,2.8952395829828723,-3.203633955130536,2.8723010617223257,-3.21277846189006,2.875016718018501,-3.2202039720089006,0
59.424,2.9144395337641646,-3.2035904952306753,2.8362040528952828,-3.165324938997874,2.8710116224429783,-3.198226276559443,0
59.456,2.933639484465531,-3.203547026539332,2.977446159122396,-3.2061459806212165,2.925105407576294,-3.201368070542956,0
59.488,2.952839435090242,-3.2035035488084347,2.978776043902382,-3.2082855793639924,2.9580936325563076,-3.2041089811444197,0
59.52,2.9720393856464487,-3.2034600623695093,2.9733532760248536,-3.2025282738838516,2.9757174603823477,-3.203450600476977,0
59.552,2.9912393361466685,-3.203416568112757,2.9913571090654916,-3.142358645778166,2.993493290284988,-3.17898771675784,0
59.584,3.010439286606999,-3.203373067430105,3.035515426923868,-3.207221647793286,3.021822115362996,-3.190255184277479,0
59.616,3.0296392370461045,-3.2033295621258615,2.9694015241448604,-3.2265821648015724,3.0123738492940286,-3.204759869755053,0
59.648,3.048839187484039,-3.203286054300705,3.00746270186595,-3.2212418563470306,3.021929360739942,-3.2113265571572294,0
59.68,3.0680391379409726,-3.2032425462164613,3.0832671730041477,-3.1831724742987975,3.057984456064726,-3.2000388176432253,0
59.712,3.087239088435902,-3.2031990401503596,3.0312265794230653,-3.2013388835607883,3.0588012758320904,-3.2005327398135837,0
59.744,3.1064390389854237,-3.2031555382481662,3.106811668893401,-3.1910170913276694,3.089525403488221,-3.1967003795653985,0
59.776,3.125638989602656,-3.203112042385653,3.159274957926872,-3.2400408255236663,3.1289451957050227,-3.214010461389993,0
59.808,3.1448389402963737,-3.203068554047345,3.1594866577146705,-3.18006615130826,3.152681750961484,-3.200406645767698,0
59.84,3.1640388910704234,-3.2030250742303745,3.1740640569203906,-3.206351130915684,3.1727546438097027,-3.202758353558398,0
59.872,3.183238841923459,-3.202981603379663,3.2295459593562326,-3.1839939563182895,3.2069911405050364,-3.195226513721911,0
59.904,3.2024387928490183,-3.2029381413586284,3.2257982025874883,-3.2558142325152497,3.2260339358260324,-3.2194355252879117,0
59.936,3.221638743835936,-3.202894687457335,3.233155349255909,-3.1618963783764986,3.240402471695786,-3.1963937948977366,0
59.968,3.2408386948690695,-3.202851240437592,3.2302834982308783,-3.1796163665341495,3.247874852815271,-3.189656755306966,0
60.0,3.260038645930287,-3.202807798612125,3.2819034276248105,-3.2095871006517895,3.2730062532495383,-3.1976028274128985,0
60.032000000000004,3.2792385969996447,-3.202764359952754,3.2923029762164577,-3.259779725398476,3.2922449129487896,-3.2224475214749826,0
60.064,3.2984385480566822,-3.202720922220643,3.3351040570340986,-3.2364503895130805,3.320908541094318,-3.2280226030823145,0
60.096000000000004,3.3176384990817396,-3.2026774831102585,3.343729086881128,-3.199091892372491,3.3415567299163174,-3.2164242513655497,0
60.128,3.336838450057215,-3.2026340403977893,3.3247672997127267,-3.191048147493933,3.3463609283352325,-3.206247739323369,0
60.160000000000004,3.356038400968684,-3.2025905920844924,3.376748376670119,-3.2029837047178407,3.370035878160256,-3.2049160508843224,0
60.192,3.3752383518058067,-3.202547136525729,3.42486448462134,-3.1811891655314435,3.403487291224705,-3.1953992172610297,0
60.224000000000004,3.3944383025629725,-3.202503672537378,3.3810318519742535,-3.257091150571178,3.406025085992418,-3.220049905746991,0
60.256,3.4136382532396463,-3.2024601994727524,3.3891341203711867,-3.2178787416959165,3.4107886701994024,-3.2191553498039553,0
60.288000000000004,3.4328382038403973,-3.202416717265027,3.4249726106964595,-3.1739994225849038,3.4279822168417833,-3.2010668833315483,0
60.32,3.452038154374611,-3.2023732264323934,3.4444388331573825,-3.197443289481474,3.446084833800925,-3.199591345503939,0
60.352000000000004,3.4712381048559013,-3.202329728045559,3.4704285972680307,-3.2025017225972037,3.4673423096119604,-3.200729392211762,0
60.384,3.4904380553012633,-3.202286223659609,3.492300168438759,-3.173891763923213,3.4888454235606714,-3.1899682340323157,0
60.416000000000004,3.5096380057300083,-3.202242715214563,3.510581315425609,-3.237714334746779,3.509059750721343,-3.2090405660023684,0
60.448,3.528837956162551,-3.202199204910971,3.5654607074942586,-3.2214733041666492,3.543140103845031,-3.2139875528765236,0
60.480000000000004,3.548037906619117,-3.202155695068502,3.5126519182476397,-3.1896944865376735,3.542464800023552,-3.204244219253982,0
60.512,3.567237857118453,-3.202112187976608,3.559255600442174,-3.176101356955185,3.560701090614373,-3.1929609698478774,0
60.544000000000004,3.5864378076766212,-3.2020686857468403,3.6080122501504457,-3.216053049225099,3.5911455248606243,-3.2021717008402004,0
60.576,3.6056377583059547,-3.202025190176334,3.6170291073547984,-3.2370293798636234,3.6130189283005754,-3.216088676305305,0
60.608000000000004,3.6248377090142485,-3.2019817026312536,3.566060815102099,-3.201226033836191,3.605755653475253,-3.210117528374964,0
60.64,3.6440376598042374,-3.201938223957724,3.671224587589959,-3.214109531763969,3.6434631975875513,-3.211688244239119,0
60.672000000000004,3.6632376106734053,-3.201894754426029,3.678136102522971,-3.216994332482217,3.6688523300402416,-3.2137845993912983,0
60.704,3.682437561614135,-3.2018512937117096,3.707458269068911,-3.2490599583014843,3.695814676141307,-3.2278686677031185,0
60.736000000000004,3.701637512614195,-3.201807840914855,3.730055942573886,-3.172542737054858,3.721031153213254,-3.205712224310278,0
60.768,3.7208374636575257,-3.2017643946164083,3.756070306888688,-3.2121099482398194,3.7465667851892923,-3.2082452458215975,0
60.800000000000004,3.740037414725277,-3.201720952967957,3.717105629276898,-3.2046475327712125,3.7463022933343173,-3.206780094363171,0
60.832,3.759237365797018,-3.201677513809311,3.770232793008964,-3.158542549593954,3.7673944637151644,-3.187459010663304,0
60.864000000000004,3.7784373168520493,-3.201634074806402,3.7458785675231616,-3.209547018687205,3.770308075747161,-3.1962681471134085,0
60.896,3.7976372678707158,-3.201590633600707,3.82836150269236,-3.2280178350744677,3.8050494170287728,-3.2089419532112142,0
60.928000000000004,3.8168372188356483,-3.2015471879606743,3.8263030435818415,-3.1758639030268485,3.8250708381455105,-3.1956846605048654,0
60.96,3.8360371697328515,-3.201503735925458,3.816621720447811,-3.202764535074894,3.8332111615516578,-3.1984905331553186,0
60.992000000000004,3.8552371205525713,-3.2014602759317565,3.8325899398742194,-3.1978066220544012,3.8444826433540094,-3.1981908862782715,0
61.024,3.8744370712898957,-3.201416806915601,3.80863247588925,-3.2291580664568813,3.8416625468286627,-3.2105516702714874,0
61.056000000000004,3.893637021945054,-3.201373328382523,3.9350601202604536,-3.2227501693559875,3.8905415466491053,-3.2154049761606633,0
61.088,3.9128369725233996,-3.201329840441521,3.9499468446274664,-3.2305960846267436,3.9258236362761005,-3.2214553204718364,0
61.120000000000005,3.9316561217069994,-3.2012872757428217,3.9745131349622613,-3.267855199382082,3.956572965917842,-3.239989756647354,0
61.152,3.949887821806468,-3.2012460669825247,3.968822229370971,-3.2125264126172364,3.972384873901377,-3.228979764819182,0
61.184000000000005,3.9675307700608,-3.201206216503473,3.951876612644102,-3.175590277988256,3.9747437234510032,-3.207600147976881,0
61.216,3.984601049395904,-3.2011677149982916,3.9497876435971975,-3.2297510808255963,3.974984701029463,-3.2164374970805936,0
61.248000000000005,4.001117752185119,-3.2011305182570076,3.9724875706660576,-3.2235927910842936,3.9838815090965034,-3.219277354777798,0
61.28,4.017099932100981,-3.2010945699592797,3.9717423025243255,-3.2313981390038746,3.98860436602539,-3.2241041402177606,0
61.312000000000005,4.032565933385938,-3.2010598134038615,3.99730843695933,-3.227289221040774,4.001357676126378,-3.2253573453454862,0
61.344,4.047533296029578,-3.2010261952977053,4.10783804275242,-3.2304933349349274,4.052924557290731,-3.227391586390389,0
61.376000000000005,4.062018792658681,-3.2009936665563674,4.106006882637152,-3.206651833176319,4.082844848580885,-3.219076176013978,0
61.408,4.076038488033927,-3.2009621821630194,4.091226797187261,-3.1890681320370105,4.094606867631338,-3.2070540701455275,0
61.44,4.089607795824038,-3.200931700769501,4.070060156243485,-3.2108744646801894,4.092928244517507,-3.208563937294646,0
61.472,4.102741527985717,-3.2009021842555607,4.1107560971076955,-3.20254987730254,4.107938916264598,-3.2061405985833256,0
61.504,4.115453936924824,-3.2008735973147635,4.107610892317747,-3.217009449738355,4.115435069714753,-3.210470980006761,0
61.536,4.127758751552001,-3.2008459070876008,4.137778423541384,-3.1768058272535202,4.1317556959954125,-3.196988296514573,0
61.568,4.139669208358092,-3.2008190828451277,4.091931251726432,-3.2309559171542896,4.122972950568156,-3.2105592411138373,0
61.6,4.151198078460772,-3.2007930957196606,4.116114853315474,-3.2114620141071,4.1271480631472315,-3.2109047484710116,0
61.632,4.162357691390346,-3.2007679184765143,4.16228146693317,-3.2752392443797804,4.147898421806335,-3.2366234307818074,0
61.664,4.173159956226313,-3.2007435253202514,4.192057347375971,-3.206799556541297,4.172044724581887,-3.224679235584607,0
61.696,4.1836163805700135,-3.2007198917294146,4.172484859194107,-3.2456083459126317,4.178496107461979,-3.2330366902395458,0
61.728,4.193738087738359,-3.200696994314643,4.176883400635228,-3.2409476863278854,4.183925590392951,-3.236187341330119,0
61.76,4.203535832484349,-3.200674810696118,4.144502288228075,-3.2158307936023847,4.174036498386691,-3.22803140370021,0
61.792,4.21302001548746,-3.2006533193972353,4.226776762923279,-3.211142906390402,4.20082471633951,-3.2212631022274127,0
61.824,4.222200696807656,-3.2006324997521687,4.219619579694709,-3.1468295315410164,4.213852677485809,-3.191477175036699,0
61.856,4.231087608457709,-3.200612331825593,4.2106161939268745,-3.2038982043452893,4.217891830766929,-3.1964334795341927,0
61.888,4.239690166217854,-3.200592796343232,4.291476205786477,-3.158606365345088,4.252488698759703,-3.1812909067571074,0
61.92,4.248017480792423,-3.2005738746321666,4.221231595389303,-3.163299193350326,4.244983806273513,-3.1740828631962232,0
61.952,4.256078368388935,-3.2005555485699912,4.25892407540418,-3.209978448366751,4.25539797833591,-3.18843009706558,0
61.984,4.263881360784944,-3.200537800541997,4.2859559819683,-3.2100924838553646,4.272304475146999,-3.197084398972658,0
62.016,4.271434714935888,-3.2005206134055877,4.282037805962632,-3.1729624740967104,4.280731285368969,-3.187425313270287,0
62.048,4.278746422167695,-3.200503970461161,4.27306108661899,-3.2516427355623625,4.282051659358159,-3.2131022934199973,0
62.08,4.285824216990297,-3.2004878554286895,4.280301484464283,-3.1592074861519897,4.2855996581055225,-3.19153469890796,0
62.112,4.2926755855622245,-3.200472252429248,4.277586513765164,-3.2030653121037695,4.286506575409538,-3.1961375801613747,0
62.144,4.299307773831652,-3.2004571459707574,4.351085052182865,-3.2125745293651846,4.316318594879382,-3.2027032940488294,0
62.176,4.305727795375422,-3.2004425209372385,4.291653325440208,-3.2014537405072305,4.310305777847326,-3.2021946959479846,0
62.208,4.311942438954544,-3.200428362580915,4.304612938453681,-3.210795754629044,4.311758668418503,-3.205626622949453,0
62.24,4.3179582758021775,-3.2004146565165543,4.242937321740429,-3.2574735054202835,4.2878408349185015,-3.2263571510051454,0
62.272,4.323781666658128,-3.200401388717484,4.276343881727342,-3.2130415666911776,4.286737254745623,-3.221022955430054,0
62.304,4.329418768562281,-3.2003885455127934,4.328748601974249,-3.179601472362152,4.306925185636464,-3.2044466551996718,0
62.336,4.334875541418084,-3.200376113585288,4.391804999669349,-3.19571573997095,4.344152270892987,-3.200946828931553,0
62.368,4.340157754336102,-3.200364079969829,4.332333902699755,-3.1883667296209435,4.3425953132209845,-3.1959075680536584,0
62.4,4.345270991766796,-3.2003524320517505,4.30768229661382,-3.2495308121485564,4.331699077696269,-3.217349875972254,0
62.432,4.350220659430928,-3.2003411575651173,4.247972784335661,-3.203976415794342,4.301179357312462,-3.2119937262408884,0
62.464,4.355158836574634,-3.2003298834310363,4.364944982653472,-3.234102632937292,4.32965640440358,-3.2208305207474694,0
62.496,4.355466199071337,-3.1913728897732203,4.343617961402975,-3.220612008886518,4.335227904641864,-3.2207431462809275,0
62.528,4.355420072800866,-3.18175902788975,4.3711324879162206,-3.1693097261214738,4.349576447907504,-3.200169808882023,0
62.56,4.355313955817358,-3.172057753171968,4.393736025416368,-3.1487961449194084,4.367226988605001,-3.1796203738537914,0
62.592,4.355206256692674,-3.162361526176877,4.360565348674866,-3.174902578691,4.364549089422387,-3.177733286141277,0
62.624,4.355108463952387,-3.15268294615342,4.322736310551525,-3.0869890815918493,4.347810776387183,-3.1414356345188352,0
62.656,4.355021225322495,-3.14302073730041,4.381752361870477,-3.1344413346228635,4.361374235116868,-3.138637944670221,0
62.688,4.354942971298307,-3.133371814735121,4.373295761970262,-3.1471800463212922,4.366129682648367,-3.142054815406686,0
62.72,4.354871950634431,-3.123733372782498,4.354561533076772,-3.117875642193882,4.361489262118943,-3.1323831762001335,0
62.752,4.3548066577770825,-3.1141031435532875,4.341689973253385,-3.090224895972934,4.353556382254563,-3.11551989421195,0
62.784,4.354745877553788,-3.1044793411398306,4.359126722460605,-3.1272550685536618,4.355771347079519,-3.120213994085968,0
62.816,4.354688647636243,-3.0948605688212685,4.38187144101355,-3.0584264730734656,4.366198205187925,-3.095499015855468,0
62.848,4.354634210750078,-3.085245736655625,4.336762586926924,-3.062102644804567,4.354410770382185,-3.082140497643824,0
62.88,4.354581972410447,-3.075633994801698,4.330961078447528,-3.089985515108037,4.345017699198804,-3.0852785348659575,0
62.912,4.354531466431684,-3.0660246807594413,4.410780198071853,-3.1105217514952797,4.37130949914034,-3.095375851773358,0
62.944,4.354482327439723,-3.056417277929412,4.353021240081618,-3.0371457567447013,4.363980992718936,-3.072083844027389,0
62.976,4.354434269139032,-3.0468113831872254,4.420175456433445,-3.0438439733835216,4.386445574311921,-3.0607879260356983,0
63.008,4.354387067185114,-3.0372066815842844,4.366611074812227,-3.0537911797529125,4.378498571556118,-3.05798925777987,0
63.04,4.354340545711405,-3.027602926656795,4.364192846487596,-2.993966445374565,4.372763081374673,-3.03238016305845,0
63.072,4.354294566746239,-3.017999925132234,4.370098593635563,-3.0138695018881583,4.371684090559292,-3.0249759288075957,0
63.104,4.354249021911409,-3.008397525072134,4.315903338153446,-3.0218727358442097,4.349358599674512,-3.023734681810483,0
63.136,4.354203825919485,-2.998795606691532,4.326483230491814,-3.0359494269328646,4.340195268954864,-3.028620610014383,0
63.168,4.3541589114874775,-2.989194075257113,4.364051878502106,-2.92749607424808,4.349724737398217,-2.9881708258265167,0
63.2,4.354114225364203,-2.979592855595301,4.381144495454405,-2.944904306917826,4.362279473440182,-2.9708642483436045,0
63.232,4.354069725232237,-2.9699918878442824,4.2980436069999675,-2.9841221942607636,4.336571968151343,-2.976167456752238,0
63.264,4.354025377295649,-2.9603911241652714,4.357504407692461,-2.9545155368339193,4.344931793768788,-2.9675067187881563,0
63.296,4.353981154404704,-2.950790526192424,4.380323574642222,-2.966255868994059,4.359075364279251,-2.9670064088363564,0
63.328,4.353937034600373,-2.941190063051024,4.299772446832565,-2.8833849124648956,4.335341063496443,-2.9335578402180396,0
63.36,4.353892999986517,-2.9315897098128167,4.314903975001165,-2.91324782761632,4.327153101859793,-2.9254338650744733,0
63.392,4.353849035857424,-2.9219894462878058,4.3508357792971255,-2.910969702118377,4.336613053575515,-2.9196482297589075,0
63.424,4.353805130024014,-2.912389256075419,4.393823778461563,-2.8819569805431766,4.359484230571994,-2.9045717599124963,0
63.456,4.353761272294294,-2.9027891258160876,4.416124263026458,-2.895794790639848,4.382127136150759,-2.9010610020198406,0
63.488,4.353717454073382,-2.893189044598196,4.349974026177055,-2.900852906116226,4.369252789520095,-2.9009777934550005,0
63.52,4.353673668055975,-2.8835890034860068,4.3434281985219645,-2.8591300138893843,4.358909854421265,-2.8842387114093193,0
63.552,4.353629907990138,-2.873988995142257,4.367063695935458,-2.851469080975855,4.362158295439196,-2.8711308890042213,0
63.584,4.353586168495942,-2.864389013525262,4.338585628026937,-2.90096483350963,4.352716135174786,-2.883064496566096,0
63.616,4.353542444926125,-2.854789053645037,4.34095386682311,-2.8514503199727277,4.347998136019343,-2.8704188556834636,0
63.648,4.353498733258844,-2.845189111366461,4.343075086880523,-2.8351746575007755,4.346015825262542,-2.8563212061635155,0
63.68,4.353455030014741,-2.8355891832501716,4.376777144424546,-2.855149917643418,4.358307261811168,-2.8558527205102093,0
63.712,4.353411332192362,-2.8259892664239166,4.378230421664266,-2.7989350392750825,4.36626343394477,-2.833085677775437,0
63.744,4.353367637217264,-2.8163893584785966,4.359363764841225,-2.812995624118319,4.363490473187104,-2.8250496860790717,0
63.776,4.353323942901226,-2.806789457384427,4.337039278069808,-2.7541792075301337,4.352896900163746,-2.79670152443553,0
63.808,4.353280247408796,-2.7971895614235245,4.355830636527217,-2.7736012589734007,4.354057297391325,-2.7874614480382864,0
63.84,4.353236549229062,-2.7875896691359334,4.355936132063364,-2.867885074290574,4.3547957311937475,-2.8196309283400645,0
63.872,4.353192847151021,-2.777989779276636,4.35871769591156,-2.790304092421914,4.356351413934986,-2.8079002237882547,0
63.904,4.353149140241339,-2.7683898907815245,4.340257882467495,-2.7384929069988204,4.349900894869165,-2.7801373269034997,0
63.936,4.353105427823571,-2.7587900027406596,4.308858409844003,-2.7905091372000483,4.333470790871399,-2.784286080869337,0
63.968,4.35306170945821,-2.7491901143773974,4.318765589928066,-2.78975026837038,4.32757559689802,-2.786471785733459,0
64.0,4.35301798492307,-2.7395902250322224,4.30045704829631,-2.7017855339589367,4.3167150602278985,-2.7525973149037983,0
64.032,4.352974254193702,-2.729990334150283,4.350376290171291,-2.69690410290416,4.330166431388783,-2.7303200600001736,0
64.06400000000001,4.352930517423669,-2.7203904412718067,4.388508833687085,-2.692715088015431,4.353490268018456,-2.7152781011179323,0
64.096,4.352886774924561,-2.7107905460246933,4.355419542644923,-2.772554037091838,4.354248850282861,-2.738188505433644,0
64.128,4.3528430271457585,-2.7011906481187014,4.318689837715616,-2.6694826221535686,4.340012114607197,-2.7107061820610765,0
64.16,4.352799274653993,-2.6915907473407508,4.340388632674655,-2.652491491648974,4.340149588407976,-2.6874203358476123,0
64.19200000000001,4.352755518112798,-2.681990843550937,4.357304502063189,-2.7285067015131506,4.346998417996078,-2.7038549120755317,0
64.224,4.352711758261983,-2.672390936678933,4.354519049835186,-2.688129493180548,4.349993532776994,-2.6975647744878293,0
64.256,4.352667995897303,-2.6627910267205297,4.382397329438414,-2.633733974310647,4.362941911803002,-2.6720324843939736,0
64.288,4.352624231850493,-2.6531911137340995,4.347157669017276,-2.6684364571045953,4.356615073785369,-2.6705941034600222,0
64.32000000000001,4.35258046696987,-2.643591197836849,4.356278352435445,-2.6016559755998916,4.356467243510574,-2.643018882300561,0
64.352,4.352536702101691,-2.6339912792007403,4.3721526854203665,-2.6391895652325585,4.362728278147832,-2.641487185458739,0
64.384,4.352492938072469,-2.624391358048019,4.3362960733772935,-2.59504475094347,4.352142254159306,-2.62291024163682,0
64.416,4.352449175672436,-2.6147914346463135,4.342557752451907,-2.589578018946217,4.348295311871482,-2.609577382541656,0
64.44800000000001,4.352405415640334,-2.6051915093033,4.351844843149874,-2.5850430621249174,4.349701983666124,-2.599763684351097,0
64.48,4.352361658649703,-2.5955915823609477,4.3319460186873116,-2.602522818378395,4.342586458235447,-2.600867367931503,0
64.512,4.3523179052968,-2.5859916541893893,4.353807827979307,-2.523077763884881,4.347061868331127,-2.5697515562741327,0
64.544,4.352274156090296,-2.576391725180473,4.326963149296921,-2.6419814147865956,4.339009244877113,-2.598643529630803,0
64.57600000000001,4.352230411442829,-2.5667917957410675,4.323707006306393,-2.510621523434935,4.332875215853663,-2.5634347570933578,0
64.608,4.352186667798779,-2.5571918662818183,4.34475711762497,-2.554866291692559,4.33761484296701,-2.56000740086757,0
64.64,4.340648322440657,-2.550285526478488,4.306800903702694,-2.543217326928294,4.3137693407373625,-2.553311971926199,0
64.672,4.322002706271578,-2.5498249455895414,4.282311852263983,-2.5593121483282615,4.289666374474858,-2.5557272485266918,0
64.70400000000001,4.302686681188806,-2.549884999387535,4.285388447215148,-2.6252507501173277,4.276435219057964,-2.5835481598221492,0
64.736,4.283274538608492,-2.549998949769572,4.242983274287796,-2.5424336867369686,4.251534449908201,-2.5671108992353564,0
64.768,4.263877336390924,-2.5500997427013075,4.267337208278045,-2.5205625092053685,4.246335558033936,-2.5484976559985872,0
64.8,4.244514392056667,-2.550180321443288,4.274423337030517,-2.5455837422723517,4.246050672108058,-2.5473363389372565,0
64.83200000000001,4.225184072176945,-2.5502435929285623,4.209854270134595,-2.5727738947022942,4.220052112554719,-2.557514251648656,0
64.864,4.205880870953893,-2.5502933741930374,4.203034587432681,-2.5535268590620337,4.201725103119284,-2.5559212478626088,0
64.896,4.186599394343249,-2.550332843608607,4.201664910132714,-2.5883100239310743,4.190181026239582,-2.5688780900088606,0
64.928,4.167335128603711,-2.5503644033258683,4.18405654448177,-2.5388024261275777,4.176211233709726,-2.556848745384281,0
64.96000000000001,4.148084451739376,-2.5503898001560246,4.17556512227201,-2.516508194110941,4.164432789237578,-2.540713154913114,0
64.992,4.1288444935919415,-2.550410279103884,4.140419530908056,-2.559211449688177,4.143307485969681,-2.548112862250391,0
65.024,4.109612988369323,-2.5504267223606223,4.085664486701594,-2.5571351849921253,4.1087302863015776,-2.5517219439950294,0
65.056,4.090388149254688,-2.550439763414992,4.1143711542321855,-2.5078516701319127,4.099466633497029,-2.5341737292026556,0
65.08800000000001,4.071168567422973,-2.550449875067641,4.07713346305934,-2.5433172556007486,4.079013365338795,-2.537830748198048,0
65.12,4.051953132003689,-2.55045743327381,4.042189980842462,-2.556592180817097,4.052764011563549,-2.5453346204393403,0
65.152,4.032740966940794,-2.550462760163605,4.038025204838251,-2.5485367423870695,4.035348488918861,-2.5466144496267074,0
65.184,4.013531381242582,-2.550466150217901,4.05049695036167,-2.5034993115005553,4.029887873579645,-2.529367063348864,0
65.21600000000001,3.994323829791933,-2.5504678836873893,4.008713425869251,-2.5590379654673727,4.009898094630424,-2.5412338059962165,0
65.248,3.9751178824777593,-2.550468231083882,3.9428959758332622,-2.559480803596457,3.9715772473047855,-2.548530738395166,0
65.28,3.9559131998827683,-2.5504674520711523,3.9599353620784465,-2.5421480779180956,3.955400493465155,-2.5459756084125846,0
65.312,3.9367095141356296,-2.5504657914473348,3.9048390449550703,-2.474878712046435,3.923655914361652,-2.5175346402694023,0
65.34400000000001,3.9175066138286994,-2.550463474234895,3.91554200368959,-2.555363984377768,3.908890350429184,-2.532664081497504,0
65.376,3.8983043321338555,-2.5504607012490106,3.9064733619332874,-2.5355545685827896,3.8964035553860477,-2.5338179478771625,0
65.408,3.879102537432603,-2.550457645950138,3.9049747485381685,-2.595793470718898,3.8883120330036016,-2.558605846090548,0
65.44,3.859901125922546,-2.550454452929547,3.898068069790919,-2.5218078746146553,3.8806944480612175,-2.543884406424045,0
65.47200000000001,3.8407000157781233,-2.5504512380374718,3.860516886884036,-2.527221742314644,3.861103423906922,-2.5372171835026482,0
65.504,3.8214991425349303,-2.5504480899380275,3.823863630050309,-2.5243096237324596,3.834687506646718,-2.532052121414086,0
65.536,3.802298455438775,-2.550445072749241,3.832938605518135,-2.585987009143876,3.8224679464395637,-2.5536241744367585,0
65.568,3.7830979145566808,-2.550442229381158,3.7631177822292146,-2.5752961872819,3.78720788096093,-2.56229122318362,0
65.6,3.7638974884906826,-2.550439585198727,3.7810955441070804,-2.5145777329986623,3.7732429463880806,-2.5432042196392404,0
65.632,3.7446971525691763,-2.55043715168856,3.7195835806807636,-2.579963538155575,3.7402592002406623,-2.557906486662209,0
65.664,3.725496887416956,-2.550434929881788,3.671410372122294,-2.574808208568003,3.7011996691001485,-2.564665856458051,0
65.696,3.7062966778256676,-2.550432913364755,3.6153640235005917,-2.524787292301091,3.6553454109432364,-2.5487132448798175,0
65.728,3.687096511862558,-2.550431090784712,3.6717989782359557,-2.557261200246462,3.650406837923873,-2.552131364077324,0
65.76,3.6678963801681213,-2.5504294478223146,3.704948193226658,-2.5706710430398054,3.6607033800932802,-2.5595462846625363,0
65.792,3.6486962754033234,-2.550427968653046,3.652499848507276,-2.53781615331728,3.6459019674954423,-2.5508533817160117,0
65.824,3.62949619181509,-2.550426636954739,3.635929686778872,-2.465215077211178,3.6303930552365697,-2.516597298808181,0
65.856,3.610296124895127,-2.550425436539094,3.6096479686729137,-2.569738634710614,3.610575020632404,-2.537853150402296,0
65.888,3.5910960711122444,-2.5504243516934837,3.6045181888806432,-2.6274736438695885,3.5966322879483794,-2.573700732858543,0
65.92,3.571896027702426,-2.5504233673180905,3.5354946771696634,-2.603651054455004,3.5606572436503683,-2.5856803044097076,0
65.952,3.5526959925041677,-2.5504224689352797,3.5510618777621326,-2.5517103705389674,3.5452990973064034,-2.5720918221303872,0
65.984,3.5334959638292145,-2.5504216426357,3.5482693241952554,-2.54418833214589,3.534967188071904,-2.5609299567526698,0
66.016,3.514295940360926,-2.550420875011101,3.4916904257871373,-2.5322970875734105,3.50613648316714,-2.5494763704817,0
66.048,3.4950959210741837,-2.550420153109027,3.5229135570871883,-2.4868739036809444,3.5013273127438698,-2.5244349678141473,0
66.08,3.475895905172085,-2.5504194644306533,3.4372716326033728,-2.541859156621116,3.464185040696208,-2.5314042423450456,0
66.112,3.4566958920357447,-2.5504187969808907,3.4759598571063144,-2.5571990607312856,3.4573749672687843,-2.541721776435287,0
66.144,3.437495881184363,-2.550418139369956,3.481284951848262,-2.561306431502565,3.4554189611092236,-2.549555246225137,0
66.176,3.4182958722433834,-2.5504174809580427,3.403189714910394,-2.568145259154957,3.423007262638542,-2.556990854092564,0
66.208,3.399095864919083,-2.5504168120295057,3.417791354473822,-2.5932188472178828,3.409400899381786,-2.5714816435726613,0
66.24,3.3798958589783394,-2.550416123979921,3.4278369902436294,-2.561808853235896,3.4052553357360216,-2.567612104594275,0
66.272,3.360695854232609,-2.5504154094982314,3.3705690531221832,-2.6085104581392327,3.3798608227004454,-2.583971004362865,0
66.304,3.3414958505253893,-2.550414662726674,3.36689530432722,-2.533224661085681,3.3631546153616814,-2.563672003810034,0
66.336,3.3222958477225895,-2.5504138793829925,3.3194782189206746,-2.558490270474277,3.3341640567964816,-2.5615988238434158,0
66.368,3.3030958457053514,-2.550413056832282,3.255543442468853,-2.598093031853722,3.291195811077411,-2.576195996228136,0
66.4,3.2838958443649435,-2.5504121940994002,3.321725956852978,-2.5307856770073194,3.2918878694004783,-2.558031333713554,0
66.432,3.2646958435993954,-2.550411291816942,3.2522422460335108,-2.523915561080998,3.264509620067438,-2.5443844669226965,0
66.464,3.2454958433115784,-2.5504103521080395,3.3386641282031664,-2.5242483053314424,3.282651423336386,-2.5363294235482394,0
66.496,3.226295843408453,-2.5504093784074855,3.2391626376370874,-2.562456960293826,3.2537359090721862,-2.5467798411036844,0
66.528,3.2070958438012265,-2.5504083752286384,3.204061115532229,-2.5901695521070316,3.2223459916724897,-2.564135113076384,0
66.56,3.1878958444061634,-2.5504073478870217,3.241445687489024,-2.5885942217920173,3.218465870016017,-2.573918132310551,0
66.592,3.1686958451458263,-2.55040630219433,3.245598878812022,-2.533882867870583,3.217799073551789,-2.5579033940734908,0
66.624,3.149495845950516,-2.550405244138518,3.1428741080691482,-2.515030945037416,3.176309087376371,-2.540753777363001,0
66.656,3.1302958467597186,-2.550404179566652,3.1424867070419307,-2.6035555559559955,3.151260135260314,-2.5658738504191634,0
66.688,3.1110958475233916,-2.55040311388724,3.0949615570700013,-2.5433073141351636,3.1172207040018183,-2.5568465992008,0
66.72,3.091895848202933,-2.5504020518077506,3.0856916065459896,-2.5771329294380663,3.093089065036886,-2.5649604987024377,0
66.752,3.072695848771734,-2.550400997121109,3.0486754235080746,-2.5415067795284054,3.063803608442429,-2.5555783843577,0
66.784,3.0534958492152393,-2.5503999525521572,3.019082281069581,-2.6052951088944156,3.0343950775099664,-2.575464454530853,0
66.816,3.034295849530469,-2.550398919671617,3.040533482240899,-2.5001387723422925,3.0253304394186107,-2.5453335694518833,0
66.848,3.0150958497250158,-2.5503978988811467,2.969372968917676,-2.5668511796846194,2.9914274512341263,-2.5539400084960278,0
66.88,2.9958958498155503,-2.5503968894689057,2.9913443474048105,-2.543284518888529,2.9798742097179636,-2.5496772138516546,0
66.912,2.976695849825908,-2.5503958897308916,2.974887548426538,-2.534109947868812,2.966359545216712,-2.5434497134744736,0
66.944,2.9574958497848645,-2.5503948971494155,2.9720854535721433,-2.5751418192490734,2.957129908574055,-2.5561259647939574,0
66.976,2.938295849723721,-2.550393908616724,2.9080464470136085,-2.5727208855228234,2.925976523965004,-2.562763343022525,0
67.008,2.919095849673848,-2.5503929206891374,2.9468250540192145,-2.572794710735357,2.92279593600188,-2.5667752988249513,0
67.04,2.899895849664328,-2.550391929855325,2.9325749422372227,-2.5397298347171144,2.9151875385113755,-2.5559565186141464,0
67.072,2.8806958497198405,-2.5503909328016356,2.895934646439133,-2.559625524234221,2.895966381698097,-2.5574235211793237,0
67.104,2.861495849858915,-2.5503899266577053,2.8861057793097205,-2.5390934322295085,2.880502140758704,-2.550090879340176,0
67.136,2.8422958500926585,-2.550388909206971,2.7934261051469287,-2.5519747270509554,2.8341517265303477,-2.5508438046032813,0
67.168,2.8230958504240244,-2.5503878790490475,2.865749947554125,-2.5735157667947277,2.835271014956642,-2.5599119676591657,0
67.2,2.803895850847658,-2.550386835704076,2.7813879011919203,-2.5752704652069376,2.802197769467968,-2.56605473700294,0
67.232,2.784695851350323,-2.5503857796529257,2.7684822622710206,-2.593725382013964,2.777191566606807,-2.5771223581986638,0
67.264,2.7654958519118624,-2.550384712311269,2.7622530982948397,-2.599518296973239,2.7596961792999783,-2.586080091018893,0
67.296,2.746295852506626,-2.5503836359398138,2.7999660964791744,-2.542226054241121,2.7642841461898646,-2.5685378294394408,0
67.328,2.7270958531052596,-2.550382553497057,2.7410017646936744,-2.5545803949630477,2.7434511936097294,-2.562954206641784,0
67.36,2.7078958536767366,-2.5503814684446104,2.717771790886741,-2.554111116261924,2.7216594325388765,-2.559416321586856,0
67.392,2.6886958541904966,-2.5503803845181645,2.670104303188341,-2.5595995216562852,2.68951738081687,-2.5594889551125948,0
67.424,2.66949585461855,-2.550379305479323,2.6464551617160246,-2.548542887346678,2.6607724931944747,-2.5551098861028665,0
67.456,2.650295854937412,-2.5503782348647293,2.6272499128598525,-2.541355225145751,2.635843461078192,-2.5496073863668127,0
67.488,2.6310958551297428,-2.5503771757490292,2.567800292923843,-2.5733714792007603,2.5971061938335573,-2.559112396271087,0
67.52,2.6118958551855944,-2.5503761305372787,2.5988554823813077,-2.526974033099702,2.586285909269249,-2.5462564329859347,0
67.552,2.592695855103172,-2.5503751008004443,2.577825891648214,-2.5808992121526466,2.5713819022368973,-2.560112936376715,0
67.584,2.573495854889069,-2.5503740871648435,2.5928598973221564,-2.5788448331155256,2.5684531002865536,-2.567605096464675,0
67.616,2.5542958545579557,-2.5503730892628322,2.5469229812746605,-2.597915239582106,2.54832105269689,-2.5797285640992085,0
67.648,2.5350958541317365,-2.550372105748071,2.5409258745163505,-2.5679862830757267,2.533842981439385,-2.575031069837009,0
67.68,2.515895853638227,-2.5503711343745037,2.5373046693327863,-2.5682339796689266,2.523707656611169,-2.5723116579540877,0
67.712,2.496695853109437,-2.550370172134035,2.4847667586024307,-2.5602287431051463,2.4966112974219175,-2.567477920133525,0
67.744,2.4774958525795623,-2.550369215444089,2.499556952147434,-2.553418982957796,2.486269559326302,-2.5618537749667167,0
67.776,2.458295852082823,-2.550368260372981,2.487789873320977,-2.60912523563482,2.4753576849383983,-2.5807617880723983,0
67.808,2.439095851651285,-2.550367302888578,2.4044339264421937,-2.6142123865009754,2.435468181554302,-2.5941414530238407,0
67.84,2.419895851312808,-2.5503663391141993,2.443542202870154,-2.6051597190264477,2.427177790095291,-2.5985481795614334,0
67.872,2.400695851089263,-2.5503653655752245,2.4111211759333773,-2.5328495949214336,2.4092351444455273,-2.5722681585610436,0
67.904,2.3814958509951274,-2.55036437942046,2.3835655141541037,-2.595032626472231,2.3874472923443872,-2.5813733499274436,0
67.936,2.3622958510365653,-2.5503633786039366,2.3726706692316872,-2.5975883834140414,2.3700166431152168,-2.587858758049853,0
67.968,2.3430958512110376,-2.5503623620153504,2.3869440318008843,-2.5216320909004493,2.365267598605899,-2.561367476227761,0
68.0,2.3238958515074803,-2.5503613295506744,2.3233940552043393,-2.553505398791032,2.3369981812621896,-2.558222021002752,0
68.032,2.3046958519070277,-2.5503602821183193,2.3216707357906907,-2.510328658951462,2.319347203090965,-2.5390640436380245,0
68.06400000000001,2.285495852384237,-2.5503592215803845,2.2772473150486516,-2.570446748985336,2.2909872478918016,-2.551616486460865,0
68.096,2.2662958529087307,-2.5503581506327277,2.248278364904303,-2.580051077563778,2.262383694714848,-2.5629896787661046,0
68.128,2.2470958534471492,-2.550357072631532,2.23672368706233,-2.612315340179711,2.240599691672044,-2.582719296632309,0
68.16,2.2278958539652898,-2.5503559913774976,2.228194021285646,-2.541913239758543,2.224117423535705,-2.5663962270362335,0
68.19200000000001,2.208695854430291,-2.5503549108715315,2.2276537140750623,-2.533841829435711,2.214011939769541,-2.553373823422313,0
68.224,2.1894958548127317,-2.550353835057638,2.155346464876288,-2.581121338415605,2.179025749830073,-2.564472189387689,0
68.256,2.170295855088505,-2.5503527675695508,2.140158562454591,-2.5779697436113502,2.1519588748973404,-2.5698705775589152,0
68.288,2.1510958552403556,-2.5503517114974064,2.152492399067158,-2.547707005542057,2.1406522845822717,-2.561004523296026,0
68.32000000000001,2.131895855258981,-2.55035066918947,2.0644370782591097,-2.521464287557394,2.0986462020695074,-2.545187812632096,0
68.352,2.112695855143629,-2.55034964210167,2.1155552600461953,-2.577947103379163,2.093889825276168,-2.558290922087285,0
68.384,2.093495854902147,-2.550348630704624,2.0523101463709654,-2.5484674681535973,2.0657379537295824,-2.554360943016088,0
68.416,2.0742958545504884,-2.5503476344541354,2.0818489023784874,-2.610250500672051,2.0606623332042044,-2.5767161771436458,0
68.44800000000001,2.0550958541116877,-2.55034665182705,2.0650470212926244,-2.5195147066091974,2.050896208454277,-2.5538350072217257,0
68.48,2.0358958536143854,-2.550345680420167,2.0147781042672395,-2.6037167104593646,2.024928966793909,-2.5737871122324765,0
68.512,2.016695853090983,-2.5503447171058164,2.050557434147022,-2.572705580044191,2.0236603537494524,-2.573353926343796,0
68.544,1.99749585257555,-2.5503437582340847,2.0434654945084683,-2.6452635173117516,2.0200624100673226,-2.6021171906247402,0
68.57600000000001,1.978295852101618,-2.5503427998686488,1.9795029400773332,-2.582678366244482,1.9923186220856686,-2.594341087251504,0
68.608,1.9590958517000077,-2.5503418380410214,1.984251965537613,-2.5487982680082633,1.9775719594809757,-2.5761233820943588,0
68.64,1.9398958513968274,-2.5503408690068152,1.9100450625034964,-2.5557478575729773,1.9390412007048001,-2.567972588911668,0
68.672,1.920695851211781,-2.550339889487503,1.8998746829849535,-2.5443682378124595,1.9118545936320506,-2.5585302574902338,0
68.70400000000001,1.9014958511568931,-2.5503388968820904,1.927244303625482,-2.5218616164198946,1.9064904776450526,-2.543862201270974,0
68.736,1.882295851235736,-2.5503378894350486,1.8914962227924792,-2.5642505457489597,1.888972775720137,-2.5520169298290543,0
68.768,1.8630958514432088,-2.5503368663496797,1.858083942182565,-2.551758795502004,1.8650972423217222,-2.5519130574005082,0
68.8,1.8438958517658792,-2.5503358278396098,1.8221416111421245,-2.5290930249030326,1.8363949898669807,-2.5427844168280482,0
68.83200000000001,1.8246958521828658,-2.550334775115086,1.853400830234966,-2.579795341379461,1.8316773260317052,-2.557588151361797,0
68.864,1.8054958526671958,-2.550333710304974,1.8075816016552069,-2.5666166946139586,1.8105190362989865,-2.561198927323475,0
68.896,1.7862958531875546,-2.5503326363194825,1.7850784199433467,-2.630444952538946,1.7888227897748497,-2.588896692070553,0
68.928,1.7670958537103048,-2.5503315566624822,1.7409037137340295,-2.5635207901559176,1.7581351593767476,-2.5787456842772167,0
68.96000000000001,1.7478958542016516,-2.550330475205523,1.730966638822525,-2.5893740853123037,1.735747751173249,-2.582996398396987,0
68.992,1.7286958546298117,-2.5503293959381255,1.7347986530042434,-2.5118759680786416,1.7238481119236613,-2.5545475830840427,0
69.024,1.7094958549670514,-2.550328322710453,1.750552758310767,-2.616080865500318,1.723009970496215,-2.579160258149689,0
69.056,1.6902958551914644,-2.550327258984961,1.735179425291939,-2.560449382014781,1.7163577524318097,-2.571675276915954,0
69.08800000000001,1.6710958552883788,-2.550326207613031,1.6827127625193692,-2.515870349318684,1.691379756483661,-2.5493526835964997,0
69.12,1.651895855251304,-2.5503251706510004,1.6427147751932516,-2.590601225698897,1.6603937639838118,-2.565851487487108,0
69.152,1.632695855082355,-2.550324149227442,1.6291018857685204,-2.554531593067776,1.636357012713498,-2.561322926329347,0
69.184,1.6134958547921294,-2.5503231434702593,1.639684720240974,-2.553016355930545,1.626168095739815,-2.557999703954469,0
69.21600000000001,1.5942958543990389,-2.5503221524982966,1.5817525157134906,-2.5949342669673725,1.5968818637442,-2.572772943142282,0
69.248,1.5750958539281352,-2.5503211744780145,1.5592582381920959,-2.523584412777462,1.5703124135379478,-2.553096951672234,0
69.28,1.5558958534095055,-2.5503202067415813,1.5214327954036289,-2.5336927493519084,1.5392405662985869,-2.5453346961772687,0
69.312,1.5366958528763357,-2.550319245958774,1.5020657242315498,-2.571060139883834,1.512850629486027,-2.5556243016080176,0
69.34400000000001,1.5174958523627677,-2.550318288351611,1.487874013790622,-2.5483049621969713,1.4913399832221228,-2.552695993902524,0
69.376,1.4982958519016893,-2.550317329937885,1.446996577580578,-2.5320525599642947,1.4620826209798776,-2.54443804608598,0
69.408,1.4790958515226023,-2.5503163667878948,1.5033591750684339,-2.515661506045097,1.4670732426298945,-2.5329268512658523,0
69.44,1.4598958512497069,-2.550315395277817,1.5149795815933826,-2.569514357479416,1.4747157782302014,-2.5475612684171614,0
69.47200000000001,1.440695851100334,-2.5503144123233854,1.4053131504009466,-2.5472206444167886,1.4354347271138088,-2.5474244254061524,0
69.504,1.4214958510838243,-2.5503134155787976,1.393926385125635,-2.538359489227186,1.407311390334307,-2.543797848421712,0
69.536,1.402295851200929,-2.5503124035880207,1.4133460911902136,-2.5776261429293625,1.398205270692931,-2.5573285541719457,0
69.568,1.3830958514437706,-2.550311375878728,1.3836816742322948,-2.6162942142918837,1.380875832125437,-2.5809141968046747,0
69.60000000000001,1.363895851796363,-2.5503103329928116,1.3089596553303116,-2.594695535336099,1.3405893614246192,-2.586426102221232,0
69.632,1.3446958522356556,-2.5503092764514914,1.3558994928138284,-2.5442746701518177,1.3351934139979456,-2.569564892152062,0
69.664,1.3254958527330274,-2.5503082086572753,1.3196364304777481,-2.5371753213528208,1.317450620607827,-2.5566084211485895,0
69.696,1.3062958532561377,-2.5503071327390856,1.2830818755659228,-2.594978913591322,1.2921831226092242,-2.571955972153972,0
69.728,1.2870958537710082,-2.5503060523505447,1.3320953449972952,-2.549632586773073,1.2966280115826736,-2.563025971108937,0
69.76,1.267895854244205,-2.5503049714344197,1.2101072604357253,-2.6133271575714336,1.2504997111420342,-2.58314580030721,0
69.792,1.2486958546449816,-2.550303893968422,1.2540332270268966,-2.5545529168180994,1.2403931175139005,-2.571708005361188,0
69.824,1.229495854947248,-2.5503028237087446,1.2230242594814218,-2.5280457612745932,1.221925574318491,-2.5542424720961554,0
69.856,1.2102958551312413,-2.5503017639478758,1.138114701191748,-2.561976475582165,1.1768812250849425,-2.5573354454826687,0
69.888,1.1910958551847957,-2.550300717302299,1.2134441512053222,-2.517886460404646,1.1799863955497503,-2.541555232277686,0
69.92,1.1718958551041265,-2.550299685543767,1.1687776863838477,-2.600524933393089,1.1639829118995282,-2.56514250302674,0
69.952,1.1526958548940824,-2.5502986694850285,1.18219150715073,-2.552055599442431,1.1597463500156437,-2.5599071414045897,0
69.984,1.133495854567845,-2.550297668927375,1.139999987559943,-2.560553671752817,1.1403278050485397,-2.5601651622835013,0
70.016,1.1142958541460923,-2.5502966826733933,1.110900458763593,-2.5884344189584407,1.117036866549351,-2.5714722814652555,0
70.048,1.0950958536556779,-2.550295708604112,1.0479699402313807,-2.5402891465131914,1.0778900960366595,-2.558998450111714,0
70.08,1.0758958531279061,-2.550294743815566,1.1249521828516875,-2.5273339793962215,1.0851949307769795,-2.546332088517684,0
70.112,1.056695852596515,-2.5502937848059903,1.0891722895807778,-2.550771779797313,1.0752658743127326,-2.548107393474205,0
70.144,1.0374958520954956,-2.550292827701573,1.0619105261355413,-2.5897180526586134,1.058403735056129,-2.564751084920107,0
70.176,1.0182958516568885,-2.5502918685062235,1.0242583509306262,-2.6184020179438314,1.0332255814203513,-2.586210882847902,0
70.208,0.9990958513087068,-2.550290903359247,0.9816721062773323,-2.5736741785789334,1.0010841913778208,-2.58119562062078,0
70.24,0.9798958510731174,-2.550289928784312,0.9867668149132934,-2.573722665738468,0.9838372408070322,-2.57820585106463,0
70.272,0.9606958509650049,-2.5502889419136543,0.9724770841073505,-2.544018981492564,0.9677731781426016,-2.564530507160243,0
70.304,0.9414958509910103,-2.550287940673053,0.9512963236802945,-2.52184548304785,0.9496624363735936,-2.5474558921255177,0
70.336,0.9222958511491085,-2.5502869239156487,0.9691243259996556,-2.5503345694502104,0.9459271922404322,-2.5486067481106307,0
70.368,0.9030958514287486,-2.550285891495963,0.9262906631438561,-2.5566923606592775,0.9265525806187097,-2.5518403690061766,0
70.4,0.8838958518115471,-2.550284844279347,0.8553212005431472,-2.5052192566920226,0.8865400286058485,-2.5331912917457267,0
70.432,0.8646958522724848,-2.550283784086242,0.8673033243299659,-2.494861439768659,0.867325346913243,-2.517858711907529,0
70.464,0.845495852781528,-2.550282713574851,0.8789481858180054,-2.5441578577895454,0.8604544824931772,-2.528377726432114,0
70.496,0.826295853305566,-2.5502816360697764,0.8109799840808964,-2.5430081939863043,0.8291446831464501,-2.5342292670853634,0
70.528,0.8070958538105422,-2.550280555347685,0.8054106974699166,-2.550196898862396,0.8081310888940377,-2.5406156732926597,0
70.56,0.7878958542636385,-2.5502794753938134,0.7842137036275154,-2.5267047431243026,0.7870441348055031,-2.5350506570012374,0
70.592,0.7686958546353786,-2.5502784001450167,0.7725081403569501,-2.5111182407410877,0.7697097370438959,-2.5254770508208058,0
70.624,0.749495854901515,-2.5502773332359254,0.7475090640823315,-2.560112174679864,0.7493094678767112,-2.5393304672115216,0
70.656,0.7302958550445833,-2.550276277764579,0.7886085105303708,-2.5378849503664065,0.7535090849551593,-2.5387516353998647,0
70.688,0.7110958550550244,-2.550275236092642,0.7431282743017378,-2.5076033173064443,0.7378367607102698,-2.526291692203741,0
70.72,0.6918958549318044,-2.5502742096930824,0.6922949860368415,-2.5353208792049875,0.7081000508568608,-2.5299027606088034,0
70.752,0.6726958546824903,-2.5502731990551406,0.6686684762773357,-2.6156721718434053,0.68080742104052,-2.5642099281029225,0
70.784,0.6534958543227756,-2.550272203652708,0.6461862086421929,-2.575159338435231,0.6554389360962204,-2.5685891038589146,0
70.816,0.6342958538754817,-2.55027122197817,0.6234311931467489,-2.54192325593905,0.6311158389311046,-2.557922183608362,0
70.848,0.6150958533690974,-2.5502702516395304,0.598292383133038,-2.5739562434740675,0.6064664566262901,-2.56433523196797,0
70.88,0.5958958528359476,-2.550269289514569,0.6177358803987077,-2.571738932217268,0.5994542261495173,-2.567296139824556,0
70.912,0.5766958523101074,-2.5502683319520965,0.5871992643886417,-2.5321935689867914,0.5830322414593893,-2.553254540222242,0
70.944,0.5574958518251982,-2.5502673750073415,0.5657626247633697,-2.543091264795876,0.5646043947952795,-2.5491886573302365,0
70.976,0.538295851412208,-2.5502664146962917,0.5260438076427882,-2.5645827814858175,0.5376601599487658,-2.5553457304807363,0
71.008,0.5190958510974812,-2.550265447252596,0.5168997366449273,-2.558462714408931,0.517835990641998,-2.556591941658795,0
71.04,0.49989585090100935,-2.5502644693704557,0.46910629152226857,-2.544610551435799,0.4868241110092454,-2.55179879558336,0
71.072,0.4806958508351367,-2.550263478417844,0.5776980387870831,-2.5683918679158824,0.5116536821359594,-2.558435425715661,0
71.104,0.4614958509037651,-2.550262472606294,0.4492944993095351,-2.5512330442510707,0.47519000902145314,-2.5555538648620626,0
71.136,0.4422958511021095,-2.550261451106301,0.5213893024915492,-2.5174319161823204,0.48214972642605625,-2.540304467613749,0
71.168,0.42309585141701767,-2.5502604141008947,0.39033517358224945,-2.58933153019791,0.43390390530558387,-2.559914665934441,0
71.2,0.4038958518278305,-2.5502593627739145,0.43450392214127215,-2.614651009224422,0.42262391205734584,-2.5818085687498487,0
71.232,0.3846958523077249,-2.55025829923375,0.3441582586663859,-2.5598120037711554,0.3797176507188026,-2.573009302121914,0
71.264,0.36549585282544894,-2.5502572263774512,0.4168225388049276,-2.5069049736627784,0.3830396059713368,-2.5465669260140027,0
71.296,0.34629585334733615,-2.5502561477039793,0.3448297861136396,-2.579047953561788,0.3562356780464539,-2.5595586905334424,0
71.328,0.3270958538394693,-2.5502550670886337,0.34938643045091783,-2.5680890544157418,0.341975979026405,-2.562970190238895,0
71.36,0.3078958542698553,-2.550253988533202,0.32537978047716143,-2.5817113314165754,0.3238174996247015,-2.57046600390107,0
71.392,0.28869585461047403,-2.550252915907941,0.29502569152880914,-2.5648541119192423,0.300780776404039,-2.5682206095292495,0
71.424,0.269495854839073,-2.550251852702024,0.2477270259403084,-2.5732713470251487,0.2680392762358373,-2.570240274033148,0
71.456,0.25029585494059403,-2.550250801798544,0.24651764460389736,-2.4876233349641,0.2479106235998751,-2.5371928763944744,0
71.488,0.23109585490814277,-2.550249765288576,0.17842762617514518,-2.56078212181081,0.2085974246462835,-2.546627961885864,0
71.52,0.2118958547434387,-2.550248744336288,0.18016720078061776,-2.541369037073885,0.18570533511580434,-2.544523788873035,0
71.552,0.19269585445671525,-2.5502477391038,0.21187858526502454,-2.5663787189896365,0.18465463519080075,-2.5532651670523787,0
71.584,0.17349585406607365,-2.5502467487406424,0.15709441466585972,-2.531726478308198,0.16211054699571756,-2.5446491059477667,0
71.616,0.15429585359632897,-2.5502457714384934,0.14727105666485782,-2.5790440984055722,0.14465475087793817,-2.558406524091775,0
71.648,0.13509585307741948,-2.550244804547683,0.12791502924652468,-2.5426437600509937,0.12643886223971065,-2.5521008444756825,0
71.68,0.11589585254247986,-2.5502438447479556,0.1381611080296881,-2.526997930057289,0.11960776056992403,-2.542059107307745,0
71.712,0.09669585202570168,-2.5502428882624946,0.13194651177637973,-2.5232451403539793,0.1130232610667277,-2.53453294931751,0
71.744,0.07749585156011998,-2.5502419311014077,0.08927624246342589,-2.558131320348264,0.09200445363974012,-2.543971724293608,0
71.776,0.05829585117547123,-2.5502409693189887,0.0887685361670881,-2.570638237050219,0.07919008666523089,-2.5546377514572867,0
71.808,0.039095850896263995,-2.5502399992681593,0.01940280546853653,-2.5684040416759855,0.04375517420141939,-2.5601436831185342,0
71.84,0.019895850740189635,-2.550239017835685,0.050582573357570534,-2.5612815122205106,0.03496613387914203,-2.5605982222801056,0
71.872,0.0006958507169781726,-2.5502380226429935,0.00889845116241068,-2.502470065589584,0.01301906080816892,-2.537346358025754,0
71.904,-0.018504149172226154,-2.5502370121996383,-0.006878256518810671,-2.604300034816513,-0.006459866106409997,-2.5641272176063223,0
71.936,-0.03770414893493001,-2.550235985999502,-0.09223096359897348,-2.5656846811074336,-0.0522883050867224,-2.5647495824716633,0
71.968,-0.0569041485867954,-2.550234944553534,-0.09064554762197335,-2.56033722746408,-0.07915120208363606,-2.5629840112991116,0
72.0,-0.0761041481506176,-2.550233889356901,-0.04258262393384312,-2.581606724605924,-0.07604377080611867,-2.57043246014031,0
72.032,-0.09530414765484616,-2.5502328227926636,-0.1343573025619822,-2.5221796282222315,-0.11088918349054244,-2.5511306853741855,0
72.06400000000001,-0.11450414713174724,-2.550231747978194,-0.09728895919519633,-2.5761122617875487,-0.11696909375427941,-2.5611226705744734,0
72.096,-0.1337041466153261,-2.550230668564229,-0.12434689956129508,-2.543154426914773,-0.13144021605889455,-2.55393472674847,0
72.128,-0.1529041461391436,-2.550229588499515,-0.09910724996505399,-2.5465946623771916,-0.13002702960324397,-2.5509980560750423,0
72.16,-0.17210414573416558,-2.5502285117762287,-0.192351651756078,-2.5327823207077906,-0.1664768784464783,-2.543711120782941,0
72.19200000000001,-0.19130414542677981,-2.5502274421725692,-0.19610436265809328,-2.570181773826299,-0.18984787211356158,-2.5542987467345055,0
72.224,-0.2105041452371062,-2.5502263830091354,-0.18808326782725776,-2.5150499352976716,-0.20066203038190894,-2.538598594494913,0
72.256,-0.22970414517770535,-2.5502253369347816,-0.21866493818647473,-2.610778617390435,-0.21938319348709723,-2.567469984821436,0
72.288,-0.2489041452527676,-2.5502243057557634,-0.2145508104147547,-2.583869198414819,-0.22897024024204005,-2.5740290609237686,0
72.32000000000001,-0.2681041454578358,-2.550223290319192,-0.31205099593557867,-2.5163868741834725,-0.27372254250384154,-2.5509715864411744,0
72.352,-0.28730414578008,-2.550222290458313,-0.29005025248227884,-2.559317741106253,-0.2917736264800641,-2.554309457506114,0
72.384,-0.30650414619911104,-2.550221305003143,-0.25864988956365054,-2.5288955972881806,-0.29004413169873605,-2.5441433304612655,0
72.416,-0.32570414668828235,-2.5502203318557912,-0.367472912090101,-2.5692686180157716,-0.3325356438408168,-2.554192868721602,0
72.44800000000001,-0.34490414721640034,-2.5502193681256182,-0.3401874574545716,-2.534106557609365,-0.34711636927204514,-2.5461577716651558,0
72.48,-0.3641041477497341,-2.5502184103155248,-0.36691675353140535,-2.5789856021004836,-0.36655652296159436,-2.5592883330641842,0
72.512,-0.38330414825419507,-2.5502174545473753,-0.4066277919242797,-2.57518493302747,-0.3941050305324378,-2.565646401679368,0
72.544,-0.402504148697545,-2.5502164968120202,-0.4056752799161818,-2.4997814568778707,-0.4102531302715575,-2.5392998494009156,0
72.57600000000001,-0.42170414905148657,-2.550215533227809,-0.419772883673917,-2.5303538268813024,-0.42558103161787236,-2.5357208608478867,0
72.608,-0.4409041492934993,-2.550214560290915,-0.460524345846271,-2.587197870852792,-0.4510783572942599,-2.556311078252688,0
72.64,-0.46010414940829886,-2.5502135751013344,-0.36916817947953984,-2.5563556859321555,-0.42983428615298147,-2.556328326265935,0
72.672,-0.47930414938882393,-2.5502125755499785,-0.5001214549916697,-2.5265222817949633,-0.46946915367259423,-2.5444053040943997,0
72.70400000000001,-0.4985041492366867,-2.5502115604547835,-0.44629786494853035,-2.512791085238401,-0.4717206381666067,-2.5317590025829158,0
72.736,-0.517704148962059,-2.5502105296370563,-0.5516137894409471,-2.569276588677541,-0.5151978986594852,-2.546765413823217,0
72.768,-0.5369041485830044,-2.5502094839331226,-0.543014430093428,-2.5491930183463123,-0.5378445112157464,-2.547735824159733,0
72.8,-0.5561041481243025,-2.550208425140522,-0.5527162086923059,-2.5841681088424995,-0.5553131901886669,-2.562308099772644,0
72.83200000000001,-0.575304147615844,-2.5502073559022094,-0.6062765130002791,-2.558860332049495,-0.5872185192953225,-2.5609283495619604,0
72.864,-0.5945041470907019,-2.5502062795362317,-0.6102714884109738,-2.536315839467466,-0.6079597069234333,-2.551082699782154,0
72.896,-0.6137041465830048,-2.550205199821855,-0.6097034929810367,-2.527345953494355,-0.6201772213283043,-2.541587355315057,0
72.928,-0.6329041461257474,-2.550204120755932,-0.5700289198835181,-2.510551531071777,-0.6116379007323423,-2.529172381880989,0
72.96000000000001,-0.6521041457486769,-2.550203046295216,-0.6153688628156462,-2.557658998413431,-0.624650285547873,-2.540566389255838,0
72.992,-0.6713041454763887,-2.550201980101236,-0.6480300446192534,-2.5810080828938275,-0.6455221891590055,-2.556742433965918,0
73.024,-0.6905041453267502,-2.550200925304179,-0.7118194043558523,-2.5225958572226457,-0.6835610752207805,-2.5430831785932426,0
73.056,-0.709704145309753,-2.5501998843009996,-0.7512420619368997,-2.5365578620505578,-0.7221534698907702,-2.5404724364279154,0
73.08800000000001,-0.7289041454268654,-2.550198858600786,-0.7283004077605544,-2.5420597303581007,-0.7361322450227445,-2.541106748048586,0
73.12,-0.7481041456709284,-2.5501978487273385,-0.7712092681354411,-2.506404596570163,-0.7616830542523796,-2.5272252909543904,0
73.152,-0.7673041460266038,-2.550196854185265,-0.7041300811595627,-2.4701926354375887,-0.750181865000251,-2.504411640936603,0
73.184,-0.786504146471349,-2.550195873491777,-0.7799683800260843,-2.601353027136259,-0.7736164709959448,-2.543187614980502,0
73.21600000000001,-0.8057041469768593,-2.550194904272154,-0.7860944533795973,-2.5140615245233655,-0.790127663935031,-2.5315366039451064,0
73.248,-0.824904147510886,-2.5501939434127276,-0.8591022121981334,-2.525372309535371,-0.829237483226053,-2.529070314760858,0
73.28,-0.8441041480393165,-2.5501929872615423,-0.8039541707448826,-2.5844649835363764,-0.8306441582194076,-2.5512276119107824,0
73.312,-0.8633041485283799,-2.5501920318637565,-0.8385909541921052,-2.6145047725848487,-0.845342876594237,-2.576537904440146,0
73.34400000000001,-0.8825041489468348,-2.5501910732166184,-0.902418242257646,-2.5186898997614877,-0.879693022845169,-2.5533981270978066,0
73.376,-0.9017041492679962,-2.550190107527576,-0.8560004008115624,-2.542692568078599,-0.8817359740170123,-2.549115322179019,0
73.408,-0.9209041494714658,-2.550189131458881,-0.905044440943459,-2.561113247621242,-0.9025793607725072,-2.553913903472064,0
73.44,-0.9401041495444524,-2.5501881423429054,-0.8691822091649569,-2.601920958174043,-0.9007405001139646,-2.57311612765264,0
73.47200000000001,-0.9593041494825963,-2.55018713835428,-0.9742875494503113,-2.504331332941525,-0.9416793198324962,-2.54560160257712,0
73.504,-0.9785041492902434,-2.5501861186277464,-1.0670646428569306,-2.54423751442278,-1.0033534490257607,-2.5450553505716766,0
73.536,-0.9977041489801548,-2.5501850833141115,-0.9461923460689442,-2.5129594978306464,-0.992009007826037,-2.5322163837339278,0
73.568,-1.016904148572672,-2.5501840335706847,-0.9802999170159761,-2.5457793429102376,-0.998845371484576,-2.537640933801564,0
73.60000000000001,-1.036104148094395,-2.5501829714868105,-1.0423033593200575,-2.580462173781412,-1.0277485666009738,-2.554768789973049,0
73.632,-1.0553041475764633,-2.550181899949285,-1.0644116489935533,-2.5303083848729995,-1.053933799539963,-2.5449839839409716,0
73.664,-1.074504147052548,-2.5501808224563343,-1.0992955399855926,-2.6104902888367767,-1.0835984957000553,-2.5711858600517217,0
73.696,-1.0937041465566901,-2.550179742892141,-1.1221270851459522,-2.5706605018770112,-1.1105299314602808,-2.570975071515684,0
73.72800000000001,-1.112904146121118,-2.550178665276456,-1.0956361568357855,-2.5205547730369733,-1.116092421592517,-2.5508063098401452,0
73.76,-1.132104145774183,-2.550177593505433,-1.132795484193849,-2.543446336904038,-1.1342936466153812,-2.547861683573389,0
73.792,-1.1513041455385455,-2.5501765311003983,-1.2383771659341865,-2.5589569334697884,-1.1874470543256372,-2.5522991535074855,0
73.824,-1.170504145429722,-2.5501754809807493,-1.166984356065763,-2.532222132958003,-1.1907819750048982,-2.5442677237526308,0
73.856,-1.1897041454550858,-2.5501744452756263,-1.2016606414876034,-2.5517723729882587,-1.206653441581706,-2.547268971276475,0
73.888,-1.2089041456133867,-2.550173425186501,-1.1633176136205918,-2.515624142280142,-1.200839110381502,-2.534610437144605,0
73.92,-1.22810414589482,-2.5501724209095515,-1.2435982264199517,-2.5026802707360956,-1.2294627567816059,-2.521837777336828,0
73.952,-1.2473041462816457,-2.5501714316228314,-1.1901643208549564,-2.5849107336329546,-1.2252633823960892,-2.5470663749535634,0
73.984,-1.266504146749316,-2.550170455539082,-1.290352590435102,-2.5206250778412658,-1.2628190655971707,-2.536489278065985,0
74.016,-1.2857041472680504,-2.550169490020788,-1.302087170254043,-2.5628008382367606,-1.2900463074456268,-2.5470133290253605,0
74.048,-1.3049041478047483,-2.5501685317500806,-1.3108541661298516,-2.5271479268621975,-1.3098894509051433,-2.5390665977418987,0
74.08,-1.3241041483251272,-2.550167576942546,-1.354859651198862,-2.580467272948061,-1.339397531008462,-2.5556262976808526,0
74.112,-1.3433041487959396,-2.5501666215911607,-1.3400873497763615,-2.5542505562471094,-1.3511934585013443,-2.555075428805191,0
74.144,-1.3625041491871277,-2.5501656617246407,-1.3654970318529593,-2.5313804449812967,-1.368434887827497,-2.5455968585211144,0
74.176,-1.381704149473773,-2.5501646936635423,-1.3892475844426753,-2.543359551485036,-1.3882799664587622,-2.544701352493699,0
74.208,-1.4009041496377113,-2.550163714257603,-1.399613729603308,-2.5426848149136005,-1.4043334717013798,-2.543894146201115,0
74.24,-1.4201041496687068,-2.5501627210890083,-1.4072926734574431,-2.5413825477152123,-1.4170371523881475,-2.542888906429125,0
74.272,-1.43930414956511,-2.5501617126284732,-1.4159439416482602,-2.5570906684183643,-1.4281198680760407,-2.5485690012492213,0
74.304,-1.4585041493339557,-2.5501606883340524,-1.4399773714408122,-2.4669032856020414,-1.4443828694052958,-2.5159020955556515,0
74.336,-1.4777041489904985,-2.5501596486863036,-1.4744916045377738,-2.5862020574746434,-1.4679463634411567,-2.5440214521792406,0
74.368,-1.496904148557218,-2.5501585951575176,-1.477182543920049,-2.554892831721821,-1.483160835615166,-2.5483693684554325,0
74.4,-1.5161041480623616,-2.550157530116991,-1.5607552562507352,-2.556014145366148,-1.52571860385152,-2.5514266380726975,0
74.432,-1.5353041475381206,-2.5501564566784385,-1.5642659733387807,-2.5389446076458357,-1.552657551628343,-2.546433181302217,0
74.464,-1.5545041470185592,-2.5501553784993733,-1.5703047829226944,-2.5659006822920527,-1.5712364441279307,-2.5542195360232185,0
74.496,-1.5737041465374277,-2.550154299545387,-1.572871600774366,-2.5576232697969563,-1.5834105067684248,-2.555580385230913,0
74.528,-1.5929041461260018,-2.5501532238345224,-1.6073221957893196,-2.530903438338651,-1.6044951823589144,-2.5457089659066474,0
74.56,-1.6121041458110796,-2.5501521551782105,-1.5698219551240327,-2.5225485860557804,-1.6021458914474282,-2.536444179255407,0
74.592,-1.6313041456132669,-2.550151096935482,-1.6349742899193365,-2.529667477721957,-1.6267972508190893,-2.533732871533477,0
74.624,-1.6505041455456546,-2.550150051796292,-1.6463302581251005,-2.559367775468558,-1.646130453724886,-2.543986214858372,0
74.656,-1.6697041456129742,-2.5501490216079348,-1.687169416488687,-2.5678138086673292,-1.674066038814319,-2.5535166436793197,0
74.688,-1.6889041458112852,-2.5501480072557445,-1.643361322247427,-2.4926850007439434,-1.6733041521719847,-2.5291833874216993,0
74.72,-1.7081041461282165,-2.5501470086057854,-1.6977991083441804,-2.569968459364046,-1.6946221346257513,-2.5454968261877244,0
74.752,-1.7273041465437489,-2.550146024513241,-1.7236641311838996,-2.5353896907941875,-1.7177589332342935,-2.541453389961161,0
74.784,-1.746504147031492,-2.550145052895977,-1.7223196295092076,-2.5664059776635413,-1.7311032117298444,-2.5514338492725184,0
74.816,-1.765704147560376,-2.5501440908685566,-1.684454705109401,-2.5864357431213714,-1.7239638090674483,-2.5654340352941585,0
74.848,-1.7849041480966528,-2.5501431349280876,-1.7908256067670472,-2.5546115918414642,-1.7622285281331518,-2.5611044883253244,0
74.88,-1.8041041486060732,-2.5501421811799316,-1.7932372058134693,-2.540555742071723,-1.7861519991911103,-2.55288441972068,0
74.912,-1.8233041490561046,-2.550141225588743,-1.8305680438248915,-2.6059847950867163,-1.8154384170303102,-2.574123996836499,0
74.944,-1.842504149418039,-2.5501402642386544,-1.8728165649716932,-2.5823953446361627,-1.8499096761923015,-2.577431957775639,0
74.976,-1.8617041496688536,-2.5501392935858362,-1.8110390720516785,-2.5919530720674095,-1.8458814345211487,-2.58323981827136,0
75.008,-1.880904149792702,-2.5501383106871423,-1.9077033358195508,-2.5083429762703497,-1.882130195025188,-2.553280487774163,0
75.04,-1.9001041497819375,-2.5501373133900866,-1.8604925433365767,-2.533108236628281,-1.8849951343339493,-2.545210984254953,0
75.072,-1.9193041496376013,-2.5501363004718915,-1.8870827509588324,-2.574090882462563,-1.8973501809676074,-2.556762330829528,0
75.104,-1.9385041493693462,-2.5501352717186214,-1.9146283096509111,-2.5547631177546246,-1.9157814324241351,-2.555962023583098,0
75.136,-1.9577041489948037,-2.5501342279392842,-1.9472362138529948,-2.5759455487851457,-1.9398833449784236,-2.563954803280491,0
75.168,-1.9769041485384378,-2.550133170913971,-1.9646405363542692,-2.630828806383841,-1.9613062215111143,-2.5907037672534114,0
75.2,-1.9961041480299613,-2.5501321032793642,-1.9992351113182028,-2.5707840918929015,-1.987997777416011,-2.5827352548832803,0
75.232,-2.0153041475024214,-2.550131028358978,-2.0262733553613503,-2.580230954268838,-2.014828008576042,-2.5817328897029377,0
75.264,-2.034504146990076,-2.550129949949069,-2.0429280458454357,-2.561893822310548,-2.03758802346567,-2.5737966175281315,0
75.296,-2.0537041465261994,-2.5501288720740005,-2.0570461134969604,-2.555134531893534,-2.0568912594601754,-2.5663311402186855,0
75.328,-2.0729041461409494,-2.55012779872684,-2.058458840297211,-2.5602200766745606,-2.0690382917772334,-2.563886076215715,0
75.36,-2.0921041458594405,-2.550126733611891,-2.132590101843135,-2.5768747831613434,-2.1059790157862084,-2.569080926900643,0
75.392,-2.111304145700135,-2.550125679905771,-2.110797256083501,-2.5475261960184397,-2.119426311888197,-2.5604584105513712,0
75.424,-2.1305041456736578,-2.550124640052435,-2.1306325018689645,-2.5568310898294624,-2.135428787864084,-2.5590068674476973,0
75.456,-2.1497041457821062,-2.550123615605364,-2.1428368082488345,-2.54486079766051,-2.1499119960020874,-2.5533478343934375,0
75.488,-2.168904146018908,-2.550122607127114,-2.2037075041900125,-2.5462988509669087,-2.182950199261861,-2.5505276454304506,0
75.52,-2.188104146369229,-2.550121614152705,-2.1822233795415595,-2.55408231089489,-2.194179471358791,-2.551948924827844,0
75.552,-2.207304146810914,-2.5501206352192463,-2.2178357712357246,-2.580932241373171,-2.2151619912949836,-2.56354167215176,0
75.584,-2.226504147315902,-2.550119667959904,-2.2552581110977252,-2.590686133293615,-2.2427204392017694,-2.5743988830160762,0
75.616,-2.245704147852026,-2.550118709256184,-2.2304050438690375,-2.5573102418763374,-2.249314281054526,-2.5675628565100244,0
75.648,-2.264904148385085,-2.550117755438735,-2.2194199782222817,-2.5123812134864063,-2.248876559907523,-2.54548963040516,0
75.68,-2.2841041488810516,-2.5501168025237533,-2.2760433585335904,-2.5304130277699564,-2.2712632793437755,-2.539458419148752,0
75.712,-2.3033041493082758,-2.550115846469756,-2.2709934052465828,-2.5457723031052955,-2.2826753296905444,-2.5419833988450993,0
75.744,-2.3225041496395327,-2.550114883438185,-2.3129695652207847,-2.5432332782248586,-2.3063130238880056,-2.5424827708877045,0
75.776,-2.3417041498537885,-2.5501139100410373,-2.3413856086654348,-2.532845656663428,-2.331862057783973,-2.5386273379025788,0
75.808,-2.3609041499375594,-2.5501129235595457,-2.3709568492753013,-2.568351579575268,-2.3590199743650606,-2.550516438416884,0
75.84,-2.380104149885781,-2.5501119221198025,-2.3657194703386435,-2.476510245707719,-2.3732197727385635,-2.520913355618009,0
75.872,-2.399304149702128,-2.5501109048139776,-2.4522855412796485,-2.5176346105258114,-2.4163660801385616,-2.519601242221998,0
75.904,-2.418504149398769,-2.5501098717592954,-2.441463040920945,-2.5937898737217115,-2.4379248644345877,-2.5492760703585864,0
75.936,-2.437704148995571,-2.550108824090938,-2.441198145820243,-2.495428694488503,-2.450754176971478,-2.5277364875715467,0
75.968,-2.4569041485188126,-2.550107763889309,-2.4725358683926864,-2.532038755798805,-2.4709868535222257,-2.5294567560923875,0
76.0,-2.4761041479994854,-2.550106694046319,-2.452949320576522,-2.5482863021335764,-2.4752918403259545,-2.5369879314627832,0
76.032,-2.495304147471303,-2.5501056180792943,-2.484562666302787,-2.5665797358140705,-2.490520170698576,-2.5488240082143188,0
76.06400000000001,-2.5145041469685383,-2.55010453990448,-2.5313028214270807,-2.5399884899139815,-2.518353230971888,-2.545289156423217,0
76.096,-2.533704146523827,-2.55010346358473,-2.4957663583362315,-2.5265338303598566,-2.520838481899701,-2.5377863844750297,0
76.128,-2.5529041461660844,-2.5501023930676316,-2.5629481657924478,-2.573898064391276,-2.5492023554391707,-2.552230420109443,0
76.16,-2.572104145918654,-2.550101331930941,-2.5764761112980747,-2.5552560324231464,-2.5716318577655075,-2.553440035804079,0
76.19200000000001,-2.5913041457978143,-2.5501002831517448,-2.589831801613529,-2.5513584427988327,-2.5904318352879714,-2.5526067779273696,0
76.224,-2.6105041458117304,-2.550099248914227,-2.5819350548837297,-2.592493252437132,-2.59855312311005,-2.5685607565183672,0
76.256,-2.6297041459599235,-2.5500982304684556,-2.5974220287864136,-2.5225993382661827,-2.6096206853648933,-2.550175587763562,0
76.288,-2.648904146233289,-2.5500972280493066,-2.647009527704031,-2.5866984088339304,-2.6360962222853352,-2.5647841241663416,0
76.32000000000001,-2.668104146614668,-2.5500962408607855,-2.656070402135981,-2.564397802083946,-2.655605894210807,-2.5646290117994397,0
76.352,-2.687304147079936,-2.5500952671267916,-2.7142047257878428,-2.5598142969167608,-2.690565426827175,-2.5627025493200826,0
76.384,-2.706504147599544,-2.5500943042050923,-2.771684910398511,-2.5674195868053133,-2.7345332202414996,-2.564588792860525,0
76.416,-2.725704148140415,-2.550093348757196,-2.740539902287292,-2.5214199510376636,-2.7484558930457315,-2.547320687488617,0
76.44800000000001,-2.744904148668073,-2.5500923969632145,-2.7204525669762725,-2.5828101779453982,-2.7487745626038707,-2.561515915396651,0
76.48,-2.764104149148869,-2.550091444767896,-2.795768431494909,-2.603126212990806,-2.7790921101461024,-2.5781594640613,0
76.512,-2.7833041495521558,-2.5500904881419837,-2.7776373258205207,-2.5759856153854677,-2.7900301964014718,-2.5772893497886358,0
76.544,-2.8025041498522723,-2.5500895233420744,-2.813231207689322,-2.5424995847963023,-2.8108306009019013,-2.5633728625149264,0
76.57600000000001,-2.8217041500302034,-2.5500885471522166,-2.855328978674693,-2.5057962137513154,-2.8401499519959117,-2.5403416136310653,0
76.608,-2.8409041500748065,-2.5500875570916652,-2.8880213256324643,-2.5872423280618717,-2.8708185014349663,-2.5591013008192807,0
76.64,-2.860104149983528,-2.550086551575378,-2.7965098888832207,-2.571654341499014,-2.8526150563982036,-2.564121908792019,0
76.672,-2.8793041497625596,-2.5500855300168745,-2.883630341621584,-2.4966634280766598,-2.876541170470985,-2.537137898610265,0
76.70400000000001,-2.8985041494264316,-2.5500844928667874,-2.916352850758251,-2.551544265415346,-2.9039858425688374,-2.5428998185795626,0
76.736,-2.9177041489970694,-2.5500834415845834,-2.9463187848996863,-2.516773007498455,-2.9324390194836987,-2.5324484598501185,0
76.768,-2.936904148502374,-2.550082378545226,-2.972101470941672,-2.5159628732392805,-2.959824000049077,-2.525853585166674,0
76.8,-2.9561041479744308,-2.5500813068867556,-2.9682934746788807,-2.5408212353932798,-2.9747317898829726,-2.531840001651751,0
76.83200000000001,-2.9753041474474466,-2.550080230308576,-3.0290263117353984,-2.5638381294901764,-3.0079695986058406,-2.544638608024284,0
76.864,-2.9945041469555655,-2.5500791528334052,-2.968100819486058,-2.5694514456901763,-3.003542086939894,-2.5545630996581306,0
76.896,-3.0137041465306855,-2.550078078548211,-3.081754132240739,-2.5664554152943357,-3.0463469050424092,-2.5593193862161576,0
76.928,-3.0329041462004223,-2.550077011340808,-2.9997449496027073,-2.5628983245676404,-3.0392261228490423,-2.56075032776507,0
76.96000000000001,-3.052104145986346,-2.5500759546490803,-3.049587310681794,-2.583235411028773,-3.0548905979650924,-2.5697437349753605,0
76.992,-3.071304145902602,-2.5500749112389958,-3.045827259248242,-2.525915828178352,-3.0627852624618033,-2.5522119551567513,0
77.024,-3.0905041459549976,-2.550073883025736,-3.1064366655147917,-2.528737691725443,-3.091765823666979,-2.542821642401716,0
77.056,-3.1097041461406207,-2.5500728709494935,-3.091100476472874,-2.5607730232255785,-3.1030196847738383,-2.550001597163908,0
77.08800000000001,-3.1289041464480145,-2.5500718749139866,-3.1429199455764096,-2.4816546932467913,-3.1304997890798445,-2.5226622473118065,0
77.12,-3.148104146857895,-2.5500708937917027,-3.1573595681694577,-2.5631962149002088,-3.1527637007010716,-2.5388752542137936,0
77.152,-3.1673041473443755,-2.550069925495601,-3.176779167242623,-2.5548566522181586,-3.173889887303385,-2.545267239778968,0
77.184,-3.1865041478766183,-2.5500689671127135,-3.208131639904741,-2.50815899956549,-3.1991065883298235,-2.530423374480065,0
77.21600000000001,-3.20570414842081,-2.5500680150911053,-3.217104955291611,-2.5687761996254443,-3.2178259351005227,-2.5457639373886503,0
77.248,-3.2249041489423362,-2.5500670654682125,-3.220809822386107,-2.53451717263702,-3.230539490000711,-2.5412646639097236,0
77.28,-3.2441041494080096,-2.5500661141258876,-3.245978057958504,-2.604622414501112,-3.248234917169639,-2.5666071936736996,0
77.312,-3.2633041497882123,-2.550065157055762,-3.2809612039519647,-2.5426686191077477,-3.272845431868131,-2.557031188200931,0
77.34400000000001,-3.2825041500588057,-2.550064190617842,-3.241493850224133,-2.5374563829478696,-3.2718247991957488,-2.5492006833333196,0
77.376,-3.3017041502026876,-2.550063211775676,-3.272678136456769,-2.5899973461470376,-3.2836861340849515,-2.5655187570854463,0
77.408,-3.320904150210892,-2.550062218292924,-3.3838804408843086,-2.561255301833684,-3.33528385678901,-2.563812774073116,0
77.44,-3.34010415008316,-2.5500612088786143,-3.3117434778507615,-2.541591976226318,-3.337387705197518,-2.554923844169669,0
77.47200000000001,-3.3593041498279517,-2.550060183271684,-3.343228657201664,-2.537567116414585,-3.351244085982476,-2.5479805327725553,0
77.504,-3.378504149461893,-2.5500591422592724,-3.3800340112332754,-2.511724784479128,-3.374280056065624,-2.5334776045701797,0
77.536,-3.397704149008703,-2.5500580876275225,-3.400836081707027,-2.5537276805713787,-3.3964224663046103,-2.541576998994114,0
77.568,-3.4169041484976694,-2.5500570220479597,-3.429310548008367,-2.5168054285422437,-3.4210976989682376,-2.5316677297058874,0
77.60000000000001,-3.4361041479617747,-2.5500559489066923,-3.4375408455891945,-2.596554095678642,-3.4391949575985707,-2.5576216321537792,0
77.632,-3.4553041474355912,-2.5500548720873453,-3.426425285592785,-2.56640490978577,-3.4456070887781767,-2.5611342989179464,0
77.664,-3.4745041469530804,-2.550053795721639,-3.4913449361660267,-2.5429348909402636,-3.475422227715354,-2.553853893606375,0
77.696,-3.4937041465454337,-2.550052723923612,-3.48953149622927,-2.560798092186747,-3.4925859351032154,-2.5566309354689345,0
77.72800000000001,-3.512904146239091,-2.5500516605245673,-3.474884184769512,-2.534134872732796,-3.4970252349524067,-2.547631879452088,0
77.76,-3.532104146054058,-2.5500506088257837,-3.6138517039036686,-2.596799440661971,-3.555275822516053,-2.5672982813351037,0
77.792,-3.551304146002632,-2.5500495713849256,-3.6109418127468107,-2.54865109501867,-3.5890622185920216,-2.5598387936726565,0
77.824,-3.5705041460886076,-2.550048549849933,-3.6023163606489157,-2.5541433104325346,-3.6058838753989852,-2.557559997244099,0
77.856,-3.589704146307028,-2.5500475448511475,-3.6105975130420656,-2.560190398585528,-3.6192893304409424,-2.558611564548676,0
77.888,-3.6089041466444827,-2.5500465559587053,-3.605058770069111,-2.531831489604932,-3.6251171062774006,-2.5478989505010303,0
77.92,-3.6281041470799478,-2.5500455817080567,-3.6002371230479864,-2.5436764787307338,-3.6266851129712094,-2.5462093855563923,0
77.952,-3.647304147586114,-2.5500446196920943,-3.6771479417604636,-2.552481871179315,-3.658390244472768,-2.548717809569202,0
77.984,-3.666504148131121,-2.5500436667141066,-3.621024474554756,-2.521874555071972,-3.6549639364915905,-2.537979941312376,0
78.016,-3.6857041486805824,-2.550042718991856,-3.6579893757563693,-2.558104542837917,-3.6676941121835798,-2.5460292167753207,0
78.048,-3.7049041491997836,-2.5500417723997906,-3.7031164546448485,-2.5059830452293586,-3.6933830491540967,-2.530010181764929,0
78.08,-3.7241041496558993,-2.5500408227339224,-3.7251080583564824,-2.5723538992421027,-3.7175930528208783,-2.5469470986404543,0
78.112,-3.7433041500200908,-2.550039865982429,-3.690760533644056,-2.555033663922364,-3.718380045135689,-2.550181148672634,0
78.144,-3.7625041502693484,-2.5500388985846323,-3.8152113998295114,-2.5167795264648483,-3.768632586998379,-2.5368199158836275,0
78.176,-3.781704150387958,-2.55003791766172,-3.777932519728952,-2.506236246682488,-3.783872560075317,-2.5245858551147373,0
78.208,-3.800904150368496,-2.550036921204346,-3.8100432860259885,-2.526145493799031,-3.8058608504397924,-2.5252091075521403,0
78.24,-3.8201041502122925,-2.5500359082049866,-3.82451221329179,-2.5037075810551985,-3.824841395564275,-2.5166078838470676,0
78.272,-3.8393041499293368,-2.5500348787264273,-3.872545876233343,-2.5230934350854657,-3.8554431878150743,-2.519201481697517,0
78.304,-3.8585041495376315,-2.5500338339018276,-3.8865558444441026,-2.6004502527319833,-3.879408250449394,-2.551700359080985,0
78.336,-3.877704149062044,-2.550032775866176,-3.8304133379392833,-2.5896362670700857,-3.8713302854276748,-2.56687408456435,0
78.368,-3.8969041485327307,-2.550031707623316,-3.8539276854769935,-2.5565976716104677,-3.875889245429458,-2.5627628771351807,0
78.4,-3.9161041479832353,-2.55003063285686,-3.94462387272157,-2.55650426701238,-3.914903096328226,-2.560258788757036,0
78.432,-3.9348263698130928,-2.550029495532851,-3.924993824226146,-2.5193748208127404,-3.9301501878459937,-2.543904612382346,0
78.464,-3.952956601356882,-2.55002849969281,-3.961895372376923,-2.5412765887486017,-3.9536995953602707,-2.5428528829171224,0
78.496,-3.9704999982413556,-2.550027658766955,-3.9403720341502346,-2.5414593493320576,-3.9588718041344584,-2.542295013265761,0
78.528,-3.9874738685361963,-2.550026934092452,-4.002923750891361,-2.5443295210294457,-3.986658982876522,-2.5431084145964307,0
78.56,-4.003897463883793,-2.550026297286482,-4.03132086129978,-2.5295508934873365,-4.0143642359761955,-2.537685048831997,0
78.592,-4.019789749483922,-2.5500257279614393,-4.034701027501161,-2.5852558071526177,-4.032024121286209,-2.556713029724188,0
78.624,-4.035168933036416,-2.5500252096985663,-4.011276431290906,-2.5283483996284803,-4.032945082104675,-2.545366881409353,0
78.656,-4.050052417580532,-2.5500247285777133,-4.07003862383723,-2.5368257905976495,-4.05670725529002,-2.5419501672813727,0
78.688,-4.064456848322078,-2.5500242727835896,-4.062973614407686,-2.499492292418201,-4.0678527925260415,-2.5249667514364034,0
78.72,-4.078398172984253,-2.550023832479356,-4.067880052122214,-2.5328523596072503,-4.0762261248830844,-2.5281207352594963,0
78.752,-4.0918916974824215,-2.5500233996964172,-4.086558190600635,-2.5839227072751347,-4.088453706255017,-2.550441266701422,0
78.784,-4.104952133978038,-2.5500229681917816,-4.03613115235085,-2.563519040760114,-4.075360364107742,-2.5556721176672674,0
78.816,-4.117593641866869,-2.5500225332787467,-4.145869563032214,-2.5802680298290337,-4.111148962711037,-2.5655102201112303,0
78.848,-4.129829862866466,-2.5500220916450385,-4.169002270537255,-2.563892385153153,-4.141632487923369,-2.564862818274361,0
78.88,-4.141673951306503,-2.550021641169648,-4.137116167640303,-2.61132573406078,-4.146933226448559,-2.5834477103252254,0
78.912,-4.153138600540463,-2.5500211807454245,-4.176470159768464,-2.50696469664197,-4.165627859916607,-2.5528542237875267,0
78.944,-4.16423606621667,-2.5500207101113443,-4.217090798197898,-2.554124099753603,-4.192872774103586,-2.5533618864029988,0
78.976,-4.174978186995592,-2.5500202296964622,-4.188784261390261,-2.579573544882458,-4.1976840365513555,-2.563846255800616,0
79.008,-4.185376403179028,-2.5500197404764897,-4.2228077709219285,-2.512567542745904,-4.21397394911331,-2.543334471145906,0
79.04,-4.195441773620574,-2.550019243843444,-4.20928920627539,-2.5742732393166055,-4.218140825040694,-2.5557096745487202,0
79.072,-4.20518499121072,-2.5500187414885653,-4.18285162782086,-2.541002681476506,-4.209872664102367,-2.549826570178242,0
79.104,-4.214616397169949,-2.550018235298563,-4.210778187040111,-2.582294499693787,-4.215895321448867,-2.562813432811688,0
79.136,-4.223745994335857,-2.5500177272651308,-4.204673735285848,-2.534091124934406,-4.216886052160182,-2.551324199737022,0
79.168,-4.232583459592974,-2.550017219407534,-4.249187949925667,-2.586144614548838,-4.23511088817687,-2.565252056257914,0
79.2,-4.24113815556444,-2.550016713707907,-4.249938330546366,-2.555749109293293,-4.246176262701816,-2.561450569813453,0
79.232,-4.249419141661444,-2.5500162120587238,-4.307834946563108,-2.6110183117827357,-4.2758098836604574,-2.5812773618389127,0
79.264,-4.257435184567882,-2.5500157162217376,-4.240474793700184,-2.5771933530684454,-4.2664870001570865,-2.5796434575203437,0
79.296,-4.265194768223145,-2.55001522779752,-4.23841362355872,-2.555834614021603,-4.259914893974399,-2.5701196242071838,0
79.328,-4.272706103354423,-2.5500147482046103,-4.273751665052331,-2.5237613852316176,-4.269957862855824,-2.5515760384248267,0
79.36,-4.279977136600758,-2.5500142786672,-4.286706098468232,-2.4801364786545697,-4.281021199916342,-2.52299993074646,0
79.392,-4.2870155592638275,-2.5500138202102147,-4.215232628964743,-2.578223772778779,-4.258930210512797,-2.545089190786553,0
79.424,-4.293828815714668,-2.550013373660657,-4.323359515137858,-2.4954521483554517,-4.2887912336246945,-2.5252341044926268,0
79.456,-4.300424111480953,-2.550012939654078,-4.263267882119949,-2.5960918478891943,-4.282540379760761,-2.553576940319246,0
79.488,-4.30680842103576,-2.5500125186451115,-4.327060186001485,-2.571061729489929,-4.304180159316281,-2.5605706024752557,0
79.52,-4.312988495305813,-2.5500121109210663,-4.281375473694998,-2.606684542114117,-4.29876756338355,-2.5790159329700986,0
79.552,-4.318970868914831,-2.5500117166176652,-4.347935047814285,-2.539303542147991,-4.322025178045665,-2.5631307394758687,0
79.584,-4.324761867175692,-2.550011335736123,-4.335432582580973,-2.553663694487757,-4.330863899176356,-2.559343692477131,0
79.616,-4.330367612843578,-2.5500109681608576,-4.325480393944079,-2.4902349328648516,-4.332075069233455,-2.5316999676910483,0
79.648,-4.335794032640992,-2.550010613677243,-4.359287891848578,-2.5897053878978604,-4.346217140112747,-2.554901922740034,0
79.68,-4.341046863564504,-2.5500102719889157,-4.340360394147471,-2.575165585584662,-4.347027196299829,-2.5630071825517566,0
79.712,-4.346131658982233,-2.5500099427342438,-4.360707668047994,-2.5490051862899206,-4.355551285218615,-2.557406186193501,0
79.744,-4.351053794530343,-2.5500096255016684,-4.3576385915885,-2.5417884544775555,-4.359340479914127,-2.5511589028649886,0
79.776,-4.355964503758235,-2.5500093369994667,-4.326358166483235,-2.543045130892337,-4.3491018266891945,-2.5479132013708377,0
79.808,-4.356309436826244,-2.5410518069590697,-4.342971590525438,-2.562991354625062,-4.346649356502952,-2.5539444626623746,0
79.84,-4.356307986906566,-2.53143898908533,-4.332380648182441,-2.4461518154103854,-4.340942028820436,-2.510827403767281,0
79.872,-4.35624774433466,-2.521737949600484,-4.34221332588109,-2.4765097658480046,-4.341450758656091,-2.4971003486060557,0
79.904,-4.35618546816101,-2.5120415383832793,-4.375087768196941,-2.503176764456736,-4.354905739509686,-2.4995309149502907,0
79.936,-4.356132606550727,-2.5023626810651254,-4.426217126304403,-2.450855117495626,-4.383430423165374,-2.480060595970248,0
79.968,-4.356089928470347,-2.492700211959046,-4.36127728266259,-2.4396787725475377,-4.374569248400025,-2.463907866601695,0
80.0,-4.35605596197439,-2.4830510682646363,-4.332647542858642,-2.525895102853718,-4.3578006037714445,-2.4887027611024894,0
80.032,-4.356029024568493,-2.4734124410354763,-4.397193730068475,-2.487703909687877,-4.373557851999167,-2.4883032205366598,0
80.06400000000001,-4.356007658636963,-2.4637820542963706,-4.339979662201636,-2.465228470950781,-4.360126537407394,-2.479073320702793,0
80.096,-4.355990681612717,-2.454158114696966,-4.3574577488465875,-2.4570919259129087,-4.359058949754154,-2.4702807627881382,0
80.128,-4.355977152184666,-2.444539219720915,-4.362475647470542,-2.4252924753923613,-4.360425525235458,-2.4522854478322254,0
80.16,-4.355966325446353,-2.434924275154252,-4.376367756672051,-2.40972261410554,-4.366802284481113,-2.435260314345296,0
80.19200000000001,-4.3559576130756215,-2.4253124280802547,-4.363456886307131,-2.4257026220008284,-4.365463963430877,-2.431437237412823,0
80.224,-4.355950550869847,-2.415703013815807,-4.364524861515033,-2.4643698474035918,-4.365088133465898,-2.4446102814162156,0
80.256,-4.355944772892214,-2.4060955142298943,-4.350018663267995,-2.3647222198466804,-4.359060129687042,-2.412655056797438,0
80.288,-4.355939991010322,-2.3964895251358005,-4.377648158003699,-2.4100203353705067,-4.366495099708307,-2.411601168237808,0
80.32000000000001,-4.355935978717575,-2.386884730856251,-4.365560847115713,-2.3794650706305958,-4.36612113270193,-2.3987467292082956,0
80.352,-4.355932558332045,-2.377280884432399,-4.37649277678881,-2.3918719865208096,-4.3702695007349055,-2.395996832148992,0
80.384,-4.3559295908558715,-2.3676777922570196,-4.359390582443736,-2.39528947090112,-4.365917621327997,-2.3957138876679034,0
80.416,-4.355926967932231,-2.358075302164078,-4.388582683045137,-2.3826749975126233,-4.374983312697824,-2.3904983316262283,0
80.44800000000001,-4.355924605458429,-2.3484732942099718,-4.352362310291299,-2.328306196336571,-4.365934558565705,-2.3656214775331468,0
80.48,-4.355922438508817,-2.338871673544674,-4.365858410572357,-2.3016850546944347,-4.365903727817702,-2.340046908422715,0
80.512,-4.355920417295461,-2.32927036490116,-4.300267058798501,-2.3375646766889444,-4.339648671826574,-2.3390540157564215,0
80.544,-4.355918503952427,-2.3196693083349245,-4.356397120175735,-2.323791324390881,-4.346347647552459,-2.33294893923944,0
80.57600000000001,-4.355916669974887,-2.310068455927276,-4.3195021512637,-2.3116804710793373,-4.335609031825621,-2.3244415520064847,0
80.608,-4.355914894179636,-2.300467769230563,-4.345752608540557,-2.2453879266471013,-4.339666033342718,-2.292820101895478,0
80.64,-4.35591316108147,-2.290867217284047,-4.39939024878928,-2.2604333338478804,-4.363555280020758,-2.2798653947106406,0
80.672,-4.355911459601626,-2.281266775068586,-4.362878919920252,-2.341314261003493,-4.3632842877408295,-2.304444941263223,0
80.70400000000001,-4.355909782041733,-2.271666422298942,-4.310892846742983,-2.3009322361113194,-4.342327255905681,-2.3030398592389245,0
80.736,-4.355908123270227,-2.2620661424762223,-4.32083352881846,-2.2768223926509563,-4.3337293039179965,-2.2925528726410027,0
80.768,-4.3559064800788905,-2.2524659221412193,-4.402605745146493,-2.2492391709942945,-4.361279414945025,-2.275227392020175,0
80.8,-4.355904850675692,-2.242865750283395,-4.332291522800098,-2.219917002601237,-4.349683789633679,-2.2531032362908414,0
80.83200000000001,-4.355903234286803,-2.2332656178709627,-4.33408860728307,-2.221537928189275,-4.343445246484958,-2.24047711308865,0
80.864,-4.355901630846045,-2.223665517475637,-4.400970929279888,-2.223665826468913,-4.36645504878061,-2.233752598479205,0
80.896,-4.355900040754301,-2.2140654429718203,-4.340720362053619,-2.270918363730858,-4.356160703700063,-2.2486189046181675,0
80.928,-4.355898464694849,-2.2044653892946564,-4.3390157969931105,-2.227734064959398,-4.3493022720109185,-2.2402649687926663,0
80.96000000000001,-4.3558969034932895,-2.1948653522449386,-4.371443687964392,-2.2504623369366676,-4.358158371625013,-2.2443439160878484,0
80.992,-4.355895358012983,-2.185265328331527,-4.328086030061399,-2.1685636473465673,-4.346128971233287,-2.2140318086283806,0
81.024,-4.355893829078644,-2.1756653146439664,-4.380048889723351,-2.205147802066841,-4.359696478534385,-2.210478206040176,0
81.056,-4.355892317422183,-2.166065308749531,-4.377941960911951,-2.1897505246764744,-4.366994215643226,-2.2021871335303946,0
81.08800000000001,-4.355890823646046,-2.1564653086101053,-4.360469049987331,-2.174353688570105,-4.364383698286913,-2.191053755581202,0
81.12,-4.355889348200215,-2.146865312515204,-4.376816734028152,-2.1977968410105273,-4.369356466650561,-2.1937509897870306,0
81.152,-4.355887891369785,-2.1372653190281374,-4.370440985445422,-2.1162620053339074,-4.3697898337304855,-2.1627553960390196,0
81.184,-4.355886453270671,-2.1276653269428776,-4.370541538511699,-2.13780864448488,-4.370090080957884,-2.1527766954497194,0
81.21600000000001,-4.355885033851444,-2.118065335249602,-4.3512149632014525,-2.18180608797636,-4.362539605109222,-2.1643884524918384,0
81.248,-4.35588363289974,-2.1084653431072486,-4.356206996345293,-2.1598636755000715,-4.360006138914167,-2.162578541725702,0
81.28,-4.355882250051974,-2.0988653498216894,-4.3762007206487965,-2.166617136519205,-4.366483555027876,-2.16419397967279,0
81.312,-4.355880884805376,-2.0892653548283624,-4.349343663374217,-2.1146076897060704,-4.35962718788705,-2.144359463714925,0
81.34400000000001,-4.3558795365315595,-2.079665357678393,-4.350526152663313,-2.1232571662086075,-4.355986369352698,-2.135918544740381,0
81.376,-4.355878204491021,-2.0700653580273976,-4.3418682992893896,-2.1191576731543833,-4.350338742796639,-2.1292141961331588,0
81.408,-4.35587688784808,-2.0604653556262984,-4.3649932476104985,-2.0425510974159904,-4.356200151934714,-2.0945489566727,0
81.44,-4.3558755856859115,-2.050865350313598,-4.401921691157144,-2.023237872623662,-4.374488380361869,-2.0660245230787675,0
81.47200000000001,-4.355874297021383,-2.041265342008661,-4.312207755007184,-2.0412473807254354,-4.349575748223234,-2.056113666162439,0
81.504,-4.35587302081948,-2.031665330705635,-4.381117636140272,-2.023120417540272,-4.362192126358661,-2.0429163667379484,0
81.536,-4.355871756007189,-2.022065316467728,-4.351794482546114,-2.000994741620422,-4.358032696432851,-2.026147716714739,0
81.568,-4.355870501486698,-2.0124652994216143,-4.379829772298264,-2.0471195666064936,-4.366751158643086,-2.034536456694722,0
81.60000000000001,-4.35586925614786,-2.0028652797518074,-4.347681649446047,-2.0039458205016936,-4.359122990700756,-2.022300202240328,0
81.632,-4.355868018879851,-1.9932652576948797,-4.404437184754574,-1.9794235177383193,-4.377248307516416,-2.005149528461936,0
81.664,-4.355866788582001,-1.983665233533459,-4.324372613739239,-1.9661177023822909,-4.35609767222473,-1.989536798052141,0
81.696,-4.355865564173769,-1.9740652075899663,-4.280888263283897,-1.9973997902516838,-4.326013553446822,-1.992681994953731,0
81.72800000000001,-4.355864344603854,-1.9644651802200852,-4.370242898489498,-1.96177937788001,-4.3437049383872095,-1.9803209481457835,0
81.76,-4.355863128858452,-1.9548651518059903,-4.321572980674497,-1.9417559657495689,-4.334851803892186,-1.964894955208663,0
81.792,-4.355861915968647,-1.9452651227493718,-4.369616038286382,-1.9916710612337778,-4.348757147449483,-1.9756053976399546,0
81.824,-4.35586070501695,-1.935665093464322,-4.366897147008481,-1.9274343245046919,-4.356012797830764,-1.95633696840703,0
81.85600000000001,-4.35585949464975,-1.9260650643730242,-4.3528547389885635,-1.9238252127504423,-4.354749224851566,-1.943332266165581,0
81.888,-4.344346281616647,-1.91911393319244,-4.316620998097935,-1.9183250865701327,-4.327977986821845,-1.933325384902885,0
81.92,-4.325702708405259,-1.9186149267502282,-4.305657746320108,-1.972578536261476,-4.307529911475571,-1.9490199954879044,0
81.952,-4.306384745454678,-1.9186422202518911,-4.295138557283878,-1.936877330554768,-4.291053387632262,-1.9441529575087653,0
81.984,-4.286971619062038,-1.9187221688176552,-4.253172671756579,-1.8887325357904021,-4.264381117816752,-1.9219716290448812,0
82.016,-4.267574122286032,-1.918787451698657,-4.279549611257003,-1.8704104047409222,-4.258928531845976,-1.9013312001461218,0
82.048,-4.24821114254337,-1.9188313494703861,-4.249166452360289,-1.9498420779434902,-4.243503717773379,-1.9207173355877196,0
82.08,-4.228880871726482,-1.9188569591921774,-4.184618675830855,-1.9766927459397812,-4.208429720227264,-1.9430875058631196,0
82.112,-4.209577746537637,-1.9188682145990301,-4.2022434493954455,-1.922116166504698,-4.194435232692246,-1.934677633755001,0
82.144,-4.190296353985471,-1.918868397506228,-4.212331553391762,-1.9599619713777527,-4.1900737831890105,-1.9447690355957645,0
82.176,-4.171032173027122,-1.9188600156235485,-4.1412520319679365,-1.8924694639757507,-4.159025106131194,-1.9238261274380082,0
82.208,-4.15178157825496,-1.9188449218806827,-4.146152055233597,-1.9738733867251357,-4.142355910240285,-1.9438213702971334,0
82.24,-4.132541697872234,-1.9188244629573514,-4.159212158434166,-1.9072266475659339,-4.137578434910418,-1.9291593359070331,0
82.272,-4.113310265532637,-1.9187996141085084,-4.114590414942772,-1.9011459941723179,-4.116863253188691,-1.9179294187185538,0
82.304,-4.0940854945760945,-1.9187710908469897,-4.1097163034935855,-1.8984993561463097,-4.102484500439276,-1.9101323991791608,0
82.336,-4.074865976753114,-1.918739436132123,-4.075591334924887,-1.984424921301219,-4.080207262234056,-1.9398240091386794,0
82.368,-4.055650601951537,-1.9187050845854412,-4.073574563937078,-1.9259897021097983,-4.0660342117920925,-1.9342644934711006,0
82.4,-4.036438494883393,-1.9186684066534587,-4.043374289008146,-1.8980000615894965,-4.045450272414656,-1.9197325529618714,0
82.432,-4.017228965225232,-1.9186297363197455,-4.079673039732812,-1.9994270509617238,-4.047619409888377,-1.9515838410407413,0
82.464,-3.998021468373544,-1.9185893861570062,-3.984392090976526,-1.8865913730364257,-4.010808513595395,-1.9255600438577574,0
82.496,-3.9788155745627996,-1.918547653335771,-3.8995046173599,-1.8904740764356571,-3.9547669869793785,-1.9114986036103123,0
82.528,-3.959610944567369,-1.918504819783989,-3.9631570518613684,-1.8937093984747995,-3.9466030452711633,-1.9043556882013095,0
82.56,-3.940407310583444,-1.9184611491255434,-3.937500282505323,-1.8978388604681216,-3.9314419728027126,-1.9017216104846935,0
82.592,-3.9212044611829366,-1.9184168824049883,-3.9277667786698656,-1.9349259292436494,-3.9184519279200094,-1.9149759444060916,0
82.624,-3.9020022294654977,-1.9183722340011373,-3.935238487711857,-1.9090486306373313,-3.913646584580428,-1.9125776405467638,0
82.656,-3.882800483720767,-1.9183273885931786,-3.84400635588022,-1.9471703420994342,-3.874270525674644,-1.9263874132477823,0
82.688,-3.8635991200607527,-1.9182824995992491,-3.8389929479424434,-1.9440012430876263,-3.8486395268676543,-1.933405753931123,0
82.72,-3.844398056599363,-1.9182376891709385,-3.7855825537582426,-1.9169146783612994,-3.8118967695298007,-1.926782285306503,0
82.752,-3.8251972288485026,-1.9181930495962718,-3.81560461250042,-1.8896800996417131,-3.8018599381808436,-1.9119145513720563,0
82.784,-3.8059965860725713,-1.9181486458269954,-3.7644940397858724,-1.9165024470578786,-3.7753936098064353,-1.9137230446652014,0
82.816,-3.7867960883996328,-1.9181045187864274,-3.8308397676607657,-1.9327058718789878,-3.786052103440383,-1.9212897122113546,0
82.848,-3.7675957045313164,-1.9180606891124237,-3.7933345944695693,-1.9162660387078483,-3.777445129860628,-1.919253980306065,0
82.88,-3.748395409927433,-1.9180171610271772,-3.722988920221718,-1.885132546095374,-3.744142675553116,-1.9055793378099417,0
82.912,-3.7291951853675607,-1.9179739260848132,-3.7770023520596157,-1.9431256462153548,-3.7457665752774227,-1.9205719740439982,0
82.944,-3.7099950158123045,-1.917930966615431,-3.719435814636967,-1.9500914146727972,-3.723714299757871,-1.9323540293964565,0
82.976,-3.6907948895028744,-1.9178882587503718,-3.73936727506977,-1.9038122196875564,-3.718455518279191,-1.9209117332340484,0
83.008,-3.67159479725019,-1.9178457749715074,-3.6634309333724997,-1.8565595635219732,-3.6849257124190435,-1.895145423048305,0
83.04,-3.6523947318746006,-1.9178034861737425,-3.678098800712172,-1.8854452462564775,-3.6706749755897965,-1.891240021259751,0
83.072,-3.6331946877651897,-1.9177613632636727,-3.580529189673445,-1.9104918813129206,-3.6230966888702136,-1.8989155273117104,0
83.104,-3.613994660533893,-1.9177193783390878,-3.629897911602212,-1.889641991200456,-3.614297205442397,-1.8951809510356186,0
83.136,-3.5947946467446616,-1.9176775055055384,-3.567176973523487,-1.9351491905462523,-3.583929140021511,-1.9111431457104426,0
83.168,-3.5755946437019204,-1.91763572138982,-3.570016285947182,-1.9611028552979766,-3.566844025636252,-1.931101975429355,0
83.2,-3.5563946492857665,-1.917594005408342,-3.5686617402481704,-1.8905255647518666,-3.5560511386493996,-1.9148463922049737,0
83.232,-3.537194661823935,-1.9175523398431265,-3.541375244698612,-1.9483300426306667,-3.5386608081832676,-1.9282148585617374,0
83.264,-3.5179946799925967,-1.9175107097714301,-3.580154708868568,-1.8830550635850438,-3.54373839553535,-1.910125963612705,0
83.296,-3.498794702739706,-1.9174691028879645,-3.5668362293030778,-1.9297678576388135,-3.5414575560986385,-1.917957754425438,0
83.328,-3.479594729225915,-1.917427509252271,-3.4617728464165287,-1.8851842334754583,-3.498063699271613,-1.9048233841165891,0
83.36,-3.460394758779107,-1.9173859209883688,-3.481249399389267,-1.8907507921595357,-3.479818006362917,-1.899169386174214,0
83.392,-3.44119479085944,-1.9173443319594274,-3.4102695560336453,-1.9445004079503498,-3.4404786532805796,-1.917276831368095,0
83.424,-3.4219948250324355,-1.9173027374367824,-3.423504736616028,-1.890146305793938,-3.4221691136743386,-1.9063996528966358,0
83.456,-3.4027948609481835,-1.9172611337798273,-3.443267140853931,-1.8694020886115603,-3.419088351619852,-1.8915756524048344,0
83.488,-3.3835948983251503,-1.9172195181408838,-3.4125021359989605,-1.885575169132731,-3.4049338924623465,-1.8891504763512739,0
83.52,-3.3643949369374107,-1.9171778882067774,-3.3730884729124027,-1.959106599699757,-3.3806757517529826,-1.9171079337796955,0
83.552,-3.345194976604407,-1.91713624198633,-3.3459011874159184,-1.8711166700194974,-3.355245953150875,-1.898686426116688,0
83.584,-3.3259950171825468,-1.9170945776501973,-3.3282107292097196,-1.869896362537919,-3.332911890731498,-1.8871453872365307,0
83.616,-3.306795058558146,-1.9170528934264217,-3.269441664034378,-1.919419110819226,-3.2960038272363725,-1.9000298508882867,0
83.648,-3.287595100641357,-1.9170111875518103,-3.33140213957094,-1.872924452321149,-3.2986431793828546,-1.889162652296753,0
83.68,-3.268395143360844,-1.916969458275939,-3.203719248390305,-1.9361141150162111,-3.249153634229687,-1.9079181838021841,0
83.712,-3.249195186659066,-1.916927703911421,-3.2895323449519007,-1.9077244414341712,-3.253785145795754,-1.9078156178860315,0
83.744,-3.229995230488089,-1.9168859229212711,-3.3126786626412135,-1.975817162577843,-3.265822579846298,-1.9349911505706123,0
83.776,-3.2107952748059154,-1.9168441140319579,-3.227119185120133,-1.9352247189173872,-3.238821249304776,-1.9350594758665363,0
83.808,-3.1915953195733433,-1.9168022763592407,-3.199339603855414,-1.971297702311386,-3.211508618511343,-1.9495296472111003,0
83.84,-3.17239536475139,-1.9167604095332498,-3.15996377146339,-1.954519735177607,-3.1793707071158477,-1.9515005459928827,0
83.872,-3.153195410299328,-1.9167185138095548,-3.1621463987405622,-1.91468923137669,-3.1609610112258935,-1.9367508670056406,0
83.904,-3.133995456173368,-1.9166765901541778,-3.1485672790152903,-1.9590195309787444,-3.1444835458363958,-1.9456331636065585,0
83.936,-3.1147955023260003,-1.9166346402925438,-3.119937148235089,-1.9019483176474017,-3.1231450143222887,-1.928134041739285,0
83.968,-3.0955955487059934,-1.9165926667151185,-3.0836603248664844,-1.9022892913983467,-3.0958311660941584,-1.917770945422775,0
84.0,-3.076395595259009,-1.9165506726357389,-3.1108792352959576,-1.8654808729807706,-3.090330421352062,-1.8968297097680602,0
84.032,-3.057195641928757,-1.916508661902195,-3.1280494709133473,-1.932020532004369,-3.093898068771242,-1.910880824011394,0
84.06400000000001,-3.03799568865859,-1.91646663886221,-3.0542899223508084,-1.9594475273951801,-3.0665348378091957,-1.930282285492308,0
84.096,-3.018795735393408,-1.9164246081913519,-3.005002965750622,-1.9410140785849324,-3.030402116597083,-1.9345497804973433,0
84.128,-2.999595782081715,-1.9163825746923493,-2.99761380641075,-1.8720198860516208,-3.00576682013282,-1.909512600970507,0
84.16,-2.980395828677681,-1.9163405430775873,-2.9875354366757922,-1.8865727112474104,-2.986954294353329,-1.9003114265065673,0
84.19200000000001,-2.961195875143037,-1.9162985177480536,-2.892327530096812,-1.8917109252499469,-2.9375836162418087,-1.8968460130116969,0
84.224,-2.941995921448672,-1.9162565025826,-2.9180752564266728,-1.892411067055508,-2.9182602998902016,-1.8950468292295435,0
84.256,-2.922795967575797,-1.9162145007510305,-2.9010337598131275,-1.935459510702111,-2.899849711413868,-1.9111867055261045,0
84.288,-2.903596013516595,-1.9161725145632513,-2.9634356860118563,-1.8842182258263176,-2.9137641287855405,-1.9003741274098425,0
84.32000000000001,-2.884396059274289,-1.9161305453646027,-2.894138535334748,-1.9587019828305607,-2.894393918914944,-1.9236800937419534,0
84.352,-2.8651961048626253,-1.9160885934846696,-2.8364429034588943,-1.9083250045820839,-2.8596935402200865,-1.917512892376274,0
84.384,-2.8459961503047753,-1.916046658243542,-2.873584466984776,-1.9257679228701985,-2.8537299383932306,-1.9207897481610323,0
84.416,-2.826796195631733,-1.9160047380158653,-2.819531290453572,-1.954336644615517,-2.82853050666733,-1.9341833582570285,0
84.44800000000001,-2.807596240880285,-1.9159628303493461,-2.817012287662017,-1.95915303948461,-2.81240324650177,-1.944146088404218,0
84.48,-2.7883962860906735,-1.9159209321308777,-2.8089329979647317,-1.848316675105806,-2.7994951745146888,-1.9057891847922557,0
84.512,-2.769196331304089,-1.9158790397903744,-2.7654284228189563,-1.9302769012615377,-2.7743485012602336,-1.9155591348769223,0
84.544,-2.7499963765601367,-1.9158371495299524,-2.765355923309386,-1.9192730097683868,-2.7592314975048264,-1.9170195478309071,0
84.57600000000001,-2.7307964218944254,-1.9157952575644137,-2.7349156481041987,-1.8752882315744999,-2.737985185175338,-1.9003018816533566,0
84.608,-2.7115964673364252,-1.9157533603582202,-2.689271980128873,-1.866239420119317,-2.706979930597535,-1.8866517527706692,0
84.64,-2.692396512907721,-1.9157114548443044,-2.7098663601939084,-1.9262370419053474,-2.696614529890277,-1.9024607180085502,0
84.672,-2.6731965586207687,-1.9156695386111804,-2.624773341201131,-1.9375299750307007,-2.6563580818846053,-1.9164632631638323,0
84.70400000000001,-2.653996604478233,-1.915627610046794,-2.6534165410331823,-1.849205205033728,-2.6436614930310594,-1.8895348744552585,0
84.736,-2.6347966504729516,-1.9155856684302779,-2.638967839706203,-1.9222371874906645,-2.6302640592052096,-1.9025906263989887,0
84.768,-2.615596696588525,-1.9155437139660707,-2.617050892481482,-1.87376939892166,-2.6134588200357185,-1.8910369548606245,0
84.8,-2.5963967428005006,-1.9155017477585163,-2.5960743148197016,-1.910277845492066,-2.594985045482947,-1.8987081243318311,0
84.83200000000001,-2.577196789078069,-1.9154597717288406,-2.5651526461534004,-1.8951993375397167,-2.571532113295179,-1.8972794180749115,0
84.864,-2.5579968353861684,-1.9154177884800605,-2.5537602076445136,-1.9392116129952517,-2.552903378585431,-1.914027101550252,0
84.896,-2.538796881687852,-1.915375801118695,-2.475953244895162,-1.9310281394299074,-2.510603352661901,-1.9208023212710712,0
84.928,-2.519596927946768,-1.915333813044883,-2.4668047640345425,-1.8660580770820208,-2.4815639447610236,-1.8988794293140048,0
84.96000000000001,-2.500396974129579,-1.9152918277245177,-2.542687158126047,-1.954124408158371,-2.4944932576501606,-1.9209522297418147,0
84.992,-2.4811970202081755,-1.915249848458125,-2.487747654041879,-1.8942256454280284,-2.480275043739051,-1.9102364098994027,0
85.024,-2.461997066161523,-1.9152078781613977,-2.460464201166528,-1.9097806830825035,-2.4608307342280398,-1.9100289395489949,0
85.056,-2.442797111977041,-1.9151659191715262,-2.4289471012663637,-1.8940947841368294,-2.436557308544808,-1.9036301053329616,0
85.08800000000001,-2.4235971576514133,-1.9151239730917735,-2.414757702111327,-1.8895035509387705,-2.416317493455022,-1.8979543196828894,0
85.12,-2.404397203190794,-1.915082040684267,-2.44974963031678,-1.9027629666805657,-2.418170375665393,-1.8998526228020047,0
85.152,-2.385197248610395,-1.9150401218178574,-2.3926752842360335,-1.9231568855945258,-2.396452366542446,-1.9091491799676765,0
85.184,-2.365997293933492,-1.9149982154743344,-2.3367063644469006,-1.98309674401033,-2.3610339931383275,-1.9387030643709044,0
85.21600000000001,-2.3467973391899073,-1.9149563198125221,-2.3376969022376533,-1.9299809682373164,-2.3401791842005983,-1.9351890900060023,0
85.248,-2.3275973844140823,-1.9149144322860447,-2.3199497484894547,-1.9258329865328765,-2.3205674373310234,-1.9314215162207242,0
85.28,-2.308397429642849,-1.914872549807087,-2.3101717994005075,-1.9239275787830787,-2.3048892095704545,-1.9283988103415295,0
85.312,-2.289197474913053,-1.914830668945516,-2.273594536532888,-1.852883724674668,-2.280851367768461,-1.8981676445330307,0
85.34400000000001,-2.2699975202591696,-1.9147887861504462,-2.2753553812276364,-1.9318698063358153,-2.267133000571131,-1.911623374976977,0
85.376,-2.2507975657110664,-1.9147468979798978,-2.180544972927717,-1.9004192482716427,-2.220977816942938,-1.9071165853519663,0
85.408,-2.231597611292055,-1.914705001323668,-2.247308145175742,-1.9242622276768198,-2.2199899756789785,-1.9139496970356107,0
85.44,-2.212397657017358,-1.9146630936049869,-2.2559075544521643,-1.8979234031739507,-2.2228370346476245,-1.9075140267024167,0
85.47200000000001,-2.193197702893087,-1.914621172947901,-2.201517842638615,-1.8994797768590572,-2.20278938532151,-1.9042751656750414,0
85.504,-2.1739977489158084,-1.9145792382995408,-2.18235707966766,-1.92308032967067,-2.1830964905560903,-1.911772061651783,0
85.536,-2.154797795072726,-1.9145372894993458,-2.0940167360353517,-1.9530624689079386,-2.1359446162618707,-1.9282630467162027,0
85.568,-2.1355978413424723,-1.9144953272907457,-2.1432981367301522,-1.887945678485443,-2.127366051979389,-1.9121109142096544,0
85.60000000000001,-2.1163978876964635,-1.9144533532745138,-2.1244740229227403,-1.8870000020691131,-2.1146892679002045,-1.9020413580752709,0
85.632,-2.0971979341007296,-1.9144113698067735,-2.106379788368853,-1.9085999037750294,-2.0998455036406938,-1.9046395807133851,0
85.664,-2.0779979805181026,-1.914369379848216,-2.074797853441354,-1.9450022313563378,-2.078306471119214,-1.9207594429444663,0
85.696,-2.0587980269106163,-1.9143273867742356,-2.0304741675085807,-1.9546609780947386,-2.0476535772337767,-1.9342948587254247,0
85.72800000000001,-2.0395980732419603,-1.914285394158218,-2.0147451772930536,-1.9335229720907532,-2.022970244812164,-1.9339609076856246,0
85.76,-2.020398119479825,-1.914243405541947,-2.0279460979342248,-1.9428291449552406,-2.0134406136070937,-1.9374830101240659,0
85.792,-2.0011981655979802,-1.9142014242079337,-1.9337159538005202,-1.862187254771423,-1.9700307772181254,-1.9073395212003708,0
85.824,-1.9819982115779593,-1.914159452968352,-1.95659424571024,-1.9288127092021077,-1.953136192133121,-1.9159036167085104,0
85.85600000000001,-1.9627982574102316,-1.9141174939841914,-1.974881519946897,-1.9277115892413228,-1.9503143507592073,-1.9206016340653038,0
85.888,-1.9435983030947968,-1.9140755486262944,-1.9767618925736565,-1.9049604442267083,-1.949373394967063,-1.9143199949379004,0
85.92,-1.9243983486411635,-1.9140336173872505,-1.9219864658405963,-1.9347749101635976,-1.9268986507803207,-1.9224768061832491,0
85.952,-1.905198394067722,-1.9139916998498345,-1.9017577216658181,-1.9050343722226788,-1.905322306581575,-1.9154746854459916,0
85.98400000000001,-1.8859984394005487,-1.9139497947140338,-1.9378866505732348,-1.9356965953925154,-1.9068280716110262,-1.923538308812821,0
86.016,-1.8667984846717278,-1.9139078998809345,-1.8243397085803126,-1.8818192879279727,-1.862312753820696,-1.9068255648163972,0
86.048,-1.8475985299172923,-1.9138660125880678,-1.884519378029012,-1.9010975664176073,-1.8596754309192751,-1.90450923289178,0
86.08,-1.8283985751749183,-1.9138241295875005,-1.8147548351519776,-1.9128634997662657,-1.8301872200254632,-1.9078258080639432,0
86.112,-1.8091986204815145,-1.9137822473551984,-1.7771493029123178,-1.8683909925081736,-1.7974520805958583,-1.8920267490982547,0
86.144,-1.789998665870859,-1.9137403623181695,-1.8225431502170704,-1.8652241801537282,-1.79596853586707,-1.8812805855335646,0
86.176,-1.7707987113714316,-1.913698471084753,-1.7966611900316534,-1.906489679030181,-1.784725624966777,-1.8913390818334568,0
86.208,-1.7515987570045775,-1.9136565706632107,-1.7753353648776162,-1.860337244766419,-1.7694495483794905,-1.8789131992574084,0
86.24,-1.7323988027831245,-1.913614658654529,-1.7850033862498431,-1.8813904946223552,-1.7641511109929404,-1.8798789618939935,0
86.272,-1.713198848710541,-1.9135727334070087,-1.7230988517669596,-1.9436645592442214,-1.7362102347861268,-1.9053680369552666,0
86.304,-1.6939988947806948,-1.913530794122671,-1.6430291367259624,-1.9580990724419869,-1.6874178230640726,-1.9264352788321046,0
86.336,-1.6747989409782342,-1.9134888409086224,-1.6208945591679944,-1.889638432911883,-1.649288545025061,-1.911691360181625,0
86.368,-1.655598987279568,-1.913446874770067,-1.7208586349384656,-1.9187919150820198,-1.6663966085251014,-1.9145063948828203,0
86.4,-1.6363990336543845,-1.9134048975454128,-1.6316409375600984,-1.9533245380142568,-1.6409743676859017,-1.9300084593375564,0
86.432,-1.6171990800676153,-1.9133629117876556,-1.5426580420629583,-1.8969777537362305,-1.5901278649917265,-1.916770980554996,0
86.464,-1.5979991264817093,-1.9133209205996893,-1.5833971565980682,-1.925747005659876,-1.5759156091930118,-1.9203361923466264,0
86.496,-1.5787991728590727,-1.9132789274341575,-1.5301706504390238,-1.9201134575009902,-1.546097653249213,-1.9202219005955543,0
86.528,-1.559599219164509,-1.9132369358707546,-1.5476961503471098,-1.9202551003726342,-1.5352170796405793,-1.920209985248348,0
86.56,-1.540399265367499,-1.913194949385333,-1.577468211231283,-1.9481546325701944,-1.5405975598192054,-1.9313626534260067,0
86.592,-1.521199311444172,-1.9131529711257054,-1.5586584980803537,-1.9562743344105709,-1.5363019626525123,-1.9413021412368534,0
86.624,-1.5019993573788382,-1.913111003708596,-1.4986311557631546,-1.9171783301878944,-1.5097136674093616,-1.931627439665355,0
86.656,-1.4827994031649867,-1.913069049050841,-1.4329123297055837,-1.9532112538084618,-1.4674731598224828,-1.9402357963850347,0
86.688,-1.4635994488056883,-1.9130271082457138,-1.4969837078530421,-1.955804524983167,-1.4677574065108363,-1.946438127354157,0
86.72,-1.4443994943133796,-1.912985181492358,-1.456589042444908,-1.9397970459325538,-1.451770088342745,-1.9437565424893286,0
86.752,-1.42519953970905,-1.912943268082876,-1.358302181799206,-1.9195824712538885,-1.4028629531675638,-1.9340617690517559,0
86.784,-1.4059995850208835,-1.9129013664479098,-1.4131338275026755,-1.8922416531098747,-1.3954513303306344,-1.9173085837884951,0
86.816,-1.3867996302824468,-1.9128594742577758,-1.3420893058512855,-1.879967762649196,-1.362586547958398,-1.9023471208160463,0
86.848,-1.367599675530537,-1.9128175885726344,-1.3291428505117366,-1.8947781078602486,-1.3376890963940111,-1.8992943835172171,0
86.88,-1.3483997208028276,-1.9127757060320152,-1.3644233394280596,-1.9430771235597972,-1.3368628210213147,-1.9167823476929295,0
86.912,-1.3291997661354558,-1.9127338230714785,-1.2863184776606993,-1.9505703973417876,-1.3051251110948296,-1.9302724338428563,0
86.944,-1.309999811560707,-1.9126919361524444,-1.3696259705721652,-1.8488632660119384,-1.3194054823120123,-1.8976836291088286,0
86.976,-1.2907998571049382,-1.9126500419903698,-1.2680318858560997,-1.851016851633627,-1.2873360711682502,-1.8789917748515403,0
87.008,-1.271599902786875,-1.9126081377665634,-1.3271980654542592,-1.8986949887617137,-1.2917608963366873,-1.886847910073962,0
87.04,-1.2523999486163933,-1.9125662213099746,-1.3090206608445085,-1.851710998925622,-1.287144829611367,-1.8727679872451306,0
87.072,-1.2331999945938648,-1.9125242912372378,-1.1998000972010103,-1.8906769195222632,-1.240686964137256,-1.8799063933222362,0
87.104,-1.2140000407101141,-1.912482347041934,-1.1778742913331184,-1.871636540635879,-1.204041922523887,-1.8765732770584795,0
87.136,-1.1948000869469961,-1.9124403891273127,-1.1874535245258955,-1.913318418846263,-1.1858865908498286,-1.8912461508759195,0
87.168,-1.1756001332785573,-1.9123984187803582,-1.1773894064053372,-1.9322246461628574,-1.170967744611532,-1.9076123595281271,0
87.2,-1.1564001796727092,-1.9123564380888713,-1.1485289808237271,-1.9196623539964068,-1.1504722666468528,-1.912407162854396,0
87.232,-1.1372002260933083,-1.9123144498069045,-1.1507248658920006,-1.8993165773726841,-1.1390533339021687,-1.9071457310905013,0
87.264,-1.1180002725024998,-1.9122724571772274,-1.1360951558159207,-1.9398404344317726,-1.1263500902271697,-1.9201984138340844,0
87.296,-1.0988003188631765,-1.9122304637222671,-1.1694586898007604,-1.905723624597122,-1.1320735576136327,-1.9143833006785977,0
87.328,-1.0796003651413864,-1.9121884730170018,-1.0871988327651532,-2.006712811083665,-1.102603695224238,-1.9512899105926804,0
87.36,-1.0604004113085286,-1.9121464884584494,-1.0436494427743015,-1.9611731063185707,-1.0675020217831306,-1.9552179997208108,0
87.392,-1.0412004573431985,-1.912104513046617,-1.0404808715413452,-1.905657505931139,-1.0451735892107765,-1.9353686196730333,0
87.424,-1.0220005032325585,-1.9120625491910361,-1.0060081349332364,-1.884709029139705,-1.0179874350071767,-1.9150796086747262,0
87.456,-1.0028005489731502,-1.9120205985553569,-1.0327882201176308,-1.9447204595626943,-1.0123877765404914,-1.9269107826084808,0
87.488,-0.9836005945711002,-1.9119786619500287,-1.002407205949523,-1.9173077882748513,-0.9968755757747972,-1.9230444268939564,0
87.52,-0.9644006400417088,-1.911936739279986,-0.9462665889837989,-1.9066256297626545,-0.9651120085116851,-1.9164517580327756,0
87.552,-0.9452006854084549,-1.9118948295507174,-0.9372357917919331,-1.9425016046624806,-0.9424415492618212,-1.9268465536658397,0
87.584,-0.9260007307014808,-1.9118529309323298,-0.9266082063315292,-1.9247730344361045,-0.9245882395156276,-1.9259920085111066,0
87.616,-0.9068007759556569,-1.91181104087748,-0.9511708505731156,-1.9347167714737437,-0.923701311356347,-1.929456779996574,0
87.648,-0.8876008212083486,-1.9117691562855745,-0.9155329534609511,-1.92145194232999,-0.9089139956121546,-1.926229712957579,0
87.68,-0.8684008664970257,-1.9117272737026527,-0.8539725848374651,-1.8874471956983272,-0.875417458717168,-1.9106915736606775,0
87.712,-0.8492009118568635,-1.9116853895440684,-0.8041098951777602,-1.912650915649422,-0.8353744607218403,-1.9114501755205218,0
87.744,-0.8300009573184864,-1.9116435003256145,-0.8066880739525257,-1.9491019547101731,-0.8123799334443642,-1.9264857477598976,0
87.776,-0.8108010029059971,-1.9116016028881864,-0.8129498178293211,-1.8915702751542731,-0.8010879146420513,-1.912494413111475,0
87.808,-0.7916010486354161,-1.911559694601502,-0.7920416720250063,-1.8905874835028602,-0.7859494450551708,-1.9037064882204486,0
87.84,-0.7724010945136359,-1.911517773533738,-0.8200062934749397,-1.9249405589811819,-0.7880522119009866,-1.912174955243202,0
87.872,-0.753201140537958,-1.911475838576142,-0.730988305757434,-1.9114740174238365,-0.7537066769400278,-1.9118694103377163,0
87.904,-0.7340011866962495,-1.9114338895145833,-0.7335543700792071,-1.9138276951560875,-0.7341257817101048,-1.9126275462761502,0
87.936,-0.7148012329677125,-1.9113919270434243,-0.7380642245729325,-1.9418495546053678,-0.7241811863858166,-1.9242911642217062,0
87.968,-0.6956012793242198,-1.9113499527208102,-0.6696069757724632,-1.884709647531403,-0.6908315296844186,-1.9084333660526924,0
88.0,-0.6764013257321317,-1.91130796886826,-0.6898519727953476,-1.9793829046388238,-0.6789197344824187,-1.936787985571264,0
88.032,-0.6572013721544774,-1.9112659784210246,-0.6705422798226923,-1.9051921783858392,-0.6640487801775361,-1.924124464326778,0
88.06400000000001,-0.638001418553354,-1.9112239847388612,-0.6504100813880369,-1.881651889711719,-0.6470733282214689,-1.9071102357824063,0
88.096,-0.6188014648923884,-1.9111819913894188,-0.642055552196182,-1.9077684120374963,-0.6335462453671089,-1.9073483094052084,0
88.128,-0.5996015111390945,-1.9111400019182048,-0.5924873929006763,-1.9284116257189567,-0.6056027319278687,-1.9157484429000116,0
88.16,-0.5804015572669744,-1.9110980196199603,-0.5814688630794155,-1.8847457090154445,-0.5844292119235013,-1.903322161944845,0
88.19200000000001,-0.5612016032572227,-1.9110560473261902,-0.5708075347742437,-1.9255073597808265,-0.5674605685833952,-1.912171060724619,0
88.224,-0.5420016490999285,-1.9110140872225458,-0.49702222726167306,-1.984661681588077,-0.5277652595567881,-1.9411421367245851,0
88.256,-0.5228016947946982,-1.9109721407078408,-0.5216566740801095,-1.9030944075079996,-0.5138018528497194,-1.9258978811472405,0
88.288,-0.5036017403506627,-1.9109302083037891,-0.463406237674662,-1.8930371936093011,-0.4821236342450505,-1.9127284505958326,0
88.32000000000001,-0.4844017857858758,-1.9108882896212942,-0.5238502773964014,-1.8909757288772493,-0.4872943189541047,-1.904002214087107,0
88.352,-0.46520183112614244,-1.910846383385461,-0.5167235375085555,-1.8285453613424987,-0.4875460338100516,-1.8737943317452723,0
88.384,-0.44600187640335803,-1.910804487517728,-0.4608589097468291,-1.8944285488179016,-0.4653512116079977,-1.8820228823452188,0
88.416,-0.42680192165346226,-1.9107625992698225,-0.3677898364592877,-1.900093090492609,-0.41480668896493494,-1.88922583250346,0
88.44800000000001,-0.407601966914139,-1.91072071540091,-0.41968899700350365,-1.9303818624586617,-0.40523963959452464,-1.9056631124242673,0
88.48,-0.3884020122224052,-1.9106788323865187,-0.40227198956689963,-1.8878615049306129,-0.39253260700007775,-1.898517336248232,0
88.512,-0.36920205761224034,-1.910636946645768,-0.3940959319163516,-1.899125072965113,-0.3816379643901756,-1.8987352945536298,0
88.544,-0.35000210311240454,-1.910595054772257,-0.35012082380520004,-1.906513059621439,-0.35751113559085657,-1.9018212591168597,0
88.57600000000001,-0.33080214874458486,-1.9105531537537195,-0.3273523455254364,-1.896005234829269,-0.33392764701383115,-1.8994697013025763,0
88.608,-0.3116021945219885,-1.9105112411662883,-0.31826300739215235,-1.8986994652181095,-0.31614181863123536,-1.8991364510084625,0
88.64,-0.2924022404484755,-1.9104693153308367,-0.2697934628524128,-1.9322056856917613,-0.28608250380409034,-1.9123389806343725,0
88.672,-0.27320228651829176,-1.9104273754213124,-0.2882590688140086,-1.9497854639948413,-0.27543315731094875,-1.927292401258191,0
88.70400000000001,-0.25400233271642325,-1.9103854215180747,-0.23472152748011743,-1.9829865448959707,-0.2476285328990216,-1.9495448779798226,0
88.736,-0.23480237901955303,-1.9103434546027933,-0.2511080099748812,-1.932699703488723,-0.2375003512651623,-1.942781620412771,0
88.768,-0.21560242539756208,-1.910301476495226,-0.17841154513436716,-1.9325087345093739,-0.2023448563609151,-1.9386472726728876,0
88.8,-0.19640247181547768,-1.9102594897359502,-0.24070722729722957,-1.9025817293969443,-0.2061698322918732,-1.9241958581664305,0
88.83200000000001,-0.1772025182357415,-1.9102174974226072,-0.1764209466555103,-1.8751954172462935,-0.18275030559766708,-1.9045704828208039,0
88.864,-0.15800256462064832,-1.9101755030102066,-0.17918773805401883,-1.868013315819019,-0.16980530613974498,-1.8899224174115306,0
88.896,-0.13880261093479285,-1.9101335100883732,-0.1325554712794681,-1.8867995300366494,-0.14338539974971287,-1.8886480663483,0
88.928,-0.11960265714736343,-1.910091522149891,-0.13550860385977528,-1.894788562482974,-0.1287147089380556,-1.8910790731490892,0
88.96000000000001,-0.10040270323413154,-1.910049542365472,-0.0932684202196454,-1.9298448026178778,-0.10301622098157984,-1.906560179420556,0
88.992,-0.08120274917900804,-1.9100075733792707,-0.06059415096313964,-1.9533091795493325,-0.07452742048886549,-1.925234601373651,0
89.024,-0.06200279497506695,-1.9099656171383361,-0.06855083942958402,-1.9580613820105492,-0.060616815561842674,-1.9383401437493757,0
89.056,-0.04280284062497533,-1.9099236747669928,-0.01309670523492194,-1.8798371061620947,-0.030088798909210145,-1.9149137673259697,0
89.08800000000001,-0.023602886140804368,-1.9098817464942632,-0.053763393162310616,-1.8916186253468636,-0.028038664070648964,-1.9055705573594195,0
89.12,-0.004402931543239522,-1.9098398316390097,-0.06447792181587313,-1.9277036546136042,-0.03109439461277403,-1.9143986504925143,0
89.152,0.014797023139756924,-1.909797928653762,0.04001549196519096,-1.9363680115058852,0.008869532587725128,-1.9231612552500663,0
89.184,0.03399697787474353,-1.9097560352244085,0.013757817796701172,-1.8920657448439573,0.022344819250304432,-1.9106979158796147,0
89.21600000000001,0.05319693262494228,-1.909714148419328,-0.0014337676602469498,-1.9366325844878802,0.024353357070454357,-1.9210466505866153,0
89.248,0.07239688735259181,-1.9096722648783555,0.08004466645861132,-1.9328067395467101,0.05814985341082961,-1.925725553777741,0
89.28,0.0915968420213636,-1.909630381029395,0.09759566981690103,-1.9120063553601567,0.08544815255442481,-1.9202127402098583,0
89.312,0.11079679659868968,-1.909588493318723,0.10234429329508124,-1.9251641662424752,0.10372658142347214,-1.9221681725784747,0
89.34400000000001,0.1299967510578561,-1.9095465984401296,0.18492411619015472,-1.9132286487146177,0.14772556789064784,-1.9185672193562229,0
89.376,0.1491967053797275,-1.9095046935481264,0.12638412496159918,-1.915532654422112,0.15070896326413455,-1.9173282426471823,0
89.408,0.16839665955399222,-1.9094627764414691,0.15736175208388456,-1.9123176516621412,0.16489005131961643,-1.9152988474869916,0
89.44,0.18759661357984386,-1.9094208457051625,0.24980673220331018,-1.9073046912329001,0.21037669618214827,-1.912076017733348,0
89.47200000000001,0.2067965674660519,-1.909378900801781,0.21216867547110646,-1.925528254369776,0.22261346038844634,-1.9174317367414717,0
89.504,0.22599652123041164,-1.9093369421062156,0.23715414536100438,-1.8759351262910515,0.23994970685121414,-1.9008079091524224,0
89.536,0.24519647489860555,-1.9092949708815958,0.23024923916709006,-1.8807417586158768,0.2475894922368036,-1.892756258898427,0
89.568,0.2643964285025471,-1.9092529891979364,0.26160430650885097,-1.9254030112231992,0.26471539039375896,-1.905789764717393,0
89.60000000000001,0.28359638207831445,-1.9092109997987448,0.32612309860036187,-1.9025087247739385,0.300798446117556,-1.9044521504429592,0
89.632,0.30279633566381003,-1.9091690059241875,0.34682860497066786,-1.918101118379994,0.3307304820975512,-1.9098865382250385,0
89.664,0.3219962892962992,-1.9091270111022098,0.343886120505081,-1.935109663589434,0.34751270990163946,-1.9199505900429958,0
89.696,0.3411962430099934,-1.9090850189210762,0.3523588828320524,-1.9213650910165603,0.36097115152178744,-1.9204911952610337,0
89.72800000000001,0.36039619683383595,-1.9090430327979966,0.31075296878494596,-1.9357649300043198,0.35240385088607207,-1.9265754990308348,0
89.76,0.3795961507896361,-1.9090010557587558,0.38663674850989177,-1.892334806046478,0.3776169824090748,-1.912854038315154,0
89.792,0.3987961048906713,-1.9089590902425566,0.38482493880290886,-1.9599291248357773,0.3920201374570147,-1.93165889714223,0
89.824,0.417996059140846,-1.9089171379446652,0.44661306331870354,-1.9313814023879987,0.4253772803104083,-1.9315227318355739,0
89.85600000000001,0.4371960135344574,-1.9088751997070075,0.4172429903261664,-1.9299863593943831,0.4336435368439371,-1.9308830239250085,0
89.888,0.45639596805657867,-1.908833275463774,0.4551643703361134,-1.9474352151062988,0.4537718427855409,-1.937478749482033,0
89.92,0.47559592268403017,-1.9087913642455485,0.45389767140954906,-1.965712452942646,0.4653421467952565,-1.9487470869992745,0
89.952,0.4947958773868748,-1.9087494642417016,0.5190692119549648,-1.857915478227328,0.49835294543151254,-1.912389305246529,0
89.98400000000001,0.5139958321303396,-1.9087075729170297,0.5673151892639086,-1.9369970776120915,0.5374578155451974,-1.9222072797828984,0
90.016,0.5331957868770422,-1.908665687175131,0.539123474748364,-1.9378360546904339,0.549644051811101,-1.9284336571330654,0
90.048,0.552395741589382,-1.9086238035579826,0.5595192887789742,-1.9400311769666025,0.565114119182103,-1.9330475320966753,0
90.08,0.5715956962319465,-1.9085819184688624,0.5386665556486493,-1.9141929765354453,0.5660550663471444,-1.9254805744134558,0
90.112,0.5907956507737822,-1.9085400284042435,0.6368044184078361,-1.9045674777776365,0.605874779740115,-1.9170901958389677,0
90.144,0.6099956051903859,-1.908498130179708,0.6028060392895999,-1.9126867616095187,0.6161672561151968,-1.9153036760797433,0
90.176,0.6291955594652906,-1.9084562211353167,0.6041576392999882,-1.8822098324309602,0.6228833819281759,-1.9020409851150428,0
90.208,0.6483955135911403,-1.9084142993071898,0.5812977077368846,-1.8874268249958503,0.6177690847727171,-1.8961701593126292,0
90.24,0.6675954675701821,-1.9083723635542273,0.7073947870059278,-1.860848536522147,0.6651393381684306,-1.882016339911406,0
90.272,0.6867954214141394,-1.9083304136317967,0.6758593458479152,-1.8816790523210394,0.6809473137245999,-1.8818562463284398,0
90.304,0.7059953751434703,-1.9082884502076243,0.6827742182426837,-1.8984039200430367,0.6931980479998933,-1.8884501298061809,0
90.336,0.7251953287860544,-1.9082464748188612,0.6839974649312917,-1.9519755036566955,0.7010377872269888,-1.9138350871579943,0
90.368,0.7443952823753929,-1.9082044897730823,0.7950677099972211,-1.8571850072369414,0.7501697287797611,-1.8911498584998094,0
90.4,0.7635952359484375,-1.9081624979995917,0.7955310353648142,-1.8939940025603061,0.7798342238529107,-1.8922623169015238,0
90.432,0.7827951895431928,-1.9081205028606194,0.7915248917253619,-1.8623360558693065,0.7960304634401345,-1.8802666128648986,0
90.464,0.8019951431962496,-1.908078507934575,0.8020180536357463,-1.862165118835063,0.8099454719604611,-1.8730008173848283,0
90.496,0.8211950969404129,-1.9080365167853306,0.8616651533301505,-1.8662905762360156,0.8421533169587316,-1.8702915268559188,0
90.528,0.8403950508025811,-1.9079945327324095,0.853820677199878,-1.887273393867388,0.8583402335178324,-1.8770590851875417,0
90.56,0.8595950048020152,-1.9079525586368964,0.8868315304056428,-1.9067686207105146,0.8812567247509857,-1.888917717956415,0
90.592,0.8787949589491073,-1.907910596716878,0.8447933148241282,-1.9261841699883364,0.8781913332758,-1.9037991253436342,0
90.624,0.8979949132447272,-1.9078686484043155,0.9176242366583625,-1.9156363424359837,0.9054844671429164,-1.9085088472343998,0
90.656,0.9171948676801832,-1.9078267142525858,0.8788872001839885,-1.916207005859552,0.9063655328917781,-1.9115629541347392,0
90.688,0.9363948222377958,-1.9077847939006591,0.912855262906037,-1.9047939642642915,0.9204813974468786,-1.908830209408098,0
90.72,0.9555947768920443,-1.9077428860962293,0.9600517087202928,-1.9209522915529824,0.9478294945201349,-1.9136539001316324,0
90.752,0.9747947316112092,-1.9077009887763174,1.0007051857212212,-1.984638124287127,0.98049974357555,-1.9420224527468133,0
90.784,0.9939946863594059,-1.9076590992001552,0.9765429385278016,-1.8617182945841044,0.990436994138405,-1.909875655636363,0
90.816,1.0131946410988808,-1.907617214125795,1.024156739805527,-1.8950105675687938,1.0154448649896173,-1.9039044876722886,0
90.848,1.0323945957924259,-1.9075753300190617,1.0548472858401479,-1.9442567440570027,1.0427258059118818,-1.9200202564314712,0
90.88,1.0515945504057604,-1.90753344328138,1.099547889883193,-1.9108274964979244,1.0769746120755734,-1.9163180155067125,0
90.912,1.0707945049097314,-1.907491550481794,1.0581510692697829,-1.9073390188968558,1.080965167517405,-1.9127012748581507,0
90.944,1.0899944592821915,-1.9074496485782177,1.098928774270422,-1.9117521651848184,1.0996705827683098,-1.9122964823589268,0
90.976,1.1091944135094356,-1.9074077351136487,1.1251388085521996,-1.9548379751971896,1.1213778456146084,-1.929287923093149,0
91.008,1.1283943675870993,-1.907365808374693,1.137698471579673,-1.9225681701076922,1.1394260685150028,-1.926574857080794,0
91.04,1.1475943215204598,-1.9073238675021686,1.1307898723031269,-1.8480764279213082,1.1474915625260085,-1.8951503120776119,0
91.072,1.166794275324112,-1.907281912546652,1.1473332960859846,-1.8863474774163687,1.1589482284281016,-1.891603996796961,0
91.104,1.1859942290210403,-1.907239944465371,1.1684766356460012,-1.9301587184747377,1.174279563777808,-1.907000696939623,0
91.136,1.2051941826411405,-1.9071979650606377,1.1661628092489429,-1.9168843533679416,1.182552834416355,-1.9109289652926074,0
91.168,1.224394136219287,-1.9071559768637796,1.2295322437345733,-1.921997889067916,1.2128645705851904,-1.9153313366831757,0
91.2,1.2435940897930724,-1.907113982972041,1.2595282167998267,-1.8731638644142354,1.2430500015085109,-1.8984391477945246,0
91.232,1.262794043400368,-1.9070719868489652,1.272571498961396,-1.8577010525861333,1.2663785729277763,-1.8821187100277843,0
91.264,1.2819939970768666,-1.9070299921011196,1.2490752966948342,-1.9462705947225438,1.2709772348780424,-1.907754266659501,0
91.296,1.301193950853771,-1.9069880022455574,1.2836170116013486,-1.935524025946841,1.2875531180204787,-1.9188369775472625,0
91.328,1.3203939047557798,-1.9069460204830073,1.2650553451888693,-1.9217104982737083,1.2900739813543312,-1.919961199125976,0
91.36,1.3395938587995004,-1.9069040494914173,1.338955683714423,-1.8992144212659186,1.3211466347810896,-1.9116373086867227,0
91.392,1.3587938129923918,-1.9068620912531666,1.384318926773099,-1.8825586202021025,1.3579355240786308,-1.8999806622366464,0
91.424,1.3779937673323,-1.9068201469270947,1.3915757907616846,-1.9144265312880178,1.3829116032712299,-1.9057338473302594,0
91.456,1.3971937218076134,-1.9067782167736045,1.4175868628723882,-1.8827602367070482,1.4083016796491292,-1.8965192488227234,0
91.488,1.416393676398022,-1.9067363001376803,1.4065902020014773,-1.881529777650622,1.419137061143816,-1.8904983135694988,0
91.52,1.4355936310758306,-1.9066943954909243,1.4752410875325268,-1.9499128977871858,1.4530986442665614,-1.9142390066681954,0
91.552,1.4547935858077379,-1.9066525005299193,1.4236269983707457,-1.8771973379149938,1.4528299584853417,-1.8993972030959254,0
91.584,1.473993540556969,-1.9066106123245772,1.4732668421170425,-1.9032303365804069,1.4725246845206723,-1.9009053229648942,0
91.616,1.4931934952856278,-1.9065687275069265,1.4805943339136092,-1.8891710497774565,1.487272516861383,-1.8961864805744706,0
91.648,1.5123934499571188,-1.9065268424881758,1.4882684803316375,-1.8896478791701188,1.4991908748291891,-1.8935459051420305,0
91.68,1.5315934045384927,-1.9064849536900585,1.5464666553834943,-1.8944413400518483,1.5296211596223106,-1.8938789404271015,0
91.712,1.5507933590025615,-1.906443057775554,1.5519065577260163,-1.9983332079181002,1.550055291422943,-1.9356355031276817,0
91.744,1.5699933133296542,-1.9064011518641026,1.5898664051647369,-1.9305190610052883,1.5774997094634005,-1.9335637749179186,0
91.776,1.5891932675088947,-1.9063592337174426,1.592916029190583,-1.9120435648055718,1.5951862098804275,-1.9249305314533887,0
91.808,1.6083932215389203,-1.9063173018840733,1.5890058973433876,-1.9281112000363798,1.6042340573731324,-1.9261776309328196,0
91.84,1.627593175427989,-1.9062753557930248,1.6104680123577986,-1.9076061498677104,1.6182476118560358,-1.9187238620926297,0
91.872,1.6467931291934637,-1.906233395790874,1.630104093207638,-1.8917444547170812,1.6345101768685695,-1.9079069148862369,0
91.904,1.6659930828607021,-1.9061914231196095,1.6374997932993023,-1.8932055071029812,1.6472259958980564,-1.9020011607979075,0
91.936,1.6851930364614243,-1.9061494398367544,1.7337198116883992,-1.8975367778662313,1.6933434946600836,-1.9001902114870455,0
91.968,1.7043929900316608,-1.9061074486828846,1.6770638600167456,-1.9236164624088077,1.6983516132414627,-1.9095355124423827,0
92.0,1.7235929436094162,-1.906065452905073,1.7236453109290955,-1.9213026892153031,1.7199890647526472,-1.9142171825616265,0
92.032,1.7427928972322035,-1.9060234560476295,1.725018090397567,-1.9469972498726755,1.7335206474489244,-1.9273040098935277,0
92.06400000000001,1.7619928509346126,-1.905981461723625,1.7973218582143693,-1.9242392404378743,1.7705611042002092,-1.926052905625278,0
92.096,1.781192804746072,-1.905939473381921,1.7956565246232363,-1.8724347351821042,1.792119244825502,-1.9045804459767997,0
92.128,1.8003927586889517,-1.9058974940847284,1.8127232960542459,-1.9158888069426927,1.8118808377875215,-1.9090786054909845,0
92.16,1.8195927127771307,-1.9058555263100387,1.787503720884452,-1.9049036555928993,1.8136499635137837,-1.9073834484166363,0
92.19200000000001,1.8387926670151158,-1.9058135717916722,1.8528178219801656,-1.854070513707151,1.8408370794062225,-1.8860331058317739,0
92.224,1.8579926213977676,-1.9057716314072635,1.8417176142530103,-1.8892336931582205,1.8527092658694562,-1.8872881805887798,0
92.256,1.877192575910647,-1.9057297051214206,1.888064643739425,-1.917552613377666,1.8783713895596268,-1.8993688016207233,0
92.288,1.8963925305309544,-1.9056877919877389,1.884436226565496,-1.9037017817382378,1.8923172969197144,-1.901076848713613,0
92.32000000000001,1.9155924852289985,-1.9056458902095497,1.9129443057078137,-1.9060799231575842,1.9120880730051404,-1.903052939244967,0
92.352,1.934792439970101,-1.9056039972555079,1.8743220061706498,-1.9169496256367098,1.9085016188500643,-1.9085864784720874,0
92.384,1.953992394716815,-1.9055621100225826,1.9804797282760016,-1.920210296579401,1.9488128352032315,-1.9132108722566372,0
92.416,1.9731923494313175,-1.9055202250359522,1.9676140010963468,-1.9197366376816414,1.9678532741426165,-1.9157960446715863,0
92.44800000000001,1.9923923040778293,-1.905478338672933,2.016065289563422,-1.9442355900100359,1.998658052887738,-1.9271467266046614,0
92.48,2.011592258624906,-1.9054364473965075,1.988703468798738,-1.9247831299231948,2.0061961918192504,-1.9261761472879122,0
92.512,2.030792213047462,-1.9053945479834031,2.090197822812497,-1.9451871982516826,2.051316816770245,-1.933755420877402,0
92.544,2.0499921673283885,-1.9053526377320138,2.0300837812227295,-1.8542724590701374,2.0543435750886454,-1.9019370818915793,0
92.57600000000001,2.0691921214596736,-1.9053107146367543,2.069761208391895,-1.88617263281109,2.0720306009292324,-1.8956061396943893,0
92.608,2.0883920754429344,-1.9052687775175952,2.141416076779204,-1.9040651268959028,2.11130476376972,-1.8989645634066143,0
92.64,2.107592029289333,-1.9052268260964131,2.0658368844730104,-1.943681200812168,2.1046375845332856,-1.9168260388492366,0
92.672,2.126791983018873,-1.9051848610152147,2.1780064350379376,-1.8905376731928678,2.1455050972008607,-1.9062855055054444,0
92.70400000000001,2.1459919366591165,-1.9051428837950424,2.141028818511806,-1.9038069402190383,2.155234558177199,-1.905268886024231,0
92.736,2.16519189024341,-1.9051008967381868,2.2038822677939796,-1.861489367082359,2.186213614465788,-1.8877318804762082,0
92.768,2.184391843808725,-1.9050589027799962,2.16848616010608,-1.8988269594072054,2.190642605158023,-1.8921447114497811,0
92.8,2.2035917973932597,-1.9050169052998138,2.187693408114306,-1.8668735473814546,2.2009828987755924,-1.8820110447420337,0
92.83200000000001,2.222791751033966,-1.904974907903221,2.2301545981224944,-1.9163406251054746,2.2241715509531153,-1.895717677501925,0
92.864,2.2419917047641538,-1.9049329141896163,2.197860374081955,-1.9215420627665734,2.225167052651645,-1.9060222359839536,0
92.896,2.2611916586113385,-1.9048909275201047,2.285105609060038,-1.9122158733788146,2.26066244767422,-1.9084745009033168,0
92.928,2.280391612595473,-1.9048489508006647,2.2711970133011063,-1.9197282516956677,2.2763962463996132,-1.9129508182296902,0
92.96000000000001,2.2995915667276696,-1.9048069862945767,2.3699541226506065,-1.8999845613074566,2.3253393693922684,-1.9077391405257176,0
92.992,2.3187915210095023,-1.9047650354762151,2.310295867572044,-1.9209970683215383,2.33084194117511,-1.913017145251471,0
93.024,2.3379914754329185,-1.9047230989356454,2.339954010598333,-1.8916920529935788,2.3460067414738504,-1.9044619504332032,0
93.056,2.3571914299807726,-1.9046811763401963,2.3747721948392115,-1.9182402914076977,2.3690328953666144,-1.9099481367722229,0
93.08800000000001,2.3763913846279343,-1.9046392664555054,2.391107471300458,-1.9135646460068834,2.389382698301481,-1.9113695971577203,0
93.12,2.395591339342904,-1.9045973672247063,2.4341033762668625,-1.8986998094903453,2.4187909420602636,-1.9062765439662406,0
93.152,2.4147912940898295,-1.904555475900675,2.419309271024351,-1.9171357112645733,2.4305182462256925,-1.9105950760499457,0
93.184,2.433991248830797,-1.9045135892228349,2.421792853008421,-1.8990084224382742,2.4385480615211423,-1.9059352809492818,0
93.21600000000001,2.4531912035282524,-1.9044717036271384,2.3693347032982803,-1.8807797417917955,2.422382690812152,-1.8958479306222111,0
93.248,2.4723911581474014,-1.90442981547571,2.423449437218561,-1.8792186742031793,2.434329361948036,-1.8891710902572965,0
93.28,2.491591112658441,-1.9043879212913528,2.5003546957033356,-1.9095149372750613,2.4722594680124432,-1.8972834862083314,0
93.312,2.510791067038476,-1.9043460179818035,2.5271535996868386,-1.9178125157338566,2.5057370932299623,-1.9054699485019857,0
93.34400000000001,2.5299910212730032,-1.9043041030392784,2.4968460096664233,-1.9626850149913442,2.5137006323352127,-1.9283308177462304,0
93.376,2.549190975356861,-1.9042621747024369,2.582769893852855,-1.9031565291714845,2.5528483094543666,-1.9182359364586046,0
93.408,2.5683909292945803,-1.9042202320702983,2.5517574172669346,-1.9498664067234088,2.5639319250726387,-1.9308629500759922,0
93.44,2.587590883100115,-1.9041782751607546,2.603082690496185,-1.8981499499467755,2.591112203717378,-1.9177525673353961,0
93.47200000000001,2.6067908367959536,-1.9041363049098687,2.626861742838628,-1.9441087747865695,2.616931991825358,-1.928269860384547,0
93.504,2.6259907904116817,-1.9040943231119842,2.5852942503378697,-1.9708506361845368,2.6157968676771075,-1.9452769749548202,0
93.536,2.6451907439820697,-1.9040523323044674,2.6131644384157995,-1.911114529285911,2.6262638684105237,-1.9315867969175862,0
93.568,2.664390697544826,-1.904010335604488,2.687791365340045,-1.940630348410119,2.662394839615967,-1.9351790157821127,0
93.60000000000001,2.683590651138154,-1.903968336508331,2.667535307530731,-1.9277867314045836,2.6759709992159832,-1.9321969005190767,0
93.632,2.7027906047982784,-1.903926338666155,2.723507451470227,-1.8898372641002328,2.706505552557017,-1.9152278468286723,0
93.664,2.721990558557101,-1.9038843456467032,2.7220273690821233,-1.9162946975743447,2.724234251616033,-1.9156293924074648,0
93.696,2.741190512440145,-1.9038423607071264,2.682887413390299,-1.8890112487810153,2.7192154887881355,-1.9049569463705773,0
93.72800000000001,2.7603904664649157,-1.903800386582755,2.7455971810251825,-1.8738656595632623,2.7412881381616865,-1.8924952505281047,0
93.76,2.779590420639787,-1.9037584253103834,2.7866434390940933,-1.9266830139219495,2.7709502310315717,-1.9061451830840128,0
93.792,2.798790374963474,-1.903716478096472,2.784771967572132,-1.9447320450152799,2.7879988981635835,-1.9215547636863253,0
93.824,2.8179903294251347,-1.9036745452387926,2.8126506678318757,-1.8627654708282888,2.8093795785650064,-1.8980138907596618,0
93.85600000000001,2.8371902840050742,-1.9036326261065957,2.842821318617883,-1.9248403040783852,2.8342762471368497,-1.9087193079029556,0
93.888,2.8563902386760143,-1.9035907191806143,2.877168166714303,-1.8919578837715252,2.862952987532307,-1.90198959638554,0
93.92,2.8755901934048413,-1.903548822150368,2.8491744263035037,-1.8855861706761499,2.8689615356153513,-1.895403088866163,0
93.952,2.8947901481547214,-1.90350693206253,2.90627812662264,-1.8750238261590206,2.8954081445985755,-1.8872262491852057,0
93.98400000000001,2.9139901028874493,-1.9034650455108337,3.012529033963272,-1.9056727961890116,2.953776472925785,-1.8945797338610573,0
94.016,2.933190057565886,-1.9034231588553099,2.9530496238695325,-1.9610743603811582,2.965005705880845,-1.9211524486168132,0
94.048,2.95239001215633,-1.9033812684567464,2.9546080439875015,-1.9104968847159682,2.9723666136927416,-1.9168650833863112,0
94.08,2.9715899666306793,-1.903339370911276,2.9611923517835104,-1.854025709437056,2.9794168814859248,-1.8917041884699612,0
94.11200000000001,2.9907899209682385,-1.903297463269976,2.997961940999261,-1.920324484221637,2.998354877832532,-1.9031271542809127,0
94.144,3.0099898751570633,-1.903255543229319,3.011034912995829,-1.9041983118329397,3.0149468644212694,-1.9035304566304796,0
94.176,3.0291898291947463,-1.9032136092801821,3.033361570331219,-1.8819366045655432,3.0338327192897045,-1.8948677464480848,0
94.208,3.0483897830885938,-1.9031716608057794,3.0505272830338157,-1.9518216802632091,3.0520305172729474,-1.9176241419865963,0
94.24,3.0675897368551746,-1.9031296981221673,3.0859687144164334,-1.9369034398487546,3.0771257685984015,-1.925310675121553,0
94.272,3.0867896905192684,-1.9030877224586646,3.144400455574721,-1.8746821886830176,3.115555615841898,-1.9050340876385428,0
94.304,3.105989644112278,-1.9030457358794002,3.1040359985113217,-1.8874633870988082,3.1224677413509685,-1.8979806091859057,0
94.336,3.1251895976702047,-1.9030037411509857,3.113422298803953,-1.901554497150582,3.130369536765975,-1.899384962717563,0
94.368,3.1443895512313254,-1.9029617415647977,3.13327918555038,-1.864667122520004,3.1430533687107274,-1.8854726236987094,0
94.4,3.1635895048337157,-1.9029197407252685,3.1090041781124764,-1.8467335230233117,3.140953664904445,-1.8699517814178732,0
94.432,3.182789458512792,-1.9028777423177967,3.181115168716217,-1.914939999947205,3.16853823886892,-1.8879218699030211,0
94.464,3.2019894122990253,-1.902835749871205,3.2488342829054457,-1.9662324562458384,3.212176628934328,-1.9192209105537228,0
94.496,3.221189366215984,-1.9027937665300385,3.290761548713221,-1.952029447563313,3.2551305693112815,-1.932319138142135,0
94.528,3.240389320278825,-1.9027517948513823,3.193617139228242,-1.9209651870076647,3.242045169760681,-1.9277523783439945,0
94.56,3.259589274493333,-1.9027098366393012,3.2261703282466705,-1.8793797918826611,3.247215205656415,-1.9083781729775953,0
94.592,3.2787892288555627,-1.9026678928276093,3.2653778022863933,-1.9551415538431114,3.2660002168287563,-1.9270583632419769,0
94.624,3.2979891833521036,-1.9026259634185645,3.2604661786440716,-1.905358615144668,3.275306574093302,-1.9183533101953998,0
94.656,3.317189137960947,-1.902584047481498,3.3440464945468262,-1.9266712119545786,3.3143225148290867,-1.9216553244030132,0
94.688,3.336389092652895,-1.9025421432115375,3.311682587463492,-1.9184015126666605,3.3247865164500325,-1.9203286590860613,0
94.72,3.3555890473934236,-1.90250024804471,3.3697857236522926,-1.907159552792027,3.3543061719069502,-1.9150358799983844,0
94.752,3.3747890021448765,-1.9024583588220838,3.3456996285130116,-1.8901335824444176,3.362383527129664,-1.9050498263712645,0
94.784,3.3939889568688595,-1.9024164719924472,3.3947150547204745,-1.9459868014862483,3.386836110745712,-1.9213994815560596,0
94.816,3.4131889115286813,-1.902374583840525,3.4119833750513076,-1.926353973490803,3.408414989042293,-1.923356141003387,0
94.848,3.4323888660916926,-1.9023326907260858,3.424644815823069,-1.9545994888113398,3.4264268923190833,-1.935828338277786,0
94.88,3.4515888205313723,-1.9022907893185628,3.4653255686567634,-1.9022900037365322,3.4535063354049083,-1.9223878563190664,0
94.912,3.470788774829034,-1.902248876812091,3.4675892715726992,-1.9166522416047498,3.470659482406057,-1.9200684546266402,0
94.944,3.4899887289750375,-1.9022069511070978,3.4790348058991443,-1.9035888591978791,3.4855295843186704,-1.9134514521020662,0
94.976,3.5091886829694285,-1.9021650109467143,3.538231837786198,-1.849923101933011,3.5181304582016644,-1.8880149387999057,0
95.008,3.5283886368219584,-1.902123055999169,3.49416956920127,-1.9072121534601856,3.520066075078593,-1.895668642782233,0
95.04,3.54758859055148,-1.9020810868807771,3.5447108284434474,-1.8500516616367697,3.541443948884438,-1.87739666058448,0
95.072,3.5667885441847536,-1.9020391051179508,3.5811366758254115,-1.9039332625805645,3.5688410121063683,-1.8879861050804179,0
95.104,3.58598849775474,-1.901997113050574,3.5632634860322567,-1.8547158894334557,3.578129974111654,-1.8746528176739818,0
95.136,3.6051884512984858,-1.9019551136828468,3.603106857349719,-1.9065007466359192,3.5996406998356405,-1.8873667852967864,0
95.168,3.624388404854745,-1.9019131104910942,3.634335360746468,-1.9329814655329642,3.625038536627408,-1.9055874528286316,0
95.2,3.643588358461489,-1.9018711072008057,3.652000961833454,-1.8290219467689173,3.6473434791408774,-1.874936047495689,0
95.232,3.662788312153469,-1.9018291075471703,3.7048334887256735,-1.8624359145138056,3.6818594554141693,-1.8699107951970317,0
95.264,3.68198826595999,-1.901787115034451,3.68745133913395,-1.8150978094055208,3.6956161813539508,-1.8479604074838212,0
95.296,3.7011882199030435,-1.9017451327096437,3.7021326851503513,-1.8650647160073257,3.7097427553402422,-1.854776944745149,0
95.328,3.7203881739959095,-1.9017031629649759,3.765742664077724,-1.8948185765902792,3.743662691321168,-1.870768419655794,0
95.36,3.739588128242325,-1.9016612073819774,3.742863359692003,-1.897538913627155,3.7548629311747956,-1.8814514482722071,0
95.392,3.7587880826362565,-1.9016192666272147,3.746954013139532,-1.9029659631635298,3.763219336485247,-1.890032094072887,0
95.424,3.7779880371622943,-1.9015773404064917,3.818585964822476,-1.8785489622602036,3.79688596036261,-1.8854136893963078,0
95.456,3.797187991796635,-1.9015354274805896,3.8120848911251493,-1.864738836701929,3.8144855052254942,-1.8771186034239544,0
95.488,3.816387946508588,-1.9014935257416885,3.841427695682566,-1.8829870240263655,3.836782353978065,-1.8794408322162073,0
95.52,3.835587901262508,-1.9014516323457333,3.8824229633185587,-1.9190431152848768,3.8665585702915695,-1.8952566094681371,0
95.552,3.854787856020037,-1.9014097438924205,3.8221647948166675,-1.8912810105719025,3.8603210326816617,-1.8936412351982599,0
95.584,3.873987810742511,-1.9013678566414252,3.8495703870286984,-1.9325469252715672,3.8675407469982526,-1.9091783754759994,0
95.616,3.893187765393387,-1.90132596675116,3.940767820434849,-1.9323078518393675,3.9083515489434832,-1.918405026977449,0
95.648,3.9123877199405412,-1.9012840705248775,3.864372177142657,-1.8723886695846061,3.902279772782081,-1.8999733396290157,0
95.68,3.931220198298938,-1.9012430335532997,3.9723503752441496,-1.9943015955003676,3.941590169654866,-1.9376800386035962,0
95.712,3.9494658511390996,-1.901203300165155,3.933994186715476,-1.9069182960888527,3.949472348868559,-1.9253515656248732,0
95.744,3.9671224881965514,-1.901164867710095,3.9566202333164995,-1.8968580902129932,3.9629017585792434,-1.9139311976904296,0
95.776,3.984206024062274,-1.9011277274909015,3.9965677478771853,-1.9132168301245212,3.9865994028556804,-1.9136232373195807,0
95.808,4.000735529263993,-1.9010918366095237,4.011295889589886,-1.8674666099167605,4.0063812422569685,-1.8951391042340213,0
95.84,4.016730069673685,-1.9010571405060066,4.023044752118626,-1.8950568691325977,4.022632524432496,-1.8950854279838492,0
95.872,4.032208008335814,-1.9010235847536388,4.0824675751750865,-1.9115312110997125,4.055845327794421,-1.9016436298447679,0
95.904,4.047186904095262,-1.900991118777106,4.074303033821073,-1.8791008770808004,4.072210016846833,-1.8926070612900632,0
95.936,4.0616835471224535,-1.9009596965124191,4.0348066283114195,-1.9074901094263275,4.065942673266657,-1.8985414322051997,0
95.968,4.075714018292809,-1.9009292761131729,4.056792558685157,-1.9054142392829052,4.070698303706489,-1.9012723028445562,0
96.0,4.089293746111739,-1.9008998194121989,4.1182565087098055,-1.9123908159070284,4.097867876913893,-1.905702030713215,0
96.032,4.102437556276427,-1.9008712913649246,4.115662183888564,-1.9028241267294472,4.1128711601128884,-1.904533746725984,0
96.06400000000001,4.1151597139978024,-1.9008436595461486,4.13244861083228,-1.825954379777963,4.12833533963006,-1.873085413888594,0
96.096,4.127473960188918,-1.9008168937205345,4.095706941435988,-1.9227480356676743,4.122672914128286,-1.8929343953253217,0
96.128,4.139393542648068,-1.900790965487993,4.123087654506966,-1.9144360549667603,4.129991310503417,-1.9015194940664875,0
96.16,4.150931243192621,-1.90076584799727,4.209300326625234,-1.9065168207594996,4.168638561167804,-1.9035033459699189,0
96.19200000000001,4.162099401515641,-1.9007415157180196,4.173347442192348,-1.8916039798505258,4.1772242339189924,-1.8987289919769665,0
96.224,4.172909936380255,-1.90071794426103,4.14682487206967,-1.9122815269877964,4.171552180858237,-1.9041358551737848,0
96.256,4.183374364639785,-1.9006951102369365,4.193314956049836,-1.9279105136934482,4.18653742032328,-1.9136320105758904,0
96.288,4.193503818470755,-1.9006729911450377,4.177052948519324,-1.8999268012197001,4.188822843947893,-1.9081366481938737,0
96.32000000000001,4.203309061126156,-1.9006515652853047,4.255620863306679,-1.855352268236275,4.2214267785060215,-1.887010033957957,0
96.352,4.212800501453375,-1.9006308116880992,4.181787192444589,-1.9036057577759624,4.211267410220663,-1.8936358650590492,0
96.384,4.221988207371556,-1.9006107100573826,4.248100294480261,-1.9563518882273425,4.231514794394606,-1.9187102075569058,0
96.416,4.23088191846393,-1.9005912407242307,4.215968706178636,-1.850152269620769,4.2306341856114,-1.8912753454645328,0
96.44800000000001,4.239491057809753,-1.9005723846082945,4.205290808170444,-1.853908446821367,4.225663901873404,-1.8763172674801036,0
96.48,4.247824743156025,-1.9005541231854663,4.254675808843495,-1.920360221777489,4.242270436413952,-1.8939234879287667,0
96.512,4.2558917975098804,-1.9005364384604702,4.241343839060131,-1.8699289511608417,4.246741562457145,-1.8843150583864268,0
96.544,4.263700759217243,-1.9005193129434226,4.269253879309681,-1.8871873132357302,4.260433366731341,-1.8854536814038625,0
96.57600000000001,4.271259891581286,-1.9005027296296433,4.224785167072458,-1.898715298515641,4.250711032329338,-1.8907483750055936,0
96.608,4.278577192064621,-1.9004866719821558,4.250061917920604,-1.8708247272860479,4.254843196680151,-1.8827692783997738,0
96.64,4.285660401111563,-1.900471123916427,4.278675055531403,-1.9428210382422315,4.268627258160717,-1.9067806508604406,0
96.672,4.292517010620756,-1.9004560697869757,4.258083987944447,-1.8935465036452563,4.268525270396408,-1.9014779571202298,0
96.70400000000001,4.299154272093645,-1.9004414943755363,4.326583235725013,-1.9310047859858845,4.29573212994401,-1.9132799412723653,0
96.736,4.305579204480417,-1.9004273828805023,4.303397847205093,-1.9375079794425454,4.302654654841477,-1.9229626876956722,0
96.768,4.311798601741964,-1.9004137209074106,4.38675027727539,-1.9157709593972765,4.340025783103933,-1.920077797416463,0
96.8,4.317819040143947,-1.9004004944602575,4.269204700895658,-1.9291655791925904,4.315310817080231,-1.9237049726288005,0
96.83200000000001,4.3236468852970384,-1.900387689933458,4.310515396882068,-1.8945280723102005,4.3168905234417805,-1.912026528278437,0
96.864,4.329288298955809,-1.9003752941042875,4.290753316615924,-1.921730721828523,4.309821620524158,-1.915900766796368,0
96.896,4.334749245587389,-1.900363294125666,4.3609396159310165,-1.8835583932642086,4.333546483356482,-1.9029566160757234,0
96.928,4.340035498719985,-1.9003516775191656,4.289334804673968,-1.8750410624962262,4.3190346263770545,-1.8917834234275936,0
96.96000000000001,4.345152647080388,-1.900340432168142,4.319304030126505,-1.8585212649523966,4.3222137063097605,-1.8784718116291708,0
96.992,4.350106100528935,-1.9003295463109124,4.344879318584656,-1.891236986045065,4.334253020403749,-1.8835713487268877,0
97.024,4.3550480546571055,-1.900318658866112,4.329353109690517,-1.923039236237269,4.335266125295592,-1.8993519679255737,0
97.056,4.355357075723913,-1.8913616909095703,4.345286996088142,-1.9091922846768856,4.339261811258353,-1.9032881228267655,0
97.08800000000001,4.355312438118921,-1.8817478307694722,4.4916198174728335,-1.8715699193616917,4.400192185558003,-1.8906008700069115,0
97.12,4.355207778029446,-1.8720465584811883,4.31630580248564,-1.8991713177758978,4.36662480585807,-1.8940290775680997,0
97.152,4.355101534378129,-1.8623503386784193,4.3405966253557455,-1.8343290178212,4.356200756027546,-1.8701490819190432,0
97.184,4.355005202189901,-1.852671771138647,4.386965024146449,-1.8491037824679935,4.368493728714611,-1.8617309902336383,0
97.21600000000001,4.354919429581138,-1.8430095797722361,4.38021983406511,-1.8361990440262124,4.373171463192101,-1.8515182397584953,0
97.248,4.354842645984963,-1.833360679176268,4.344080553663891,-1.8425192498968872,4.3615224043396275,-1.8479186717886742,0
97.28,4.354773098846922,-1.8237222630630263,4.397786785570982,-1.8272793138375485,4.376015464144549,-1.8396629565873281,0
97.312,4.354709281358198,-1.8140920628777542,4.393656360563953,-1.8221696848113123,4.383059125727897,-1.8326656758834172,0
97.34400000000001,4.354649977217052,-1.8044682920113244,4.328850857831808,-1.828685047421473,4.361363113455974,-1.8310734525448615,0
97.376,4.3545942231086805,-1.7948495530173234,4.363822953733248,-1.7544885816588847,4.3623343345721874,-1.800439532280922,0
97.408,4.354541260920366,-1.7852347552150218,4.359369283032454,-1.796335297368341,4.361135588806813,-1.7987978664495927,0
97.44,4.354490495480503,-1.7756230480219692,4.301125025691423,-1.815368616159307,4.337118628988204,-1.8054261945058143,0
97.47200000000001,4.354441460071184,-1.7660137682049475,4.379054576587993,-1.7329947208857668,4.3538802654047215,-1.7764536332619132,0
97.504,4.354393788942734,-1.7564063984497795,4.33156396615757,-1.776004867039442,4.344940996767196,-1.776274155000805,0
97.536,4.354347195581391,-1.7468005349458282,4.306536673139049,-1.7834553208204948,4.329566513956815,-1.779146649571913,0
97.568,4.354301455580716,-1.7371958620963521,4.375640725052814,-1.7456761236129121,4.347983442523008,-1.7657584674386464,0
97.60000000000001,4.354256393165276,-1.727592132836619,4.335284907740921,-1.7603323541496256,4.342891272044259,-1.7635880503727535,0
97.632,4.354211870602105,-1.7179891533488334,4.372853124408655,-1.756598504258768,4.354863257397058,-1.7607922601692954,0
97.664,4.354167779891396,-1.708386771212629,4.360874765752647,-1.6819985188549798,4.357255107595847,-1.7292747918720477,0
97.696,4.354124036253664,-1.698784866231348,4.323521784975493,-1.6718316305859748,4.343749029123099,-1.706297555567289,0
97.72800000000001,4.354080573031022,-1.6891833433360377,4.363715279646227,-1.7194085351101933,4.351722784686049,-1.7115419755710801,0
97.76,4.35403733770017,-1.679582127098307,4.290619972568101,-1.6512809392433991,4.327268920827743,-1.6874375892002338,0
97.792,4.353994288758139,-1.6699811574859338,4.323705439275495,-1.6562516191361,4.325830795498726,-1.674963229305844,0
97.824,4.353951393292309,-1.6603803865764726,4.434181300838422,-1.666436412491619,4.3691582717253965,-1.6715525306806178,0
97.85600000000001,4.353908625086158,-1.650779776008193,4.372509255266267,-1.7006657092740558,4.370485946374048,-1.6831978301864585,0
97.888,4.353865963143922,-1.6411792949979624,4.352007872215667,-1.5906305420027285,4.36308200529253,-1.6461709429487916,0
97.92,4.353823390542386,-1.6315789187949175,4.394918159743377,-1.6199924418576033,4.37580376309551,-1.6356995705153392,0
97.952,4.353780893537842,-1.6219786274692698,4.402377256278134,-1.591118870726273,4.386420463822902,-1.6178673185701815,0
97.98400000000001,4.353738460871891,-1.612378404959177,4.349572351004234,-1.575102366647293,4.3716685294865805,-1.600761365739539,0
98.016,4.35369608323205,-1.6027782383167848,4.322505210177452,-1.5552534528234,4.351990519722873,-1.5825582284805355,0
98.048,4.353653752832825,-1.5931781171084851,4.35970053164644,-1.6057910352695897,4.355061849390783,-1.5918513790736952,0
98.08,4.353611463090471,-1.5835780329350881,4.371226806345965,-1.6244125807515295,4.3615151637265015,-1.6048758875938156,0
98.11200000000001,4.353569208370623,-1.5739779790457273,4.326762561619619,-1.5741095772324443,4.347601460763711,-1.5925693912712482,0
98.144,4.353526983792638,-1.564377950025474,4.3375485892745225,-1.6012017388424997,4.343567656006378,-1.5960223580964281,0
98.176,4.3534847850780585,-1.5547779415413163,4.400550634528145,-1.533552544185822,4.366348196810145,-1.5710344603054027,0
98.208,4.3534426084334825,-1.5451779501346907,4.343179290990165,-1.5733457140579887,4.357067989003125,-1.571958989558148,0
98.24000000000001,4.353400450460276,-1.5355779730514314,4.355317721785904,-1.5227138665887874,4.3563552413071935,-1.552260968102665,0
98.272,4.353358308085244,-1.5259780081020264,4.383200977896568,-1.5085824774817185,4.367080899326498,-1.5347895995692382,0
98.304,4.353316178507741,-1.5163780535466083,4.368803904746663,-1.5146653233036853,4.367757468575343,-1.5267399167628697,0
98.336,4.353274059159632,-1.5067781080002736,4.311798360824571,-1.4622538657041195,4.345361195743086,-1.5009455240263871,0
98.368,4.353231947675358,-1.4971781703552218,4.384511328605234,-1.5327289501343206,4.3610086218222115,-1.513658922146047,0
98.4,4.353189841869918,-1.4875782397168904,4.333541191100127,-1.4613635725193197,4.350009024605278,-1.4927408099636388,0
98.432,4.3531477397230605,-1.477978315351795,4.398132746270434,-1.4782379150706497,4.369245889948556,-1.4869396796688554,0
98.464,4.353105639368289,-1.4683783966452015,4.383162979206388,-1.439670746253715,4.37480010340213,-1.4680321339616644,0
98.496,4.353063539085626,-1.4587784830670834,4.332571030486808,-1.5087351859001739,4.357895852531987,-1.4843133823946797,0
98.528,4.353021437297201,-1.4491785741450756,4.389539147309546,-1.4383987486791285,4.37054054876563,-1.4659475565670619,0
98.56,4.352979332564969,-1.4395786694433508,4.32356384018841,-1.4412702100027899,4.351737243178362,-1.4560766456031238,0
98.592,4.352937223589923,-1.4299787685465066,4.314414241911392,-1.492367682714603,4.336795419548439,-1.470593088114743,0
98.624,4.352895109212319,-1.420378871047692,4.363942045877567,-1.4280144134845947,4.347641445524959,-1.453561645936949,0
98.656,4.352852988412475,-1.410778976540312,4.385346280667852,-1.4359912568862352,4.362710753156861,-1.446533518000019,0
98.688,4.352810860311767,-1.4011790846127465,4.322014043144294,-1.3980073757953873,4.346419440449927,-1.4271230888123174,0
98.72,4.352768724173543,-1.391579194845584,4.344559668530739,-1.3873811899543287,4.345662900333052,-1.4112263569756092,0
98.752,4.3527265794036545,-1.381979306810951,4.372793088792634,-1.414034269935236,4.356502341389653,-1.4123495498796417,0
98.784,4.352684425550409,-1.3723794200735504,4.362775786650843,-1.3885869561122612,4.3589990819016915,-1.4028445401077267,0
98.816,4.352642262303745,-1.3627795341930862,4.339286178971285,-1.3646224199828636,4.351101279631507,-1.3875557198086246,0
98.848,4.352600089493487,-1.3531796487277699,4.33814080339439,-1.3219382821680372,4.345904444342206,-1.361308772519768,0
98.88,4.352557907086546,-1.343579763238652,4.359587070015245,-1.3501726866406103,4.351364845981377,-1.3568543659525174,0
98.912,4.352515715182996,-1.3339798772945355,4.369611565198804,-1.338039226913477,4.3586508811168,-1.349328338138612,0
98.944,4.352473514010965,-1.3243799904772624,4.337711203867607,-1.324564644009345,4.350262353712287,-1.3394228883059398,0
98.976,4.352431303920306,-1.3147801023871761,4.345191933484616,-1.2869588867880286,4.3482215251856235,-1.3184373155349216,0
99.008,4.352389085375058,-1.3051802126485903,4.350459161638228,-1.2476944574480997,4.349103915476622,-1.2901402001530053,0
99.04,4.352346858944729,-1.2955803209151047,4.392722537481667,-1.2859750208126752,4.3665386962629755,-1.2884741562856792,0
99.072,4.352304625294448,-1.2859804268746307,4.387447699928082,-1.3029689754086515,4.374889626167082,-1.2942721118187774,0
99.104,4.352262385174075,-1.2763805302540028,4.315733322534806,-1.293536421562682,4.351214429833133,-1.2939778636142583,0
99.136,4.352220139406367,-1.2667806308230682,4.356185610177083,-1.3141163577775443,4.353190224042164,-1.3020332891902209,0
99.168,4.352177893131815,-1.2571807284036671,4.370768523251684,-1.2518044762305944,4.360208865797436,-1.2819417919225649,0
99.2,4.3406389849885745,-1.2502716400566285,4.343235211666319,-1.1978948756317311,4.3418994733248235,-1.2483427492562513,0
99.232,4.321991735110289,-1.249811042462085,4.301004328857225,-1.1992268126807697,4.314021442065119,-1.228710799146795,0
99.264,4.302675619024091,-1.249869766026657,4.278979131220634,-1.2833804306924959,4.2884845315443325,-1.250589483834974,0
99.296,4.283263498046359,-1.249982499544895,4.284695876660769,-1.2461377531665208,4.275449077272027,-1.2488167478451737,0
99.328,4.263866324075379,-1.250082295732975,4.242988424744596,-1.20682973590883,4.250944820376549,-1.2320275896005177,0
99.36,4.244503394945615,-1.2501621016108797,4.282292364918111,-1.2315158052317827,4.25196384028566,-1.2318267609799596,0
99.392,4.225173076813219,-1.2502248055009604,4.1809958809366865,-1.2771282627821332,4.212056657574112,-1.2499499859930854,0
99.424,4.205869867533765,-1.250274200900387,4.185426176922779,-1.285129820645722,4.189884465820915,-1.264023696408824,0
99.456,4.1865883768090715,-1.2503134421780926,4.160668561867659,-1.2514861695477957,4.166678104504486,-1.2590099208538619,0
99.488,4.167324093849725,-1.2503449082013949,4.0766208939783075,-1.2425986235971593,4.119135220447017,-1.2524462962608653,0
99.52,4.148073398755619,-1.2503703235540085,4.184788698635372,-1.2315910889129527,4.133876611820833,-1.2441048758388942,0
99.552,4.128833422746928,-1.2503909121985195,4.154555320006204,-1.2113669031440988,4.130628095162552,-1.231010156781196,0
99.584,4.109601900861926,-1.250407536567886,4.1563934676885275,-1.2472129073228342,4.129414244218823,-1.2374915275461695,0
99.616,4.090377046719658,-1.250420811791858,4.090309788547152,-1.2250126890661281,4.102252461979112,-1.2325000317879455,0
99.648,4.071157451662979,-1.2504311938499375,4.045936078734797,-1.269074048084204,4.0682059086994995,-1.247129409016923,0
99.68,4.051942004819456,-1.2504390435679815,4.000416901564107,-1.3119582131956793,4.0295703058628485,-1.273060400918899,0
99.712,4.032729830033121,-1.250444669792986,4.032061951307196,-1.284918964287658,4.0190469640719115,-1.2778029789706826,0
99.744,4.01352023616376,-1.2504483557070576,3.9712086460141394,-1.2298589387990853,3.9883916369102277,-1.2586241991784988,0
99.776,3.994312677928432,-1.2504503723512672,3.9955596233542363,-1.25444320034602,3.979738831593919,-1.2569503388328425,0
99.808,3.975106725050564,-1.2504509831737554,3.975832333140384,-1.1995989965866711,3.9666562323726775,-1.234008079191795,0
99.84,3.9559020379559655,-1.2504504429180294,3.9479664001708628,-1.2352760104797456,3.947660299708354,-1.2345133140789528,0
99.872,3.9366983486274725,-1.2504489935363616,3.9219299074526894,-1.2309263970695892,3.9258481430732397,-1.2330764491133308,0
99.904,3.917495445522232,-1.2504468591418547,3.913295108886955,-1.289561587060479,3.909306929704818,-1.2556683027210909,0
99.936,3.8982931616861785,-1.250444241372332,3.9542547378605404,-1.2469471129196594,3.915766053296384,-1.2521775777104027,0
99.968,3.8790913653830668,-1.2504413159787189,3.871185358029944,-1.2272047371737829,3.886413775525284,-1.2421861963487513,0
100.0,3.8598899527007045,-1.2504382309977058,3.87959815952181,-1.2871105768370568,3.867213776068446,-1.2421825356320702,1
100.032,3.8406888417123235,-1.2504351065328314,3.8466068373091726,-1.2575884767394403,3.84801377657426,-1.242179017357307,1
100.06400000000001,3.8214879678621925,-1.2504320359452061,3.818116904638194,-1.3083873422775956,3.8288137770277677,-1.2421756885352846,1
100.096,3.802287280316237,-1.2504290881308644,3.795383125077687,-1.2432547471587247,3.809613777420673,-1.242172582192723,1
100.128,3.7830867390745238,-1.2504263105167253,3.738108291925249,-1.2866408059894048,3.7904137777506253,-1.242169718443109,1
100.16,3.763886312686151,-1.250423732420038,3.750650680666092,-1.3035607528593023,3.7712137780199524,-1.2421671060879944,1
100.19200000000001,3.744685976441116,-1.2504213684665255,3.747024860853189,-1.2586095712638974,3.7520137782341996,-1.242164744492673,1
100.224,3.725485710940202,-1.2504192218324124,3.6888261541521756,-1.2667670625322032,3.732813778400744,-1.2421626255284857,1
100.256,3.7062855009646176,-1.2504172871509658,3.703980660386686,-1.2470659829639246,3.7136137785276455,-1.2421607354283555,1
100.288,3.687085334583316,-1.2504155529949132,3.7020808236929663,-1.2476488013900022,3.6944137786228004,-1.2421590564551162,1
100.32000000000001,3.6678852024487085,-1.250414003905712,3.6682603235252564,-1.270358453388507,3.6752137786933927,-1.2421575683287138,1
100.352,3.648685097241559,-1.2504126219859721,3.6444914034898286,-1.233100792254465,3.6560137787455997,-1.2421562493956297,1
100.384,3.6294850132338867,-1.2504113881017762,3.6730863312890314,-1.2328779932205447,3.636813778784491,-1.2421550775508734,1
100.416,3.610284945945074,-1.250410282758396,3.6162248937006103,-1.2321814414393677,3.617613778814061,-1.2421540309400672,1
100.44800000000001,3.5910848918714993,-1.2504092867183247,3.6239786223133854,-1.2120509459705902,3.5984137788373403,-1.2421530884777623,1
100.48,3.571884848274073,-1.2504083814274156,3.559829016419101,-1.2521933825149576,3.5792137788565443,-1.2421522302199834,1
100.512,3.5526848130113264,-1.2504075493061915,3.546533255918846,-1.2125801356229549,3.560013778873237,-1.2421514376261091,1
100.544,3.5334847844083126,-1.2504067739516407,3.539469808259549,-1.3393320854745767,3.5408137788884835,-1.2421506937393714,1
100.57600000000001,3.5142847611536445,-1.2504060402822437,3.4973585817540678,-1.23270211643365,3.521613778902984,-1.242149983308157,1
100.608,3.4950847422186615,-1.250405334647164,3.5306586266208386,-1.211558243050118,3.5024137789171905,-1.2421492928631723,1
100.64,3.4758847267940074,-1.2504046449105775,3.494093049025252,-1.2987907363181665,3.483213778931392,-1.2421486107592674,1
100.672,3.456684714239946,-1.2504039605145383,3.397135785778329,-1.1937390211446754,3.4640137789457808,-1.2421479271858724,1
100.70400000000001,3.4374847040475354,-1.250403272518775,3.396087517669719,-1.1781149771987314,3.444813778960497,-1.2421472341467519,1
100.736,3.418284695808416,-1.2504025736131914,3.3583967288571275,-1.2406429284730558,3.4256137789756553,-1.2421465254081607,1
100.768,3.399084689191446,-1.250401858098279,3.4116785772170393,-1.238658171072979,3.406413778991357,-1.2421457964142575,1
100.8,3.3798846839247894,-1.2504011218296442,3.364424247945833,-1.1801798430492927,3.387213779007692,-1.2421450441695059,1
100.83200000000001,3.360684679782348,-1.2504003621249116,3.330103058713474,-1.2559047246066184,3.368013779024737,-1.2421442670894045,1
100.864,3.341484676573637,-1.2503995776338832,3.3131606361231576,-1.2636392285640141,3.3488137790425485,-1.2421434648228704,1
100.896,3.322284674136368,-1.2503987681755968,3.331081623059518,-1.2005979693339817,3.329613779061157,-1.2421426380516534,1
100.928,3.3030846723311384,-1.2503979345484562,3.299094133255641,-1.2564878658368717,3.310413779080564,-1.2421417882739534,1
100.96000000000001,3.283884671037717,-1.2503970783216725,3.281948787589879,-1.24949828874837,3.291213779100742,-1.242140917580787,1
100.992,3.2646846701524947,-1.2503962016176533,3.2380425652342244,-1.2417723805507228,3.272013779121638,-1.242140028434428,1
101.024,3.2454846695867556,-1.250395306895651,3.214178381728924,-1.267328881865465,3.2528137791431795,-1.242139123458391,1
101.056,3.2262846692654685,-1.2503943967468905,3.1934681064985893,-1.2381261430602974,3.2336137791652817,-1.2421382052479006,1
101.08800000000001,3.2070846691263677,-1.25039347371061,3.2499187535976413,-1.2519921564001955,3.214413779187858,-1.242137276208653,1
101.12,3.1878846691191423,-1.2503925401190366,3.2235989635675972,-1.2698137668413076,3.195213779210828,-1.2421363384300486,1
101.152,3.1686846692046,-1.2503915979774227,3.1524650671197136,-1.2826236007453178,3.176013779234123,-1.242135393597016,1
101.184,3.1494846693537237,-1.250390648883037,3.1531530054191643,-1.2643054906899214,3.1568137792576914,-1.2421344429422854,1
101.21600000000001,3.130284669546573,-1.2503896939845793,3.1217362604810455,-1.244027696165388,3.1376137792815,-1.242133487238593,1
101.248,3.1110846697710204,-1.2503887339810575,3.1447574428486886,-1.252183756558215,3.118413779305537,-1.2421325268280066,1
101.28,3.091884670021343,-1.2503877691568521,3.068735898276964,-1.267610306466472,3.0992137793298054,-1.2421315616834692,1
101.312,3.0726846702967086,-1.2503867994476696,3.017028532572888,-1.283798869406883,3.080013779354324,-1.242130591495943,1
101.34400000000001,3.05348467059961,-1.2503858245304333,3.068650431201419,-1.282625790933047,3.060813779379119,-1.2421296157792205,1
101.376,3.0342846709343254,-1.2503848439289966,3.057132938268515,-1.2440819397456249,3.041613779404222,-1.242128633983707,1
101.408,3.015084671305462,-1.2503838571269354,3.0227769404145253,-1.2656653753677962,3.0224137794296615,-1.2421276456102852,1
101.44,2.995884671716666,-1.2503828636786045,3.011875284553919,-1.2465288202316713,3.0032137794554603,-1.2421266503156871,1
101.47200000000001,2.9766846721695526,-1.250381863310128,2.9435610584901792,-1.2803618020723242,2.984013779481628,-1.2421256480017127,1
101.504,2.9574846726629147,-1.2503808560029899,2.9966301889026217,-1.2695596615283538,2.9648137795081593,-1.2421246388819502,1
101.536,2.938284673192246,-1.250379842054317,2.941436842319551,-1.234995918897698,2.9456137795350283,-1.2421236235213957,1
101.568,2.9190846737495932,-1.2503788221097247,2.9039371776744183,-1.2761237961830547,2.9264137795621896,-1.242122602846322,1
101.60000000000001,2.8998846743237436,-1.2503777971665853,2.9675156701585146,-1.2975022312854032,2.907213779589577,-1.2421215781238826,1
101.632,2.880684674900713,-1.2503767685476734,2.8993971877396225,-1.225675626142306,2.888013779617107,-1.2421205509130238,1
101.664,2.8614846754645042,-1.250375737847197,2.908074098151433,-1.2163566698337123,2.8688137796446807,-1.2421195229902506,1
101.696,2.842284675998062,-1.2503747068531015,2.8458266539743864,-1.2554922847131962,2.849613779672193,-1.2421184962555036,1
101.72800000000001,2.823084676484358,-1.250373677451155,2.807726107595583,-1.284139118463618,2.8304137796995374,-1.242117472624746,1
101.76,2.8038846769075225,-1.2503726515175295,2.837349730924915,-1.2911789150479183,2.811213779726613,-1.2421164539167462,1
101.792,2.7846846772539307,-1.2503716308073747,2.8108856566841807,-1.284764716102806,2.7920137797533324,-1.242115441741942,1
101.824,2.765484677513171,-1.25037061684714,2.802875763209877,-1.2287406245771704,2.7728137797796286,-1.2421144374011193,1
101.85600000000001,2.7462846776788234,-1.250369610838162,2.7494463560153948,-1.2615930621684308,2.7536137798054576,-1.2421134418010158,1
101.888,2.727084677748985,-1.2503686135782839,2.718591811624882,-1.274166990883473,2.734413779830803,-1.2421124553928256,1
101.92,2.707884677726514,-1.2503676254070941,2.7256881078886805,-1.2385833074768373,2.715213779855675,-1.2421114781380704,1
101.952,2.6886846776189706,-1.2503666461788059,2.720715270947139,-1.2397620495517252,2.6960137798801087,-1.2421105095045142,1
101.98400000000001,2.6694846774382572,-1.250365675264987,2.6482806400490735,-1.2003519205319062,2.6768137799041622,-1.2421095484928022,1
102.016,2.6502846771999815,-1.2503647115873728,2.6648633697079314,-1.2151192856842936,2.6576137799279116,-1.2421085936924818,1
102.048,2.6310846769225837,-1.25036375367901,2.636877729187139,-1.286410022314252,2.638413779951446,-1.2421076433641178,1
102.08,2.611884676626278,-1.250362799770104,2.553293015781568,-1.2547023012974994,2.6192137799748627,-1.242106695542483,1
102.11200000000001,2.5926846763318796,-1.250361847893299,2.5679798005495256,-1.27897378218294,2.600013779998262,-1.2421057481544076,1
102.144,2.5734846760595818,-1.250360896001822,2.5607231784354076,-1.2325299142677357,2.5808137800217428,-1.242104799143865,1
102.176,2.5542846758277635,-1.250359942093048,2.5647830702500793,-1.2153032969524558,2.5616137800453957,-1.2421038465963952,1
102.208,2.535084675651899,-1.250358984329659,2.494180202107391,-1.267596149748269,2.5424137800693023,-1.2421028888549315,1
102.24000000000001,2.5158846755436373,-1.2503580211506882,2.605549096882405,-1.220442666460135,2.5232137800935273,-1.2421019246196652,1
102.272,2.4966846755101106,-1.2503570513653677,2.4861314853851244,-1.267268715635378,2.504013780118117,-1.2421009530255591,1
102.304,2.477484675553523,-1.2503560742237803,2.481889534207902,-1.2421363916050443,2.484813780143095,-1.242099973692537,1
102.336,2.458284675671041,-1.2503550894597901,2.474063412613436,-1.2243647442287446,2.4656137801684612,-1.2420989867451293,1
102.36800000000001,2.439084675855002,-1.250354097303498,2.4790715877132836,-1.236751243229766,2.44641378019419,-1.242097992800305,1
102.4,2.419884676093433,-1.2503530984624103,2.4266844317438587,-1.283166788701184,2.4272137802202303,-1.2420969929242471,1
102.432,2.40068467637084,-1.250352094072516,2.3556830397583783,-1.2357963622833124,2.4080137802465105,-1.2420959885608187,1
102.464,2.3814846766692295,-1.250351085622386,2.3691325322717876,-1.2475673550822999,2.3888137802729403,-1.2420949814362916,1
102.496,2.3622846769692893,-1.250350074855145,2.3637947697672983,-1.2672989532296863,2.3696137802994195,-1.2420939734464234,1
102.528,2.3430846772516514,-1.2503490636545727,2.316651684394626,-1.2810573807005505,2.3504137803258436,-1.2420929665331,1
102.56,2.323884677498155,-1.250348053922618,2.2972449344456787,-1.273526290577207,2.3312137803521122,-1.2420919625584337,1
102.592,2.304684677693025,-1.2503470474561573,2.3266365678102865,-1.265867131418137,2.312013780378137,-1.2420909631843782,1
102.624,2.2854846778238898,-1.25034604583088,2.240650067633796,-1.266887161366764,2.2928137804038475,-1.2420899697655572,1
102.656,2.266284677882568,-1.2503450502997253,2.2604530460092502,-1.1964847898364683,2.2736137804291965,-1.2420889832621687,1
102.688,2.2470846778655846,-1.2503440617123716,2.2589847232405225,-1.2656607634775277,2.2544137804541617,-1.242088004178526,1
102.72,2.2278846777743726,-1.2503430804609186,2.2352663987917776,-1.271943602456892,2.2352137804787477,-1.2420870325311575,1
102.752,2.2086846776151616,-1.2503421064552296,2.209536706721717,-1.2237707056021887,2.216013780502984,-1.2420860678484864,1
102.784,2.1894846773985592,-1.250341139129488,2.1515064469252496,-1.2326317512617269,2.1968137805269214,-1.2420851092020715,1
102.816,2.1702846771388558,-1.2503401774795149,2.1632362237661313,-1.2595283066087732,2.17761378055063,-1.242084155267368,1
102.848,2.1510846768530962,-1.2503392201284123,2.1318826810825904,-1.2320060178665961,2.1584137805741914,-1.2420832044100585,1
102.88,2.131884676559984,-1.2503382654162747,2.14327823768599,-1.3088416951779234,2.139213780597696,-1.2420822547923662,1
102.912,2.112684676278679,-1.2503373115081524,2.094111584989509,-1.2303556296871712,2.1200137806212367,-1.242081304492466,1
102.944,2.093484676027569,-1.2503363565132835,2.1157324836791314,-1.2410419607437453,2.100813780644903,-1.242080351629274,1
102.976,2.0742846758230904,-1.2503353986078802,2.0657531543081906,-1.2900583341884542,2.081613780668779,-1.2420793944845596,1
103.008,2.055084675678667,-1.2503344361535378,2.1209604228154815,-1.1877930982991347,2.0624137806929355,-1.2420784316144848,1
103.04,2.0358846756038425,-1.2503334678036122,1.9874220444504678,-1.2408075819696467,2.0432137807174287,-1.2420774619433768,1
103.072,2.0166846756036527,-1.2503324925907073,2.0698994563174837,-1.2738016550128417,2.0240137807422944,-1.2420764848336883,1
103.104,1.9974846756782905,-1.2503315099896235,1.971030268369804,-1.2530884598524665,2.0048137807675457,-1.2420755001276251,1
103.136,1.9782846758230779,-1.2503305199517183,1.9005375389921324,-1.2276838259335445,1.9856137807931715,-1.2420745081577713,1
103.168,1.9590846760287577,-1.250329522908468,1.955036021891643,-1.2016887569296733,1.9664137808191355,-1.24207350972603,1
103.2,1.9398846762820834,-1.2503285197440102,1.9605668422045868,-1.2638624391476274,1.9472137808453782,-1.2420725060522375,1
103.232,1.9206846765666752,-1.2503275117384423,1.9371900317256623,-1.2188905560708045,1.9280137808718196,-1.2420714986957708,1
103.264,1.9014846768640818,-1.2503265004855417,1.8761976383703132,-1.2550133440344267,1.9088137808983652,-1.2420704894552117,1
103.296,1.8822846771549833,-1.2503254877902081,1.8255615729947128,-1.2727468626883218,1.8896137809249118,-1.2420694802525278,1
103.328,1.86308467742045,-1.2503244755522436,1.9425665482136405,-1.2493834878512162,1.8704137809513557,-1.2420684730092466,1
103.36,1.8438846776431759,-1.2503234656439621,1.8335876626902459,-1.2354116472413117,1.8512137809776,-1.2420674695226126,1
103.392,1.824684677808604,-1.2503224597895166,1.8151865973757182,-1.2027223892802918,1.8320137810035622,-1.2420664713497005,1
103.424,1.805484677905867,-1.2503214594537269,1.7822021693887196,-1.2971664079684293,1.81281378102918,-1.2420654797069786,1
103.456,1.786284677928485,-1.250320465747581,1.7685128615339107,-1.241100518745869,1.7936137810544155,-1.2420644953917948,1
103.488,1.767084677874776,-1.2503194793565118,1.7508214797168806,-1.2095369732895187,1.7744137810792566,-1.2420635187308666,1
103.52,1.7478846777479538,-1.2503185004960837,1.7695496118915475,-1.2102532176600176,1.7552137811037176,-1.2420625495590916,1
103.552,1.7286846775559117,-1.2503175288979627,1.716379820512711,-1.2561288668986732,1.7360137811278367,-1.242061587230071,1
103.584,1.709484677310708,-1.2503165638270857,1.663282436425237,-1.205766862902126,1.7168137811516726,-1.2420606306576716,1
103.616,1.6902846770277888,-1.250315604128933,1.6962816335604125,-1.2422772053421114,1.6976137811753007,-1.2420596783859394,1
103.648,1.6710846767249985,-1.250314648303864,1.6056343044720702,-1.2597886030960084,1.6784137811988071,-1.2420587286828828,1
103.68,1.6518846764214399,-1.2503136946037237,1.6611366012110875,-1.268273737765539,1.659213781222284,-1.2420577796520622,1
103.712,1.6326846761362575,-1.2503127411444899,1.6128148226426715,-1.2037340278642814,1.6400137812458249,-1.242056829354793,1
103.744,1.6134846758874155,-1.2503117860276944,1.6433771341701424,-1.1991722033287653,1.6208137812695187,-1.2420558759350846,1
103.776,1.5942846756905507,-1.25031082746278,1.5717149331466493,-1.2617823026977257,1.601613781293446,-1.24205491773925,1
103.808,1.5750846755579668,-1.2503098638825019,1.583798082539569,-1.2492796054477855,1.5824137813176737,-1.2420539534224797,1
103.84,1.5558846754978404,-1.2503088940439262,1.5772087994359407,-1.2183729016680687,1.5632137813422524,-1.2420529820355006,1
103.872,1.5366846755136845,-1.2503079171085176,1.5046676312252558,-1.2461346093526389,1.544013781367211,-1.2420520030857392,1
103.904,1.5174846756041118,-1.250306932696153,1.5511000421929215,-1.2082289157963906,1.524813781392555,-1.2420510165690442,1
103.936,1.4982846757629118,-1.2503059409095831,1.5000945258435943,-1.2319865242347825,1.5056137814182657,-1.2420500229699287,1
103.968,1.4790846759794423,-1.2503049423277741,1.5207247112685605,-1.2873929447213266,1.4864137814442993,-1.2420490232303174,1
104.0,1.4598846762393116,-1.2503039379685588,1.5218997328900383,-1.2270415104994368,1.467213781470589,-1.2420480186888094,1
104.032,1.4406846765253092,-1.2503029292230103,1.4466777211879749,-1.2697664094215833,1.4480137814970497,-1.2420470109943793,1
104.06400000000001,1.421484676818523,-1.250301917765766,1.4569621325718816,-1.2486028604211221,1.4288137815235833,-1.2420460020000719,1
104.096,1.40228467709957,-1.2503009054470777,1.4464631986483787,-1.3288733379248518,1.4096137815500855,-1.2420449936435396,1
104.128,1.3830846773498588,-1.2502998941735421,1.412041027731222,-1.2437152009674277,1.390413781576454,-1.2420439878221154,1
104.16,1.3638846775527984,-1.2502988857851904,1.3571544700886293,-1.2376241060383972,1.3712137816025955,-1.242042986270487,1
104.19200000000001,1.344684677694872,-1.2502978819368573,1.3469083021588633,-1.2353627565679977,1.3520137816284337,-1.242041990448837,1
104.224,1.3254846777665084,-1.250296883991473,1.3571262734266034,-1.2475081823666605,1.3328137816539134,-1.242041001448676,1
104.256,1.3062846777626915,-1.250295892932157,1.3239418842993675,-1.2483060167974818,1.3136137816790046,-1.2420400199224362,1
104.288,1.2870846776832732,-1.2502949092987896,1.3223424034389133,-1.2571634932122056,1.2944137817037038,-1.2420390460413668,1
104.32000000000001,1.2678846775329702,-1.2502939331531528,1.279514070821712,-1.2225850292799658,1.2752137817280333,-1.2420380794844643,1
104.352,1.2486846773210494,-1.2502929640749034,1.245465898985736,-1.2238612604896382,1.2560137817520383,-1.2420371194591393,1
104.384,1.2294846770607253,-1.2502920011886407,1.240624189676098,-1.2049626488630327,1.2368137817757832,-1.2420361647523086,1
104.416,1.210284676768308,-1.2502910432203345,1.1933880873024605,-1.2923430395535564,1.2176137817993473,-1.2420352138086064,1
104.44800000000001,1.1910846764621579,-1.2502900885794743,1.1713256341995837,-1.2325964144863166,1.1984137818228193,-1.2420342648306821,1
104.48,1.171884676161513,-1.2502891354616432,1.1653026604924785,-1.273849398497912,1.1792137818462922,-1.2420333158951078,1
104.512,1.152684675885261,-1.2502881819648963,1.205961033132843,-1.261764670831035,1.1600137818698586,-1.2420323650764256,1
104.544,1.1334846756507329,-1.2502872262124352,1.1033713952395214,-1.2662724761506887,1.140813781893605,-1.2420314105713237,1
104.57600000000001,1.1142846754725932,-1.2502862664736565,1.115687190825264,-1.2717779867255496,1.1216137819176084,-1.2420304508149376,1
104.608,1.0950846753618948,-1.2502853012757709,1.0643612568517042,-1.2408841059457243,1.1024137819419306,-1.2420294845817748,1
104.64,1.0758846753253613,-1.2502843294987855,1.0916550330654236,-1.2309680165133476,1.0832137819666154,-1.2420285110647515,1
104.672,1.0566846753649433,-1.2502833504477326,1.0617568075085266,-1.3105181679634863,1.0640137819916848,-1.2420275299272532,1
104.70400000000001,1.0374846754776808,-1.250282363897487,1.0676101575947987,-1.244793389665277,1.0448137820171364,-1.2420265413248572,1
104.736,1.0182846756558819,-1.2502813701072901,1.0304908212277621,-1.2242555095973668,1.025613782042943,-1.2420255458953273,1
104.768,0.9990846758876106,-1.2502803698040499,0.974479261814244,-1.2942048632352645,1.006413782069053,-1.2420245447175196,1
104.8,0.9798846761574543,-1.250279364135496,0.9868553039550443,-1.2166159577682707,0.9872137820953937,-1.2420235392418504,1
104.83200000000001,0.9606846764475214,-1.2502783545962113,0.9740812905870484,-1.25375370263368,0.9680137821218746,-1.2420225311968172,1
104.864,0.9414846767386039,-1.2502773429313085,0.9524473436220929,-1.2706743844164399,0.9488137821483948,-1.2420215224775784,1
104.896,0.922284677011428,-1.2502763310239526,0.9240355082496222,-1.253446029451084,0.9296137821748498,-1.2420205150237846,1
104.928,0.9030846772479084,-1.250275320773976,0.9017129179506349,-1.2558147126143047,0.9104137822011393,-1.242019510694529,1
104.96000000000001,0.883884677432323,-1.2502743139754047,0.853761028843199,-1.2452377381794402,0.891213782227175,-1.242018511148479,1
104.992,0.8646846775523291,-1.2502733122007859,0.8365776987675065,-1.2558939269686467,0.8720137822528864,-1.2420175177369104,1
105.024,0.845484677599757,-1.2502723166997731,0.8829310462363039,-1.2496459566083782,0.8528137822782265,-1.242016531416548,1
105.056,0.8262846775711272,-1.2502713283185094,0.8409581161967358,-1.2731267503051533,0.8336137823031737,-1.2420155526878378,1
105.08800000000001,0.8070846774678637,-1.2502703474450152,0.7774110915489795,-1.2302564181788707,0.8144137823277332,-1.2420145815626291,1
105.12,0.78788467729619,-1.2502693739841073,0.8304325763268405,-1.2165584902010766,0.7952137823519349,-1.242013617563366,1
105.152,0.7686846770667188,-1.2502684073634782,0.7486018152815489,-1.314812348243324,0.7760137823758306,-1.2420126597538388,1
105.184,0.7494846767937638,-1.250267446570553,0.7876135545971654,-1.2669643120353433,0.7568137823994904,-1.2420117067995204,1
105.21600000000001,0.7302846764944197,-1.250266490217752,0.6898253034933308,-1.277010981464078,0.737613782422997,-1.2420107570536025,1
105.248,0.7110846761874677,-1.2502655366319533,0.7838957031512884,-1.262072647736982,0.7184137824464413,-1.2420098086631761,1
105.28,0.6918846758921768,-1.2502645839623845,0.727220818244708,-1.2688011630312077,0.6992137824699165,-1.2420088596887138,1
105.312,0.6726846756270741,-1.250263630299982,0.7284007568599801,-1.2508577289403162,0.680013782493514,-1.2420079082291455,1
105.34400000000001,0.6534846754087603,-1.250262673800515,0.6594863523275426,-1.1866358027786414,0.6608137825173178,-1.2420069525444533,1
105.376,0.6342846752508449,-1.2502617128035254,0.611137193102598,-1.250587322375191,0.6416137825414004,-1.24200599116789,1
105.408,0.6150846751630674,-1.2502607459394164,0.6268101855475186,-1.2470628283907668,0.6224137825658184,-1.2420050230005673,1
105.44,0.5958846751506631,-1.2502597722177755,0.5966213892804311,-1.2620090875524383,0.6032137825906085,-1.2420040473823322,1
105.47200000000001,0.5766846752140138,-1.2502587910912453,0.6236714088494973,-1.218751039657285,0.5840137826157853,-1.2420030641343525,1
105.504,0.5574846753486103,-1.250257802490824,0.5595550438780165,-1.2814795669529246,0.5648137826413383,-1.2420020735706696,1
105.536,0.5382846755453331,-1.2502568068303268,0.5563375040609879,-1.242583896751046,0.5456137826672325,-1.2420010764779787,1
105.568,0.519084675791033,-1.2502558049797257,0.49577577278046725,-1.2443954271592343,0.5264137826934089,-1.2420000740649373,1
105.60000000000001,0.49988467606937936,-1.250254798209086,0.48762514084148867,-1.2125138151897545,0.5072137827197882,-1.2419990678842723,1
105.632,0.48068467636191803,-1.2502537881067182,0.5084767236162115,-1.243310729953671,0.4880137827462762,-1.241998059732699,1
105.664,0.4614846766492719,-1.2502527764768143,0.470698730593201,-1.2784916292274398,0.46881378277276975,-1.241997051535111,1
105.696,0.44228467691240203,-1.2502517652231626,0.4344642123926137,-1.2111342225778026,0.4496137827991648,-1.241996045220491,1
105.72800000000001,0.42308467713384634,-1.2502507562264307,0.3610582082349296,-1.2561339846145534,0.430413782825364,-1.2419950425975423,1
105.76,0.4038846772988522,-1.2502497512229205,0.3594120358956643,-1.2521876762381918,0.4112137828512842,-1.2419940452380647,1
105.792,0.3846846773963285,-1.2502487516926095,0.4112494119963878,-1.2245223176500177,0.392013782876862,-1.2419930543755813,1
105.824,0.36548467741955587,-1.2502477587636953,0.336607625729112,-1.1740696613127921,0.3728137829020584,-1.2419920708257675,1
105.85600000000001,0.3462846773666099,-1.2502467731398006,0.3396647082433172,-1.2807444022689778,0.35361378292686046,-1.2419910949338078,1
105.888,0.327084677240473,-1.2502457950545425,0.32080175832423363,-1.1875279736352582,0.33441378295128144,-1.2419901265520845,1
105.92,0.307884677048831,-1.2502448242564026,0.3162665992809698,-1.2755763933866089,0.31521378297535885,-1.2419891650496484,1
105.952,0.2886846768035697,-1.2502438600248844,0.28801823851335273,-1.2948116161201815,0.296013782999151,-1.241988209352857,1
105.98400000000001,0.2694846765200072,-1.2502429012169256,0.24351154602917902,-1.2390856088860307,0.2768137830227325,-1.2419872580145772,1
106.016,0.2502846762159104,-1.2502419463405774,0.2633232405368257,-1.2281412958543456,0.2576137830461895,-1.2419863093074772,1
106.048,0.23108467591035925,-1.250240993651198,0.22677191172751596,-1.2408630926625497,0.23841378306961408,-1.241985361335406,1
106.08,0.21188467562252936,-1.250240041263961,0.21886337844975465,-1.2196821800019697,0.21921378309309963,-1.2419844121556622,1
106.11200000000001,0.19268467537046752,-1.2502390872754106,0.22822399526744663,-1.2556406525458426,0.20001378311673557,-1.241983459904279,1
106.144,0.1734846751699375,-1.2502381298862273,0.17591964224207293,-1.2437836917807779,0.18081378314060276,-1.2419825029162297,1
106.176,0.1542846750334069,-1.2502371675172745,0.1330716104188417,-1.2767037416198428,0.16161378316476901,-1.2419815398328165,1
106.208,0.13508467496924012,-1.250236198911445,0.11598929718646779,-1.2479117180702626,0.14241378318928496,-1.2419805696892963,1
106.24000000000001,0.11588467498115068,-1.2502352232147367,0.10556520209400791,-1.2593388583233878,0.12321378321418053,-1.241979591977118,1
106.272,0.0966846750679497,-1.250234240031334,0.09598303277807345,-1.2510906597421385,0.10401378323946223,-1.2419786066767387,1
106.304,0.07748467522361015,-1.2502332494491473,0.03844774730670455,-1.3014093884068763,0.08481378326511173,-1.2419776142589183,1
106.336,0.05828467543764548,-1.2502322520341684,0.0363955598308944,-1.283068375852716,0.06561378329108591,-1.241976615654406,1
106.36800000000001,0.03908467569578129,-1.2502312487940102,0.004146612667272766,-1.2472075153934055,0.046413783317318894,-1.2419756121939696,1
106.4,0.01988467598087699,-1.2502302411129809,0.009937494355575187,-1.2203424045633353,0.027213783343725845,-1.2419746055226375,1
106.432,0.0006846762740383983,-1.2502292306628793,0.0011833293437772492,-1.2359214956117592,0.008013783370208714,-1.2419735974936739,1
106.464,-0.018515323444152992,-1.2502282192952532,-0.05099540238637777,-1.2329261607711668,-0.011186216603336803,-1.2419725900491176,1
106.49600000000001,-0.03771532319237612,-1.2502272089220625,-0.050696828982956216,-1.2580814766641322,-0.030386216577013497,-1.2419715850945927,1
106.528,-0.05691532298735618,-1.2502262013924323,-0.03159621557288665,-1.2941226851636745,-0.049586216550914955,-1.2419705843764368,1
106.56,-0.07611532284278132,-1.2502251983734332,-0.058057891446013574,-1.2042055861537664,-0.06878621652511863,-1.2419695893690907,1
106.592,-0.09531532276842102,-1.250224201242576,-0.09089245060769571,-1.24545905618962,-0.08798621649968039,-1.2419686011799935,1
106.624,-0.11451532276950321,-1.2502232109989508,-0.11314466158057553,-1.2678489279380412,-0.10718621647463103,-1.24196762047813,1
106.656,-0.1337153228463879,-1.2502222281987458,-0.09548977581340709,-1.241047375614327,-0.12638621644997494,-1.2419666474508375,1
106.688,-0.15291532299455637,-1.2502212529193113,-0.18417847478282157,-1.2736971269593416,-0.1455862164256907,-1.2419656817916644,1
106.72,-0.17211532320491288,-1.2502202847540995,-0.1227364899577047,-1.2272710231112227,-0.1647862164017336,-1.2419647227200747,1
106.752,-0.1913153234643766,-1.250219322838813,-0.18149891907716664,-1.3096672913921943,-0.18398621637803952,-1.24196376903173,1
106.784,-0.21051532375672502,-1.2502183659070876,-0.23874387766492003,-1.2721706660266137,-0.20318621635452952,-1.2419628191761112,1
106.816,-0.22971532406363318,-1.25021741237212,-0.2685819930795812,-1.2484082648317127,-0.22238621633111488,-1.241961871356481,1
106.848,-0.24891532436584415,-1.2502164604289805,-0.20532065327746032,-1.2458890886501777,-0.24158621630770244,-1.241960923645735,1
106.88,-0.2681153246443978,-1.250215508171009,-0.22698877548022317,-1.1982302781464595,-0.2607862162841995,-1.2419599741106715,1
106.912,-0.2873153248818416,-1.2502145537127798,-0.3130733610253301,-1.2388468820443073,-0.27998621626051884,-1.2419590209366638,1
106.944,-0.3065153250633484,-1.2502135953117066,-0.3368462829186117,-1.2322913496521901,-0.2991862162365833,-1.2419580625446898,1
106.976,-0.3257153251776711,-1.2502126314804338,-0.3202664771691438,-1.262895786342699,-0.31838621621233015,-1.2419570976931815,1
107.008,-0.34491532521787255,-1.2502116610827703,-0.3138834861247114,-1.252391375968377,-0.33758621618771506,-1.2419561255581086,1
107.04,-0.36411532518178324,-1.250210683406976,-0.32713966039318165,-1.2666718395459233,-0.3567862161627154,-1.2419551457861502,1
107.072,-0.38331532507215327,-1.250209698211681,-0.3700808417102467,-1.2226922699042417,-0.3759862161373325,-1.2419541585175167,1
107.104,-0.4025153248964872,-1.2502087057414792,-0.40766109119854954,-1.3254824927461553,-0.3951862161115929,-1.24195316437696,1
107.136,-0.42171532466656897,-1.2502077067111965,-0.4028251288883635,-1.2066408758178935,-0.4143862160855473,-1.2419521644335367,1
107.168,-0.4409153243977045,-1.250206702259848,-0.43573857686954587,-1.2384308382224647,-0.4335862160592684,-1.2419511601317406,1
107.2,-0.46011532410773165,-1.250205693877255,-0.4912033457771226,-1.2066736861131393,-0.45278621603284597,-1.241950153198413,1
107.232,-0.47931532381586145,-1.2502046833080462,-0.5098368233040728,-1.2582298235793554,-0.471986216006381,-1.2419491455314546,1
107.264,-0.49851532354142797,-1.2502036724392265,-0.45365259171108974,-1.2598382515544904,-0.4911862159799783,-1.2419481390774851,1
107.296,-0.5177153233026303,-1.2502026631785537,-0.5370201801797159,-1.2239931226202698,-0.5103862159537386,-1.2419471357063512,1
107.328,-0.5369153231153504,-1.250201657331557,-0.46061392229656767,-1.2236471737571961,-0.529586215927751,-1.2419461370905611,1
107.36,-0.5561153229921267,-1.2502006564851196,-0.5940791393692696,-1.2524215530245972,-0.5487862159020866,-1.241945144597419,1
107.392,-0.5753153229413481,-1.2501996619051294,-0.5991270353853907,-1.2473689106793375,-0.5679862158767937,-1.2419441592008205,1
107.424,-0.594515322966722,-1.2501986744548015,-0.5735358901855694,-1.2414498157122082,-0.5871862158518943,-1.2419431814183932,1
107.456,-0.6137153230670466,-1.2501976945389424,-0.6147026592438432,-1.2662627078755029,-0.6063862158273846,-1.2419422112780543,1
107.488,-0.6329153232363002,-1.250196722077764,-0.6488016758139141,-1.3100136482630422,-0.6255862158032351,-1.241941248316135,1
107.52,-0.6521153234640388,-1.250195756511945,-0.6907594964322749,-1.245040971739759,-0.6447862157793944,-1.2419402916072144,1
107.552,-0.6713153237360729,-1.250194796838623,-0.6712779983189999,-1.2471211793222987,-0.663986215755793,-1.2419393398237373,1
107.584,-0.6905153240353804,-1.2501938416760077,-0.6724593444032265,-1.265616189950586,-0.6831862157323481,-1.2419383913215776,1
107.616,-0.709715324343195,-1.2501928893524505,-0.6570213277019473,-1.2542642767016787,-0.7023862157089689,-1.2419374442460323,1
107.648,-0.7289153246402044,-1.2501919380142277,-0.7819151920775541,-1.2733408312727303,-0.7215862156855617,-1.2419364966514124,1
107.68,-0.7481153249077828,-1.250190985745082,-0.6842502886426525,-1.2234165669164272,-0.740786215662035,-1.2419355466265118,1
107.712,-0.7673153251291804,-1.2501900306898108,-0.7566315342591893,-1.2608688160052424,-0.7599862156383042,-1.2419345924178669,1
107.744,-0.7865153252905985,-1.2501890711739259,-0.7853362459769652,-1.2061562653014575,-0.7791862156142964,-1.2419336325428518,1
107.776,-0.8057153253820788,-1.2501881058116595,-0.8138936602593727,-1.1961187537301812,-0.7983862155899542,-1.2419326658853205,1
107.808,-0.8249153253981529,-1.2501871335953587,-0.8016373812763153,-1.2468000251825442,-0.8175862155652399,-1.2419316917676178,1
107.84,-0.8441153253382061,-1.2501861539604955,-0.8107172067380125,-1.2907429614572583,-0.8367862155401385,-1.2419307099943298,1
107.872,-0.8633153252065293,-1.2501851668221107,-0.8613427591366141,-1.2587606031921694,-0.8559862155146596,-1.2419297208649425,1
107.904,-0.8825153250120542,-1.2501841725803413,-0.8521289292389624,-1.2670477940121456,-0.8751862154888373,-1.2419287251545978,1
107.936,-0.9017153247677838,-1.2501831720946797,-0.9019974236695248,-1.1959873732334818,-0.8943862154627302,-1.2419277240641842,1
107.968,-0.9209153244899555,-1.2501821666286224,-0.8995199904777684,-1.309224776456457,-0.9135862154364169,-1.2419267191429737,1
108.0,-0.9401153241969887,-1.2501811577682775,-0.9275655959279802,-1.2109897284110256,-0.9327862154099918,-1.2419257121887983,1
108.032,-0.9593153239082882,-1.2501801473201695,-0.9958981828094551,-1.2748571191637867,-0.9519862153835581,-1.2419247051321824,1
108.06400000000001,-0.9785153236429807,-1.2501791371948228,-0.9835434323552896,-1.2523489231612057,-0.9711862153572202,-1.2419236999119052,1
108.096,-0.997715323418671,-1.250178129283622,-0.9653017992127136,-1.239864705953601,-0.9903862153310758,-1.241922698350007,1
108.128,-1.0169153232503005,-1.2501771253368779,-1.1015214537507396,-1.1963177011096837,-1.0095862153052093,-1.2419217020342956,1
108.16,-1.036115323149183,-1.2501761268509561,-1.0247158443229683,-1.200744007537299,-1.028786215279685,-1.24192071221593,1
108.19200000000001,-1.0553153231222798,-1.2501751349717496,-1.068296308852762,-1.2450450822578398,-1.0479862152545427,-1.2419197297286848,1
108.224,-1.0745153231717606,-1.2501741504207167,-1.0971483763511019,-1.2729081860643794,-1.0671862152297964,-1.2419187549351118,1
108.256,-1.0937153232948755,-1.250173173448269,-1.0976013027387725,-1.2580754320657164,-1.0863862152054333,-1.241917787703077,1
108.288,-1.112915323484144,-1.2501722038175227,-1.114604115493044,-1.2395081893153441,-1.1055862151814169,-1.2419168274141907,1
108.32000000000001,-1.1321153237278445,-1.250171240819474,-1.1050185713686163,-1.281566978029466,-1.124786215157689,-1.2419158730036057,1
108.352,-1.1513153240107716,-1.2501702833186346,-1.1564560043345085,-1.2183342905450685,-1.1439862151341753,-1.2419149230286124,1
108.384,-1.1705153243152113,-1.2501693298261867,-1.1645542055873355,-1.259927765716453,-1.1631862151107897,-1.2419139757616233,1
108.416,-1.189715324622074,-1.25016837859595,-1.2269023555785017,-1.2283924996711244,-1.1823862150874398,-1.241913029301543,1
108.44800000000001,-1.2089153249121112,-1.2501674277369694,-1.2789960630163182,-1.2815550822011594,-1.201586215064032,-1.2419120816963516,1
108.48,-1.2281153251671448,-1.2501664753354584,-1.1947017175174783,-1.2420585468997802,-1.2207862150404762,-1.2419111310689863,1
108.512,-1.247315325371229,-1.250165519578233,-1.242114904932315,-1.2175904661176324,-1.2399862150166912,-1.2419101757384092,1
108.544,-1.2665153255116746,-1.2501645588696686,-1.3031573430811683,-1.2935206299404463,-1.2591862149926083,-1.2419092143280437,1
108.57600000000001,-1.28571532557987,-1.250163591934635,-1.2930360388335163,-1.22820871060027,-1.2783862149681764,-1.241908245854596,1
108.608,-1.3049153255718442,-1.2501626179007719,-1.3202807715911167,-1.2203683623262613,-1.2975862149433646,-1.2419072697915232,1
108.64,-1.324115325488536,-1.2501616363547983,-1.3138303425065847,-1.2745405036120407,-1.3167862149181655,-1.2419062861030634,1
108.672,-1.3433153253357453,-1.250160647369228,-1.3420334820702156,-1.2444313988774927,-1.3359862148925967,-1.2419052952466283,1
108.70400000000001,-1.3625153251237694,-1.2501596514977718,-1.3335181687977609,-1.207139891308477,-1.3551862148667009,-1.2419042981433992,1
108.736,-1.3817153248667453,-1.2501586497397221,-1.3444003246657361,-1.2053410934215887,-1.3743862148405432,-1.2419032961190273,1
108.768,-1.4009153245817367,-1.2501576434756148,-1.377563457833847,-1.2605533047895157,-1.3935862148142082,-1.241902290818251,1
108.8,-1.4201153242876279,-1.2501566343783106,-1.407389605220464,-1.2489970796208403,-1.412786214787794,-1.2419012840989272,1
108.83200000000001,-1.4393153240038952,-1.2501556243052225,-1.4402422996054633,-1.2243416619585006,-1.4319862147614053,-1.2419002779123,1
108.864,-1.4585153237493402,-1.2501546151786238,-1.4837048771353956,-1.257122757231423,-1.4511862147351453,-1.2418992741772321,1
108.896,-1.4777153235408682,-1.2501536088617478,-1.49562044875427,-1.2386835996561378,-1.4703862147091087,-1.241898274656482,1
108.928,-1.4969153233923929,-1.2501526070386582,-1.4548432455058475,-1.2370359019782606,-1.4895862146833736,-1.2418972808430209,1
108.96000000000001,-1.5161153233139406,-1.2501516111056323,-1.514276425682193,-1.207479612186308,-1.5087862146579971,-1.2418962938637115,1
108.992,-1.5353153233110108,-1.2501506220810612,-1.4897564811459816,-1.2843668980162843,-1.527986214633011,-1.241895314406562,1
109.024,-1.554515323384232,-1.2501496405396846,-1.533857433024005,-1.2526624895223275,-1.5471862146084205,-1.241894342676262,1
109.056,-1.573715323529333,-1.2501486665754116,-1.5910265484086468,-1.2283433370833177,-1.566386214584205,-1.2418933783808714,1
109.08800000000001,-1.5929153237374292,-1.250147699795138,-1.6133607329260073,-1.2419596444556007,-1.5855862145603201,-1.2418924207505346,1
109.12,-1.6121153239955999,-1.2501467393439734,-1.5699297648086392,-1.2373677145668622,-1.604786214536702,-1.24189146858702,1
109.152,-1.6313153242877207,-1.2501457839602639,-1.6244939396427687,-1.2254538511092001,-1.6239862145132717,-1.241890520340904,1
109.184,-1.6505153245954973,-1.2501448320568704,-1.693236820756588,-1.231322248699839,-1.6431862144899405,-1.2418895742114207,1
109.21600000000001,-1.6697153248996321,-1.2501438818234663,-1.719314056700419,-1.246419698645017,-1.6623862144666148,-1.2418886282625503,1
109.248,-1.6889153251810554,-1.2501429313432577,-1.6332688150036467,-1.2634508943834295,-1.6815862144432014,-1.241887680547851,1
109.28,-1.7081153254221422,-1.2501419787165962,-1.6811290456744914,-1.3079234327252978,-1.7007862144196126,-1.2418867292359914,1
109.312,-1.727315325607841,-1.2501410221835092,-1.7469247720333072,-1.2267983289691013,-1.7199862143957705,-1.2418857727288846,1
109.34400000000001,-1.7465153257266417,-1.2501400602372408,-1.734174202963543,-1.2513211828322592,-1.7391862143716117,-1.241884809764798,1
109.376,-1.7657153257713225,-1.2501390917214794,-1.792500206866413,-1.24830966513843,-1.7583862143470907,-1.2418838394997973,1
109.408,-1.7849153257394248,-1.2501381159050002,-1.7560684756982727,-1.2383021478755951,-1.7775862143221843,-1.2418828615622686,1
109.44,-1.8041153256334255,-1.2501371325289101,-1.8314563577972134,-1.2854032412090621,-1.7967862142968931,-1.2418818760769919,1
109.47200000000001,-1.823315325460589,-1.2501361418234493,-1.8127030272620197,-1.2849801541510084,-1.8159862142712426,-1.2418808836572257,1
109.504,-1.842515325232508,-1.2501351444932656,-1.8616868525919537,-1.232253738144989,-1.8351862142452833,-1.2418798853652966,1
109.536,-1.8617153249643608,-1.2501341416721083,-1.843285061074835,-1.280779020623124,-1.8543862142190872,-1.2418788826442329,1
109.568,-1.8809153246739292,-1.2501331348498592,-1.8836575309203965,-1.2431554877182776,-1.8735862141927442,-1.2418778772248436,1
109.60000000000001,-1.9001153243804454,-1.2501321257765936,-1.897412178849791,-1.2121015802647888,-1.8927862141663554,-1.2418768710142187,1
109.632,-1.919315324103341,-1.2501311163498479,-1.8879229863708895,-1.2496092376800907,-1.9119862141400263,-1.2418758659728388,1
109.664,-1.938515323860983,-1.2501301084923497,-1.985412483089663,-1.2506157910586748,-1.9311862141138585,-1.2418748639882036,1
109.696,-1.9577153236694829,-1.250129104028084,-1.957636202872868,-1.205587890496804,-1.950386214087942,-1.2418738667531253,1
109.72800000000001,-1.976915323541654,-1.2501281045646757,-1.9629600701458707,-1.2605270103009967,-1.9695862140623492,-1.2418728756565285,1
109.76,-1.9961153234861886,-1.2501271113896757,-2.0103115871854125,-1.2289652586976831,-1.9887862140371293,-1.241871891693807,1
109.792,-2.0153153235071066,-1.2501261253874356,-1.9720883479597056,-1.2502641438455455,-2.0079862140123055,-1.2418709154025185,1
109.824,-2.034515323603507,-1.2501251469819457,-2.0215917903899148,-1.249404402066679,-2.027186213987875,-1.2418699468275816,1
109.85600000000001,-2.0537153237696373,-1.250124176109334,-2.0752445981855425,-1.282948414614113,-2.0463862139638085,-1.2418689855182252,1
109.888,-2.072915323995274,-1.2501232122218169,-2.028202819800707,-1.2044726993637522,-2.065586213940055,-1.241868030556905,1
109.92,-2.0921153242663837,-1.2501222543228623,-2.0782398413816914,-1.283578204207971,-2.0847862139165456,-1.2418670806183318,1
109.952,-2.111315324566026,-1.2501213010313146,-2.1213324304949657,-1.231053225604182,-2.1039862138931964,-1.2418661340548207,1
109.98400000000001,-2.1305153248754345,-1.2501203506703542,-2.101025160374706,-1.2408305792211325,-2.123186213869917,-1.2418651890024603,1
110.016,-2.1497153251752157,-1.2501194013755623,-2.1443378208566357,-1.1938031417569235,-2.1423862138466125,-1.2418642435012597,1
110.048,-2.1689153254465845,-1.2501184512151229,-2.1388756216166733,-1.2792406198871116,-2.1615862138231914,-1.2418632956215334,1
110.08,-2.188115325672563,-1.2501174983144103,-2.127991774143603,-1.228174599336358,-2.180786213799568,-1.2418623435883673,1
110.11200000000001,-2.207315325839068,-1.250116540976922,-2.275501765665225,-1.237457482305348,-2.1999862137756687,-1.2418613858961405,1
110.144,-2.2265153259358215,-1.2501155777937567,-2.1759712128007402,-1.1863934029708436,-2.219186213751435,-1.2418604214057185,1
110.176,-2.2457153259570157,-1.2501146077345744,-2.1990578162980996,-1.242553727672015,-2.2383862137268284,-1.241859449418042,1
110.208,-2.264915325901702,-1.2501136302141682,-2.287065325648588,-1.2239811380015608,-2.257586213701833,-1.2418584697193624,1
110.24000000000001,-2.2841153257738633,-1.2501126451303572,-2.297864607968942,-1.2925064423430677,-2.2767862136764574,-1.2418574825952136,1
110.272,-2.30331532558217,-1.2501116528707517,-2.301902045502522,-1.2661022519520113,-2.2959862136507354,-1.2418564888121915,1
110.304,-2.32251532533943,-1.2501106542879505,-2.30142289933333,-1.2008503432036801,-2.3151862136247248,-1.2418554895687244,1
110.336,-2.3417153250617635,-1.2501096506447649,-2.2929048144151842,-1.2597018864943148,-2.3343862135985045,-1.2418544864179917,1
110.36800000000001,-2.360915324767562,-1.2501086435329851,-2.3914220856550545,-1.2702218938611414,-2.353586213572169,-1.2418534811679467,1
110.4,-2.3801153244762934,-1.2501076347709204,-2.3694855623187405,-1.265148978407313,-2.3727862135458215,-1.24185247576488,1
110.432,-2.399315324207237,-1.2501066262862965,-2.4252237954974585,-1.2707595234755884,-2.391986213519568,-1.2418514721680123,1
110.464,-2.4185153239782315,-1.2501056199920522,-2.4182806753918316,-1.2512232550917561,-2.411186213493507,-1.2418504722232044,1
110.49600000000001,-2.437715323804518,-1.2501046176630264,-2.4056558084816033,-1.3101066463436724,-2.4303862134677248,-1.2418494775439135,1
110.528,-2.456915323697758,-1.2501036208214842,-2.441524604413264,-1.2403189368932612,-2.449586213442286,-1.241848489407069,1
110.56,-2.4761153236652844,-1.2501026306388592,-2.5070243369626737,-1.2389798351430756,-2.468786213417233,-1.2418475086705993,1
110.592,-2.4953153237096424,-1.2501016478600582,-2.5003382568427095,-1.2671534606650094,-2.4879862133925794,-1.241846535717927,1
110.624,-2.514515323828433,-1.2501006727552215,-2.545703957227828,-1.2516717373411985,-2.5071862133683145,-1.2418455704330278,1
110.656,-2.53371532401448,-1.2500997051020684,-2.558377811421889,-1.2496753914293006,-2.5263862133444013,-1.2418446122076905,1
110.688,-2.5529153242563,-1.250098744199989,-2.540108542601841,-1.2033065622979522,-2.545586213320782,-1.2418436599805112,1
110.72,-2.5721153245388417,-1.2500977889149936,-2.5671026777929917,-1.2437727035430506,-2.564786213297382,-1.2418427123051359,1
110.752,-2.59131532484445,-1.2500968377526414,-2.61872663364789,-1.2430199362700427,-2.583986213274115,-1.2418417674433646,1
110.784,-2.6105153251539934,-1.2500958889542575,-2.5832838411778742,-1.2283596463635995,-2.603186213250888,-1.2418408234771228,1
110.816,-2.629715325448083,-1.2500949406102468,-2.6320844192263957,-1.2977481825732682,-2.622386213227606,-1.2418398784320894,1
110.848,-2.648915325708307,-1.250093990783199,-2.61084349364717,-1.2747712752679965,-2.641586213204178,-1.2418389304050088,1
110.88,-2.6681153259184063,-1.250093037632847,-2.7070548648361927,-1.242615947612242,-2.660786213180522,-1.2418379776864858,1
110.912,-2.6873153260653178,-1.250092079534822,-2.633928020119544,-1.214887156142292,-2.679986213156568,-1.2418370188713421,1
110.944,-2.7065153261400177,-1.25009111518554,-2.7083770618017766,-1.2550145684740233,-2.699186213132264,-1.2418360529494077,1
110.976,-2.725715326138112,-1.2500901436864524,-2.7359421657842136,-1.2395677108127787,-2.718386213107578,-1.2418350793708959,1
111.008,-2.744915326060131,-1.250089164602226,-2.7605744481329064,-1.2365269923545907,-2.7375862130825017,-1.2418340980821325,1
111.04,-2.7641153259115083,-1.2500881779890909,-2.795613553632936,-1.2304708710630035,-2.756786213057052,-1.2418331095293262,1
111.072,-2.783315325702244,-1.2500871843915216,-2.798550632556698,-1.2247286339221897,-2.775986213031271,-1.241832114630123,1
111.104,-2.8025153254462656,-1.2500861848074531,-2.832492883849068,-1.2629163893999351,-2.7951862130052234,-1.2418311147147607,1
111.136,-2.821715325160534,-1.2500851806242583,-2.817504445973044,-1.2112869143872151,-2.8143862129789947,-1.2418301114405979,1
111.168,-2.840915324863943,-1.2500841735295949,-2.8688179291252793,-1.2224592194171349,-2.8335862129526834,-1.241829106685509,1
111.2,-2.860115324576098,-1.2500831654028506,-2.7983156422526383,-1.205053391405049,-2.8527862129263952,-1.2418281024270044,1
111.232,-2.8793153243160385,-1.250082158194161,-2.89424521496873,-1.2904270009355028,-2.871986212900235,-1.2418271006148405,1
111.264,-2.8985153241010067,-1.2500811537987822,-2.923770558126213,-1.2525492983442739,-2.8911862128742984,-1.2418261030453333,1
111.296,-2.9177153239453304,-1.250080153934904,-2.905130465189427,-1.2524445513933549,-2.910386212848666,-1.2418251112454648,1
111.328,-2.936915323859503,-1.2500791600327763,-2.942950244306535,-1.2737934511404823,-2.9295862128233967,-1.2418241263742658,1
111.36,-2.956115323849514,-1.2500781731422983,-2.9726538826652926,-1.2669697819560846,-2.9487862127985234,-1.241823149147833,1
111.392,-2.9753153239164725,-1.250077193865045,-2.9495308212799287,-1.2110535030524363,-2.967986212774053,-1.2418221797928406,1
111.424,-2.9945153240565485,-1.250076222315132,-2.9985948201952572,-1.2213817106710094,-2.9871862127499647,-1.2418212180315626,1
111.456,-3.013715324261227,-1.2500752581114722,-3.01205631488443,-1.257768602779379,-3.0063862127262144,-1.2418202630994055,1
111.488,-3.0329153245178624,-1.2500743004019534,-3.0682905477152187,-1.2364495694821434,-3.025586212702738,-1.2418193137938367,1
111.52,-3.0521153248104884,-1.25007334791801,-3.0957153858375905,-1.2503900982938103,-3.0447862126794565,-1.2418183685515962,1
111.552,-3.0713153251208385,-1.250072399056099,-3.0885692696059763,-1.1779627192602047,-3.063986212656279,-1.2418174255492278,1
111.584,-3.090515325429509,-1.25007145198085,-3.0569638120553613,-1.2421332033959795,-3.0831862126331115,-1.2418164828204725,1
111.616,-3.109715325717192,-1.2500705047432568,-3.0442623833959956,-1.2748996127020147,-3.102386212609859,-1.2418155383829719,1
111.648,-3.1289153259659033,-1.2500695554063006,-3.1439225295695143,-1.211498085887079,-3.121586212586432,-1.2418145903661175,1
111.68,-3.148115326160132,-1.250068602169913,-3.1789171877642888,-1.2524746574572472,-3.1407862125627517,-1.2418136371318143,1
111.712,-3.1673153262878344,-1.2500676434872193,-3.1657864319861293,-1.297006263651134,-3.1599862125387523,-1.2418126773803624,1
111.744,-3.186515326341213,-1.2500666781645666,-3.1618830758161516,-1.1995121039576637,-3.179186212514388,-1.2418117102346284,1
111.776,-3.205715326317228,-1.250065705438877,-3.1958481026944576,-1.28495113499561,-3.1983862124896336,-1.2418107352970726,1
111.808,-3.2249153262178063,-1.2500647250273293,-3.2577105259286046,-1.2422018679175766,-3.2175862124644894,-1.24180975267592,1
111.84,-3.244115326049733,-1.2500637371461472,-3.224682967573248,-1.2151543884747424,-3.2367862124389797,-1.2418087629787846,1
111.872,-3.263315325824223,-1.2500627424972592,-3.293509583409892,-1.265401325113366,-3.255986212413155,-1.2418077672741095,1
111.904,-3.28251532555621,-1.2500617422236662,-3.3067133346539244,-1.2401446746973284,-3.275186212387088,-1.2418067670228876,1
111.936,-3.3017153252633826,-1.2500607378363537,-3.2751837662553864,-1.2566442910640485,-3.2943862123608696,-1.241805763985022,1
111.968,-3.320915324965045,-1.2500597311174289,-3.317035290955392,-1.2594936400634764,-3.3135862123346023,-1.241804760106326,1
112.0,-3.340115324680865,-1.2500587240056817,-3.3118620557770453,-1.263837769896561,-3.3327862123083936,-1.2418037573934122,1
112.032,-3.3593153244296023,-1.2500577184719164,-3.3573611249565127,-1.257347318446183,-3.351986212282348,-1.2418027577845119,1
112.06400000000001,-3.3785153242278967,-1.2500567163920535,-3.377264830317057,-1.245186497054872,-3.371186212256558,-1.2418017630245217,1
112.096,-3.3977153240891953,-1.2500557194261654,-3.392410672324043,-1.2461965475084948,-3.3903862122310984,-1.2418007745523372,1
112.128,-3.4169153240228916,-1.2500547289112347,-3.4339877411157125,-1.1967281352471923,-3.409586212206021,-1.2417997934077318,1
112.16,-3.4361153240337314,-1.2500537457745553,-3.4533949096951932,-1.27821622305059,-3.4287862121813513,-1.2417988201638044,1
112.19200000000001,-3.4553153241215178,-1.2500527704733824,-3.4696403380882597,-1.2863866161192332,-3.4479862121570863,-1.2417978548893818,1
112.224,-3.4745153242811337,-1.2500518029647565,-3.499490407408013,-1.255005970104941,-3.4671862121331984,-1.2417968971438418,1
112.256,-3.493715324502878,-1.2500508427074966,-3.4849988414529127,-1.242617833160347,-3.4863862121096356,-1.2417959460047414,1
112.288,-3.5129153247730884,-1.2500498886962876,-3.5004011787003932,-1.2662578543806255,-3.5055862120863273,-1.2417950001265168,1
112.32000000000001,-3.532115325075015,-1.250048939525723,-3.50912054373915,-1.23908074433277,-3.5247862120631885,-1.2417940578265436,1
112.352,-3.5513153253898815,-1.250047993480232,-3.5440740579378143,-1.2782604200981365,-3.5439862120401258,-1.241793117193042,1
112.384,-3.5705153256980733,-1.2500470486441473,-3.558752275142,-1.2617051136730646,-3.5631862120170426,-1.2417921762079425,1
112.416,-3.5897153259803805,-1.2500461030248653,-3.5498706228870227,-1.3042872458271029,-3.582386211993844,-1.241791232876819,1
112.44800000000001,-3.608915326219214,-1.2500451546811941,-3.671432044460055,-1.2565758185344627,-3.601586211970442,-1.2417902853575473,1
112.48,-3.6281153263997226,-1.2500442018486464,-3.6459746320421185,-1.297760330828841,-3.62078621194676,-1.2417893320794258,1
112.512,-3.647315326510744,-1.2500432430536137,-3.657640701641674,-1.2156921710112814,-3.6399862119227375,-1.2417883718450702,1
112.544,-3.6665153265455244,-1.2500422772090667,-3.634629459731924,-1.2410724280941057,-3.6591862118983345,-1.2417874039085246,1
112.57600000000001,-3.685715326502161,-1.2500413036856006,-3.6950478054502747,-1.2359912841337661,-3.6783862118735327,-1.2417864280245086,1
112.608,-3.7049153263837384,-1.2500403223532233,-3.734295534806366,-1.2356458913750583,-3.69758621184834,-1.2417854444656071,1
112.64,-3.7241153261981452,-1.2500393335911468,-3.623507349301385,-1.2342267713099657,-3.7167862118227903,-1.2417844540062144,1
112.672,-3.74331532595758,-1.2500383382648952,-3.776831741411122,-1.2347508044672033,-3.7359862117969422,-1.2417834578742153,1
112.70400000000001,-3.7625153256777772,-1.2500373376721285,-3.8038063871922483,-1.2577628868727577,-3.755186211770876,-1.2417824576734136,1
112.736,-3.7817153253770024,-1.2500363334605862,-3.8027075253977047,-1.221362235841682,-3.774386211744689,-1.241781455281624,1
112.768,-3.8009153250748815,-1.2500353275233407,-3.7727273580021015,-1.2595853651516504,-3.7935862117184893,-1.2417804527308969,1
112.8,-3.820115324791143,-1.25003432187801,-3.781525477021679,-1.2301032482906495,-3.8127862116923863,-1.2417794520774863,1
112.83200000000001,-3.839315324544352,-1.2500333185376133,-3.8095799858291177,-1.3037103019148972,-3.831986211666485,-1.2417784552698727,1
112.864,-3.8585153243507264,-1.2500323193813085,-3.8828604347808526,-1.2958195132067463,-3.8511862116408757,-1.2417774640232626,1
112.896,-3.877715324223107,-1.250031326033267,-3.88530069652727,-1.237681685890298,-3.87038621161563,-1.241776479708614,1
112.928,-3.8969153241701457,-1.250030339757453,-3.9519635116749265,-1.2087621851603285,-3.8895862115907924,-1.241775503263318,1
112.96000000000001,-3.9161153241957716,-1.250029361375076,-3.9130378427914785,-1.237598958730813,-3.908786211566381,-1.2417745351293028,1
112.992,-3.9348372151031565,-1.25002832840895,-3.9305153458411155,-1.2214999436026623,-3.927470521195387,-1.2417736630276157,1
113.024,-3.9529671001899844,-1.2500274392126074,-3.9155899312182685,-1.2174106949711754,-3.945555730318796,-1.2417729046299508,1
113.056,-3.9705101571171015,-1.2500267019082834,-3.9669466123900596,-1.3044857395020109,-3.963060783121771,-1.24177224642325,1
113.08800000000001,-3.987483698109041,-1.2500260735526014,-3.945583948145501,-1.2318705378745145,-3.980004458104342,-1.2417716691979452,1
113.12,-4.003906975328352,-1.2500255225285992,-3.961963718474155,-1.2530733151164897,-3.996404979775659,-1.2417711537086242,1
113.152,-4.019798953657361,-1.2500250262800563,-3.9774894386686865,-1.245860495031582,-4.012279956575986,-1.241770682445461,1
113.184,-4.0351778403230965,-1.2500245672378938,-4.0064634296020545,-1.2711129484901624,-4.027646390069592,-1.241770240272486,1
113.21600000000001,-4.050061037898764,-1.2500241312439349,-4.095516736616751,-1.2601506209188629,-4.042520699189626,-1.2417698146276863,1
113.248,-4.064465191163673,-1.2500237070125386,-4.003448437532094,-1.2517309308749205,-4.056918745986967,-1.2417693954957791,1
113.28,-4.078406247455628,-1.250023285840249,-4.118819551093603,-1.1692789418319547,-4.070855859879572,-1.2417689752456376,1
113.312,-4.091899512340492,-1.2500228613281346,-4.043878253571599,-1.2738603076614738,-4.084346859970575,-1.2417685483887153,1
113.34400000000001,-4.104959697660127,-1.2500224290800395,-4.0982312565564545,-1.2868195806791973,-4.097406075584974,-1.2417681112981032,1
113.376,-4.117600962515236,-1.2500219863905873,-4.104003248072454,-1.2506773217685052,-4.110047365268804,-1.2417676619162308,1
113.408,-4.129836948348304,-1.2500215319419103,-4.15389183338058,-1.3021438499138307,-4.122284134476858,-1.2417671994701027,1
113.44,-4.141680809230196,-1.2500210655225341,-4.086908913232374,-1.3075631337980105,-4.134129352137758,-1.241766724205905,1
113.47200000000001,-4.153145238268823,-1.2500205877756545,-4.194324625856554,-1.237251988266063,-4.145595566249864,-1.2417662371496052,1
113.504,-4.164242490877763,-1.2500200999794648,-4.171906474353813,-1.2311538874438248,-4.156694918632094,-1.2417657398965278,1
113.536,-4.174984405491682,-1.2500196038592981,-4.119577414999507,-1.226814485374341,-4.167439158930149,-1.2417652344304566,1
113.568,-4.185382422194086,-1.2500191014297533,-4.1576764437093106,-1.2641154071378666,-4.177839657959843,-1.2417647229712991,1
113.60000000000001,-4.1954475996267195,-1.2500185948642153,-4.170581818810729,-1.2004539686454376,-4.187907420454339,-1.2417642078494466,1
113.632,-4.205190630473908,-1.2500180863889259,-4.217120658697745,-1.273398894339445,-4.197653097270289,-1.2417636914044898,1
113.664,-4.214621855755145,-1.2500175781987801,-4.199686892945167,-1.26273875908265,-4.207086997098464,-1.241763175905746,1
113.696,-4.223751278111903,-1.2500170723921722,-4.172872074111658,-1.2604034436167262,-4.216219097717026,-1.241762663492011,1
113.72800000000001,-4.232588574237285,-1.2500165709224016,-4.234523563774692,-1.247093501926794,-4.225059056819624,-1.2417621561280112,1
113.76,-4.241143106567656,-1.2500160755633463,-4.20946631480771,-1.2203729337675011,-4.233616222445731,-1.241761655575154,1
113.792,-4.249423934332106,-1.2500155878873016,-4.278454141063281,-1.2184493460893195,-4.241899643036862,-1.2417611633743224,1
113.824,-4.2574398240371805,-1.250015109253048,-4.203939177266427,-1.2075549654236395,-4.249918077139199,-1.2417606808386425,1
113.85600000000001,-4.2651992594497745,-1.250014640802383,-4.225001348097392,-1.2542210033687755,-4.257680002770713,-1.241760209054329,1
113.888,-4.272710451129544,-1.2500141834635,-4.270915262792154,-1.2879652783268436,-4.265193626468826,-1.2417597488879029,1
113.92,-4.2799813455530655,-1.250013737959761,-4.313817411661454,-1.2434227086457204,-4.272466892033047,-1.2417593009982697,1
113.952,-4.2870196338647,-1.2500133048225521,-4.28410190694295,-1.266681248853042,-4.279507488975624,-1.2417588658523218,1
113.98400000000001,-4.293832760283385,-1.2500128844070681,-4.301609444408182,-1.2566288480237395,-4.286322860692179,-1.241758443742918,1
114.016,-4.300427930189942,-1.2500124769100167,-4.3002866370942145,-1.2837993167644697,-4.292920212363319,-1.2417580348082589,1
114.048,-4.306812117915843,-1.2500120823883831,-4.3160308273884915,-1.2531690067701788,-4.299306518597459,-1.241757639051838,1
114.08,-4.312992074251425,-1.2500117007785296,-4.331140481039101,-1.234892438508287,-4.305488530824396,-1.2417572563623043,1
114.11200000000001,-4.318974333689172,-1.250011331915037,-4.340621284804125,-1.230603766881678,-4.311472784448635,-1.241756886532702,1
114.144,-4.324765221415791,-1.2500109755488193,-4.3607735318026295,-1.2419887727167709,-4.317265605770913,-1.2417565292786796,1
114.176,-4.330370860065231,-1.2500106313641517,-4.325086531755984,-1.2622057642189837,-4.32287311868599,-1.241756184255372,1
114.208,-4.33579717624356,-1.2500102989943522,-4.291956291893479,-1.2636049056388348,-4.328301251164335,-1.241755851072752,1
114.24000000000001,-4.341049906835549,-1.2500099780359457,-4.3569301573482475,-1.241923366115073,-4.3335557415250205,-1.241755529309332,1
114.272,-4.3461346051019785,-1.2500096680612112,-4.373206186572918,-1.2197465887611136,-4.338642144506804,-1.241755218524163,1
114.304,-4.351056646575936,-1.2500093686290825,-4.3247115522876545,-1.2569985059891027,-4.343565837144098,-1.2417549182671348,1
114.336,-4.355967261921649,-1.2500090969432514,-4.341503382170179,-1.2125893217189618,-4.34848952978112,-1.2417546135894435,1
114.36800000000001,-4.356312262901573,-1.2410515938061342,-4.347782241278853,-1.280111047928447,-4.348488935733919,-1.24175461357174,1
114.4,-4.35631088519844,-1.2314387980417527,-4.397579316800629,-1.2537870360412562,-4.348489221825357,-1.241754613582822,1
114.432,-4.356250715343681,-1.2217377848443227,-4.351222603371117,-1.2049454267096704,-4.348489593684985,-1.2417546135947835,1
114.464,-4.35618850865403,-1.2120414041431944,-4.336436518134975,-1.2207073187623707,-4.348489902487984,-1.2417546136019448,1
114.49600000000001,-4.356135712327529,-1.2023625810221608,-4.358115545652528,-1.2500639980252024,-4.34849012512219,-1.2417546136051463,1
114.528,-4.356093095301921,-1.1927001491583988,-4.305174032492215,-1.201919689493078,-4.348490263169402,-1.2417546136060125,1
114.56,-4.356059185952295,-1.1830510451065148,-4.352623342221103,-1.2065935591337376,-4.348490323403526,-1.2417546136059485,1
114.592,-4.356032302259365,-1.1734124592705633,-4.325862307048324,-1.196970625209016,-4.3484903131949455,-1.2417546136060271,1
114.62400000000001,-4.3560109871617385,-1.16378211501731,-4.398390938379422,-1.1477868490944736,-4.348490239183444,-1.2417546136070468,1
114.656,-4.35599405868887,-1.1541582183292125,-4.384975756076,-1.184125290703018,-4.348490106928346,-1.2417546136096091,1
114.688,-4.3559805761451775,-1.144539366017207,-4.348187620228807,-1.203352265778487,-4.348489920936929,-1.2417546136141833,1
114.72,-4.3559697952414105,-1.1349244631959574,-4.426443953755818,-1.1014560239276017,-4.348489684846868,-1.2417546136211477,1
114.752,-4.35596112826038,-1.1253126562877096,-4.292088468965127,-1.1142851048139895,-4.348489401656011,-1.2417546136308149,1
114.784,-4.35595411158053,-1.1157032799688391,-4.366040316880585,-1.0766646913307898,-4.348489073944989,-1.2417546136434412,1
114.816,-4.355948379812347,-1.1060958154990075,-4.38168658030116,-1.1069923248425027,-4.34848870406635,-1.2417546136592295,1
114.848,-4.355943645328578,-1.0964898581239326,-4.3479799421032,-1.13426794117274,-4.3484882942902,-1.2417546136783262,1
114.88,-4.355939682078588,-1.0868850916506105,-4.3665007057751355,-1.1114238853124347,-4.34848784690554,-1.2417546137008177,1
114.912,-4.355936312781393,-1.0772812686655582,-4.356911453616749,-1.1283099591129,-4.348487364281558,-1.241754613726728,1
114.944,-4.3559333987804205,-1.0676781951762049,-4.31708833585235,-1.097081230098177,-4.348486848895461,-1.241754613756017,1
114.976,-4.355930831996943,-1.0580757187074261,-4.31873061313205,-1.0429857334518977,-4.34848630333414,-1.2417546137885833,1
115.008,-4.355928528540741,-1.048473719088378,-4.338889649061207,-1.0310644797179604,-4.348485730276795,-1.2417546138242688,1
115.04,-4.355926423631663,-1.0388721013277815,-4.369513725114049,-1.0401122261215634,-4.348485132464833,-1.241754613862865,1
115.072,-4.355924467559986,-1.029270790105971,-4.317033086190748,-1.069391716793928,-4.348484512664466,-1.241754613904123,1
115.104,-4.355922622471431,-1.0196697255154978,-4.349633378991634,-1.0198003006425915,-4.348483873626307,-1.2417546139477627,1
115.136,-4.355920859807977,-1.010068859763965,-4.3284530430945685,-1.0342055472379723,-4.348483218045339,-1.241754613993484,1
115.168,-4.355919158271056,-1.0004681546172796,-4.359907985014605,-1.0428037003384485,-4.348482548523668,-1.2417546140409772,1
115.2,-4.3559175022014935,-0.9908675794120781,-4.3629012228631,-0.968845200936015,-4.348481867537745,-1.241754614089932,1
115.232,-4.355915880292369,-0.9812671095055631,-4.36521126757047,-0.9696613276311196,-4.348481177411053,-1.2417546141400466,1
115.264,-4.355914284568142,-0.9716667250616493,-4.366237665050201,-0.937710115185723,-4.34848048029277,-1.2417546141910343,1
115.296,-4.355912709576925,-0.9620664100960421,-4.347711132105269,-0.9490120938492644,-4.348479778142507,-1.2417546142426292,1
115.328,-4.355911151753485,-0.9524661517211342,-4.277091024886603,-0.9368936585358145,-4.348479072720899,-1.2417546142945906,1
115.36,-4.355909608919018,-0.9428659395456178,-4.367317066365452,-0.9130811142607793,-4.348478365585668,-1.2417546143467044,1
115.392,-4.3559080798904874,-0.9332657651944103,-4.3865112843055645,-0.8791170036350697,-4.348477658092571,-1.2417546143987856,1
115.424,-4.355906564177662,-0.9236656219226429,-4.359121320294076,-0.9607359695847094,-4.348476951400614,-1.2417546144506775,1
115.456,-4.355905061750261,-0.9140655043036495,-4.386872861987855,-0.8841083520634826,-4.348476246480848,-1.2417546145022507,1
115.488,-4.355903572861036,-0.9044654079755761,-4.372653995979601,-0.9005920467072608,-4.348475544128048,-1.241754614553402,1
115.52,-4.3559020979133685,-0.8948653294347806,-4.373058563526425,-0.8417778733334775,-4.348474844974635,-1.241754614604052,1
115.552,-4.355900637364139,-0.88526526586687,-4.349288455633687,-0.8790647850841092,-4.348474149506186,-1.241754614654142,1
115.584,-4.355899191654432,-0.8756652150082472,-4.3622382293725845,-0.8490061948555697,-4.348473458077973,-1.241754614703633,1
115.616,-4.355897761162036,-0.8660651750325791,-4.300613910957307,-0.8812127533457206,-4.348472770931989,-1.2417546147525003,1
115.648,-4.355896346170898,-0.8564651444577626,-4.335514541673719,-0.8525816741318706,-4.348472088214004,-1.2417546148007332,1
115.68,-4.355894946853579,-0.8468651220698566,-4.3926587381890805,-0.8010571321609617,-4.3484714099902595,-1.241754614848331,1
115.712,-4.355893563263584,-0.8372651068611343,-4.40051249753036,-0.8356993209559187,-4.348470736263435,-1.2417546148953007,1
115.744,-4.35589219533499,-0.8276650979799374,-4.361026361561493,-0.7926862958432266,-4.348470066987627,-1.2417546149416554,1
115.776,-4.355890842887364,-0.818065094690432,-4.34133726649072,-0.8473708460868987,-4.348469402082106,-1.241754614987412,1
115.808,-4.355889505634335,-0.8084650963406872,-4.356379979752996,-0.7935983821094196,-4.3484687414436705,-1.2417546150325889,1
115.84,-4.355888183194539,-0.7988651023377586,-4.327963009729527,-0.7679034583772225,-4.348468084957491,-1.241754615077206,1
115.872,-4.355886875103932,-0.789265112128667,-4.312265557893451,-0.7807999441299347,-4.348467432506352,-1.2417546151212824,1
115.904,-4.355885580828683,-0.7796651251863291,-4.329828874687607,-0.7520024935944934,-4.3484667839782585,-1.2417546151648355,1
115.936,-4.355884299778052,-0.7700651409996377,-4.351884265547876,-0.7562115000401544,-4.348466139272421,-1.2417546152078809,1
115.968,-4.355883031316815,-0.7604651590669977,-4.336227888966579,-0.7109303064623006,-4.348465498303632,-1.2417546152504317,1
116.0,-4.355881774776908,-0.7508651788927218,-4.395902378717594,-0.7585176890486851,-4.348464861005118,-1.2417546152924985,1
116.032,-4.355880529468067,-0.7412651999857651,-4.361791901887506,-0.6956823182078041,-4.348464227329944,-1.2417546153340886,1
116.06400000000001,-4.355879294687344,-0.7316652218603473,-4.3735124004735315,-0.738559441044791,-4.3484635972510945,-1.2417546153752073,1
116.096,-4.355878069727406,-0.722065244038061,-4.385867057483654,-0.7282665768936643,-4.348462970760348,-1.241754615415857,1
116.128,-4.355876853883615,-0.7124652660511182,-4.308556093447375,-0.671542770647151,-4.348462347866102,-1.2417546154560386,1
116.16,-4.355875646459909,-0.7028652874464235,-4.386409648126456,-0.7020057541791683,-4.348461728590296,-1.2417546154957513,1
116.19200000000001,-4.35587444677354,-0.6932653077902016,-4.348776900922603,-0.626401683907265,-4.348461112964605,-1.2417546155349934,1
116.224,-4.355873254158753,-0.6836653266729329,-4.367445559617061,-0.6792028863476952,-4.348460501026058,-1.241754615573763,1
116.256,-4.3558720679695,-0.6740653437143861,-4.360728333950504,-0.6826946235244656,-4.348459892812266,-1.2417546156120587,1
116.288,-4.355870887581309,-0.6644653585685556,-4.310066480626912,-0.6602809527701475,-4.348459288356413,-1.2417546156498795,1
116.32000000000001,-4.355869712392419,-0.65486537092834,-4.354646578220749,-0.6531947152165128,-4.348458687682182,-1.2417546156872268,1
116.352,-4.355868541824302,-0.6452653805298156,-4.341501429760292,-0.6363139817399965,-4.348458090798771,-1.241754615724103,1
116.384,-4.355867375321701,-0.6356653871559849,-4.382281631340407,-0.6171007398964329,-4.348457497696133,-1.2417546157605144,1
116.416,-4.355866208853217,-0.6260653906602422,-4.329349615411414,-0.6181033969757489,-4.348456904593495,-1.2417546157966868,1
116.44800000000001,-4.3443530965094155,-0.6191143070403022,-4.344316805174625,-0.6067210802730277,-4.329256992406107,-1.2417479230025155,1
116.48,-4.325709502369397,-0.6186153216469747,-4.368876802448075,-0.6335900750803355,-4.310057027165865,-1.2417368053773514,1
116.512,-4.30639154148768,-0.6186425769564907,-4.330600222469506,-0.5994081116705905,-4.290857056884867,-1.2417201299362062,1
116.544,-4.2869784188331606,-0.618722460572231,-4.2950898023776025,-0.658639782765187,-4.271657084459342,-1.241698122793377,1
116.57600000000001,-4.267580925765066,-0.6187876589323966,-4.280203600760013,-0.6005280433408282,-4.252457112265807,-1.2416714681475478,1
116.608,-4.248217949057885,-0.6188314584424792,-4.270816788151847,-0.6596614794531119,-4.233257141892337,-1.2416410091094416,1
116.64,-4.22888768036943,-0.6188569622793143,-4.169426440756846,-0.5903858096738024,-4.214057174067774,-1.2416075821827912,1
116.672,-4.2095845563615555,-0.6188681107004034,-4.194175755729071,-0.5951821300377526,-4.194857208875037,-1.2415719200869761,1
116.70400000000001,-4.190303164102806,-0.618868192192167,-4.253408600977662,-0.6828428214796906,-4.175657246051135,-1.2415346055772256,1
116.736,-4.1710389826639265,-0.6188597209105754,-4.193428851431433,-0.6755093919567149,-4.156457285235673,-1.2414960624812077,1
116.768,-4.151788386775165,-0.6188445556056199,-4.093612402602335,-0.6676978801356501,-4.137257326119014,-1.2414565711181005,1
116.8,-4.132548504781016,-0.6188240477700409,-4.147616999575666,-0.6270920241080957,-4.118057368499655,-1.241416297132137,1
116.83200000000001,-4.113317070466096,-0.6187991761361908,-4.127142366932061,-0.6085863857080583,-4.098857412281981,-1.2413753251787498,1
116.864,-4.094092297284246,-0.6187706581100031,-4.102548641790609,-0.6028143772648507,-4.07965745744462,-1.2413336913917068,1
116.896,-4.0748727770822555,-0.618739036810727,-4.015867800119138,-0.6086869422575498,-4.060457504000291,-1.241291410844359,1
116.928,-4.055657399830066,-0.6187047452502927,-4.048429003234654,-0.5848169849862247,-4.041257551958803,-1.2412484981323617,1
116.96000000000001,-4.03644529031278,-0.6186681505766992,-4.067360127103338,-0.592940198090942,-4.0220576012986315,-1.241204980675019,1
116.992,-4.01723575827568,-0.618629581979553,-4.0568130681103405,-0.5894285494865458,-4.002857651949054,-1.2411609053509944,1
117.024,-3.9980282591823837,-0.6185893460362387,-3.986167931826212,-0.654827655142533,-3.9836577037830527,-1.241116339692564,1
117.056,-3.9788223633330424,-0.6185477330960097,-3.9912508212173936,-0.6595371112241276,-3.9644577566199923,-1.241071369130125,1
117.08800000000001,-3.959617731564033,-0.6185050178714032,-4.018153747398216,-0.6276600522032661,-3.9452578102361726,-1.241026091787798,1
117.12,-3.9404140961260365,-0.6184614568363833,-3.9558537240638385,-0.6308611915837137,-3.926057864380616,-1.240980612164655,1
117.152,-3.921211245633483,-0.6184172844081894,-3.9487203227324867,-0.5878758330165946,-3.9068579187931514,-1.2409350347692867,1
117.184,-3.9020090132124987,-0.618372709285541,-3.8707130345396643,-0.5751150920927346,-3.8876579732220002,-1.2408894584698191,1
117.21600000000001,-3.8828072671602354,-0.6183279117791863,-3.8988546620121918,-0.6148214315309903,-3.8684580274386664,-1.2408439720232425,1
117.248,-3.8636059035759054,-0.6182830425310983,-3.866433361556339,-0.6217537910720501,-3.849258081248747,-1.2407986509877125,1
117.28,-3.8444048405406823,-0.6182382226876746,-3.850117138237804,-0.606621282501737,-3.8300581344981826,-1.2407535560164242,1
117.312,-3.8252040135157372,-0.6181935453680015,-3.759976147320545,-0.6227877704972995,-3.810858187075193,-1.240708732387151,1
117.34400000000001,-3.8060033716999526,-0.6181490781388254,-3.8666869753382453,-0.640266387332998,-3.79165823890867,-1.2406642105351438,1
117.376,-3.786802875145216,-0.6181048661558592,-3.7487658445443413,-0.6232219605727013,-3.7724582899640353,-1.2406200073203544,1
117.408,-3.7676024924709774,-0.6180609356366517,-3.7411405823187573,-0.6414642214635863,-3.7532583402376125,-1.2405761277622418,1
117.44,-3.7484021990537153,-0.6180172973740398,-3.732602914595025,-0.596668474507051,-3.734058389750421,-1.2405325670044753,1
117.47200000000001,-3.7292019755932757,-0.6179739500639704,-3.724849780842748,-0.6041402306335965,-3.714858438542085,-1.2404893123168248,1
117.504,-3.710001806978541,-0.6179308832932269,-3.7055982128762617,-0.6485984369050963,-3.6956584866653253,-1.2404463449929368,1
117.536,-3.69080168139088,-0.617888080101083,-3.685579677565301,-0.5682961795738899,-3.6764585341812794,-1.2404036420529088,1
117.568,-3.6716015895964023,-0.6178455190873854,-3.6470812364095866,-0.6403006317331347,-3.657258581155724,-1.240361177704144,1
117.60000000000001,-3.652401524387965,-0.6178031760845619,-3.6849301398936807,-0.6447678925015851,-3.6380586276561684,-1.2403189245493549,1
117.632,-3.6332014801457944,-0.6177610254415445,-3.6382978862381314,-0.6012047431363218,-3.6188586737497017,-1.2402768545562062,1
117.664,-3.61400145249187,-0.6177190409845043,-3.6506429111465577,-0.5888544507676352,-3.599658719501457,-1.2402349398188675,1
117.696,-3.5948014380182842,-0.6176771967246791,-3.59240718057485,-0.650778262230874,-3.5804587649735407,-1.2401931531490653,1
117.72800000000001,-3.5756014340738544,-0.6176354673801479,-3.5597763972486103,-0.6087108788519644,-3.5612588102243006,-1.2401514685347532,1
117.76,-3.5564014385965295,-0.6175938287690058,-3.55953447971898,-0.6124636647535928,-3.5420588553078156,-1.2401098615002308,1
117.792,-3.5372014499817555,-0.6175522581186988,-3.5633662724922237,-0.6023765606944143,-3.5228589002735315,-1.2400683093944536,1
117.824,-3.5180014669790767,-0.6175107343225285,-3.4964440487123984,-0.5903719877785903,-3.5036589451659843,-1.2400267916258063,1
117.85600000000001,-3.4988014886109227,-0.617469238161307,-3.4496225728270398,-0.5780697001945244,-3.4844589900245815,-1.2399852898534998,1
117.888,-3.479601514108871,-0.6174277524970377,-3.5118574592816802,-0.5815715692472113,-3.465259034883429,-1.2399437881386342,1
117.92,-3.4604015428637225,-0.6173862624370204,-3.4512167667882676,-0.6164189883199809,-3.446059079771209,-1.239902273052676,1
117.952,-3.4412015743865507,-0.6173447554612345,-3.4055936061661787,-0.6084274369799301,-3.4268591247111204,-1.2398607337379013,1
117.98400000000001,-3.422001608278528,-0.6173032215031509,-3.376535871197552,-0.6297251030800978,-3.4076591697209024,-1.2398191619131271,1
118.016,-3.4028016442078055,-0.6172616529739634,-3.466644220794383,-0.6262587319653558,-3.388459214812959,-1.239777551818767,1
118.048,-3.3836016818920984,-0.6172200447221308,-3.3671780348960345,-0.5892055266004664,-3.369259259994601,-1.2397359000974955,1
118.08,-3.3644017210858923,-0.6171783939235265,-3.3539539920566472,-0.5653453402530515,-3.3500593052684136,-1.2396942056100189,1
118.11200000000001,-3.345201761571387,-0.617136699901816,-3.350501159117008,-0.61353623516481,-3.330859350632752,-1.2396524691894202,1
118.144,-3.3260018031524345,-0.6170949638833616,-3.3410779695845734,-0.6062468159493355,-3.3116593960823555,-1.2396106933415372,1
118.176,-3.3068018456508192,-0.6170531886955064,-3.29567811275612,-0.6212609927740486,-3.2924594416090596,-1.2395688819026345,1
118.208,-3.2876018889043275,-0.6170113784210782,-3.311053116253201,-0.5929389490533751,-3.2732594872025818,-1.2395270396687432,1
118.24000000000001,-3.2684019327660874,-0.616969538025078,-3.309876261414395,-0.5832311097403499,-3.254059532851341,-1.239485172013302,1
118.272,-3.249201977104737,-0.6169276729715429,-3.243246730606518,-0.642512140131985,-3.2348595785432765,-1.2394432845108763,1
118.304,-3.2300020218050256,-0.6168857888493853,-3.1858635157532045,-0.6670228499065792,-3.2156596242666198,-1.2394013825847767,1
118.336,-3.210802066768509,-0.6168438910255806,-3.216245309993482,-0.6577091749719485,-3.196459670010584,-1.2393594711951275,1
118.36800000000001,-3.191602111914073,-0.6168019843424614,-3.197770726505569,-0.6254048600708432,-3.1772597157659344,-1.2393175545818618,1
118.4,-3.1724021571780803,-0.6167600728732155,-3.172427806014882,-0.6438990986407725,-3.1580597615254145,-1.2392756360737742,1
118.432,-3.153202202514005,-0.6167181597461624,-3.186197751129501,-0.6074463534724543,-3.1388598072840073,-1.239233717971072,1
118.464,-3.134002247891493,-0.6166762470442494,-3.1529166204780275,-0.5896306064613718,-3.1196598530390287,-1.239191801504454,1
118.49600000000001,-3.114802293294838,-0.616634335781721,-3.1182882902834725,-0.6320616711654461,-3.1004598987900542,-1.2391498868692783,1
118.528,-3.0956023387209304,-0.6165924259553645,-3.0493887015601606,-0.6526053233630649,-3.081259944538692,-1.2391079733290709,1
118.56,-3.076402384176769,-0.6165505166634023,-3.0580151860691998,-0.5891415338401801,-3.062059990288227,-1.2390660593785714,1
118.592,-3.0572024296766633,-0.6165086062812413,-3.106017823087928,-0.5955774505007392,-3.0428600360431646,-1.2390241429532212,1
118.62400000000001,-3.03800247523928,-0.6164666926801382,-3.0376627828501683,-0.6379049477779387,-3.0236600818087056,-1.2389822216694772,1
118.656,-3.0188025208846914,-0.6164247734725856,-3.013274533238662,-0.6200550754968027,-3.0044601275901965,-1.2389402930787825,1
118.688,-2.9996025666315873,-0.6163828462669783,-2.981072780774384,-0.6321798784801189,-2.985260173392583,-1.2388983549176111,1
118.72,-2.980402612494802,-0.616340908913979,-2.9603420374445713,-0.565354721193909,-2.966060219219913,-1.2388564053366409,1
118.75200000000001,-2.961202658483293,-0.6162989597279405,-2.9929237400004025,-0.6187117651813112,-2.9468602650749127,-1.2388144430938002,1
118.784,-2.9420027045986745,-0.6162569976687067,-2.9601423481519853,-0.5875353409914387,-2.9276603109586707,-1.2387724676985865,1
118.816,-2.922802750834392,-0.6162150224719801,-2.9117928151128907,-0.6535283564087299,-2.908460356870446,-1.2387304794984428,1
118.848,-2.903602797175568,-0.6161730347200133,-2.9016542428021435,-0.6029377236610337,-2.889260402807611,-1.2386884797019275,1
118.88,-2.884402843599525,-0.616131035848442,-2.876847534202054,-0.6253783931462489,-2.8700604487657397,-1.2386464703376845,1
118.912,-2.8652028900769353,-0.6160890280893594,-2.8669025302486277,-0.5857199727405831,-2.850860494738826,-1.2386044541524477,1
118.944,-2.846002936573515,-0.6160470143549639,-2.842015742840315,-0.5549281844157585,-2.831660540719623,-1.2385624344553978,1
118.976,-2.8268029830521395,-0.6160049980700328,-2.8121274993179872,-0.565609082945096,-2.812460586700082,-1.2385204149196367,1
119.008,-2.8076030294752217,-0.6159629829648194,-2.7793469363538064,-0.6000210892829231,-2.793260632671852,-1.2384783993543917,1
119.04,-2.7884030758071887,-0.6159209728425473,-2.8033857077251456,-0.6288270025249303,-2.7740606786268147,-1.2384363914634446,1
119.072,-2.7692031220168722,-0.6158789713373061,-2.770941130148553,-0.6254371764477449,-2.7548607245576124,-1.238394394606099,1
119.104,-2.7500031680796417,-0.6158369816787391,-2.7488713652626537,-0.6257231951059828,-2.7356607704581335,-1.2383524115768798,1
119.136,-2.730803213979127,-0.6157950064794387,-2.6931559682029236,-0.5764714723805014,-2.7164608163239214,-1.2383104444188415,1
119.168,-2.711603259708414,-0.6157530475594382,-2.7273829451760245,-0.6241528454033287,-2.6972608621524814,-1.2382684942831461,1
119.2,-2.6924033052706218,-0.6157111058197389,-2.777011163381733,-0.6141141176077525,-2.678060907943459,-1.238226561344542,1
119.232,-2.6732033506788313,-0.6156691811735858,-2.683872229330383,-0.6476019780867106,-2.658860953698684,-1.238184644778729,1
119.264,-2.654003395955368,-0.6156272725404172,-2.683522108572941,-0.6178426115858574,-2.639660999422074,-1.2381427428034688,1
119.296,-2.6348034411304906,-0.6155853779033109,-2.6913346288363376,-0.6057661956789894,-2.620461045119406,-1.238100852781209,1
119.328,-2.6156034862405715,-0.615543494426605,-2.6081644294047224,-0.5936619518286808,-2.6012610907979656,-1.238058971376944,1
119.36,-2.5964035313258886,-0.6155016186264295,-2.627139707120691,-0.5854693507725658,-2.582061136466105,-1.2380170947613673,1
119.392,-2.5772035764281673,-0.6154597465834262,-2.5900007319836704,-0.6445768932316219,-2.5628611821327323,-1.2379752188464865,1
119.424,-2.5580036215880266,-0.6154178741841657,-2.5461984043507457,-0.6801685212728836,-2.543661227806763,-1.2379333395386534,1
119.456,-2.538803666842485,-0.6153759973758657,-2.524723904183857,-0.6441743068823832,-2.5244612734965717,-1.2378914529928449,1
119.488,-2.519603712222678,-0.6153341124181116,-2.507293971019913,-0.6474770342792044,-2.505261319209476,-1.237849555851854,1
119.52,-2.500403757751933,-0.6152922161154291,-2.5003904795253153,-0.6235508901218818,-2.4860613649512846,-1.2378076454550477,1
119.552,-2.481203803444315,-0.6152503060157463,-2.467199987270613,-0.6605876472721905,-2.4668614107259357,-1.2377657200032108,1
119.584,-2.462003849303744,-0.6152083805619499,-2.501833986422288,-0.646385727964722,-2.447661456535256,-1.2377237786688298,1
119.616,-2.4428038953237436,-0.6151664391867311,-2.402141883993312,-0.5553882731592221,-2.428461502378849,-1.2376818216446892,1
119.648,-2.423603941487844,-0.6151244823445535,-2.410534897536545,-0.617733235565626,-2.4092615482541246,-1.2376398501275496,1
119.68,-2.4044039877706234,-0.6150825114786159,-2.385988189131504,-0.5888821035875645,-2.390061594156468,-1.2375978662379323,1
119.712,-2.3852040341393304,-0.6150405289248658,-2.3931829370877162,-0.6611289203347211,-2.370861640079538,-1.2375558728810516,1
119.744,-2.3660040805559857,-0.6149985377591776,-2.3485409398702974,-0.5815702685414437,-2.3516616860156816,-1.2375138735578755,1
119.776,-2.346804126979831,-0.6149565415974788,-2.3667928510314318,-0.594509983443234,-2.3324617319564287,-1.2374718721383224,1
119.808,-2.3276041733699646,-0.6149145443616382,-2.296614732646196,-0.6117390416782564,-2.3132617778930427,-1.2374298726112076,1
119.84,-2.3084042196879895,-0.6148725500261445,-2.3380110502540683,-0.6144941589775034,-2.29406182381709,-1.2373878788269774,1
119.872,-2.2892042659004943,-0.6148305623618431,-2.3044970180168374,-0.6195086792412619,-2.274861869720986,-1.2373458942497435,1
119.904,-2.2700043119812037,-0.6147885846931843,-2.238080890033173,-0.6094478437039879,-2.2556619155984867,-1.2373039217345447,1
119.936,-2.250804357912652,-0.6147466196845649,-2.2585201824415635,-0.6029996694178121,-2.236461961445092,-1.2372619633441093,1
119.968,-2.2316044036872738,-0.6147046691694685,-2.210758844667516,-0.6147983555961807,-2.2172620072583293,-1.2372200202168928,1
120.0,-2.2124044493078436,-0.6146627340333526,-2.1997763347527406,-0.6209385603615537,-2.198062053037912,-1.2371780924948261,1
120.032,-2.1932044947872438,-0.6146208141577656,-2.1949033039780717,-0.6249544722154603,-2.178862098785747,-1.2371361793153828,1
120.06400000000001,-2.1740045401475805,-0.614578908429243,-2.1649454685634026,-0.6045068303236202,-2.1596621445058073,-1.2370942788684385,1
120.096,-2.1548045854187157,-0.6145370148123592,-2.1332402998930746,-0.6346852233513786,-2.1404621902038676,-1.237052388514193,1
120.128,-2.1356046306363146,-0.6144951304821933,-2.1140349031725303,-0.5743644333622667,-2.1212622358871287,-1.2370105049545754,1
120.16,-2.116404675839536,-0.6144532520076468,-2.138316586189925,-0.6358526771985815,-2.102062281563752,-1.2369686244470237,1
120.19200000000001,-2.097204721068512,-0.6144113755737842,-2.0793870327337847,-0.6695316189444657,-2.0828623272423323,-1.236926743046857,1
120.224,-2.0780047663617753,-0.6143694972288564,-2.065010844037541,-0.6408983858373256,-2.0636623729313466,-1.2368848568626274,1
120.256,-2.0588048117537925,-0.614327613140083,-2.0749027035501846,-0.626379704714,-2.04446241863861,-1.2368429623079447,1
120.288,-2.0396048572727525,-0.6142857198417019,-2.068854447689901,-0.639756756031451,-2.025262464370772,-1.2368010563335814,1
120.32000000000001,-2.020404902938752,-0.6142438144592888,-1.9847744365361661,-0.602534321848282,-2.0060625101328915,-1.236759136624846,1
120.352,-2.0012049487624832,-0.6142018948958775,-1.985192476005109,-0.611102262187527,-1.9868625559281052,-1.2367172017515178,1
120.384,-1.9820049947445213,-0.6141599599678689,-1.9753664128938098,-0.5960987823311255,-1.967662601757424,-1.2366752512606547,1
120.416,-1.9628050408752509,-0.6141180094819518,-1.9758714953832182,-0.6324051097393409,-1.9484626476196614,-1.2366332857063,1
120.44800000000001,-1.9436050871354522,-0.6140760442480669,-1.9330205124706596,-0.5938000553795929,-1.9292626935115058,-1.2365913066141516,1
120.48,-1.9244051334975116,-0.614034066027568,-1.9539610398828784,-0.6021658216650493,-1.910062739427728,-1.2365493163834727,1
120.512,-1.9052051799271865,-0.6139920774199252,-1.8624396005816566,-0.6365704014654883,-1.890862785361517,-1.2365073181325978,1
120.544,-1.8860052263858145,-0.6139500816952838,-1.866113239784822,-0.680627204511457,-1.8716628313049177,-1.2364653154979712,1
120.57600000000001,-1.866805272832822,-0.613908082583689,-1.8916125346333046,-0.5737977958604832,-1.8524628772493466,-1.2364233123997304,1
120.608,-1.8476053192283675,-0.6138660840345889,-1.8361985609131883,-0.5896643329037858,-1.8332629231861484,-1.2363813127889127,1
120.64,-1.828405365535941,-0.6138240899621403,-1.8591350442141803,-0.5666326082275578,-1.8140629691071595,-1.236339320392659,1
120.672,-1.8092054117247451,-0.6137821039927631,-1.8715639109051538,-0.6219631203162445,-1.7948630150052383,-1.2362973384737943,1
120.70400000000001,-1.7900054577716966,-0.6137401292312291,-1.8224634880368626,-0.6168255701308896,-1.7756630608747284,-1.236255369620357,1
120.736,-1.7708055036629156,-0.6136981680603779,-1.8412866176951008,-0.5836684007453506,-1.7564631067118244,-1.2362134155785958,1
120.768,-1.7516055493946066,-0.6136562219873711,-1.7341969435016915,-0.6529159976375293,-1.737263152514816,-1.2361714771402397,1
120.8,-1.732405594973279,-0.6136142915463946,-1.7046941643645022,-0.5884435209594541,-1.7180631982841943,-1.2361295540912975,1
120.83200000000001,-1.713205640415298,-0.6135723762640772,-1.731543419689486,-0.6341703158464943,-1.698863244022617,-1.236087645225691,1
120.864,-1.6940056857458032,-0.61353047468985,-1.679360934577227,-0.6626189525375945,-1.6796632897347321,-1.2360457484228375,1
120.896,-1.6748057309970723,-0.6134885844892896,-1.6161608905086007,-0.5884601357616401,-1.6604633354268763,-1.2360038607841985,1
120.928,-1.6556057762064382,-0.6134467025944343,-1.6700892772361855,-0.6277329669761905,-1.6412633811066655,-1.2359619788199756,1
120.96000000000001,-1.6364058214138968,-0.6134048254013935,-1.680973169713814,-0.5629268952002483,-1.622063426782506,-1.235920098673969,1
120.992,-1.617205866659553,-0.613362949002524,-1.618286946088804,-0.6133684837630475,-1.6028634724630557,-1.2358782163720496,1
121.024,-1.5980059119810677,-0.6133210694382211,-1.6014741129920802,-0.5875174872553167,-1.5836635181566705,-1.2358363280782994,1
121.056,-1.578805957411258,-0.6132791829521039,-1.5508009660019968,-0.5929722813600182,-1.5644635638708706,-1.235794430342255,1
121.08800000000001,-1.559606002976002,-0.6132372862331477,-1.60034717117337,-0.5894530367700075,-1.5452636096118586,-1.2357525203213555,1
121.12,-1.5404060486925746,-0.6131953766291514,-1.5639804871935525,-0.6216921117783624,-1.526063655384121,-1.2357105959642172,1
121.152,-1.5212060945685248,-0.6131534523177681,-1.541393876302481,-0.6288152437310635,-1.5068637011901376,-1.2356686561429264,1
121.184,-1.5020061406011649,-0.6131115124240559,-1.4892762363335406,-0.6340868557795112,-1.4876637470302192,-1.2356267007257942,1
121.21600000000001,-1.4828061867777125,-0.6130695570769521,-1.4347436091040084,-0.594602423586605,-1.4684637929024824,-1.2355847305858965,1
121.248,-1.4636062330760853,-0.6130275874010123,-1.4494631579734516,-0.6185327690913793,-1.4492638388029668,-1.235542747544804,1
121.28,-1.4444062794663017,-0.6129856054439339,-1.4163233529787325,-0.5892288581886607,-1.4300638847258866,-1.235500754255147,1
121.312,-1.4252063259124055,-0.6129436140445317,-1.4479451470484774,-0.5260826820553124,-1.4108639306640023,-1.235458754029591,1
121.34400000000001,-1.4060063723747904,-0.6129016166496779,-1.3987420235980867,-0.6439876011962757,-1.3916639766090877,-1.2354167506272211,1
121.376,-1.3868064188127742,-0.6128596170920182,-1.3708755714146488,-0.6250331472398419,-1.3724640225524634,-1.2353747480111381,1
121.408,-1.3676064651872506,-0.6128176193428075,-1.366244339938219,-0.650820549772201,-1.3532640684855604,-1.2353327500929157,1
121.44,-1.3484065114632398,-0.612775627255814,-1.3603271845063982,-0.5923868909883397,-1.3340641144004777,-1.2352907604803556,1
121.47200000000001,-1.329206557612166,-0.6127336443188108,-1.3072780588828428,-0.6328853151136218,-1.3148641602904951,-1.2352487822448537,1
121.504,-1.3100066036137117,-0.6126916734286847,-1.3092066624734249,-0.6092347824018567,-1.2956642061505088,-1.2352068177233473,1
121.536,-1.2908066494571202,-0.6126497167046565,-1.3068466260891998,-0.5228274296646888,-1.27646425197736,-1.2351648683676264,1
121.568,-1.2716066951418716,-0.6126077753516505,-1.2675623797089426,-0.6171798049465033,-1.2572642977700363,-1.2351229346507164,1
121.60000000000001,-1.252406740677687,-0.6125658495826101,-1.2292576317000885,-0.5779421437510782,-1.2380643435297338,-1.2350810160363472,1
121.632,-1.2332067860838716,-0.6125239386047588,-1.24554515602095,-0.5622067225484046,-1.2188643892597741,-1.2350391110135077,1
121.664,-1.214006831388045,-0.6124820406706859,-1.243072834311466,-0.5861856466264866,-1.1996644349653873,-1.2349972171938148,1
121.696,-1.1948068766243483,-0.6124401531909601,-1.2164044864322276,-0.6019257176669105,-1.180464480653372,-1.234955331465477,1
121.72800000000001,-1.1756069218312448,-0.6123982729010201,-1.2010606372517745,-0.5724838393130701,-1.1612645263316568,-1.2349134501938583,1
121.76,-1.1564069670490589,-0.6123563960715882,-1.1313297499516517,-0.647514958955969,-1.142064572008792,-1.2348715694558117,1
121.792,-1.1372070123174027,-0.6123145187490611,-1.148880894788133,-0.6354940979425894,-1.1228646176934014,-1.2348296852925804,1
121.824,-1.1180070576726535,-0.6122726370103876,-1.125562685674982,-0.5965209248955822,-1.1036646633936307,-1.2347877939650747,1
121.85600000000001,-1.0988071031456352,-0.612230747216017,-1.0915758067137822,-0.6474106640571915,-1.084464709116627,-1.2347458921949692,1
121.888,-1.0796071487596461,-0.6121888462446073,-1.1415250527529568,-0.6323586413384004,-1.0652647548680805,-1.2347039773761594,1
121.92,-1.0604071945289564,-0.6121469316943623,-1.0525009488588972,-0.610714388148244,-1.0460648006518574,-1.2346620477428676,1
121.952,-1.0412072404578736,-0.6121050020379992,-1.0681294142405082,-0.5706359316572638,-1.0268648464697494,-1.2346201024835786,1
121.98400000000001,-1.0220072865404377,-0.6120630567213441,-0.9635122388030486,-0.637004223530151,-1.007664892321354,-1.2345781417934807,1
122.016,-1.0028073327607745,-0.6120210961991778,-0.9961663462132003,-0.6280901684703256,-0.988464938204096,-1.2345361668619539,1
122.048,-0.9836073790940894,-0.6119791219060041,-1.009869885479492,-0.612023383478478,-0.9692649841133886,-1.234494179795942,1
122.08,-0.9644074255082489,-0.6119371361636151,-1.0017178487630312,-0.6169299492516422,-0.9500650300429266,-1.2344521834841455,1
122.11200000000001,-0.945207471965848,-0.6118951420314108,-0.9802612152294944,-0.6435620052873584,-0.9308650759850918,-1.234410181410772,1
122.144,-0.9260075184266339,-0.6118531431091264,-0.9250207038172327,-0.6512234955225856,-0.9116651219314453,-1.2343681774308846,1
122.176,-0.9068075648501248,-0.611811143304699,-0.9525607554479696,-0.6005482087608288,-0.8924651678732752,-1.2343261755218033,1
122.208,-0.8876076111982503,-0.6117691465822495,-0.8787553375985107,-0.5670096705036023,-0.8732652138021628,-1.2342841795266477,1
122.24000000000001,-0.8684076574378343,-0.6117271567064453,-0.844933481381402,-0.6565975498604406,-0.8540652597105298,-1.234242192906489,1
122.272,-0.8492077035427542,-0.6116851769997304,-0.8215852403575276,-0.6155976627689081,-0.8348653055921306,-1.2342002185171683,1
122.304,-0.8300077494956297,-0.6116432101280815,-0.7779005218986182,-0.6082560212457927,-0.815665351442456,-1.2341582584251167,1
122.336,-0.8108077952889347,-0.6116012579290995,-0.8270385450813921,-0.5759731608079126,-0.7964653972590234,-1.2341163137740963,1
122.36800000000001,-0.7916078409254594,-0.6115593212935118,-0.7895273681721477,-0.6401356207063537,-0.777265443041534,-1.2340743847114062,1
122.4,-0.7724078864181014,-0.611517400107716,-0.784211210792133,-0.5982078987312652,-0.7580654887918873,-1.2340324703783208,1
122.432,-0.7532079317890047,-0.6114754932610614,-0.7480945854676889,-0.6519104252810273,-0.738865534514055,-1.2339905689654158,1
122.464,-0.7340079770681113,-0.6114335987173954,-0.6888310790609561,-0.5928261612936412,-0.7196655802138211,-1.233948677829142,1
122.49600000000001,-0.7148080222912232,-0.6113917136462624,-0.6643302132061708,-0.6741062238541418,-0.7004656258984073,-1.2339067936622128,1
122.528,-0.6956080674977023,-0.6113498346053075,-0.7530475949345631,-0.615235910305507,-0.6812656715760084,-1.2338649127067691,1
122.56,-0.6764081127279543,-0.611307957762135,-0.7430985751619382,-0.6079040068782415,-0.6620657172552664,-1.233823030996619,1
122.592,-0.6572081580208536,-0.6112660791413368,-0.6634893116723835,-0.5648082505016219,-0.642865762944718,-1.233781144612943,1
122.62400000000001,-0.6380082034112677,-0.6112241948807757,-0.5827605534469309,-0.5911876482740887,-0.6236658086522481,-1.2337392499369615,1
122.656,-0.6188082489278329,-0.6111823014806094,-0.6683540202257372,-0.6122453273026877,-0.6044658543845858,-1.2336973438833092,1
122.688,-0.5996082945911189,-0.6111403960290007,-0.5886236475129921,-0.6017547528449928,-0.5852659001468721,-1.2336554240990367,1
122.72,-0.5804083404122972,-0.6110984763899557,-0.6018141623034858,-0.6121711182808737,-0.5660659459423281,-1.2336134891154051,1
122.75200000000001,-0.5612083863924021,-0.6110565413411633,-0.4833862480534551,-0.6523204293534844,-0.5468659917720446,-1.23357153844269,1
122.784,-0.5420084325222347,-0.6110145906529323,-0.505338542325564,-0.6213537648795171,-0.5276660376349079,-1.2335295726018634,1
122.816,-0.5228084787829244,-0.610972625103119,-0.5150338125763259,-0.6165417606900868,-0.5084660835276665,-1.2334875930910811,1
122.848,-0.5036085251471193,-0.6109306464270633,-0.5478160148282144,-0.6083380272221428,-0.4892661294451367,-1.2334456022891633,1
122.88,-0.48440857158073614,-0.6108886572057561,-0.5134280752493199,-0.6517126627799108,-0.4700661753805343,-1.2334036033022318,1
122.912,-0.4652086180451585,-0.6108466606994434,-0.5008655520607176,-0.5890276249253716,-0.45086622132591186,-1.2333615997634728,1
122.944,-0.44600866449974286,-0.6108046606374036,-0.4589808605200253,-0.5815594232921404,-0.43166626727267304,-1.2333195955988543,1
122.976,-0.4268087109044655,-0.6107626609774607,-0.4050629387765969,-0.6267988269677159,-0.4124663132121308,-1.233277594773974,1
123.008,-0.4076087572225333,-0.6107206656507526,-0.4083053483621658,-0.6240184079723889,-0.39326635913607205,-1.2332356010383347,1
123.04,-0.3884088034227826,-0.6106786783082206,-0.40442273445597154,-0.6769405294451423,-0.37406640503729166,-1.2331936176835514,1
123.072,-0.36920884948170335,-0.610636702085174,-0.3499238579457647,-0.6360133692926319,-0.3548664509100597,-1.2331516473310715,1
123.104,-0.350008895384956,-0.6105947393991068,-0.3293643852364952,-0.5991694169420736,-0.3356664967504917,-1.2331096917631172,1
123.136,-0.33080894112828174,-0.6105527917938032,-0.3054039581208017,-0.5897769728870708,-0.3164665425567975,-1.2330677518077218,1
123.168,-0.3116089867177515,-0.610510859839769,-0.33546024458763685,-0.6081785900104454,-0.29726658832939334,-1.2330258272852794,1
123.2,-0.29240903216934455,-0.610468943097405,-0.28321339759293385,-0.6283247706169116,-0.27806663407087057,-1.2329839170200605,1
123.232,-0.2732090775078912,-0.6104270401452856,-0.24261534818082925,-0.6239726221242187,-0.2588666797858244,-1.2329420189159375,1
123.264,-0.2540091227654552,-0.6103851486717231,-0.26498553372372274,-0.5972261883892683,-0.23966672548055476,-1.2329001300914502,1
123.296,-0.2348091679792638,-0.6103432656237144,-0.18364091636154503,-0.5879275669635411,-0.22046677116265934,-1.2328582470655036,1
123.328,-0.2156092131893211,-0.6103013874036824,-0.17089212945732682,-0.6038935471137831,-0.20126681684054507,-1.2328163659817521,1
123.36,-0.19640925843585397,-0.6102595101013414,-0.16222984492086195,-0.6456320649945245,-0.18206686252288953,-1.2327744828571885,1
123.392,-0.17720930375674981,-0.6102176297457516,-0.1324476354335828,-0.6037970075400203,-0.1628669082180859,-1.2327325938389333,1
123.424,-0.15800934918514323,-0.6101757425613281,-0.1355138935126749,-0.6096975963121607,-0.14366695393370613,-1.2326906954526806,1
123.456,-0.13880939474729997,-0.6101338452113029,-0.14249109302292037,-0.5759861981429121,-0.12446699967601613,-1.2326487848267593,1
123.488,-0.1196094404609294,-0.6100919350129419,-0.09750158742373102,-0.6284558661096381,-0.10526704544957284,-1.2326068598773747,1
123.52,-0.10040948633403272,-0.6100500101106322,-0.10470860344578091,-0.6371637950712578,-0.08606709125692931,-1.23256491944308,1
123.552,-0.08120953236436396,-0.6100080695956631,-0.07376271467632416,-0.6112782543683676,-0.06686713709846681,-1.2325229633597794,1
123.584,-0.06200957853954375,-0.6099661135649576,-0.08221842790552569,-0.6080910729301722,-0.04766718297236573,-1.2324809924714222,1
123.616,-0.04280962483782689,-0.6099241431149494,-0.02731137088502117,-0.6198939972759516,-0.028467228874718146,-1.2324390085756693,1
123.648,-0.02360967122948131,-0.6098821602709853,-0.0051605885181577535,-0.5766193760973568,-0.009267274799775963,-1.232397014308081,1
123.68,-0.004409717678695274,-0.6098401678567971,0.0182730927557581,-0.5553856741590766,0.009932679259680263,-1.232355012972205,1
123.712,0.01479023585410771,-0.6097981693124563,0.020389684592504023,-0.6065059834548525,0.029132633311875406,-1.2323130083266054,1
123.744,0.03399018940969714,-0.6097561684725586,0.04729303878592975,-0.5810272481942398,0.04833258736550672,-1.2322710043425011,1
123.776,0.05319014302737876,-0.6097141693189475,0.10190931524446359,-0.6380104488205064,0.06753254142917886,-1.232229004947689,1
123.808,0.07239009674243047,-0.6096721757239343,0.05135265799214531,-0.6492127611136164,0.08673249551084442,-1.232187013773261,1
123.84,0.0915900505838045,-0.6096301912005803,0.1527261817909746,-0.6070977373279436,0.1059324496172872,-1.2321450339194246,1
123.872,0.11079000457224972,-0.6095882186761443,0.11448385771949106,-0.6194294636366845,0.12513240375368262,-1.2321030677555713,1
123.904,0.12998995871897825,-0.6095462603033052,0.12940143033757134,-0.5896044555546416,0.14433235792326393,-1.2320611167674382,1
123.936,0.14918991302496082,-0.6095043173213228,0.13932368342048057,-0.5891095337488147,0.163532312127116,-1.2320191814612425,1
123.968,0.1683898674808918,-0.609462389976083,0.1338724808283364,-0.6306099708542618,0.1827322663641091,-1.2319772613309627,1
124.0,0.1875898220678191,-0.6094204775041735,0.17407720955778394,-0.5791066373393979,0.20193222063097627,-1.2319353548908727,1
124.032,0.2067897767583901,-0.6093785781820136,0.20835026077194088,-0.6301714060814833,0.22113217492252757,-1.2318934597712325,1
124.06400000000001,0.2259897315186276,-0.6093366894368728,0.19648600938836852,-0.6003557502116471,0.24033212923198716,-1.231851572870983,1
124.096,0.24518968631011742,-0.6092948080126288,0.2607215316416959,-0.6792828954602689,0.25953208355143015,-1.2318096905575722,1
124.128,0.26438964109246693,-0.6092529301795905,0.21517691905527533,-0.5772823742976205,0.2787320378722914,-1.2317678089011184,1
124.16,0.2835895958258813,-0.6092110519748797,0.2796934765070001,-0.5822328398426249,0.297931992185914,-1.23172592392774,1
124.19200000000001,0.3027895504736974,-0.6091691694578831,0.33700410688404153,-0.5925253781018214,0.3171319464841027,-1.23168403187576,1
124.224,0.3219895050047201,-0.6091272789643208,0.34168690867916873,-0.5688257299285255,0.33633190075964825,-1.2316421294382913,1
124.256,0.34118945939521744,-0.6090853773425533,0.32800231460801355,-0.5939818648212057,0.3555318550067896,-1.2316002139765294,1
124.288,0.36038941363044985,-0.609043462156887,0.3097664671134351,-0.6230342769638587,0.37473180922158483,-1.2315582836899972,1
124.32000000000001,0.37958936770563523,-0.6090015318447577,0.34621367403872205,-0.6147733267138743,0.39393176340216735,-1.2315163377327656,1
124.352,0.3987893216262839,-0.6089595858176389,0.41028657554930625,-0.5777221762468618,0.41313171754887,-1.2314743762681444,1
124.384,0.41798927540787517,-0.6089176244991483,0.38567037556803774,-0.6257514172948322,0.43233167166420844,-1.2314324004582728,1
124.416,0.4371892290748887,-0.6088756492978747,0.48293322212020484,-0.61316659737376,0.4515316257527235,-1.2313904123893002,1
124.44800000000001,0.4563891826592456,-0.608833662516664,0.45573940372407185,-0.5996349405313186,0.4707315798206917,-1.2313484149369611,1
124.48,0.4755891361982555,-0.6087916672042057,0.47708818312009077,-0.6285832641402466,0.4899315338757218,-1.2313064115812078,1
124.512,0.49478908973220037,-0.6087496669584893,0.46070178770203973,-0.5894356990735646,0.509131487926263,-1.2312644061818523,1
124.544,0.5139890433017145,-0.6087076656948093,0.502031022799582,-0.6042832603733014,0.5283314419810567,-1.2312224027296825,1
124.57600000000001,0.5331889969451349,-0.6086656673932879,0.5314746459880738,-0.5654700870093221,0.5475313960485689,-1.2311804050891288,1
124.608,0.5523889506960016,-0.6086236758422056,0.5376024554546712,-0.6165509067918483,0.5667313501364392,-1.2311384167490484,1
124.64,0.5715889045808751,-0.6085816943936944,0.619928331586799,-0.623359575332989,0.5859313042509846,-1.2310964405977043,1
124.672,0.5907888586176178,-0.6085397257475504,0.6000649739580006,-0.6392923573702463,0.6051312583967914,-1.2310544787364817,1
124.70400000000001,0.6099888128142514,-0.6084977717771038,0.6657216420637807,-0.5921224068144103,0.6243312125764193,-1.2310125323443037,1
124.736,0.6291887671684621,-0.6084558334083652,0.6527845310532987,-0.5880402275947637,0.6435311667902396,-1.2309706016015203,1
124.768,0.6483887216677776,-0.6084139105602353,0.6325278558873029,-0.6510149804188609,0.6627311210364151,-1.230928685678167,1
124.8,0.6675886762904013,-0.6083720021496288,0.6642204394188044,-0.5942887319199914,0.6819310753110228,-1.2308867827873562,1
124.83200000000001,0.6867886310066369,-0.6083301061611791,0.6591099449050418,-0.5901409971361095,0.7011310296083106,-1.2308448903003544,1
124.864,0.705988585780811,-0.6082882197770378,0.6960612874647447,-0.576808260071751,0.7203309839210692,-1.2308030049159484,1
124.896,0.7251885405735646,-0.6082463395584129,0.7341953698392738,-0.5862240519742664,0.7395309382410966,-1.2307611228731854,1
124.928,0.7443884953443681,-0.6082044616671561,0.7432324884932846,-0.6044122433003787,0.7587308925597238,-1.2307192401937803,1
124.96000000000001,0.763588450054104,-0.6081625821131339,0.7612447061585221,-0.611985598089232,0.7779308468683699,-1.2306773529385875,1
124.992,0.7827884046675575,-0.6081206970114474,0.8160464024343206,-0.602168893948031,0.7971308011590902,-1.2306354574615785,1
125.024,0.801988359155662,-0.608078802832928,0.7571148906500477,-0.5728073347949578,0.8163307554250854,-1.2305935506449897,1
125.056,0.8211883134973618,-0.6080368966317606,0.8235707357103123,-0.5728864139315162,0.8355307096611375,-1.230551630100452,1
125.08800000000001,0.8403882676809735,-0.6079949762355499,0.8406028774692831,-0.6487106820832507,0.8547306638639469,-1.230509694323124,1
125.12,0.8595882217049592,-0.6079530403855592,0.8495094807264626,-0.5721726094374596,0.8739306180323475,-1.2304677427888604,1
125.152,0.8787881755780541,-0.6079110888180587,0.8911195753742415,-0.6070828450951579,0.8931305721673866,-1.230425775988208,1
125.184,0.8979881293187366,-0.6078691222815183,0.9211231668533707,-0.5870499603643086,0.912330526272262,-1.230383795394907,1
125.21600000000001,0.9171880829540633,-0.6078271424885106,0.8754152045523474,-0.5779716352087064,0.9315304803521204,-1.2303418033710145,1
125.248,0.9363880365179407,-0.607785152005415,0.9614866086576547,-0.5936435212304891,0.9507304344137282,-1.2302998030146974,1
125.28,0.9555879900489394,-0.6077431540870265,0.9555536725754181,-0.624578758989539,0.9699303884650358,-1.2302577979605314,1
125.312,0.9747879435877924,-0.6077011524667321,0.9413095193300995,-0.6275253558651916,0.989130342514663,-1.2302157921451924,1
125.34400000000001,0.9939878971747441,-0.6076591511157932,0.9824155427285792,-0.6148008035118872,1.0083302965713394,-1.230173789553608,1
125.376,1.0131878508469252,-0.6076171539872601,1.0321670894441157,-0.5881784902818352,1.0275302506433373,-1.2301317939619993,1
125.408,1.0323878046359327,-0.6075751647610431,1.001903293103429,-0.6051302294127485,1.046730204737933,-1.2300898086943266,1
125.44,1.0515877585657778,-0.6075331866065795,1.0055040875832988,-0.6246153874230176,1.0659301588609356,-1.2300478364078944,1
125.47200000000001,1.0707877126513357,-0.607491221978405,1.1199702263644318,-0.613226856572675,1.085130113016311,-1.230005878921919,1
125.504,1.0899876668974002,-0.6074492724578049,1.0808776507689677,-0.6062156777496428,1.1043300672059273,-1.2299639371000928,1
125.536,1.1091876212984002,-0.6074073386507507,1.0703654471811637,-0.6469120631198292,1.1235300214294384,-1.2299220107947695,1
125.568,1.1283875758387873,-0.6073654201486987,1.119504590277229,-0.6205488319419604,1.1427299756843095,-1.2298800988563172,1
125.60000000000001,1.1475875304940653,-0.607323515554776,1.139526084377439,-0.6223118068250276,1.1619299299659849,-1.2298381992070793,1
125.632,1.1667874852323852,-0.6072816225736704,1.1646495793165728,-0.6196808926399646,1.1811298842681848,-1.229796308975163,1
125.664,1.1859874400166013,-0.6072397381594378,1.2211915972742207,-0.5696883538754693,1.2003298385833108,-1.2297544246794505,1
125.696,1.2051873948066516,-0.6071978587117167,1.2007265628174748,-0.603544110647596,1.2195297929029343,-1.2297125424539241,1
125.72800000000001,1.2243873495621147,-0.6071559803077169,1.2019133103163917,-0.5898505452422496,1.2387297472183365,-1.2296706582968449,1
125.76,1.2435873042447836,-0.6071140989550456,1.2419966449720583,-0.6360516967785084,1.2579297015210662,-1.229628768328734,1
125.792,1.2627872588210982,-0.6070722108490872,1.3059753195375905,-0.5834957312249727,1.2771296558034801,-1.229586869042536,1
125.824,1.2819872132642884,-0.6070303126183495,1.340632127958856,-0.6060631123865095,1.2963296100592323,-1.2295449575298445,1
125.85600000000001,1.3011871675560929,-0.606988401541957,1.2850337424297924,-0.6736853959826168,1.3155295642836826,-1.2295030316685358,1
125.888,1.3203871216879455,-0.6069464757252555,1.3236078643741709,-0.6296033456051017,1.3347295184741965,-1.229461090259813,1
125.92,1.3395870756615516,-0.6069045342221899,1.315992073141386,-0.5887352626948361,1.3539294726303188,-1.2294191331056887,1
125.952,1.3587870294888091,-0.6068625770965359,1.3703446518183362,-0.5927124993443791,1.3731294267538074,-1.2293771610219635,1
125.98400000000001,1.377986983191074,-0.6068206054180154,1.3231369009361602,-0.6277678129986214,1.392329380848525,-1.2293351757858175,1
126.016,1.3971869367978074,-0.6067786211935235,1.398807742188961,-0.6284136424611748,1.4115293349201945,-1.2292931800213989,1
126.048,1.4163868903446883,-0.6067366272378868,1.4013462443722693,-0.6258001925081712,1.4307292889760317,-1.2292511770307422,1
126.08,1.435586843871309,-0.6066946269924751,1.4506121344693694,-0.5560084714639248,1.4499292430242798,-1.2292091705809476,1
126.11200000000001,1.4547867974186046,-0.6066526243033669,1.4352153085298365,-0.6379018075097982,1.4691291970736762,-1.2291671646613216,1
126.144,1.4739867510261864,-0.6066106231733721,1.4991905601058986,-0.6042821679163635,1.4883291511328836,-1.2291251632261457,1
126.176,1.493186704729759,-0.6065686275039133,1.4939789040062361,-0.5875190903165871,1.507529105209928,-1.2290831699396751,1
126.208,1.5123866585587957,-0.6065266408434113,1.4913405116801202,-0.6184948679922531,1.5267290593116762,-1.2290411879397807,1
126.24000000000001,1.531586612534627,-0.6064846661584065,1.5406854572649453,-0.6084522923049347,1.5459290134433912,-1.2289992196355153,1
126.272,1.5507865666690683,-0.6064427056421714,1.5808962410958247,-0.6100909037392729,1.565128967608392,-1.2289572665516204,1
126.304,1.5699865209636767,-0.6064007605731558,1.594626976945992,-0.6366527383201305,1.5843289218078416,-1.2289153292300428,1
126.336,1.589186475409677,-0.6063588312323863,1.5446438693473306,-0.6072088584739705,1.6035288760406756,-1.2288734071947833,1
126.36800000000001,1.6083864299885553,-0.6063169168851464,1.703758214978674,-0.6145799455218733,1.6227288303036753,-1.2288314989823614,1
126.4,1.6275863846732777,-0.6062750158281214,1.6258771333690272,-0.5968208891969425,1.641928784591678,-1.2287896022359415,1
126.432,1.6467863394300428,-0.6062331254989786,1.6462231154863491,-0.6094653548913819,1.6611287388979126,-1.2287477138570793,1
126.464,1.6659862942204582,-0.6061912426413358,1.6519461770996153,-0.6150396134327106,1.6803286932144363,-1.2287058302052911,1
126.49600000000001,1.6851862490039955,-0.6061493635145019,1.6653599210988186,-0.5517123887918409,1.699528647532644,-1.228663947332632,1
126.528,1.7043862037405741,-0.6061074841344914,1.6838424213181309,-0.5868958360824017,1.7187286018438195,-1.2286220612381484,1
126.56,1.723586158393112,-0.6060656005307968,1.732951856520561,-0.6536710366151183,1.7379285561396924,-1.2285801681258302,1
126.592,1.7427861129298876,-0.6060237090023765,1.7338767279948324,-0.6117814939017006,1.7571285104129681,-1.2285382646494167,1
126.62400000000001,1.761986067326567,-0.605981806356361,1.7881875432143128,-0.6104495873304578,1.7763284646577944,-1.2284963481282956,1
126.656,1.7811860215677717,-0.6059398901140829,1.755961907057207,-0.4717801240935562,1.7955284188701393,-1.2284544167205267,1
126.688,1.8003859756480842,-0.6058979586711281,1.8481396570551174,-0.6134539567800718,1.8147283730480523,-1.2284124695418706,1
126.72,1.8195859295724244,-0.6058560114010675,1.8338037513911518,-0.558017011305344,1.8339283271917954,-1.2283705067230577,1
126.75200000000001,1.8387858833557655,-0.6058140486961504,1.8291705173814596,-0.6012196788162101,1.8531282813038301,-1.228328529401651,1
126.784,1.8579858370222004,-0.6057720719423078,1.851508323184743,-0.6764220969694037,1.872328235388664,-1.2282865396489482,1
126.816,1.8771857906034095,-0.6057300834300515,1.8647096724909977,-0.6287954357830808,1.891528189452565,-1.228244540336661,1
126.848,1.896385744136627,-0.6056880862069982,1.8918654071097525,-0.6322997223748291,1.910728143503157,-1.2282025349519168,1
126.88000000000001,1.9155856976622316,-0.605646083881513,1.9568170782687349,-0.6011954278357531,1.9299280975489284,-1.2281605273725282,1
126.912,1.934785651221123,-0.6056040803901347,1.980350708135629,-0.6495598437242834,1.949128051598682,-1.2281185216170232,1
126.944,1.9539856048520572,-0.605562079743779,1.962668841908962,-0.5823710128251713,1.9683280056609622,-1.2280765215855078,1
126.976,1.9731855585891203,-0.6055200857690881,2.0649533669233295,-0.6262205857580063,1.9875279597434996,-1.2280345308081309,1
127.008,1.9923855124595118,-0.6054781018616121,1.9607451220801948,-0.6221531076919858,2.006727913852709,-1.2279925522173365,1
127.04,2.011585466481785,-0.6054361307667372,2.0095795976991266,-0.5592702491312609,2.025927867993274,-1.2279505879585813,1
127.072,2.0307854206646585,-0.6053941744024877,2.0024270325071383,-0.5867525568580887,2.0451278221678435,-1.2279086392517915,1
127.104,2.049985375006475,-0.60535223373563,2.0636372162624346,-0.6461646814047647,2.0643277763768664,-1.2278667063124065,1
127.136,2.0691853294953373,-0.605310308719064,2.0725106103236586,-0.6650870695782738,2.0835277306185627,-1.227824788337179,1
127.168,2.0883852841098993,-0.6052683982945483,2.086356768406583,-0.6062652053127678,2.1027276848890453,-1.2277828835556452,1
127.2,2.1075852388207643,-0.6052265004605932,2.1139989193808173,-0.5283466478720138,2.121927639182571,-1.227740989343933,1
127.232,2.1267851935923834,-0.6051846124011633,2.112172217372219,-0.5748947778573491,2.1411275934919143,-1.2276991023936428,1
127.264,2.1459851483853387,-0.6051427306669175,2.101245831079659,-0.6366635962484722,2.160327547808831,-1.2276572189249018,1
127.296,2.1651851031588585,-0.6051008513973298,2.1038083326497437,-0.5797830218829418,2.179527502124587,-1.227615334929886,1
127.328,2.1843850578734134,-0.6050589705693981,2.139755276801043,-0.5791372332955163,2.1987274564305177,-1.2275734464311256,1
127.36,2.203585012493232,-0.6050170842569303,2.24282734068452,-0.6394539838049493,2.2179274107185813,-1.2275315497379655,1
127.392,2.2227849669885784,-0.6049751888837077,2.2282795346979625,-0.6293651863072423,2.237127364981874,-1.2274896416846328,1
127.424,2.241984921337657,-0.6049332814542026,2.2339367706572015,-0.5808894824728112,2.2563273192150732,-1.2274477198345726,1
127.456,2.261184875528021,-0.6048913597469692,2.265176282723464,-0.6218592571983558,2.2755272734147804,-1.2274057826378295,1
127.488,2.280384829557394,-0.6048494224582136,2.2450615638944735,-0.6214953967622493,2.2947272275797452,-1.2273638295313685,1
127.52,2.2995847834338488,-0.604807469286258,2.3164327594117253,-0.597305413594959,2.3139271817109486,-1.2273218609757406,1
127.552,2.318784737175318,-0.6047655009514137,2.3453181665235383,-0.5926227185853519,2.333127135811547,-1.2272798784258112,1
127.584,2.3379846908084723,-0.6047235191499516,2.3459963614203834,-0.5939636577484423,2.3523270898866726,-1.2272378842373066,1
127.616,2.3571846443670172,-0.6046815264451001,2.3667203410713453,-0.5530270222798448,2.3715270439431064,-1.2271958815152482,1
127.648,2.376384597889527,-0.6046395261020789,2.384859750547178,-0.6437888564266725,2.3907269979888417,-1.2271538739139993,1
127.68,2.395584551416946,-0.6045975218777881,2.3918572767952524,-0.5559820307388357,2.409926952032568,-1.2271118654017927,1
127.712,2.414784504989926,-0.6045555177787021,2.3821586859246056,-0.6253072110133624,2.4291269060831056,-1.227069860004943,1
127.744,2.4339844586461807,-0.6045135178025803,2.411068259595172,-0.5564730092578888,2.4483268601488333,-1.2270278615482058,1
127.776,2.453184412418028,-0.6044715256806469,2.5123061071668658,-0.6428686457289566,2.4675268142371443,-1.2269858734080317,1
127.808,2.4723843663302927,-0.6044295446368658,2.4647907698597264,-0.6074059282591688,2.4867267683539636,-1.2269438982946466,1
127.84,2.491584320398703,-0.6043875771798373,2.5120669768298014,-0.6218838439989967,2.505926722503367,-1.2269019380769777,1
127.872,2.510784274628892,-0.6043456249407351,2.481856088067627,-0.6199459803512728,2.525126676687317,-1.226859993661767,1
127.904,2.5299842290160552,-0.6043036885677415,2.5081697596690544,-0.5902239232701861,2.5443266309055397,-1.2268180649346425,1
127.936,2.5491841835452878,-0.6042617676837952,2.5396146134361834,-0.6099694106662465,2.5635265851555453,-1.2267761507669948,1
127.968,2.5683841381925703,-0.6042198609103954,2.5620325725213404,-0.6146583061772053,2.582726539432793,-1.2267342490882382,1
128.0,2.5875840929263294,-0.6041779659559499,2.6365845686059655,-0.5797355205344832,2.601926493730985,-1.2266923570188035,1
128.032,2.606784047709472,-0.604136079763005,2.586871382981738,-0.5529112909155939,2.6211264480424736,-1.2266504710553503,1
128.064,2.625984002501759,-0.6040941987049032,2.6444799384880144,-0.6220988853710415,2.640326402358751,-1.2266085872962869,1
128.096,2.6451839572623683,-0.604052318819229,2.621800319897236,-0.5275172538997026,2.6595263566709963,-1.2265667016930684,1
128.12800000000001,2.6643839119524904,-0.6040104360630305,2.7008149183163828,-0.5971751005322933,2.678726310970638,-1.226524810311125,1
128.16,2.6835838665377953,-0.6039685465733899,2.748427914921897,-0.6153124546572123,2.6979262652499023,-1.2264829095835892,1
128.192,2.702783820990623,-0.6039266469165601,2.70088685552122,-0.626710335101373,2.717126219502312,-1.2264409965414818,1
128.224,2.7219837752917555,-0.6038847343096047,2.6521605948974543,-0.6381882351172019,2.7363261737231017,-1.2263990690054916,1
128.256,2.7411837294316643,-0.6038428068002348,2.7601614822875353,-0.6233007499836327,2.755526127909529,-1.2263571257269719,1
128.288,2.7603836834111504,-0.6038008633932185,2.742753585773455,-0.6412924677970693,2.774726082061053,-1.2263151664690093,1
128.32,2.7795836372413256,-0.6037589041151666,2.7543164521681605,-0.6034401416546618,2.7939260361793767,-1.2262731920223302,1
128.352,2.798783590942932,-0.603716930013475,2.792546670425529,-0.5294616731444923,2.813125990268342,-1.2262312041549437,1
128.38400000000001,2.8179835445450365,-0.603674943089436,2.838954061590313,-0.6145814636878415,2.8323259443336877,-1.226189205498727,1
128.416,2.837183498083174,-0.6036329461697902,2.805123636747412,-0.5649822580664686,2.851525898382683,-1.2261471993802382,1
128.448,2.8563834515970585,-0.6035909427249601,2.839689894436342,-0.6014678146094697,2.870725852423659,-1.226105189606642,1
128.48,2.8755834051280145,-0.603548936645656,2.859862988729187,-0.5832369345149813,2.889925806465469,-1.2260631802204693,1
128.512,2.8947833587162886,-0.6035069319922369,2.8419927392338034,-0.5210431662566426,2.909125760516915,-1.2260211752390837,1
128.544,2.913983312398432,-0.6034649327329727,2.9477185966848247,-0.5797496211236786,2.928325714586175,-1.22597917839557,1
128.576,2.933183266204925,-0.6034229424880777,2.9083752238829663,-0.6072536321273408,2.9475256686802704,-1.225937192897788,1
128.608,2.952383220158201,-0.6033809642960167,2.9263487766642213,-0.5995013450327279,2.9667256228046095,-1.2258952212211158,1
128.64000000000001,2.971583174271207,-0.6033390004171573,3.0115305856382015,-0.6024579650937165,2.9859255769626394,-1.2258532649482807,1
128.672,2.990783128546581,-0.6032970521874355,2.9922152872294343,-0.5826818659872763,3.005125531155622,-1.2258113246665763,1
128.704,3.0099830829765093,-0.6032551199314882,3.0429988341022858,-0.6116416474892056,3.0243254853825565,-1.22576939992919,1
128.736,3.0291830375432536,-0.6032132029408828,3.038089898566043,-0.6228191164726476,3.043525439640246,-1.225727489283124,1
128.768,3.048382992220312,-0.6031712995188836,3.025698770417867,-0.5918429460279638,3.062725393923505,-1.2256855903619694,1
128.8,3.0675829469741327,-0.6031294070889207,3.0172688765624263,-0.5738744078215525,3.081925348225496,-1.225643700037631,1
128.832,3.0867829017662647,-0.6030875223598278,3.1104825690155335,-0.5883898619759754,3.10112530253817,-1.225601814621252,1
128.864,3.10598285655581,-0.6030456415372587,3.0828702603551528,-0.6215443127063617,3.12032525685278,-1.2255599301004483,1
128.89600000000002,3.1251828113020204,-0.6030037605677173,3.1139671922267436,-0.6066732495481687,3.139525211160443,-1.22551804239763,1
128.928,3.144382765966883,-0.602961875399524,3.141336690455212,-0.6134283934122314,3.1587251654527044,-1.2254761476327587,1
128.96,3.163582720517535,-0.6029199822439336,3.1525992320177885,-0.6024173377429384,3.177925119722083,-1.2254342423736393,1
128.992,3.182782674928356,-0.6028780778195958,3.1681013696994897,-0.6060438210128062,3.1971250739625483,-1.2253923238576323,1
129.024,3.2019826291826163,-0.6028361595645931,3.220636720438007,-0.5627957990891301,3.2163250281699103,-1.2253503901704288,1
129.056,3.2211825832735683,-0.6027942258023623,3.1690700598673485,-0.5642768037591783,3.2355249823420937,-1.2253084403703693,1
129.088,3.2403825372049098,-0.6027522758507541,3.2002275995591005,-0.6336106098684285,3.2547249364792767,-1.2252664745502146,1
129.12,3.259582490990584,-0.602710310067135,3.231724623501798,-0.5728090432436728,3.2739248905838867,-1.2252244938322916,1
129.15200000000002,3.278782444653922,-0.6026683298265466,3.2880004956938675,-0.5756745102422429,3.293124844660451,-1.2251825002973276,1
129.184,3.2979823982261713,-0.6026263374342501,3.3185176014212563,-0.5944640018167474,3.3123247987153115,-1.22514049685139,1
129.216,3.317182351744501,-0.6025843359782108,3.2866234156216527,-0.5875887951941932,3.331524752756218,-1.2250984870394905,1
129.248,3.336382305249613,-0.602542329130959,3.3332793916966184,-0.6277790505614091,3.350724706791831,-1.2250564748177877,1
129.28,3.355582258783113,-0.6025003209135362,3.3635302433881877,-0.5983109980409258,3.3699246608311593,-1.2250144642990026,1
129.312,3.3747822123848095,-0.6024583154366895,3.380183360165879,-0.5984593709094439,3.389124614882977,-1.2249724594874378,1
129.344,3.3939821660901357,-0.6024163166359572,3.3904316798121226,-0.5761496686735443,3.408324568955251,-1.2249304640206167,1
129.376,3.413182119927851,-0.6023743280176974,3.3708141462484518,-0.6321614016247875,3.4275245230546236,-1.2248884809342067,1
129.40800000000002,3.432382073918188,-0.6023323524324192,3.3604563562493275,-0.6094015749150148,3.44672447718598,-1.224846512465389,1
129.44,3.4515820280715577,-0.6022903918900341,3.4718517965440516,-0.5788843510751125,3.4659244313521316,-1.2248045599073651,1
129.472,3.470781982387897,-0.6022484474289614,3.5129399310852465,-0.6042516716578921,3.485124385553632,-1.224762623524429,1
129.504,3.4899819368566956,-0.6022065190475694,3.5222442452518505,-0.6329513112305534,3.5043243397887447,-1.2247207025331381,1
129.536,3.5091818914576907,-0.6021646057024408,3.4932338127108613,-0.6009533422868177,3.523524294053553,-1.2246787951509128,1
129.568,3.5283818461621794,-0.6021227053736676,3.5635891812853457,-0.5878814263452948,3.542724248342215,-1.2246368987090221,1
129.6,3.5475818009348585,-0.6020808151930745,3.4701601437513148,-0.6374515324313127,3.5619242026473357,-1.2245950098227742,1
129.632,3.566781755736069,-0.602038931627233,3.586569384218847,-0.5739806332103177,3.5811241569604415,-1.2245531246081054,1
129.66400000000002,3.585981710524308,-0.6019970507036037,3.551932919753988,-0.5715186571264527,3.6003241112725224,-1.2245112389307107,1
129.696,3.6051816652588475,-0.6019551682653592,3.623009101945077,-0.6060367831481828,3.619524065574604,-1.224469348671735,1
129.728,3.6243816199023033,-0.6019132802385762,3.634771449559579,-0.5829756562443744,3.6387240198583246,-1.2244274499930559,1
129.76,3.643581574422999,-0.6018713828946656,3.6133764896254705,-0.5855008119531905,3.6579239741164664,-1.2243855395850352,1
129.792,3.6627815287969767,-0.6018294730911803,3.6382283037529275,-0.6447182530368017,3.6771239283434234,-1.2243436148808664,1
129.824,3.681981483009533,-0.6017875484754911,3.6879657161248014,-0.5947325034635905,3.6963238825355647,-1.2243016742236172,1
129.856,3.701181437056184,-0.6017456076381711,3.666656855409341,-0.5932873275741495,3.7155238366914753,-1.2242597169751606,1
129.888,3.7203813909429857,-0.601703650206126,3.7611099818657836,-0.5851644119192521,3.734723790812056,-1.2242177435599024,1
129.92000000000002,3.7395813446861914,-0.6016616768693537,3.715868144607479,-0.6073419423820021,3.7539237449004785,-1.2241757554402797,1
129.952,3.758781298311255,-0.6016196893394496,3.790447884708759,-0.6607969320511036,3.773123698961989,-1.2241337550254972,1
129.984,3.7779812518512395,-0.6015776902423631,3.7579422456901663,-0.6226062498067338,3.7923236530035833,-1.224091745519168,1
130.016,3.7971812053447214,-0.6015356829521135,3.7898645552237618,-0.595852706033221,3.811523607033559,-1.2240497307154792,1
130.048,3.816381158833335,-0.6014936713759829,3.810210010409595,-0.6161581669853626,3.830723561060987,-1.2240077147568147,1
130.08,3.835581112359108,-0.601451659704823,3.8476276794501696,-0.5959115051070922,3.8499235150951234,-1.2239657018682604,1
130.112,3.854781065961766,-0.6014096521443744,3.8773886047605273,-0.5867724805607908,3.869123469144813,-1.2239236960859157,1
130.144,3.8739810196761866,-0.6013676526447378,3.910558274466732,-0.5802520250128473,3.8883234232179102,-1.2238817009963896,1
130.17600000000002,3.8931809735301726,-0.6013256646452834,3.888647259314062,-0.63478607498227,3.9075233773207687,-1.2238397195041293,1
130.208,3.9123809275426837,-0.6012836908513287,3.8435567209462196,-0.5585611076530614,3.9267233314578234,-1.2237977536415279,1
130.24,3.931213607137058,-0.6012426025594035,3.9356085060745922,-0.5876426488309843,3.9455271418687943,-1.2237567178297457,1
130.272,3.949459470958062,-0.6012028473161305,3.986422909224652,-0.5715646402731157,3.9637283067360216,-1.223717090115269,1
130.304,3.96711631531062,-0.6011644215932139,3.945233852673948,-0.6462348045396868,3.9813456041448947,-1.2236788193475336,1
130.336,3.9842000521932364,-0.6011273136007235,4.022961133047819,-0.5953492719441854,3.9983978826790985,-1.2236418452350915,1
130.368,4.0007297517429254,-0.6010914759476733,4.034994146510255,-0.5749809309637005,4.014903481738003,-1.2236061074879274,1
130.4,4.016724479949941,-0.6010568488357512,3.971020208874937,-0.586460951132057,4.030880130479595,-1.2235715485398901,1
130.43200000000002,4.032202600076131,-0.6010233723655571,4.051781439905927,-0.6274245527078424,4.046344947954263,-1.2235381145093398,1
130.464,4.047181671187921,-0.6009909906537741,4.042835991617682,-0.6272013998524831,4.061314465592673,-1.223505755525024,1
130.496,4.061678483663988,-0.6009596527917159,4.045946715480303,-0.5937248388388104,4.075804652940231,-1.2234744257407788,1
130.528,4.075709118575199,-0.6009293127567411,4.095023174922279,-0.5776248203026415,4.089830942255001,-1.2234440831676376,1
130.56,4.089289004613269,-0.6008999289948613,4.079736611869284,-0.6585287454553965,4.103408251205252,-1.2234146893966154,1
130.592,4.102432967655865,-0.6008714639130455,4.076265114598408,-0.5437322952214196,4.116551003745164,-1.2233862092623744,1
130.624,4.1151552730909495,-0.6008438833667642,4.14483382050552,-0.5443312446182546,4.129273149404375,-1.2233586104832113,1
130.656,4.127469662006545,-0.6008171561771372,4.101466709406596,-0.6018730538159712,4.141588181223134,-1.223331863301862,1
130.68800000000002,4.139389382374489,-0.6007912536920921,4.149463979714092,-0.6193596572988698,4.153509152529384,-1.2233059401430877,1
130.72,4.150927216184308,-0.6007661493965911,4.1181017041232915,-0.6164109885498807,4.1650486927179955,-1.2232808152976793,1
130.752,4.162095503299488,-0.6007418185720993,4.171631258871203,-0.6330934767899739,4.17621902216175,-1.2232564646380453,1
130.784,4.1729061626512225,-0.6007182380029118,4.154626607032303,-0.5749486762344171,4.187031966358977,-1.2232328653674827,1
130.816,4.1833707112577905,-0.600695385725737,4.173995049335005,-0.5517014387851527,4.197498969403026,-1.2232099958031353,1
130.848,4.193500281456766,-0.6006732408184854,4.154933224547081,-0.6096297773639231,4.207631106843177,-1.2231878351913597,1
130.88,4.203305636657506,-0.6006517832241827,4.227057635461812,-0.6219352280382383,4.217439097994165,-1.2231663635534158,1
130.912,4.212797185858386,-0.6006309936060944,4.237281690856243,-0.6234618894593236,4.226933317741666,-1.2231455615589033,1
130.94400000000002,4.2219849971235694,-0.600610853230391,4.229669307375662,-0.5996524637560797,4.236123807883274,-1.2231254104241498,1
130.976,4.2308788101748895,-0.600591343872939,4.270961213614858,-0.5857994648611217,4.2450202880382655,-1.2231058918326683,1
131.008,4.239488048223465,-0.6005724477470435,4.1971309183214185,-0.6236709896268409,4.25363216615445,-1.2230869878748163,1
131.04,4.247821829141248,-0.6005541474491982,4.239602731596403,-0.5928687996665184,4.261968548636444,-1.2230686810038613,1
131.072,4.255888976053366,-0.6005364259201051,4.215519853494061,-0.5521298172793716,4.270038250116484,-1.2230509540058245,1
131.104,4.263698027416856,-0.6005192664184442,4.276600029821374,-0.5832076578911228,4.2778498028862995,-1.223033789980681,1
131.136,4.271257246639308,-0.6005026525050737,4.267314453216632,-0.6440100977329096,4.285411466006493,-1.2230171723326193,1
131.168,4.278574631281322,-0.6004865680355556,4.220316649458912,-0.5723880322733856,4.292731234108134,-1.223001084767366,1
131.2,4.285657921879115,-0.6004709971591148,4.246842578349395,-0.573415929254791,4.299816845899889,-1.2229855112947876,1
131.232,4.292514610417546,-0.6004559243223596,4.278533394047527,-0.5750878779728514,4.3066757923928325,-1.2229704362351834,1
131.264,4.299151948479015,-0.6004413342762983,4.329740658621081,-0.5789416386448127,4.313315324854132,-1.2229558442279427,1
131.296,4.3055769550898635,-0.6004272120854061,4.254243663240764,-0.5929998172766031,4.31974246249997,-1.2229417202414474,1
131.328,4.311796424282798,-0.6004135431376926,4.312922845125893,-0.5919311287759861,4.325963999937376,-1.2229280495833037,1
131.36,4.3178169323914135,-0.6004003131549153,4.301275332687945,-0.6112523502384869,4.331986514364078,-1.222914817910167,1
131.392,4.323644845090877,-0.6003875082022556,4.356708789437465,-0.5781870647375106,4.337816372534907,-1.2229020112366065,1
131.424,4.329286324197238,-0.6003751146969418,4.307648310523291,-0.641420566183086,4.343459737502913,-1.2228896159425973,1
131.456,4.334747334236484,-0.6003631194154385,4.3128076602822745,-0.5906235476291322,4.348922575142893,-1.2228776187793688,1
131.488,4.340033648793411,-0.6003515094989559,4.333546636594824,-0.5370992671580761,4.354210660464709,-1.2228660068734332,1
131.52,4.34515085664946,-0.6003402724571307,4.371712743042746,-0.6345242204470174,4.359329583723432,-1.2228547677287307,1
131.552,4.350104367717957,-0.6003293961698286,4.362114383707731,-0.5808586796056284,4.364284756333081,-1.2228438892269067,1
131.584,4.3550463793224905,-0.6003185195176042,4.381035960116232,-0.5954639182922411,4.369239928933975,-1.2228330067380224,1
131.616,4.3553555036939695,-0.5913615151257255,4.330465104115533,-0.6123811736302445,4.369218845635522,-1.222833053640202,1
131.648,4.355310980177655,-0.5817476164761856,4.295998119429632,-0.5901899025730626,4.3691974894565275,-1.2228331011348506,1
131.68,4.355206438926167,-0.5720463045961284,4.367074073564947,-0.5839839305314058,4.369176139833053,-1.2228331484246797,1
131.712,4.3551003166120275,-0.5623500446645463,4.368439338009407,-0.5597564487293384,4.369154875751243,-1.2228331953559237,1
131.744,4.355004107858801,-0.5526714371704461,4.419939477146376,-0.5945965731708556,4.369133688015216,-1.2228332420088919,1
131.776,4.354918460838488,-0.5430092068189178,4.405548075071503,-0.509904910759681,4.369112550017055,-1.2228332884946806,1
131.808,4.354841805052779,-0.5333602689874853,4.358502061535792,-0.4890240945908995,4.369091438206424,-1.2228333349026321,1
131.84,4.354772387905688,-0.5237218181137682,4.39332259211987,-0.4894593679922283,4.369070335602329,-1.22283338129444,1
131.872,4.354708702409556,-0.5140915862978629,4.335716669156916,-0.5017472550400707,4.369049231135778,-1.22283342770871,1
131.904,4.354649531946954,-0.5044677875080359,4.308606633512402,-0.5116558762736262,4.369028118314223,-1.2228334741666496,1
131.936,4.354593912759298,-0.4948490247934611,4.327290661585767,-0.5024463830111986,4.369006993991436,-1.2228335206769656,1
131.968,4.354541086173893,-0.4852342078838985,4.387639483858824,-0.5343681729310761,4.368985857367371,-1.2228335672397714,1
132.0,4.3544904563565865,-0.4756224865197233,4.343795804975739,-0.4967471360141783,4.368964709204614,-1.2228336138496176,1
132.032,4.354441555839406,-0.4660131977010432,4.3213467780514465,-0.5112811058710985,4.3689435512272725,-1.2228336604978014,1
132.064,4.354394018051352,-0.4564058242564833,4.415773881387658,-0.4561283250802827,4.368922385669732,-1.2228337071740847,1
132.096,4.354347555603402,-0.44679996242755615,4.352241004789443,-0.5008016534460237,4.3689012149474635,-1.2228337538679306,1
132.12800000000001,4.354301943178108,-0.4371952965798684,4.424960703575087,-0.36493396807260925,4.368880041426144,-1.2228338005693526,1
132.16,4.3542570040720365,-0.4275915795231222,4.335550769776654,-0.3627351384626171,4.368858867268845,-1.2228338472694589,1
132.192,4.354212599626331,-0.41798861722900965,4.3253590327469515,-0.4520089069663445,4.3688376943441,-1.2228338939607573,1
132.224,4.354168620936512,-0.4083862569857704,4.390343771922444,-0.41611712464890105,4.368816524180318,-1.2228339406372828,1
132.256,4.354124982358452,-0.39878437822962526,4.295210902208459,-0.3679077959401815,4.368795357954461,-1.2228339872945946,1
132.288,4.354081616427868,-0.38918288545498486,4.28593763888717,-0.3680699779465201,4.368774196505051,-1.2228340339296815,1
132.32,4.354038469890588,-0.37958170273451586,4.3208443047401675,-0.3796791020778524,4.368753040361526,-1.22283408054081,1
132.352,4.353995500604373,-0.36998076948287806,4.328947276568575,-0.3461292466087342,4.368731889783628,-1.2228341271273377,1
132.38400000000001,4.353952675123489,-0.36038003717927275,4.362020331210861,-0.3596819218241314,4.368710744805945,-1.2228341736895136,1
132.416,4.353909966817252,-0.35077946682801775,4.327213470511967,-0.3234645975545201,4.368689605283957,-1.2228342202282758,1
132.448,4.353867354405478,-0.3411790269866166,4.362579869990805,-0.3720657886002299,4.368668470938926,-1.2228342667450605,1
132.48,4.353824820818863,-0.33157869223001935,4.345080136326798,-0.31160164512852134,4.368647341399788,-1.2228343132416266,1
132.512,4.353782352312158,-0.3219784419502541,4.367382504459722,-0.30286738141982145,4.368626216240829,-1.2228343597198998,1
132.544,4.353739937773692,-0.31237825941419384,4.295867683083914,-0.29453561960175084,4.368605095014465,-1.2228344061818408,1
132.576,4.3536975681871235,-0.3027781310203914,4.353897718675992,-0.2533354282555064,4.368583977278792,-1.2228344526293349,1
132.608,4.353655236211036,-0.29317804570985323,4.382655174489912,-0.2205173306550004,4.368562862619865,-1.2228344990641058,1
132.64000000000001,4.353612935849609,-0.2835779944962838,4.322612343199192,-0.28676170456651107,4.368541750668874,-1.2228345454876508,1
132.672,4.3535706621936185,-0.27397797008945307,4.30141263017511,-0.25649895858749844,4.368520641114537,-1.222834591901196,1
132.704,4.3535284112156605,-0.2643779665915128,4.323220731765811,-0.3175650300982109,4.368499533711079,-1.2228346383056705,1
132.736,4.353486179607206,-0.2547779792507733,4.380741207637493,-0.26083905575861294,4.368478428282267,-1.2228346847016958,1
132.768,4.3534439646479095,-0.24517800426100197,4.390177437072891,-0.2303024363393828,4.368457324721979,-1.2228347310895902,1
132.8,4.353401764099845,-0.23557803859699733,4.326177468382736,-0.24932355049875857,4.368436222991787,-1.2228347774693855,1
132.832,4.353359576121045,-0.22597807987923574,4.419449103091814,-0.2559985291159207,4.368415123116027,-1.2228348238408528,1
132.864,4.353317399194101,-0.21637812626194575,4.376266289631116,-0.18208490250001808,4.368394025174863,-1.2228348702035368,1
132.89600000000002,4.353275232066539,-0.20677817634015425,4.348264718021411,-0.21574266411174942,4.368372929295715,-1.2228349165567955,1
132.928,4.353233073700568,-0.19717822907216376,4.332987567008938,-0.17866215546546085,4.3683518356435425,-1.222834962899846,1
132.96,4.353190923230341,-0.18757828371463334,4.320701944186814,-0.19512005878712418,4.368330744410319,-1.2228350092318105,1
132.992,4.353148779925372,-0.1779783397679872,4.398089355084818,-0.17622890325009294,4.368309655804086,-1.2228350555517653,1
133.024,4.353106643159091,-0.1683783969303157,4.34802943959448,-0.17713172117988688,4.368288570037893,-1.2228351018587889,1
133.056,4.353064512381773,-0.15877845505828325,4.342011988403754,-0.14233229248137927,4.368267487318942,-1.2228351481520088,1
133.088,4.353022387097312,-0.14917851413383626,4.359256628594207,-0.13081331971772772,4.368246407838171,-1.2228351944306457,1
133.12,4.35298026684341,-0.13957857423573514,4.3922007358340895,-0.12431530146904474,4.368225331760556,-1.222835240694054,1
133.15200000000002,4.352938151174885,-0.1299786355151192,4.3222284975344145,-0.10317164168113946,4.368204259216272,-1.2228352869417578,1
133.184,4.352896039649861,-0.12037869817446716,4.335037954262131,-0.10968842126669444,4.368183190292954,-1.2228353331734834,1
133.216,4.352853931818661,-0.11077876244944063,4.330788834100702,-0.10930438309222945,4.368162125029144,-1.2228353793891833,1
133.248,4.3528118272152385,-0.10117882859320199,4.325271317246124,-0.11136889776641208,4.368141063409063,-1.222835425589057,1
133.28,4.352769725351007,-0.09157889686288434,4.414794237923864,-0.07539185441704407,4.368120005358776,-1.2228354717735646,1
133.312,4.352727625710933,-0.08197896750795712,4.371019060918242,-0.03973756201488319,4.368098950743802,-1.2228355179434331,1
133.344,4.352685527751757,-0.07237904076028945,4.335374607180838,-0.09844138844981534,4.3680778993682,-1.222835564099658,1
133.376,4.352643430902196,-0.06277911682575667,4.34400656995464,-0.07241561050782391,4.36805685097511,-1.2228356102434965,1
133.40800000000002,4.352601334564946,-0.053179195877268846,4.351706972275225,-0.04186792851910626,4.368035805248712,-1.222835656376457,1
133.44,4.3525592381203575,-0.0435792780491277,4.372555821756288,-0.020589051599688563,4.368014761817571,-1.2228357025002812,1
133.472,4.352517140931558,-0.03397936343263624,4.344942742523827,-0.023576450507188866,4.367993720259242,-1.2228357486169203,1
133.504,4.352475042350852,-0.02437945207289758,4.340144291110806,-0.0866668819136841,4.367972680106072,-1.2228357947285093,1
133.536,4.3524329417271765,-0.014779543966749686,4.31418589860324,-0.04149034209774026,4.367951640852042,-1.2228358408373332,1
133.568,4.352390838414407,-0.00517963906178274,4.328878160662747,-0.036768047403715344,4.367930601960527,-1.2228358869457927,1
133.6,4.352348731780277,0.0044202627436102995,4.379160928797725,-0.017670614695301592,4.367909562872807,-1.2228359330563652,1
133.632,4.352306621215702,0.014020161599204946,4.309952606776486,0.07215134835458042,4.367888523017171,-1.2228359791715642,1
133.66400000000002,4.352264506144252,0.02362005770099545,4.34666789867742,0.00015847341923928837,4.367867481818416,-1.222836025293898,1
133.696,4.352222386031581,0.03321995128838758,4.4110833507330165,-0.0017942137766132071,4.3678464387076,-1.2228360714258262,1
133.728,4.352180262696413,0.042819842637582366,4.319023680586485,0.03701758036302193,4.367825395596799,-1.2228361175645746,1
133.76,4.340641254521235,0.04972919138925776,4.336399071169214,0.03571456123083677,4.3486255100148545,-1.2228687934067037,1
133.792,4.321993796194896,0.05018979499419835,4.3265366843942825,0.007340548601518358,4.329425553638391,-1.2228926395738346,1
133.824,4.302677672247657,0.05013127359552325,4.328900916575989,0.07435646869042362,4.310225576272648,-1.222910529320615,1
133.856,4.283265557057901,0.0500187193167292,4.299652055033996,0.057851031576011396,4.291025588835166,-1.2229236639962,1
133.888,4.263868388056403,0.04991905584686026,4.257112230521395,0.08695781817347946,4.2718255955637785,-1.2229329877341655,1
133.92000000000002,4.244505460872492,0.04983933515214186,4.230915310464621,-0.011113515493762577,4.252625598989421,-1.2229394122371742,1
133.952,4.225175142158464,0.04977667402311608,4.263039314379794,0.07221685320633985,4.233425600679545,-1.2229437676207413,1
133.984,4.205871930705928,0.04972728610606545,4.235937427909879,0.06601557888192555,4.2142256015208925,-1.2229467368141589,1
134.016,4.186590437018034,0.049688024927432003,4.18728604443654,0.05271472039991339,4.1950256019663525,-1.2229488239695625,1
134.048,4.167326150871882,0.049656519687325734,4.159847083371131,0.06781751869298117,4.175825602228288,-1.2229503563458866,1
134.08,4.148075452724993,0.049631053640200325,4.1478647896191685,0.0479621902235517,4.156625602399837,-1.2229515089224425,1
134.112,4.1288354739986275,0.0496104100923176,4.1064277747476545,0.06749824803364327,4.137425602519098,-1.2229523408331142,1
134.144,4.109603949825459,0.04959373301454531,4.115166970896755,0.011634557792310103,4.118225602600608,-1.22295283493016,1
134.17600000000002,4.090379093851476,0.049580412571317733,4.100992113755581,0.00949896790257123,4.099025602651915,-1.2229529344064163,1
134.208,4.071159497406367,0.04956999678458951,4.105600630391032,0.10281721851897624,4.079825602683339,-1.2229525728276271,1
134.24,4.051944049581489,0.04956212742440745,4.087076864928616,0.06092395899003116,4.060625602712791,-1.2229516959328304,1
134.272,4.032731874171153,0.04955649679693301,3.9979107175493054,0.016074448758502363,4.041425602765658,-1.2229502750747485,1
134.304,4.01352227997684,0.049552821470391556,3.922433752632687,0.03672843221059745,4.022225602870549,-1.2229483131972623,1
134.336,3.9943147216514903,0.049550828865707254,3.9722258431292374,0.11120718774252819,4.003025603052886,-1.222945844835408,1
134.368,3.975108768850926,0.049550252890902285,3.9524333178938846,0.0604362281353025,3.9838256033288473,-1.2229429318548752,1
134.4,3.9559040819325744,0.04955083529297005,3.9183028740953474,0.06589992355354177,3.964625603701629,-1.2229396566137551,1
134.43200000000002,3.9367003928133797,0.04955233002855044,3.9097284323260864,0.010127287566301879,3.945425604160917,-1.2229361140187411,1
134.464,3.917497489890628,0.04955450862331204,3.9791979409890335,0.057840199592018374,3.9262256046853046,-1.2229324036405274,1
134.496,3.8982952061597627,0.0495571651284371,3.9180304316631913,0.016577276891167364,3.907025605246614,-1.2229286227128189,1
134.528,3.879093409846106,0.049560119842275686,3.8989981338804465,0.011468660559908826,3.8878256058148146,-1.222924860513439,1
134.56,3.859891997012822,0.049563221418477264,3.877989261191382,-0.006366642197625748,3.8686256063623845,-1.2229211943450806,1
134.592,3.8406908857229256,0.0495663473191824,3.860280188684075,0.0454854242719232,3.8494256068673947,-1.2229176871131193,1
134.624,3.821490011424487,0.04956940279757109,3.801194784421212,0.041199288982098396,3.830225607315052,-1.2229143863436012,1
134.656,3.802289323299941,0.04957231872208463,3.829766196234155,0.07781659492595344,3.8110256076978386,-1.2229113243913095,1
134.68800000000002,3.7830887813765677,0.04957504860420574,3.7697915438924516,0.05501526761061906,3.79182560801461,-1.2229085195471736,1
134.72,3.7638883542389,0.04957756518376822,3.8329950644388924,0.010142081772921627,3.772625608269101,-1.2229059777536844,1
134.752,3.7446880172178254,0.0495798568805269,3.7636748644655365,0.05772700389615923,3.7534256084682442,-1.222903694664448,1
134.784,3.7254877509575834,0.04958192435558824,3.784341094406918,0.0757908291667193,3.7342256086206107,-1.222901657827807,1
134.816,3.7062875402825304,0.04958377735513722,3.7014527543416764,0.020127651215439746,3.715025608735145,-1.2228998488250826,1
134.848,3.6870873733017215,0.04958543194158675,3.7115168737446296,0.1019084032317911,3.695825608820275,-1.222898245244359,1
134.88,3.667887240702126,0.049586908160016575,3.6715446360841644,0.07149234670057815,3.6766256088833753,-1.2228968224157657,1
134.912,3.648687135191382,0.049588228143571736,3.656637107751981,0.08820100933692057,3.657425608930531,-1.2228955548713554,1
134.94400000000002,3.6294870510590047,0.04958941463088147,3.593983149712781,-0.00178537660874193,3.6382256089665197,-1.2228944175208816,1
134.976,3.6102869838313567,0.04959048985034588,3.626344641094215,0.05580313781722996,3.619025608994931,-1.222893386554359,1
135.008,3.591086930000748,0.0495914747180969,3.6039183787619553,0.054347444474545786,3.5998256090183576,-1.2228924400943786,1
135.04,3.571886886813108,0.04959238829590388,3.5400526214371455,0.05612564630383918,3.5806256090386053,-1.222891558627383,1
135.072,3.5526868521018726,0.04959324745960132,3.564802873036209,0.04829683691231442,3.561425609056894,-1.2228907252451016,1
135.104,3.5334868241583246,0.04959406673544321,3.519722331757801,0.05468820232085612,3.5422256090740256,-1.2228899257266415,1
135.136,3.5142868016306292,0.049594858269276655,3.5390038671391957,0.027208681645964596,3.523025609090516,-1.2228891484897257,1
135.168,3.495086783445446,0.04959563190030152,3.475403851383044,-0.003975786033700357,3.503825609106692,-1.2228883844370695,1
135.2,3.475886768747254,0.049596395316696185,3.5112982154445147,0.07380967434822033,3.4846256091227596,-1.2228876267215512,1
135.232,3.4566867568515436,0.049597154274267224,3.4762460481879476,0.025988436825239207,3.465425609138845,-1.2228868704519622,1
135.264,3.437486747208815,0.04959791286160087,3.4381072229420204,0.009042471129962433,3.4462256091550243,-1.2228861123596801,1
135.296,3.4182867393769465,0.049598673796290016,3.37435290613906,0.09308849982548145,3.42702560917134,-1.222885350445543,1
135.328,3.399086732999997,0.04959943873712658,3.4032006556835412,0.06939778967447169,3.4078256091878147,-1.222884583625211,1
135.36,3.379886727791905,0.0496002085971846,3.3547817195890484,0.05980431489623532,3.388625609204458,-1.2228838113901663,1
135.392,3.3606867235238496,0.04960098384290718,3.376375654767027,0.04984580208362076,3.369425609221278,-1.2228830334999998,1
135.424,3.3414867200143243,0.049601764765005316,3.339940969211442,0.03559542033854807,3.3502256092382834,-1.2228822497195495,1
135.456,3.3222867171211616,0.04960255170839531,3.277623946052073,0.04078235104987821,3.3310256092554935,-1.222881459611808,1
135.488,3.3030867147349405,0.049603345250628234,3.291397954412418,0.030633581281281,3.31182560927294,-1.2228806623942434,1
135.52,3.283886712773355,0.04960414632125696,3.2715064546943253,0.04560778532791842,3.29262560929067,-1.2228798568624424,1
135.552,3.264686711176239,0.049604956258190246,3.2873516315814055,0.04663219829998259,3.2734256093087484,-1.2228790413809683,1
135.584,3.2454867099010536,0.04960577680106153,3.220092049768037,0.07835822999544291,3.254225609327256,-1.2228782139372543,1
135.616,3.226286708918722,0.04960661002570895,3.195876674533611,0.04647464442030762,3.2350256093462892,-1.2228773722505244,1
135.648,3.207086708209768,0.04960745822771924,3.2752764007603092,0.07886253436401552,3.2158256093659556,-1.222876513924336,1
135.68,3.1878867077607653,0.04960832376633977,3.226119421697641,0.06690773715223225,3.1966256093863707,-1.2228756366287334,1
135.712,3.168686707561135,0.04960920888265588,3.175020418421028,0.05053421721382993,3.1774256094076514,-1.22287473829625,1
135.744,3.1494867076003623,0.0496101155075721,3.1825026132954286,0.053503670373531785,3.1582256094299073,-1.2228738173153195,1
135.776,3.1302867078657,0.049611045075705726,3.139809440367598,0.11120590257653871,3.1390256094532303,-1.2228728727050469,1
135.808,3.11108670834043,0.04961199836075331,3.140677727034986,0.005448191934467973,3.119825609477685,-1.2228719042567837,1
135.84,3.091886709002731,0.049612975346268184,3.050488476547967,0.04881748617788945,3.100625609503295,-1.222870912630389,1
135.872,3.072686709825186,0.04961397514320617,3.060672107740618,0.06968179775445568,3.0814256095300347,-1.2228698993963276,1
135.904,3.0534867107749237,0.04961499596223454,3.0850582510750875,0.010742677424846088,3.062225609557821,-1.2228688670185948,1
135.936,3.034286711814352,0.049616035144895765,3.034723979604147,0.023536627156905125,3.0430256095865107,-1.2228678187776514,1
135.968,3.015086712902418,0.049617089253535245,3.007972394780583,0.07346447760142374,3.0238256096159057,-1.2228667586367754,1
136.0,2.995886713996281,0.049618154215731784,3.031737602880118,0.0657778402775525,3.0046256096457604,-1.2228656910592295,1
136.032,2.976686715053273,0.04961922551508879,2.9641210343890108,0.026098363619353644,2.9854256096757994,-1.2228646207871467,1
136.064,2.9574867160329963,0.04962029841691382,2.967478330848215,0.03967675530903334,2.9662256097057362,-1.2228635525958078,1
136.096,2.9382867168993987,0.04962136821475986,2.9741959596391063,0.03824251102884056,2.9470256097352965,-1.2228624910388253,1
136.12800000000001,2.919086717622682,0.04962243048218825,2.9426185898167225,0.03736414273207765,2.927825609764238,-1.2228614402005693,1
136.16,2.899886718180897,0.04962348131354794,2.8484811907486587,0.04827384942588205,2.9086256097923693,-1.2228604034719093,1
136.192,2.880686718561118,0.049624517538088254,2.8774037763289835,0.03319306249693863,2.889425609819562,-1.222859383363982,1
136.224,2.861486718760106,0.04962553689329355,2.826874809020562,0.006486476909898287,2.8702256098457566,-1.2228583813723852,1
136.256,2.842286718784414,0.04962653814584577,2.856156007797049,-0.0030863942920603613,2.851025609870961,-1.2228573979010167,1
136.288,2.823086718649921,0.04962752115192023,2.8315546208814735,0.030859451509912792,2.8318256098952457,-1.2228564322510216,1
136.32,2.8038867183808187,0.04962848685238087,2.829614592501159,0.026458031162503216,2.8126256099187303,-1.222855482676108,1
136.352,2.7846867180081074,0.04962943720261484,2.8071092357278684,0.0600054948429247,2.793425609941573,-1.2228545465012748,1
136.38400000000001,2.765486717567691,0.04963037504095262,2.815690925584419,-0.001849899358211192,2.7742256099639553,-1.222853620297849,1
136.416,2.7462867170981857,0.049631303903590836,2.7242631783614466,0.07195165729668826,2.755025609986073,-1.2228527001041234,1
136.448,2.727086716638566,0.0496322277974063,2.7670850801875613,0.09535795457555896,2.7358256100081233,-1.2228517816778872,1
136.48,2.7078867162258025,0.04963315094479056,2.757548732324784,-0.020057426996168685,2.7166256100302983,-1.222850860765066,1
136.512,2.688686715892618,0.04963407751647838,2.6825285500699536,0.060105377612197614,2.6974256100527785,-1.2228499333676006,1
136.544,2.669486715665521,0.04963501136915326,2.634839538170983,0.05364313848975203,2.6782256100757253,-1.2228489959936955,1
136.576,2.6502867155632193,0.04963595580434884,2.63323402899716,-0.02835521045259478,2.6590256100992757,-1.2228480458746767,1
136.608,2.6310867155955324,0.049636913363834606,2.654729514890133,0.09011499112064311,2.6398256101235327,-1.222847081134791,1
136.64000000000001,2.611886715762866,0.04963788567436559,2.6717605220401577,0.02951953836678148,2.620625610148559,-1.22284610090328,1
136.672,2.592686716056287,0.04963887335153891,2.5588737396842918,-0.011201999281269956,2.6014256101743696,-1.2228451053617393,1
136.704,2.5734867164581976,0.04963987596873125,2.5495781298329803,0.056444558013214796,2.5822256102009242,-1.222844095723893,1
136.736,2.554286716943565,0.049640892092938003,2.52339680128222,0.04649368280468919,2.5630256102281286,-1.2228430741492562,1
136.768,2.5350867174816294,0.049641919385061156,2.5798409082699667,0.03499460266273875,2.5438256102558365,-1.22284204359636,1
136.8,2.5158867180379794,0.049642954758073024,2.5396363464231997,0.05485957508220805,2.5246256102838593,-1.2228410076250786,1
136.832,2.4966867185768504,0.0496439945827855,2.5079814688923876,0.05154346607207461,2.505425610311979,-1.2228399701608699,1
136.864,2.4774867190635037,0.04964503492791072,2.4300817205026632,0.06863164514660827,2.4862256103399667,-1.2228389352361366,1
136.89600000000002,2.4582867194665208,0.049646071818912514,2.47680433898614,0.06083483861512265,2.4670256103676027,-1.2228379067254052,1
136.928,2.439086719759871,0.04964710149895512,2.451384054855103,0.028448431037811608,2.4478256103946943,-1.222836888091368,1
136.96,2.4198867199246106,0.04964812067513416,2.3687430593663503,0.04150997398626083,2.428625610421092,-1.2228358821581498,1
136.992,2.400686719950117,0.049649126734136656,2.375759190589093,0.024173432517367834,2.409425610446702,-1.222834890926377,1
137.024,2.3814867198347707,0.04965011791345674,2.4365967374421937,0.02017522792696591,2.390225610471488,-1.2228339154419343,1
137.056,2.3622867195860566,0.049651093417166746,2.388156318217978,0.04647671750999075,2.3710256104954737,-1.2228329557268307,1
137.088,2.343086719220077,0.04965205346882458,2.3325706911589177,0.047939333917036385,2.351825610518734,-1.2228320107765762,1
137.12,2.323886718760513,0.049652999298157106,2.3302602678408264,0.0529644795331293,2.3326256105413874,-1.222831078624196,1
137.15200000000002,2.3046867182371025,0.04965393306243237,2.305863730970727,0.0460175389330375,2.3134256105635833,-1.222830156466699,1
137.184,2.285486717683734,0.0496548577076475,2.234775140104559,0.000781679891062835,2.2942256105854923,-1.2228292408457846,1
137.216,2.266286717136272,0.04965577677854013,2.259433440863344,0.03912246071000304,2.2750256106072957,-1.2228283278710939,1
137.248,2.2470867166302564,0.04965669418973015,2.2122011703226057,0.07990637218119312,2.255825610629176,-1.2228274134715413,1
137.28,2.2278867161986153,0.049657613972801475,2.193173288495731,0.027705044679287968,2.2366256106513105,-1.2228264936584805,1
137.312,2.208686715869539,0.04965854001568008,2.242396877534849,0.05599194146817641,2.217425610673865,-1.222825564783676,1
137.344,2.1894867156646507,0.049659475811156845,2.1681537985056467,0.04536050740524398,2.1982256106969853,-1.2228246237754195,1
137.376,2.1702867155975927,0.04966042423080644,2.155007341603545,0.04260831224021688,2.1790256107207924,-1.2228236683375098,1
137.40800000000002,2.151086715673123,0.04966138733891138,2.134463151851105,0.05535312403163369,2.1598256107453704,-1.2228226970982616,1
137.44,2.1318867158867834,0.04966236625841599,2.116159819801111,0.062317920007370825,2.140625610770761,-1.2228217096998872,1
137.472,2.112686716225168,0.04966336109757517,2.08892162138442,0.017103207999945323,2.1214256107969556,-1.2228207068224932,1
137.504,2.093486716666775,0.04966437094204801,2.1296832243061052,0.037163434133227556,2.1022256108238904,-1.2228196901411104,1
137.536,2.07428671718339,0.04966539391296371,2.0453054140444507,-0.018928758317138458,2.083025610851447,-1.2228186622185258,1
137.568,2.0550867177419105,0.049666427287231786,2.0355227104213895,-0.0163762746800934,2.0638256108794577,-1.222817626340817,1
137.6,2.035886718306495,0.04966746767235355,2.0308874931801033,0.05840704235509503,2.0446256109077163,-1.2228165863061786,1
137.632,2.016686718840885,0.04966851122447574,1.9820414693387767,0.05521754336405363,2.0254256109359936,-1.2228155461806438,1
137.66400000000002,1.9974867193107577,0.049669553895635085,1.94217050769031,0.04931362421025539,2.006225610964057,-1.2228145100364542,1
137.696,1.9782867196859435,0.049670591694257187,1.9783582760136653,0.0704713336690471,1.9870256109916886,-1.2228134816899396,1
137.728,1.9590867199423696,0.04967162094211299,1.9199153603319254,0.047206093446506135,1.9678256110187062,-1.2228124644557967,1
137.76,1.9398867200636043,0.04967263851116158,1.9177540295316315,0.05664175889310206,1.9486256110449758,-1.2228114609336336,1
137.792,1.9206867200419004,0.04967364202499951,1.9547035041303282,0.026211980648274555,1.9294256110704207,-1.2228104728405351,1
137.824,1.9014867198786796,0.04967463001191701,1.8543105909502924,0.021895437306776584,1.9102256110950253,-1.2228095009004616,1
137.856,1.8822867195844268,0.04967560199968006,1.8625418093202204,0.06778517553127611,1.8910256111188313,-1.2228085447976293,1
137.888,1.8630867191780076,0.04967655854591509,1.911628350812544,0.0836687589034979,1.8718256111419302,-1.2228076031968893,1
137.92000000000002,1.8438867186854537,0.04967750120212549,1.8329303501463345,0.04752082231445164,1.8526256111644537,-1.2228066738298036,1
137.952,1.8246867181382946,0.04967843241365309,1.7849917207924515,0.07164815837022778,1.8334256111865612,-1.2228057536408794,1
137.984,1.805486717571542,0.04967935536202659,1.7364426339871089,0.0663586633073977,1.8142256112084292,-1.2228048389845447,1
138.016,1.7862867170214525,0.049680273759858874,1.7626998372096956,-0.012782896124833583,1.7950256112302418,-1.2228039258601635,1
138.048,1.7670867165232071,0.04968119161151467,1.7822797262814032,-0.008407150504228862,1.7758256112521822,-1.2228030101699363,1
138.08,1.7478867161086575,0.04968211295497749,1.8183783458047282,0.05818757130449033,1.7566256112744256,-1.2228020879830663,1
138.112,1.728686715804275,0.049683041601556566,1.6877502531293591,0.031914356382289885,1.7374256112971334,-1.222801155789152,1
138.144,1.7094867156294395,0.04968398089021352,1.7369356652632957,-0.004962255009284093,1.7182256113204448,-1.2228002107244655,1
138.17600000000002,1.69028671559518,0.049684933472344435,1.7234929916812536,0.06477267455667324,1.69902561134447,-1.2227992507565366,1
138.208,1.671086715703446,0.049685901140889985,1.6414039517594492,0.029264561893506586,1.6798256113692813,-1.2227982748151376,1
138.24,1.6518867159469681,0.04968688471478695,1.6633517400944837,0.08525564437012104,1.6606256113949056,-1.2227972828612261,1
138.272,1.6326867163097172,0.049687883986209956,1.62848233710385,-0.0034018439507638373,1.6414256114213173,-1.2227962758894175,1
138.304,1.6134867167679339,0.049688897734002965,1.6585789964767443,0.06172487341864498,1.6222256114484355,-1.2227952558638073,1
138.336,1.5942867172916673,0.04968992380243823,1.5800084973511013,0.020554038358669955,1.6030256114761259,-1.2227942255913038,1
138.368,1.5750867178467194,0.049690959240227275,1.5305687527580472,0.07019800464692084,1.5838256115042073,-1.2227931885406254,1
138.4,1.555886718396867,0.04969200049082709,1.5607959119842598,0.03955601812865129,1.5646256115324646,-1.2227921486186242,1
138.43200000000002,1.5366867189062137,0.0496930436217777,1.5794364604621591,0.05712543242982401,1.5454256115606657,-1.2227911099183664,1
138.464,1.5174867193415176,0.04969408457828852,1.5669587602357509,0.042235729985406506,1.5262256115885808,-1.2227900764551922,1
138.496,1.4982867196743401,0.04969511944472726,1.4584474318180607,0.10143055422956798,1.5070256116160023,-1.2227890519077713,1
138.528,1.4790867198828752,0.04969614469715099,1.4510673578201831,0.050155427974219416,1.4878256116427622,-1.22278803938086,1
138.56,1.4598867199533447,0.04969715743059494,1.4665861114523302,0.07286176343472194,1.4686256116687442,-1.2227870412050357,1
138.592,1.4406867198808706,0.049698155546459705,1.3816521584203247,0.0520543747489817,1.4494256116938915,-1.2227860587863473,1
138.624,1.4214867196697727,0.04969913788790688,1.3977376365690324,0.045461292539951605,1.4302256117182073,-1.222785092515567,1
138.656,1.402286719333278,0.049700104314528155,1.3865930885209692,0.039754259243062744,1.4110256117417503,-1.2227841417429137,1
138.68800000000002,1.383086718892661,0.04970105571146619,1.3931863871039445,0.004213197508795848,1.3918256117646264,-1.2227832048198737,1
138.72,1.3638867183758758,0.04970199393239562,1.3130395052451036,0.032349063032347275,1.3726256117869768,-1.2227822792054417,1
138.752,1.3446867178157647,0.049702921680038877,1.3632205154974042,0.052476228032810254,1.353425611808968,-1.2227813616299288,1
138.784,1.3254867172479563,0.049703842331920704,1.3343531783506033,0.05170353203381684,1.3342256118307796,-1.2227804483057743,1
138.816,1.3062867167085872,0.049704759722598836,1.3153576075515845,0.03399879313466415,1.315025611852596,-1.2227795351717667,1
138.848,1.287086716231986,0.04970567789641441,1.2598027984993725,0.033393225538324425,1.2958256118745988,-1.2227786181549352,1
138.88,1.267886715848468,0.0497066008467062,1.2907531014547124,0.05743738216933111,1.2766256118969594,-1.222777693433197,1
138.912,1.2486867155823809,0.049707532258306215,1.2517331040341901,0.10151644536119125,1.2574256119198326,-1.2227767576818431,1
138.94400000000002,1.2294867154505256,0.04970847526991906,1.2277541329652997,0.046059819869561036,1.2382256119433492,-1.2227758082879532,1
138.976,1.210286715461058,0.049709432271706155,1.1969628886174066,0.05000636698878011,1.219025611967608,-1.2227748435189192,1
139.008,1.191086715612945,0.04971040475112471,1.1797601404530569,0.03167018340803465,1.1998256119926674,-1.2227738626342113,1
139.04,1.1718867158960171,0.0497113931969608,1.1209653691157169,0.0522242910716809,1.1806256120185379,-1.2227728659331776,1
139.072,1.1526867162916135,0.04971239706774479,1.1540803273049822,0.05629617428644424,1.1614256120451762,-1.222771854735803,1
139.104,1.1334867167737845,0.049713414826587976,1.1007063855885233,0.06862230526911678,1.1422256120724836,-1.22277083129766,1
139.136,1.1142867173109725,0.049714444040199146,1.1239044545267074,0.05952210440967042,1.1230256121003095,-1.2227697986645392,1
139.168,1.0950867178680594,0.04971548153570273,1.0747259355472558,0.04711643077360512,1.10382561212846,-1.2227687604761281,1
139.20000000000002,1.0758867184086482,0.04971652360515466,1.054477314045471,0.07090378576864721,1.0846256121567124,-1.2227677207313845,1
139.232,1.0566867188974247,0.04971756624457609,1.0584372812651754,0.03914231691266667,1.0654256121848331,-1.2227666835307343,1
139.264,1.0374867193024442,0.049718605412098264,1.0547935376881623,0.09232059300768866,1.0462256122125972,-1.2227656528116988,1
139.296,1.0182867195971927,0.04971963728857574,1.0047395135263237,0.04975252423530813,1.027025612239808,-1.2227646320950118,1
139.328,0.9990867197622906,0.0497206585238644,0.9575410033936563,0.03793120343350235,1.0078256122663127,-1.222763624257574,1
139.36,0.9798867197867277,0.04972166645288107,0.8915910100456299,0.025387583552066124,0.9886256122920141,-1.2227626313468993,1
139.392,0.9606867196685569,0.04972265926750731,0.9379799626337402,0.07052125987708946,0.9694256123168745,-1.2227616544490232,1
139.424,0.9414867194150035,0.049723636133246034,0.9564226735840365,0.012437095599046148,0.9502256123409162,-1.2227606936183957,1
139.456,0.9222867190419883,0.04972459724310075,0.8984259769237831,-0.002994526416452814,0.931025612364214,-1.2227597478742864,1
139.488,0.9030867185730981,0.04972554380519779,0.9205351534795129,0.0952265501557003,0.9118256123868866,-1.2227588152639468,1
139.52,0.8838867180380705,0.04972647796494405,0.8908366216892403,0.06829046661064624,0.8926256124090849,-1.2227578929884648,1
139.552,0.8646867174708902,0.04972740266673705,0.8518279662375215,0.060244621713552195,0.8734256124309805,-1.2227569775831943,1
139.584,0.8454867169076147,0.049728321464143466,0.8425555311580485,0.0890963008906726,0.8542256124527559,-1.2227560651411362,1
139.616,0.826286716384067,0.049729238290787035,0.8672797057264017,0.03180685108425807,0.8350256124745954,-1.2227551515648556,1
139.648,0.8070867159335395,0.04973015720671894,0.8308031978265557,0.10104961822300661,0.8158256124966781,-1.2227542328306966,1
139.68,0.7878867155846525,0.049731082136626845,0.746093345928822,0.06289254264104789,0.7966256125191706,-1.2227533052482498,1
139.712,0.7686867153595058,0.04973201661676196,0.8059875663849507,0.031772489282183805,0.7774256125422212,-1.222752365698341,1
139.744,0.7494867152722429,0.04973296356690162,0.728947722140139,0.08876342720024928,0.7582256125659511,-1.2227514118341907,1
139.776,0.7302867153281222,0.04973392510204959,0.7225432137194032,0.07425421716790592,0.7390256125904472,-1.2227504422327777,1
139.808,0.7110867155231615,0.04973490239601438,0.7183431899461675,0.07744686730218472,0.7198256126157531,-1.2227494564866406,1
139.84,0.6918867158443804,0.0497358956056613,0.6710160420941772,0.07877279387640827,0.7006256126418623,-1.2227484552302124,1
139.872,0.6726867162706307,0.049736903860724095,0.6461376321664589,0.01914357519656075,0.6814256126687137,-1.2227474400989702,1
139.904,0.6534867167739608,0.04973792531983724,0.6383633590260754,0.009412588400359932,0.6622256126961913,-1.2227464136240556,1
139.936,0.6342867173214277,0.049738957289181575,0.6797867574707464,0.07027906591751013,0.6430256127241291,-1.2227453790691343,1
139.968,0.6150867178772366,0.04973999639610065,0.6143752125860897,0.05262133080592693,0.6238256127523222,-1.2227443402200284,1
140.0,0.5958867184050641,0.04974103880650181,0.581543724351186,0.04157797352389024,0.604625612780542,-1.2227433011406657,1
140.032,0.5766867188704149,0.04974208047203091,0.6038707669349946,0.06307133682212454,0.5928036744591312,-0.7084168248177948,0
140.064,0.5574867192428526,0.04974311739108886,0.5664226200920441,0.038752177828174264,0.57073125272885,-0.4095486072313555,0
140.096,0.5382867194979614,0.049744145866861794,0.5658944124250176,0.03514831063823122,0.5572765166235054,-0.23166923016853322,0
140.12800000000001,0.5190867196189107,0.04974516274572641,0.4804338272753496,0.04118262871019361,0.515019440899985,-0.12252788489279944,0
140.16,0.4998867195975257,0.04974616562065349,0.4705390236018161,0.008928346806289185,0.48570727399596564,-0.06994479972989467,0
140.192,0.48068671943479685,0.04974715298648811,0.4827740057204832,0.031557670998429224,0.4730139667005166,-0.02934322865127642,0
140.224,0.46148671914080164,0.04974812433708522,0.433617967287994,0.06613486425713594,0.4457355669497711,0.008848581773006299,0
140.256,0.4422867187340458,0.04974908019803008,0.43721111123827616,0.06713549738859842,0.4308057846790106,0.032163912537137955,0
140.288,0.4230867182402703,0.04975002209282631,0.412919611749906,-0.009986721001619792,0.41213131552085824,0.01530421624313312,0
140.32,0.4038867176907999,0.04975095244472749,0.41276473706641764,0.007914746035867296,0.400864684152319,0.012348979708440242,0
140.352,0.38468671712053887,0.04975187442053831,0.39018879557302205,0.016465450977888443,0.3850743287336904,0.013996116373220574,0
140.38400000000001,0.3654867165657381,0.04975279172645733,0.3789304160635484,0.0432903334547722,0.3710967636786875,0.02571435037197428,0
140.416,0.3462867160616748,0.049753708369124724,0.3089314006518043,0.04137080720348497,0.3347106184810618,0.03197748174368722,0
140.448,0.3270867156403891,0.04975462839728374,0.3286895278125651,0.00793286771695683,0.32078218222696997,0.02236018861354338,0
140.48,0.30788671532862066,0.049755555640713565,0.24937143241992324,0.04612862117064193,0.28069788231773435,0.0318681200787197,0
140.512,0.2886867151460792,0.04975649346326743,0.2872329357954995,-0.002571010539823393,0.27179190372278383,0.01809303397091505,0
140.544,0.2694867151041603,0.04975744454593798,0.286474772466926,0.051441173968214925,0.26614505123481125,0.031432865045417924,0
140.576,0.2502867152051936,0.04975841071393808,0.29604981380309536,0.07915338358249024,0.2665869562769669,0.050521657133792336,0
140.608,0.23108671544227588,0.04975939281894469,0.2642218229034444,0.01580161904200756,0.25412090294288825,0.036634236211154234,0
140.64000000000001,0.21188671579970433,0.04976039068410121,0.19393233837601148,0.09668811369265133,0.21852547713194193,0.06065639057871063,0
140.672,0.19268671625398417,0.04976140311532647,0.17705483879464032,0.05220751067524163,0.1904172218132522,0.0572774498886237,0
140.704,0.17348671677534772,0.049762427978207756,0.1461157021683876,0.09299463021047025,0.16117661397188407,0.07156493951061421,0
140.736,0.1542867173296851,0.04976346233552639,0.10953956938298286,0.04544327920187174,0.12900179615314006,0.06111689702598672,0
140.768,0.13508671788075916,0.049764502636558364,0.15786359363150018,0.06683549657532406,0.1290265151614106,0.0634049602857706,0
140.8,0.11588671839255787,0.049765544945952506,0.12672838944623221,0.08007627529022027,0.11658726489223634,0.07007410906736666,0
140.832,0.09668671883162785,0.0497665851974353,0.047909671796098764,0.03532916525147861,0.07759622767051069,0.05617675124090004,0
140.864,0.07748671916923591,0.04976761945598935,0.0607746959474793,-0.0076067955242382634,0.05934761499773437,0.030663946932844983,0
140.89600000000002,0.05828671938321782,0.04976864417160137,0.07560724901879137,0.019742458221525774,0.054331468622198176,0.02629595866349386,0
140.928,0.03908671945939569,0.04976965640821618,0.02334489202038018,0.023200039323566412,0.030416837997045865,0.025058189541282194,0
140.96,0.01988671939247599,0.049770654033127415,0.03574056162716292,0.07605531164583107,0.021026327464166095,0.04545762753071705,0
140.992,0.0006867191863739915,0.0497716358545867,0.014402071763944986,0.04614486945266798,0.006856625198650404,0.04573310372592998,0
141.024,-0.018513281146051754,0.049772601698747615,-0.020725806785860626,0.006101109500284786,-0.01569634758104754,0.02988087611208147,0
141.056,-0.03771328158383444,0.0497735524209753,-0.00953949676612777,0.06687384927330353,-0.024753607241376676,0.04467862707645047,0
141.088,-0.056913282099248105,0.049774489850785,-0.03481913241924498,0.029379670207742525,-0.040299817299139964,0.03855959916543098,0
141.12,-0.07611328265958407,0.04977541667395375,-0.0004436604500940994,0.0412616042587982,-0.035877354546356995,0.03964095113103592,0
141.15200000000002,-0.09531328322924315,0.04977633625940422,-0.09742103992697154,0.04802643577387418,-0.07201482868554962,0.04299569227948968,0
141.184,-0.11451328377201266,0.049777252442021136,-0.11915775264278038,0.018600597659094848,-0.10239199825538928,0.03323820152659622,0
141.216,-0.13371328425338586,0.04977816927540429,-0.09154051643663166,0.02115604162689267,-0.10957140551472502,0.028405886919039273,0
141.248,-0.1529132846427779,0.04977909077050002,-0.18490801757100517,0.05731869783506796,-0.15122605032386408,0.03997156520198888,0
141.28,-0.17211328491549763,0.04978002063696468,-0.13675248892381103,0.08137207970814297,-0.15695662575016467,0.05653233149760521,0
141.312,-0.1913132850543478,0.04978096204393589,-0.19551731751289508,0.0684643818188114,-0.1839009024411944,0.06130572028371996,0
141.344,-0.21051328505074918,0.04978191741563638,-0.16635815939052095,0.014458879633336925,-0.1884038052064182,0.042567561906569226,0
141.376,-0.22971328490531062,0.0497828882749891,-0.18399015313827305,0.04157544213842674,-0.19815834436417298,0.04217130157315402,0
141.40800000000002,-0.2489132846278058,0.04978387514532846,-0.2788974235573925,0.06211130902823035,-0.24197397602598608,0.05014790165984506,0
141.44,-0.268113284236553,0.04978487751654798,-0.2443603568920526,0.0198317374500722,-0.2544485283564753,0.03802204183616238,0
141.472,-0.28731328375723597,0.04978589387787204,-0.27910742587510673,0.08947523755133352,-0.275832087347586,0.058603933397462206,0
141.504,-0.3065132832212415,0.04978692181514659,-0.3152768992386183,0.03388424412625477,-0.30313001208734214,0.04871667655972063,0
141.536,-0.3257132826636228,0.04978795816638551,-0.36706261588640926,0.051860564517297494,-0.34022305359011296,0.04997485402783514,0
141.568,-0.3449132821208236,0.04978899922555248,-0.31947855117054397,0.06720971965513446,-0.3434452526053636,0.05686942357592738,0
141.6,-0.3641132816283134,0.04979004098144906,-0.3578190694532934,0.048386099665376485,-0.36071477932768864,0.053476715852492064,0
141.632,-0.38331328121829117,0.04979107937631344,-0.3366846899201387,0.04938467446345731,-0.36262274354803214,0.05184051730572394,0
141.66400000000002,-0.40251328091760774,0.04979211056745937,-0.4151407760280034,0.037596172952620605,-0.39514995652371354,0.04614339161194402,0
141.696,-0.421713280746041,0.04979313117508575,-0.40592234002192246,0.000813813393675665,-0.4109789099071123,0.028012164664708933,0
141.728,-0.4409132807150344,0.04979413850027438,-0.42812503583975764,0.06996451541955967,-0.4293573602647677,0.044793700349401944,0
141.76,-0.4601132808269759,0.049795130699112546,-0.477273465161601,0.03743050621192227,-0.4600438022086039,0.041849008446650814,0
141.792,-0.4793132810750602,0.04979610690170384,-0.4627864432484695,0.07417622916125925,-0.4726608586101466,0.054780472801252166,0
141.824,-0.4985132814437383,0.04979706726838238,-0.5045604398072228,0.06270139135161118,-0.4969406910750229,0.05794940717742139,0
141.856,-0.5177132819097231,0.049798012979496986,-0.5622481071734746,0.05151455500918371,-0.534583657500828,0.05537602531116695,0
141.888,-0.5369132824434852,0.049798946159414464,-0.5483741926016348,0.018948603885903893,-0.5516198715278635,0.040805609457274544,0
141.92000000000002,-0.556113283011143,0.04979986973963623,-0.5372867252449263,0.07466643324164722,-0.5574066130015868,0.05435048747733684,0
141.952,-0.5753132835766293,0.049800787269851036,-0.6418789499663,0.05558027453081209,-0.6027155477744461,0.054842948941082395,0
141.984,-0.5945132841039987,0.04980170268910353,-0.5953648352758819,0.026343676217967245,-0.6112952627619594,0.04344378709593588,0
142.016,-0.6137132845597313,0.04980262007183307,-0.651624019100718,0.10793250467453462,-0.6389467652842589,0.0692398243996915,0
142.048,-0.6329132849148872,0.04980354336515704,-0.6310797632074938,0.05304458082443034,-0.6473199644401055,0.06276228250088206,0
142.08,-0.6521132851469751,0.04980447613433836,-0.6269469074028227,0.030909405811821857,-0.6506907416114123,0.05002169450671285,0
142.112,-0.6713132852414131,0.04980542133284847,-0.6738092092771323,0.029899765894759053,-0.671458128663514,0.0419734943231557,0
142.144,-0.6905132851924849,0.04980638111185175,-0.7195657085837968,0.1254072099718349,-0.7022211606169815,0.0753475612994223,0
142.17600000000002,-0.7097132850037258,0.04980735668139673,-0.7020536708308698,0.024260833230351515,-0.7136741646874049,0.054913460509613196,0
142.208,-0.7289132846877091,0.04980834823226731,-0.7590061901357019,0.0004551621904958711,-0.7433269748511082,0.033130740978726106,0
142.24,-0.7481132842652436,0.04980935492353797,-0.7553744964256122,0.06134032826552984,-0.7596659834648465,0.04441518408279508,0
142.272,-0.7673132837640307,0.04981037493664335,-0.7401543389566901,0.07784162268229494,-0.7633813256451414,0.05778637459613379,0
142.304,-0.7865132832168706,0.049811405592485945,-0.7993217708775674,0.07445508310117895,-0.7892775037213888,0.06445447800262424,0
142.336,-0.805713282659533,0.049812443524043175,-0.7647492214881271,0.05772140911094848,-0.7909861908112035,0.06176187310911346,0
142.368,-0.8249132821284353,0.0498134848933558,-0.8396040530892871,0.04192155298500101,-0.8219533357055357,0.05382636793653908,0
142.4,-0.8441132816582815,0.04981452563891778,-0.8567322884876379,-0.001643201884940465,-0.8473849168015952,0.03163916063922251,0
142.43200000000002,-0.8633132812798175,0.04981556173752277,-0.8425384890810428,0.039304132294477406,-0.8569663456968443,0.03470576537075944,0
142.464,-0.8825132810178506,0.04981658946368832,-0.8848657433740212,0.005520330201339754,-0.8796461047515483,0.023032200787557352,0
142.496,-0.9017132808896585,0.0498176056299291,-0.8899178557337524,0.023221821163108513,-0.8952748051287092,0.023108650237953207,0
142.528,-0.9209132809038909,0.049818607792381016,-0.8856815379728349,0.07747810841691606,-0.902957498251133,0.04485702555251448,0
142.56,-0.9401132810600289,0.049819594408508784,-0.8993986041979133,0.06644027245475718,-0.913053940615125,0.053490906622356976,0
142.592,-0.959313281348433,0.04982056493671658,-0.9378887423305821,0.04429716047329502,-0.934507861287071,0.04981398088763708,0
142.624,-0.9785132817509732,0.04982151987142755,-1.0069633272454537,0.08288591217067187,-0.9750100476566169,0.06304331730895747,0
142.656,-0.9977132822421977,0.04982246071135728,-0.9722561643026816,0.07195230897335828,-0.9854284943015875,0.06660747040114356,0
142.68800000000002,-1.0169132827909653,0.04982338986301763,-0.9783767382508866,0.016170982470484957,-0.9941277918681084,0.04643342599061047,0
142.72,-1.0361132833624371,0.04982431048566535,-1.078356679400825,0.0070925043726207115,-1.039339346868147,0.030697604622202865,0
142.752,-1.055313283920304,0.04982522628768627,-1.0360169222699316,0.04983639181373943,-1.0495303770158528,0.038353665700548455,0
142.784,-1.07451328442911,0.049826141287541384,-1.0729831579926814,0.003579550006174159,-1.0704314893935056,0.024444567022367632,0
142.816,-1.0937132848565263,0.04982705955468577,-1.076641476288892,0.04508487781702721,-1.084435484138405,0.03270124272195732,0
142.848,-1.1129132851754309,0.049827984947164394,-1.066669523403887,0.059246294114905916,-1.0888490998310685,0.04331982058299172,0
142.88,-1.1321132853656632,0.04982892086280379,-1.078242068387282,0.07315910040289061,-1.096126287239666,0.055256097494527465,0
142.912,-1.151313285415336,0.049829870020042126,-1.125705534320703,0.05540445809322177,-1.1194779860577666,0.05531601565911798,0
142.94400000000002,-1.1705132853216194,0.049830834282530066,-1.18878476497006,0.04099049281314428,-1.1587206976078983,0.049586390071974656,0
142.976,-1.1897132850909395,0.04983181453881659,-1.1396850343152747,0.08603536709703787,-1.162626432275574,0.06416657412252214,0
143.008,-1.2089132847385777,0.049832810644881216,-1.154200853498544,0.07106206580090574,-1.1707762007490106,0.0669253731611865,0
143.04,-1.2281132842876903,0.049833821433228016,-1.2366660775263365,0.04137116513018806,-1.20865215144376,0.05670430029093168,0
143.072,-1.2473132837678134,0.049834844787965876,-1.2724738978125372,0.04377456616720218,-1.2457008499747388,0.0515330232911653,0
143.104,-1.2665132832129478,0.049835877781048026,-1.2533223622639396,0.04020160603517987,-1.260269454873644,0.047001077270929156,0
143.136,-1.2857132826593527,0.0498369168609004,-1.2279059425788013,0.08282136050993107,-1.258844049938817,0.06132981333179574,0
143.168,-1.304913282143193,0.04983795808129106,-1.3532356636366072,0.02358201144125933,-1.308120695401068,0.046231314751873406,0
143.20000000000002,-1.3241132816981964,0.049838997355695226,-1.3143308668084548,0.025478094416508987,-1.322124763947322,0.03793064576957287,0
143.232,-1.343313281353475,0.04984003072076251,-1.322031586090231,0.045184188515882504,-1.3336074927880754,0.04083267675366771,0
143.264,-1.3625132811316525,0.04984105459190107,-1.3580080389109876,0.01836259727384469,-1.3548877112212243,0.03184525167744035,0
143.296,-1.3817132810474169,0.04984206599449679,-1.436197526516944,0.0426634351462093,-1.3989316373239626,0.03617312316823172,0
143.328,-1.4009132811065903,0.04984306275585083,-1.3948036006317392,0.13010379408998973,-1.408800422632027,0.07374598013940929,0
143.36,-1.42011328130577,0.049844043645448435,-1.469488984889389,0.08262682742795349,-1.444595847520429,0.07729889787966213,0
143.392,-1.4393132816325604,0.04984500845450017,-1.417909826453936,-3.456049128566785e-05,-1.445441439079759,0.04636608393119047,0
143.424,-1.4585132820663786,0.049845958009611724,-1.5131382926197074,0.04331159555178107,-1.4840401804820735,0.04514484951404625,0
143.456,-1.4777132825797776,0.04984689411968683,-1.5015190706594803,0.05770266153092667,-1.5025517365396945,0.05016852829494092,0
143.488,-1.4969132831402037,0.049847819459473273,-1.487640962532866,0.04021846346715356,-1.508107426923845,0.04618905133054528,0
143.52,-1.516113283712078,0.049848737397250896,-1.541821522769555,0.03875212226395351,-1.5331130652491263,0.04321482593864512,0
143.552,-1.5353132842590709,0.049849651777763876,-1.5182563646939393,-0.0035455670785832366,-1.5386903850140528,0.024511214685659106,0
143.584,-1.5545132847464265,0.04985056667438682,-1.5317133565055332,0.05900953952476175,-1.5474195735975407,0.03831109276320461,0
143.616,-1.5737132851431939,0.04985148612650179,-1.5244629008351251,0.03243018021882911,-1.5497569044792607,0.03595928040265855,0
143.648,-1.5929132854242207,0.049852413879016205,-1.614462534538594,0.01312314811755079,-1.587159156489377,0.026825386696779717,0
143.68,-1.6121132855717826,0.04985335314081718,-1.6248841162264258,0.020303806723949783,-1.6137691403701964,0.0242173220794602,0
143.712,-1.63131328557674,0.04985430637773737,-1.653299279343517,0.04092623855064585,-1.64110119594508,0.03090146528902837,0
143.744,-1.6505132854391449,0.0498552751533848,-1.655756185756598,0.10109715630699932,-1.6584831918547616,0.05898032805504659,0
143.776,-1.669713285168254,0.049856260028105906,-1.683249978534389,0.09016486641654409,-1.6799099065111973,0.0714547393558593,0
143.808,-1.6889132847819421,0.04985726052260738,-1.722772132979565,0.04725140457755832,-1.7085747970826637,0.06177401023788045,0
143.84,-1.708113284305555,0.04985827514859439,-1.7110102063407109,0.07302433295285685,-1.7210689607695935,0.06627475162305083,0
143.872,-1.7273132837702687,0.04985930150446732,-1.6961843586154635,0.08409038734099833,-1.7226351198913326,0.07340162389862237,0
143.904,-1.7465132832110692,0.049860336429925205,-1.7080037397089194,0.03780574586933263,-1.7283025678015544,0.05916389417955362,0
143.936,-1.7657132826644824,0.0498613762095251,-1.749811227349438,0.04053009441367539,-1.7484260316038245,0.05171099685759374,0
143.968,-1.7849132821662057,0.04986241681209062,-1.7543701050890714,0.05173976763631124,-1.7623236609811106,0.05172312636063968,0
144.0,-1.8041132817487984,0.04986345415054622,-1.7702187960560463,-0.005610236643007867,-1.7770017149944795,0.02879039856143521,0
144.032,-1.8233132814395812,0.04986448434543162,-1.8367842452185015,0.01725411205882975,-1.812434727067811,0.02417649541951773,0
144.064,-1.8425132812588825,0.04986550397510805,-1.8558103843253735,0.02696726850295772,-1.841304989954981,0.025293408396649633,0
144.096,-1.861713281218741,0.04986651029651794,-1.8464398467361316,0.041294793872427245,-1.8548789326520696,0.0316945573390729,0
144.12800000000001,-1.8809132813221465,0.04986750142225435,-1.8409925381427,0.07335984837343498,-1.8608443748334589,0.04836125881541131,0
144.16,-1.900113281562864,0.04986847644250669,-1.8869426751111515,0.0928025308846164,-1.8828036949301707,0.06613834294185983,0
144.192,-1.919313281925845,0.04986943548400193,-1.92701980647904,-0.02207862325407641,-1.9120101395358071,0.030852122552649984,0
144.224,-1.9385132823882003,0.0498703797021207,-1.9735037880039317,0.04698206552836186,-1.9481275989095295,0.03730465776969924,0
144.256,-1.9577132829206694,0.049871311206677774,-1.9615202414466684,0.029106966283912968,-1.9650046559111507,0.03402613280611598,0
144.288,-1.9769132834894911,0.04987223292613425,-1.9503534123973443,0.05568608860393638,-1.9706641584925837,0.04269066243816198,0
144.32,-1.9961132840585607,0.0498731484189818,-1.9970200554862925,0.02374067916450702,-1.9927265172771025,0.035111214479972015,0
144.352,-2.0153132845917376,0.04987406164444822,-2.0416541549997844,0.0584915471808395,-2.0238175723531784,0.044463893432197546,0
144.38400000000001,-2.0345132850551586,0.04987497670729963,-1.987945521732781,0.031447533087821174,-2.0209887520918826,0.039257898135222256,0
144.416,-2.0537132854194136,0.04987589759318637,-2.033239598757814,0.059196799701864096,-2.0374090907448767,0.04723401282798362,0
144.448,-2.072913285661441,0.04987682791159429,-2.068342299374011,0.06639100949212029,-2.0613023741828203,0.05489737270407616,0
144.48,-2.092113285766025,0.049877770662974386,-2.0822472576971123,0.10589935211163631,-2.081200327574421,0.07529873427959397,0
144.512,-2.1113132857267924,0.049878728045069216,-2.1389596712044256,0.10236381868540716,-2.1158240650118465,0.08612534735876304,0
144.544,-2.1305132855466398,0.04987970131093001,-2.142816177760629,0.07114060212017334,-2.138140910096295,0.08013203837302445,0
144.576,-2.1497132852375636,0.04988069068779209,-2.153074500315137,0.01496824912048865,-2.155634346168281,0.05406712123046599,0
144.608,-2.168913284819895,0.049881695362055646,-2.2037505516977816,0.024305015055594893,-2.1864008283640786,0.042162885813008685,0
144.64000000000001,-2.188113284320992,0.049882713531361214,-2.1611797804611017,0.04508885621358649,-2.187832409186501,0.04333388801575868,0
144.672,-2.207313283773469,0.049883742520426835,-2.175138841726662,0.003211936996919483,-2.194274982185893,0.027285726684251006,0
144.704,-2.2265132832130825,0.04988477895320363,-2.254833112414056,0.07170630403181562,-2.230018234260323,0.045054579449761586,0
144.736,-2.245713282676414,0.04988581897027596,-2.2788049600406812,0.13677145061894588,-2.2610529245556057,0.08174195003186473,0
144.768,-2.264913282198499,0.04988685847750968,-2.302647845226169,0.03929038676140273,-2.2892108928070867,0.06476194464277962,0
144.8,-2.2841132818105647,0.04988789340993411,-2.260911845927218,0.040611635298723595,-2.2894112740386445,0.0551024362849878,0
144.832,-2.3033132815380175,0.049888919993852254,-2.2875926246380422,0.0025538990419465904,-2.3002038142622716,0.03408363017490766,0
144.864,-2.3225132813988174,0.04988993499028029,-2.318932640493452,0.0986978570541695,-2.3192153447390593,0.05992992149065687,0
144.89600000000002,-2.3417132814023347,0.04989093590401249,-2.31740695478835,-0.04849461897167498,-2.330011988743589,0.016560696544600222,0
144.928,-2.3609132815487635,0.0498919211448161,-2.3463346637290416,0.04156258396024012,-2.3480610587230943,0.0265620329220876,0
144.96,-2.3801132818291224,0.049892890130341525,-2.3728113298458515,0.0419587033716039,-2.369481167158011,0.032721272815249405,0
144.992,-2.3993132822258425,0.049893843324085745,-2.375714047761861,0.04360835977427502,-2.3834943193858003,0.037076670368249465,0
145.024,-2.418513282713898,0.04989478220593425,-2.440891926043306,0.050423578635657135,-2.4179733620354096,0.042415988830332214,0
145.056,-2.4377132832624078,0.04989570917715176,-2.4323530553595902,0.08484968943715092,-2.4352452393519513,0.05939001843388478,0
145.088,-2.456913283836608,0.04989662740592105,-2.4271477156372097,0.0995399730308698,-2.443526229853079,0.07545054603230711,0
145.12,-2.4761132844000726,0.04989754062336642,-2.516153051027908,-0.008369124815911781,-2.4840969583100794,0.04192322227639971,0
145.15200000000002,-2.4953132849170383,0.04989845288319184,-2.491293255717522,0.05788025266195076,-2.498495477260057,0.04830658033826988,0
145.184,-2.514513285354696,0.04989936830041738,-2.5621832940890874,0.06555116025083052,-2.535490603978495,0.055204961950073475,0
145.216,-2.5337132856852973,0.04990029078604759,-2.528998328235208,0.057599887261159,-2.544413693667733,0.056163487633848125,0
145.248,-2.5529132858879477,0.04990122379477432,-2.601874887165432,0.04220173673585359,-2.578918171053007,0.05057935053827853,0
145.28,-2.5721132859499627,0.04990217010198119,-2.5401239628566192,0.09077434452371974,-2.5749204877602185,0.06665792039466717,0
145.312,-2.5913132858677033,0.0499031316244357,-2.5554706607304136,0.03575411621837989,-2.57866055693359,0.054296980698101856,0
145.344,-2.6105132856468267,0.049904109296243344,-2.6245400804648678,0.09013961252526512,-2.608532366330901,0.06863462520038335,0
145.376,-2.6297132853019374,0.0499051030080839,-2.5975498014372267,0.04055867145789198,-2.615659340357751,0.05740484472471313,0
145.40800000000002,-2.648913284855654,0.0499061116136765,-2.679771606607004,-0.0018964366641811142,-2.652824246841336,0.03368494129451352,0
145.44,-2.6681132843371516,0.04990713300309085,-2.6336746694380233,0.03967409198641831,-2.6566844158635385,0.03608121713000917,0
145.472,-2.687313283780275,0.04990816423821587,-2.6781935600588804,0.03498864650446787,-2.6768080735249535,0.03564480878388269,0
145.504,-2.7065132832213465,0.0499092017416915,-2.668502445713716,0.10287698847026384,-2.6850058223836157,0.06253830253687054,0
145.536,-2.7257132826968156,0.04991024152715791,-2.716475277099169,0.08615065046209873,-2.709113604253015,0.07198386305842835,0
145.568,-2.7449132822408995,0.04991127945601002,-2.7208115926266023,0.021836466696012916,-2.7253127995857898,0.051925522867520786,0
145.6,-2.7641132818833785,0.04991231150412538,-2.7334731106052175,0.009899347242071643,-2.740096923977191,0.035115665693715076,0
145.632,-2.783313281647682,0.049913334021380595,-2.7682952037485813,0.07483181292609772,-2.7628962358697735,0.051002730442368194,0
145.66400000000002,-2.802513281549394,0.04991434396722428,-2.8157587177358496,0.053309651575136535,-2.795561228600701,0.051926096050282027,0
145.696,-2.8217132815952617,0.049915339107105744,-2.838225099859412,0.019426178795435445,-2.8241467770891924,0.038926716680534795,0
145.728,-2.8409132817827816,0.0499163181570712,-2.817423890037889,0.07962772568154272,-2.8329776222541887,0.0552076978870817,0
145.76,-2.8601132821003707,0.0499172808671716,-2.8293883730481637,0.06972939999456015,-2.8430619225577747,0.06101694674499918,0
145.792,-2.8793132825281167,0.04991822803826416,-2.769117249449559,0.04940488650106204,-2.8250040533009004,0.05637268202306044,0
145.824,-2.8985132830390556,0.04991916147107944,-2.9219802202978062,-0.0009637453599934745,-2.8753145200864054,0.03343866331424752,0
145.856,-2.9177132836008934,0.04992008385079214,-2.9328475280416146,0.04671177151412898,-2.909847723255462,0.03874845367471705,0
145.888,-2.9369132841780643,0.04992099857449275,-2.9349899918684956,0.06924673773988155,-2.931424630687768,0.05094831151747596,0
145.92000000000002,-2.956113284733999,0.04992190953264223,-2.963777381934363,0.004210700034577401,-2.9558857311735065,0.03225381076189841,0
145.952,-2.975313285233456,0.04992282085856378,-2.9971323968974843,0.05551148772101532,-2.9839043974500945,0.041557427513276,0
145.984,-2.994513285644779,0.04992373666209472,-3.02173530153294,0.013273896833384563,-3.010556759070021,0.03024456571120534,0
146.016,-3.0137132859419293,0.04992466076455042,-3.0149280420491777,0.08012262205802412,-3.0238252722481676,0.050196345303651246,0
146.048,-3.032913286106167,0.04992559645207812,-3.0317036840180704,0.05546202111432586,-3.0384966369422273,0.05230318092233914,0
146.08,-3.05211328612727,0.04992654626330543,-3.0569413338911215,0.01964919696115922,-3.0573945157074363,0.039242161997842466,0
146.112,-3.07131328600421,0.04992751182498873,-3.0884361457940863,0.04876461674153136,-3.081331167727262,0.043051728440693784,0
146.144,-3.090513285745236,0.04992849374628567,-3.064923090968813,0.056254639567315495,-3.086287937008552,0.048333487202880235,0
146.17600000000002,-3.1097132853673566,0.04992949157850982,-3.124069349133959,0.06050311515144602,-3.112920501842912,0.053201941708771586,0
146.208,-3.1289132848952534,0.049930503843014465,-3.1138376544678987,0.013547993007674772,-3.1248073628766875,0.0373409732343134,0
146.24,-3.1481132843596917,0.049931528125469846,-3.1692021861816246,0.042994151798124124,-3.154085292182115,0.03960286151124606,0
146.272,-3.167313283795534,0.04993256123052232,-3.1336317747526317,0.0371472555893355,-3.1574238851935634,0.03862123962427099,0
146.304,-3.186513283239487,0.04993359938693353,-3.17167367692984,0.03592322080181903,-3.1746438018712397,0.0375426537538313,0
146.336,-3.2057132827277335,0.049934638490037375,-3.1620540022890253,0.06908760102412065,-3.1811278820215865,0.05016125296291912,0
146.368,-3.224913282293596,0.04993567436593788,-3.2443818407299587,0.1071488226140266,-3.217949465488375,0.07295689731500758,0
146.4,-3.244113281965399,0.04993670304045567,-3.239209382136805,0.049011433718731,-3.2379734321315174,0.06337932234773344,0
146.43200000000002,-3.263313281764655,0.049937720995506786,-3.245003030635364,0.08993547392311677,-3.2523052715172556,0.074002385601093,0
146.464,-3.2825132817046963,0.04993872539638744,-3.268258407851559,0.05556119418012578,-3.270206526035669,0.06662650248195787,0
146.496,-3.3017132817898367,0.049939714275292674,-3.3360384373670366,0.08685465513021431,-3.308059290553429,0.07471834707839067,0
146.528,-3.3209132820151077,0.04994068665919962,-3.2910758030077547,0.01548388954404882,-3.312785895520882,0.05102513758754439,0
146.56,-3.3401132823665893,0.04994164263381278,-3.3610342565707843,0.027541363754272803,-3.343605239927033,0.04163219210418916,0
146.592,-3.359313282822303,0.049942583339377046,-3.3531505363389416,0.033946710132507114,-3.358943358478382,0.038558555043182244,0
146.624,-3.378513283353615,0.049943510898545075,-3.3623483204676736,0.050099312241643726,-3.3718253432609875,0.0431754070145641,0
146.656,-3.397713283927057,0.04994442828085976,-3.376311567131351,0.04191348204914693,-3.385139832796219,0.042671181599306364,0
146.68800000000002,-3.4169132845064496,0.049945339112496975,-3.444885294426432,0.08584822231154335,-3.4205580174354755,0.05994254034083592,0
146.72,-3.436113285055202,0.04994624744344559,-3.4323958498874827,0.0560159975251085,-3.4368131504034207,0.058372466101201864,0
146.752,-3.4553132855386375,0.04994715748705408,-3.4291315455207596,0.04163588431085012,-3.445260508437358,0.0516783792196907,0
146.784,-3.4745132859262067,0.0499480733486681,-3.4889842846341947,0.07727290077257097,-3.4742700189028515,0.06191673895266582,0
146.816,-3.4937132861934423,0.04994899876080239,-3.459073295248092,0.06624561816165347,-3.47971132942737,0.06364884901528724,0
146.848,-3.512913286323535,0.049949936841892854,-3.498195279487934,0.057145742179352796,-3.4986249094376056,0.061048173449061716,0
146.88,-3.532113286308424,0.04995088989417829,-3.544753906455735,0.04523687278239396,-3.5285965082303994,0.05472423009453049,0
146.912,-3.551313286149332,0.049951859253768605,-3.5750640207964404,0.06318008505231867,-3.558703513241859,0.058107159058954416,0
146.94400000000002,-3.5705132858567032,0.04995284520262101,-3.5665163722548545,0.019217344060250833,-3.5733486568316026,0.042551829783243504,0
146.976,-3.589713285449545,0.0499538469481825,-3.5660047247174655,0.020146309478314067,-3.5819310839700282,0.03359022716858896,0
147.008,-3.6089132849542174,0.0499548626721243,-3.5795446240035487,0.060337932479026565,-3.59249649996712,0.04428992205291042,0
147.04,-3.628113284402744,0.04995588964515889,-3.6317828441751017,0.05341479698437639,-3.6197310376336986,0.047940490033258634,0
147.072,-3.6473132838307567,0.04995692440068734,-3.6532761705792254,0.04939345185320856,-3.644669090795123,0.04852229566493055,0
147.104,-3.6665132832752083,0.049957962956237265,-3.613209877113158,0.049919150765592224,-3.6436054053055194,0.04908165895723876,0
147.136,-3.6857132827720034,0.04995900106856758,-3.6393317418115503,0.01879034988571116,-3.6534159398912305,0.03696575434906475,0
147.168,-3.704913282353704,0.0499600345061328,-3.665067703031517,0.07036739135947162,-3.669596645130898,0.050327023495698384,0
147.20000000000002,-3.7241132820474574,0.04996105932145549,-3.732065926952377,0.03198044876520722,-3.706104357843417,0.04298900111304363,0
147.232,-3.7433132818732764,0.04996207210592854,-3.7435991245257023,0.0007123047188686074,-3.7326222645007237,0.026078921507895394,0
147.264,-3.762513281842784,0.04996307021066056,-3.7857097474872217,0.11831584913631588,-3.7653772576802345,0.06297428177371461,0
147.296,-3.781713281958492,0.04996405191912122,-3.741392780165418,0.10486310080897224,-3.767303466659755,0.07973038830378526,0
147.328,-3.80091328221366,0.04996501656039834,-3.8158250029197194,0.10078576848238616,-3.798232081149702,0.08815310909090252,0
147.36,-3.820113282592735,0.04996596455566077,-3.832252889817748,0.07239826949740556,-3.823360404603342,0.08185173252149756,0
147.392,-3.839313283072342,0.049966897394675955,-3.837923865724978,0.07781254008738715,-3.8407057890387972,0.08023660672898053,0
147.424,-3.8585132836227594,0.04996781754369669,-3.8611522505751243,0.09702101863007823,-3.8604043736404083,0.08695091646733116,0
147.45600000000002,-3.877713284209786,0.04996872829042034,-3.895166867138631,0.027414712181014312,-3.885829371026944,0.0631369758147915,0
147.488,-3.896913284796887,0.0499696335357507,-3.897935962083414,0.07912810929726283,-3.902192007436828,0.06953396889927235,0
147.52,-3.9161132853474796,0.04997053754550657,-3.9026613734945945,-0.021756825105949347,-3.9138997538471623,0.03301819225915916,0
147.552,-3.934835237083584,0.049971509080836043,-3.9438733426595016,0.012311452242112227,-3.937099814296792,0.024735989187814486,0
147.584,-3.9529651856493575,0.04997235355538521,-3.955442220901335,0.02876847869430015,-3.9552879403914254,0.026349420565977343,0
147.616,-3.9705083046857843,0.04997306430514135,-4.015164239846658,0.05456138321540102,-3.9897415286147853,0.03763459211862695,0
147.648,-3.987481905664873,0.04997368409924589,-3.991347490719782,0.04986452801609994,-4.000550154012997,0.04252691482166221,0
147.68,-4.0039052406704565,0.049974243152475215,-3.9674514576919075,0.06049684596959299,-3.99715102290211,0.0497152078406516,0
147.712,-4.019797274667671,0.049974761753425745,-4.046077207876576,0.0002761830990640826,-4.026246516277302,0.029939899634267738,0
147.744,-4.035176215000599,0.049975254657549005,-4.041725656255869,0.061697565305917065,-4.04165806460127,0.04264325598030286,0
147.776,-4.050059464361456,0.04997573294319667,-4.059125211769674,0.04871561815068562,-4.057569540146629,0.04507248494684232,0
147.808,-4.064463667642151,0.04997620478591177,-4.0730035523079895,0.03780500275278787,-4.072382003301277,0.04216577434443023,0
147.84,-4.078404772284384,0.049976675936629356,-4.07591665026311,0.08975637543314473,-4.082158159672945,0.061202298105901956,0
147.872,-4.091898083948554,0.04997715013828452,-4.087276358359591,0.03290698717211221,-4.092300067525211,0.049884459915402746,0
147.904,-4.104958314561596,0.0499776295202102,-4.10942534686153,0.06825631911867161,-4.106985736053174,0.057233493586049206,0
147.936,-4.117599623300005,0.0499781149615567,-4.16191664936669,0.04270651171713268,-4.136542901743998,0.05142299492066216,0
147.968,-4.129835651673159,0.049978606411252555,-4.146682356200028,0.0559187738356565,-4.1479407707637765,0.05322160445603004,0
148.0,-4.1416795538104845,0.04997910315810078,-4.187517732936139,0.01736170569122262,-4.170878711125027,0.03887794625317158,0
148.032,-4.1531440228708165,0.04997960405069874,-4.106669518231782,0.060421774726709454,-4.152074786538686,0.047495781496238676,0
148.064,-4.164241314311819,0.04998010767091928,-4.1409470141880105,0.059763880709145005,-4.15428331236309,0.05240332666701464,0
148.096,-4.174983266606264,0.04998061246679723,-4.158940880783479,0.0218627498261899,-4.162592906499927,0.04018740206690471,0
148.12800000000001,-4.185381319870678,0.04998111685136049,-4.208055080737977,0.04154474674514648,-4.187018097479455,0.040730645735599105,0
148.16,-4.195446532775615,0.04998161927377159,-4.206463920179425,0.04703031403494558,-4.200837105220765,0.04325081755605348,0
148.192,-4.205189598030856,0.0499821182685084,-4.183043743223886,0.07963629542332787,-4.199567186995268,0.057805311008211346,0
148.224,-4.214620856678782,0.049982612487481336,-4.203406807576833,0.040694345429592424,-4.206763394947975,0.050961224064723865,0
148.256,-4.223750311381913,0.04998310071913116,-4.202420443206205,0.04228555451537271,-4.210505493805057,0.047491251781227505,0
148.288,-4.232587638853192,0.04998358189776377,-4.215647376117797,0.04818836540948863,-4.217866240753414,0.04777038837477092,0
148.32,-4.241142201548167,0.04998405510569953,-4.3055481688390715,0.10846130330946555,-4.258073329323288,0.07204704054725287,0
148.352,-4.249423058714903,0.049984519570248596,-4.287665958315445,0.029139697187956757,-4.274880450651837,0.05488438399899591,0
148.38400000000001,-4.257438976879085,0.04998497465707026,-4.28090373387274,0.028526763373874865,-4.282100841214126,0.04434161076721082,0
148.416,-4.265198439827174,0.049985419861114044,-4.253756854054976,0.07965164649141954,-4.2754204179955035,0.05846589400327923,0
148.448,-4.27270965813902,0.04998585479605692,-4.288792324530421,0.047954704377837554,-4.285277370565787,0.0542616808053816,0
148.48,-4.279980578312132,0.049986279182931796,-4.284076236348202,0.077651369108313,-4.28916089144338,0.06361781232761257,0
148.512,-4.287018891512604,0.049986692838471035,-4.312077637915172,0.09747802047134962,-4.302551962929313,0.07716214523550799,0
148.544,-4.293832041981896,0.0499870956635544,-4.273797522056526,0.013990882363523943,-4.295139423863892,0.05189388313740486,0
148.576,-4.300427235124095,0.04998748763204543,-4.33179820194774,0.09505869059699318,-4.313761359892052,0.06916004256657221,0
148.608,-4.306811445294595,0.049987868780219026,-4.257473679287624,0.10687302974131592,-4.295078084736517,0.08424546730764666,0
148.64000000000001,-4.31299142330819,0.04998823919691641,-4.309993939894614,0.008688400482232995,-4.304753647050672,0.054022863936509284,0
148.672,-4.318973703682228,0.04998859901451197,-4.298769205244415,-0.013693440373209853,-4.305950435001186,0.026936559146806312,0
148.704,-4.324764611628529,0.049988948400737816,-4.309690424532022,0.016798815776329183,-4.310922135703322,0.022881672415620388,0
148.736,-4.3303702698062585,0.04998928755137721,-4.310605309613947,0.007492173053216887,-4.314159924724775,0.016726077094125828,0
148.768,-4.33579660484664,0.0499896166838167,-4.343719678775049,0.045255013053166926,-4.329240717165049,0.028137849843454587,0
148.8,-4.341049353659392,0.049989936031424625,-4.346163380646955,0.09397719065906682,-4.339162487745176,0.054473778622264324,0
148.832,-4.346134069529894,0.04999024583871472,-4.362161395089384,0.035344660767015174,-4.351413903092998,0.04682231817017904,0
148.864,-4.3510561280153475,0.049990546357238486,-4.3082448173393875,0.04291279647434716,-4.3371004946569585,0.045258690573509106,0
148.89600000000002,-4.355966760350535,0.04999082030451321,-4.313884170957989,0.01887289332119453,-4.3307681910425675,0.03470455611053473,0
148.928,-4.356311701990635,0.058948354131711414,-4.3281909375088885,0.05239451488356411,-4.329736930021318,0.041780539630355745,0
148.96,-4.35631024442292,0.06856119290939663,-4.35352045770642,0.07606059255895373,-4.339250511028746,0.055492560795245144,0
148.992,-4.356249995337311,0.07826224925334582,-4.366220716451531,0.04348711268001615,-4.350038815207259,0.05069038154204497,0
149.024,-4.3561877109598335,0.08795867101912695,-4.392612334648454,0.02993104426427979,-4.367068407414527,0.04238664662669004,0
149.056,-4.3561348387463035,0.09763753226963573,-4.389674885761519,0.12242469320743637,-4.376111131450456,0.0744018652571081,0
149.088,-4.35609214774184,0.10729999880841748,-4.343792057960197,0.057238826627980494,-4.363183583680847,0.06753664980497055,0
149.12,-4.356058166378124,0.11694913364487389,-4.359425085532438,0.12968355330107578,-4.361680218751733,0.09239541120346528,0
149.15200000000002,-4.356031212668798,0.1265877459752178,-4.351180337622673,0.14196658392449518,-4.357480257468833,0.11222388029180322,0
149.184,-4.3560098295670615,0.13621811207138435,-4.350223834181415,0.14111443022605732,-4.354577639868097,0.12378010026479513,0
149.216,-4.355992835099893,0.1458420256396964,-4.3536846325660035,0.19773075344687288,-4.354220352284516,0.1533603615358835,0
149.248,-4.355979288554238,0.15546088961973198,-4.270763347913759,0.15330579275516992,-4.320837431968979,0.15333853402050032,0
149.28,-4.355968445611908,0.16507579871868555,-4.337462544229134,0.14301801772945108,-4.327487326384838,0.14921032749935773,0
149.312,-4.355959718519902,0.174687606414743,-4.386025519863115,0.13106593654588417,-4.350902423005057,0.14195257111138954,0
149.344,-4.355952643619043,0.18429697801542475,-4.3427740527821515,0.18748234265221986,-4.3476508652927635,0.16016447971909165,0
149.376,-4.355946855485451,0.1939044323311057,-4.315428124167596,0.1804842676646273,-4.334761531708196,0.16829239488646583,0
149.40800000000002,-4.355942066465449,0.2035103742728406,-4.33936096705385,0.2260258854473829,-4.336601042540928,0.19138579109766396,0
149.44,-4.3559380504939655,0.2131151202758027,-4.371849977174334,0.20112166513396637,-4.3507003283198955,0.1952801406966138,0
149.472,-4.355934630290802,0.22271891807791003,-4.320752731934999,0.1930781498538867,-4.338720978423675,0.19439934434152378,0
149.504,-4.355931667217701,0.23232196207366268,-4.357478159289305,0.1924989947930682,-4.346223517775478,0.19363920450173888,0
149.536,-4.355929053233106,0.2419244052113555,-4.369385673827986,0.25312608699904493,-4.355488027279302,0.21743395747792937,0
149.568,-4.355926704503184,0.25152636819867186,-4.2944166103108365,0.2402679269457824,-4.331059089481923,0.22656754524013084,0
149.6,-4.355924556322787,0.26112794661868,-4.379093379520727,0.23150237018690767,-4.350272418303148,0.22854147519185772,0
149.632,-4.355922559074321,0.2707292164280976,-4.276189000913485,0.27271175520469554,-4.320638649928695,0.2462095871681645,0
149.66400000000002,-4.355920675010461,0.2803302382062181,-4.393696462881391,0.30048331943921175,-4.349861361448797,0.2679190800461384,0
149.696,-4.355918875691956,0.28993106044101197,-4.3597308213740344,0.2386049912969653,-4.353808721489301,0.2561934445146552,0
149.728,-4.355917139947213,0.29953172207441386,-4.333716064729722,0.3278761983186768,-4.345771226524063,0.28486654600333994,0
149.76,-4.355915452248148,0.30913225447823306,-4.37804398861274,0.40001851167949093,-4.358679892639579,0.3309273322400286,0
149.792,-4.355913801418611,0.31873268299264884,-4.371662701862808,0.3529686657330153,-4.363872572936593,0.3397438656028615,0
149.824,-4.355912179608861,0.32833302812858406,-4.3957341667022645,0.35045196803561246,-4.376616764057391,0.3440271065412568,0
149.856,-4.355910581483095,0.33793330651152514,-4.406881288368309,0.3269653374248345,-4.388722125958736,0.3372023988598696,0
149.888,-4.355909003577754,0.34753353162608397,-4.336094848516072,0.3645711925054811,-4.3676707671405275,0.3481499162833921,0
149.92000000000002,-4.355907443796765,0.3571337144065764,-4.335750068698564,0.32784266578647175,-4.354902041178521,0.3400270160501837,0
149.952,-4.355905901016639,0.3667338637081784,-4.370206399295658,0.34526027889100364,-4.3610233402188925,0.342120321152513,0
149.984,-4.355904374779646,0.3763339866850557,-4.3349855457238045,0.3669824570136181,-4.350607781561923,0.35206517546353117,0
150.016,-4.355902865057596,0.38593408909565813,-4.3257996329162856,0.36116924620023516,-4.340684085407081,0.3557068037254703,0
150.048,-4.355901372072126,0.3955341755506636,-4.359380286105932,0.3908683756919533,-4.348162133815599,0.3697714324800834,0
150.08,-4.355899896160148,0.40513424971549344,-4.337162430766961,0.4235968183316447,-4.3437618260668796,0.3913015867895467,0
150.112,-4.35589843767526,0.4147343144766159,-4.303057048418498,0.39320547757071556,-4.327479494195562,0.39206314307170614,0
150.144,-4.355896996917739,0.42433437207880753,-4.347448628871129,0.4313768769882379,-4.335466733213899,0.4077886366088779,0
150.17600000000002,-4.355895574087091,0.4339344242389803,-4.351990297901733,0.4459137202413396,-4.3420757503163525,0.4230386700332848,0
150.208,-4.35589416925232,0.44353447224099274,-4.359128158209478,0.44682624216936306,-4.3488963107857295,0.43255369885998235,0
150.24,-4.355892782335974,0.453134517014946,-4.380437423351568,0.5005291622059886,-4.361512359111899,0.45974388417146295,0
150.272,-4.355891413108791,0.4627345592037596,-4.356217347581191,0.45704039079132097,-4.359393963598718,0.45866248679325317,0
150.304,-4.355890061192366,0.472334599219266,-4.37692547279012,0.4872934938646456,-4.366406181905554,0.47011488959637476,0
150.336,-4.355888726067744,0.4819346372896306,-4.351240835412224,0.4628640908406648,-4.360339663133741,0.4672145700693153,0
150.368,-4.355887407088263,0.49153467349955654,-4.330260619331866,0.5285686942680121,-4.348307670241786,0.49175621972461625,0
150.4,-4.355886103495284,0.5011347078244573,-4.3753097280901105,0.5311631869327115,-4.359108122376801,0.5075190065842088,0
150.43200000000002,-4.35588481443572,0.5107347401595562,-4.287843402144304,0.5168067194388878,-4.3306018671769,0.5112340917029004,0
150.464,-4.355883538980475,0.5203347703446898,-4.3612686952995,0.45329711049616117,-4.34286823472477,0.48805929919742286,0
150.496,-4.355882276143114,0.5299347981854454,-4.356092426528853,0.5319519340275762,-4.348157550647455,0.5056163531070343,0
150.528,-4.355881024898212,0.5395348234711405,-4.354020937548021,0.5385934666924583,-4.350502547005362,0.5188071985190212,0
150.56,-4.355879784198942,0.5491348459900534,-4.320178552209753,0.5215542609542406,-4.338372592582795,0.5199060234711314,0
150.592,-4.355878552993597,0.5587348655422357,-4.289178617224541,0.5505981195798352,-4.318694647349767,0.5321828618927813,0
150.624,-4.355877330240784,0.568334881950171,-4.352467590943843,0.6046229014618298,-4.332203470651557,0.5611588776986599,0
150.656,-4.3558761149231335,0.577934895067494,-4.355825290710243,0.5422645168331595,-4.341651845061626,0.5536011333307587,0
150.68800000000002,-4.3558749060593955,0.5875349047859441,-4.382697523952364,0.5641850635909349,-4.358069763130432,0.5578347054131216,0
150.72,-4.355873702714863,0.5971349110406969,-4.332762695812346,0.5874252111569217,-4.347946582484783,0.5696709076888866,0
150.752,-4.355872504010098,0.6067349138141941,-4.370243578750692,0.6388233928135354,-4.356865026728439,0.5973319017169076,0
150.784,-4.355871309127961,0.6163349131385757,-4.3937778965072605,0.5954057304289826,-4.3716298195659355,0.5965614331797856,0
150.816,-4.355870117318989,0.6259349090968109,-4.344936197715272,0.6163077206557661,-4.360952014721542,0.604459948148088,0
150.848,-4.355868927905175,0.6355349018226156,-4.368877350753574,0.6229702922533481,-4.364121791830641,0.611864085767946,0
150.88,-4.355867740282238,0.6451348914992414,-4.359390532264048,0.6080894568824546,-4.362228929380622,0.6103542341913346,0
150.912,-4.355866553920464,0.6547348783572261,-4.33569358551634,0.64909281962619,-4.35161443182048,0.6258496683426865,0
150.94400000000002,-4.355865368364246,0.6643348626711933,-4.36189221497631,0.6143730888562888,-4.355725183653155,0.6212590365253609,0
150.976,-4.355864185400678,0.6739348447684208,-4.348320677191937,0.7319232924837669,-4.352763019639012,0.6655247388858689,0
151.008,-4.344351108263714,0.6808858500450072,-4.344249417405388,0.7585777553740052,-4.337837631497337,0.7027499248039493,0
151.04,-4.325707554597791,0.6813848059520354,-4.2951660536561285,0.7114836975528502,-4.30924902125514,0.7062500574092783,0
151.072,-4.306389595038474,0.6813574666608364,-4.305399315644564,0.6680970405395329,-4.296189156869354,0.690998804174866,0
151.104,-4.286976469576419,0.6812774879047464,-4.289620454876689,0.6838622878436666,-4.2820416926207345,0.6881573486913175,0
151.136,-4.267578973277688,0.6812121936852695,-4.277721414381172,0.6980529289657117,-4.268793597989458,0.6921315216862405,0
151.168,-4.248215993973925,0.6811683037394441,-4.249549012927872,0.6677606544081782,-4.249575781704388,0.6824014023635061,0
151.20000000000002,-4.228885723587967,0.6811427195835597,-4.260417468925897,0.6539250647104131,-4.242392475853921,0.671030882234002,0
151.232,-4.2095825987691535,0.6811315048160118,-4.22664025459701,0.6593434346077143,-4.224571608192872,0.6663772680154167,0
151.264,-4.190301206468525,0.6811313739995627,-4.180456658303737,0.6479425800832102,-4.195405650510482,0.6590257596082754,0
151.296,-4.171037025600141,0.6811398151091868,-4.143105364632114,0.6654889062789174,-4.162965559654166,0.6616341337499132,0
151.328,-4.151786430730281,0.6811549704919283,-4.147557086880313,0.7179620080998816,-4.145282195079674,0.6841889798609084,0
151.36,-4.132546550050892,0.6811754886452703,-4.113186783654983,0.6716780376792373,-4.120924055965675,0.6792087805359703,0
151.392,-4.113315117216165,0.6812003897074388,-4.067695151059363,0.6828826731698293,-4.088112520322173,0.6807029444900425,0
151.424,-4.094090345575836,0.6812289540764316,-4.078741428634468,0.7145428753024994,-4.072844110814392,0.6942639297253526,0
151.45600000000002,-4.074870826897899,0.6812606354886408,-4.067021265000358,0.6874847324543927,-4.0589950005084585,0.6915776585028099,0
151.488,-4.055655451094369,0.6812949970180049,-4.046485542970086,0.7157530954222506,-4.042471246366235,0.7012736243948412,0
151.52,-4.0364433429075,0.68133166706185,-4.059365020202519,0.6724417036004036,-4.037708785608529,0.6897670113818857,0
151.552,-4.017233812049485,0.6813703117020119,-4.024089747391305,0.6556932962886359,-4.02074120081503,0.6761640138471554,0
151.584,-3.998026313957,0.6814106196463164,-3.995637582496932,0.6769347945824562,-3.999179784683677,0.6764991045973867,0
151.616,-3.97882041890797,0.6814522961346007,-3.970596102709542,0.6742180376849041,-3.9762263436773795,0.6756136925610928,0
151.648,-3.9596157877217806,0.681495062620611,-3.920687015179371,0.7036591955857945,-3.9424906445089833,0.6868590839287503,0
151.68,-3.9404121526391296,0.6815386596119174,-3.91281891898288,0.7135768439611997,-3.919101986821814,0.6975734894356661,0
151.712,-3.9212093022736068,0.6815828506746707,-3.9313515756080895,0.6770298786886905,-3.9124818549933846,0.6893833945284128,0
151.744,-3.9020070697613227,0.6816274262179056,-3.9465598113043847,0.6482188078676907,-3.914593070157065,0.6729448978008893,0
151.776,-3.8828053234208957,0.6816722062132147,-3.8702783286449205,0.725368750331501,-3.88534720603821,0.693941712708038,0
151.808,-3.8636039593838807,0.6817170414502913,-3.8190359241843836,0.6463984039094338,-3.847302725516291,0.6749515550245186,0
151.84,-3.8444028957728458,0.6817618132648962,-3.8392783830060795,0.6183112003502739,-3.832573020378099,0.6523224364190646,0
151.872,-3.8252020680966416,0.68180643190494,-3.8465818508805296,0.6910928543650127,-3.8266565840304043,0.667857459439421,0
151.904,-3.80600142560479,0.6818508338340755,-3.8581965085539935,0.7072623423736382,-3.827752584840766,0.6836460853728336,0
151.936,-3.7868009283992916,0.6818949783276792,-3.8176967017972583,0.7056904872016048,-3.81221026216002,0.6924903283829089,0
151.968,-3.767600545145893,0.6819388437129863,-3.7643433546317313,0.7230536718986253,-3.7815435292253516,0.7047419572321121,0
152.0,-3.748400251260707,0.6819824235627421,-3.6760039525632497,0.7648197919664796,-3.727807728195388,0.7287991970730963,0
152.032,-3.729200027474321,0.6820257230872191,-3.7373802979264785,0.6967229437546246,-3.7201167853091732,0.7159946258748741,0
152.064,-3.7099998586959324,0.682068755896785,-3.718076675754674,0.6625448618018401,-3.7077807703299124,0.6946404873029978,0
152.096,-3.690799733115975,0.6821115412367545,-3.7124584696277956,0.6680290875914163,-3.698131878551046,0.6840215461003891,0
152.12800000000001,-3.6715996414982492,0.682154101734819,-3.6639813599624755,0.646836764082733,-3.672951699316532,0.6691731193131567,0
152.16,-3.6523995766224533,0.68219646165262,-3.664786415769522,0.6891014871015311,-3.6581656138366156,0.6771698357771165,0
152.192,-3.633199532845918,0.6822386455982322,-3.5658693450407024,0.6806574246663324,-3.6097271340325428,0.6785901397273332,0
152.224,-3.613999505759612,0.6822806776347968,-3.6069069710281068,0.6787452205056177,-3.597079096355566,0.6786773545376413,0
152.256,-3.594799491918544,0.6823225807105319,-3.6083833162997285,0.6590575028644738,-3.590080811700921,0.6708545246267215,0
152.288,-3.5755994886307216,0.6823643763344069,-3.5662745180707067,0.7690912587433,-3.5690383214889527,0.7101742704070209,0
152.32,-3.556399493792087,0.6824060844273641,-3.5656355859151594,0.6711588811061551,-3.5561572543986903,0.6945931202179345,0
152.352,-3.5371995057574606,0.6824477232886507,-3.531867532614442,0.7098260924419073,-3.53492139274739,0.7007112789642744,0
152.38400000000001,-3.517999523239619,0.6824893096285615,-3.5265326590642356,0.7025702175581747,-3.5200459262811465,0.7014797984489569,0
152.416,-3.4987995452303258,0.6825308586310312,-3.4962227968267903,0.6612910818286933,-3.498996701470168,0.6854292388864582,0
152.448,-3.479599570938471,0.6825723840209315,-3.439508000006278,0.687449754072553,-3.4636812478360697,0.6862623629652529,0
152.48,-3.460399599741545,0.6826138981208668,-3.4453478303154674,0.6757897793808287,-3.444827907774889,0.682098245410961,0
152.512,-3.441199631147524,0.6826554118903811,-3.439316515462392,0.6706500036634346,-3.4311033778055364,0.6775438685342674,0
152.544,-3.4219996647649102,0.6826969349466607,-3.422968160331133,0.6688656509390454,-3.416329317791143,0.6740975104662726,0
152.576,-3.4027997002791843,0.6827384755701593,-3.4110872500889005,0.6861072291172502,-3.4027125177146775,0.6789263404048906,0
152.608,-3.3835997374343383,0.6827800407012847,-3.3864047017343797,0.7105155975335988,-3.3846694183636377,0.6915870027721938,0
152.64000000000001,-3.3643997760184616,0.682821635935623,-3.412056581575839,0.7207754597889146,-3.384104310732101,0.7032873648440219,0
152.672,-3.3451998158525833,0.6828632655254335,-3.3889621537175647,0.6861841197779834,-3.374527475056533,0.6964710677429129,0
152.704,-3.3259998567821563,0.682904932394576,-3.318118464692592,0.6553877488688795,-3.3404438980903755,0.6800627639132137,0
152.736,-3.3067998986706875,0.6829466381728513,-3.334485276222118,0.6718473446851334,-3.326540476572589,0.6768016431298813,0
152.768,-3.2875999413951207,0.6829883832541669,-3.2855616307413933,0.6707233493951175,-3.2986289655191596,0.6743953954327582,0
152.8,-3.268399984842641,0.6830301668811161,-3.3006755687911546,0.6810794432238311,-3.2879276341546086,0.6770941063063409,0
152.832,-3.249200028908621,0.6830719872566361,-3.221038188770515,0.7002118692086104,-3.2496518833720898,0.686366323704461,0
152.864,-3.2300000734954653,0.6831138416814853,-3.2592497710025228,0.6989883364185637,-3.241971065835698,0.6914402595663465,0
152.89600000000002,-3.2108001185121404,0.6831557267144674,-3.192229183231568,0.6762674118775042,-3.21055434024085,0.6853962675066777,0
152.928,-3.191600163874198,0.6831976383507029,-3.1636185115019586,0.6589979414201832,-3.1802600362219566,0.6748620977802343,0
152.96,-3.172400209504124,0.6832395722118906,-3.1718209138057882,0.6476276054660973,-3.165364414756195,0.6639934725743984,0
152.992,-3.1532002553318668,0.6832815237414892,-3.1129293797535715,0.6256699057004801,-3.1328704282740176,0.6486892258568384,0
153.024,-3.1340003012954183,0.683323488397123,-3.1394828821842946,0.6677716394375955,-3.1239954373694756,0.6563473770245263,0
153.056,-3.1148003473413395,0.6833654618323208,-3.118200538703797,0.6619902214308018,-3.1101575054417427,0.658629703807653,0
153.088,-3.095600393425147,0.6834074400599671,-3.0840183928887748,0.6953483663074992,-3.0881818879616016,0.673342358972125,0
153.12,-3.0764004395114934,0.6834494195905435,-3.084394942552268,0.6944128805115086,-3.0751471373374915,0.6817957571004913,0
153.15200000000002,-3.0572004855741013,0.6834913975393723,-3.0325712100426454,0.710939398854479,-3.046596793954684,0.6934784012606552,0
153.184,-3.038000531595417,0.6835333716985547,-3.0288888130997447,0.7269000716597478,-3.0279936291411964,0.7068722538424234,0
153.216,-3.018800577565989,0.6835753405710768,-3.061274689428282,0.7179674756069503,-3.0297860807766526,0.7113355233743646,0
153.248,-2.999600623483578,0.6836173033665032,-3.0255376898728445,0.7008303748799788,-3.016566751927545,0.7071586410507424,0
153.28,-2.9804006693520346,0.683659259959707,-2.966549151201396,0.6518529077803448,-2.9850397391417514,0.6850615212723608,0
153.312,-2.9612007151799866,0.6837012108160553,-2.9639284506037336,0.6407826371132895,-2.965075251224585,0.6673751381077626,0
153.344,-2.94200076097941,0.6837431568882729,-2.941123785647327,0.6800529898388621,-2.9439746924867327,0.6724714470163877,0
153.376,-2.922800806764143,0.6837850994917151,-2.9510005932935237,0.6475792201719549,-2.9352650802994806,0.6625397231130971,0
153.40800000000002,-2.9036008525484336,0.6838270401659173,-2.9271509821268387,0.7283303374013778,-2.9204994685195533,0.688881135250113,0
153.44,-2.884400898345588,0.6838689805309597,-2.8778645198512467,0.6776257360652715,-2.891925516542538,0.6844041425372123,0
153.472,-2.865200944166805,0.6839109221473617,-2.8947908564078566,0.614283712655973,-2.8815516799820227,0.6563811389416847,0
153.504,-2.8460009900202485,0.6839528663878682,-2.8375301550645,0.6726858191594228,-2.852423097512935,0.6629281814746535,0
153.536,-2.826801035910412,0.6839948143286514,-2.818507514956916,0.6945525116434319,-2.8273368919940536,0.6756030865526717,0
153.568,-2.807601081837797,0.6840367666661471,-2.8099804567239675,0.6961315812285834,-2.8088743453956373,0.6838396602205347,0
153.6,-2.7884011277989145,0.6840787236640832,-2.8126890559744373,0.693994153419548,-2.798880257142764,0.6879266360368301,0
153.632,-2.7692011737865943,0.6841206851333101,-2.783428046249206,0.7114262030907649,-2.7811794003062498,0.6973516438195171,0
153.66400000000002,-2.750001219790564,0.6841626504449633,-2.7082829870922382,0.6763712058584813,-2.7405008625456344,0.6889846514614169,0
153.696,-2.7308012657982537,0.6842046185753707,-2.710488962013846,0.658954310717231,-2.716976129860319,0.6769976990915361,0
153.728,-2.7116013117957527,0.6842465881791265,-2.704112737466956,0.638453700934952,-2.7003108004307856,0.6616052839444319,0
153.76,-2.692401357768862,0.6842885576849905,-2.6537318979753857,0.666216049640965,-2.6701592669746654,0.6634747735276492,0
153.792,-2.6732014037041547,0.6843305254078629,-2.6495453164628935,0.6879684280374475,-2.6503937142920098,0.6732974168129006,0
153.824,-2.654001449589987,0.6843724896691065,-2.673474394785855,0.6764399949021977,-2.6481060140055286,0.6745796267531512,0
153.856,-2.6348014954173857,0.6844144489170185,-2.6754837856539475,0.6920920650025016,-2.6475371501729996,0.6816097771547664,0
153.888,-2.615601541180758,0.6844564018393007,-2.6273864169819228,0.6898446434855331,-2.627956884395403,0.6849288945486807,0
153.92000000000002,-2.5964015868783785,0.6844983474599542,-2.5826601226266397,0.6566538828182691,-2.5983182071765887,0.6736440560767103,0
153.952,-2.577201632512626,0.6845402852140883,-2.6061440934552627,0.6865415328931981,-2.58992858916632,0.6788282082500303,0
153.984,-2.5580016780899433,0.6845822149956081,-2.5750746196301995,0.7111080073708276,-2.572467028820041,0.6917652847234776,0
154.016,-2.5388017236205305,0.6846241371745488,-2.56887241116548,0.6813794712162644,-2.5595092092172393,0.687636111955948,0
154.048,-2.5196017691177817,0.6846660525828228,-2.5334089338254215,0.7355599029366643,-2.5375491265118955,0.7068307774829927,0
154.08,-2.500401814597499,0.6847079624692262,-2.5258239201152577,0.7305839409080362,-2.521339071398966,0.7163571893939432,0
154.112,-2.4812018600769314,0.6847498684265706,-2.5050097952828194,0.6781696747918325,-2.5032873883949103,0.7011073285701714,0
154.144,-2.462001905573703,0.6847917722956263,-2.4429397163548763,0.6824151275498583,-2.467628347020525,0.6936555928229158,0
154.17600000000002,-2.442801951104695,0.6848336760520929,-2.4694089533909027,0.6684186437169817,-2.456820617012132,0.6835859586781943,0
154.208,-2.4236019966849613,0.6848755816839193,-2.431278122508602,0.6807559689825147,-2.435083646658498,0.6824791102781198,0
154.24,-2.404402042326753,0.6849174910669341,-2.425228026161276,0.7337229565750325,-2.41962142591394,0.7030017992783,0
154.272,-2.385202088038713,0.6849594058468705,-2.3888233742582488,0.6408817210604281,-2.3957822327143745,0.6781789223128027,0
154.304,-2.366002133825306,0.6850013273354583,-2.409277662884031,0.6972915877554012,-2.3896604322546366,0.6858491472501229,0
154.336,-2.3468021796865184,0.6850432564273659,-2.3756013574093786,0.6768604986864265,-2.372516829799327,0.6822788513453348,0
154.368,-2.327602225617849,0.6850851935434216,-2.36552630031507,0.6752231273645647,-2.35820064549887,0.6794817300588281,0
154.4,-2.308402271610591,0.6851271386038579,-2.293472410825603,0.6921042596195313,-2.3207893791326657,0.6845559147000584,0
154.43200000000002,-2.2892023176523875,0.6851690910333859,-2.299732202403913,0.7385197630488034,-2.300846535952914,0.7061666308124737,0
154.464,-2.270002363728017,0.685211049797851,-2.251044200636935,0.6687046269076983,-2.2694056293451705,0.6912070091784565,0
154.496,-2.2508024098203574,0.6852530134701832,-2.279288192707139,0.6776203043275995,-2.26183868221333,0.6857975093252926,0
154.528,-2.2316024559114673,0.6852949803214591,-2.282362094105668,0.6326592574417225,-2.258528074495897,0.6645673916915156,0
154.56,-2.2124025019837106,0.6853369484312696,-2.1607475670431144,0.6600098039250757,-2.207895899040082,0.6627695395510802,0
154.592,-2.193202548020857,0.6853789158103317,-2.19561517602493,0.6765933815213326,-2.191463637356427,0.6683242579823958,0
154.624,-2.17400259400909,0.6854208805274892,-2.105129711510413,0.6787456844547534,-2.145410094535177,0.6725180078134286,0
154.656,-2.154802639937861,0.68546284083295,-2.133506857333275,0.6918212152508476,-2.129128827164314,0.6802644667111544,0
154.68800000000002,-2.1356026858005395,0.6855047952698481,-2.146148798149821,0.6743685618549868,-2.1244168430596284,0.6779312766723546,0
154.72,-2.1164027315948175,0.685546742766959,-2.0718281777844956,0.6913326375411519,-2.091861404440948,0.6833169884675765,0
154.752,-2.09720277732285,0.6855886827066131,-2.0605321776677505,0.7073026978669187,-2.067809741212986,0.6929364350725529,0
154.784,-2.078002822991108,0.6856306149634366,-2.092345394916382,0.7033003299880032,-2.066104030165943,0.6971071514342376,0
154.816,-2.0588028686099675,0.6856725399114394,-2.097549237041541,0.6812143527654565,-2.067162140379029,0.6907751863540441,0
154.848,-2.0396029141930416,0.6857144583989943,-2.0202294857762295,0.6696100351155085,-2.0368691059935395,0.6823342769391788,0
154.88,-2.0204029597563053,0.6857563716933308,-2.0555279720634236,0.6568969164688607,-2.0328126798719066,0.6721844814404634,0
154.912,-2.0012030053170626,0.6857982813981235,-2.0294465716474623,0.6805720425978294,-2.019946264029662,0.6755646532721338,0
154.94400000000002,-1.9820030508928195,0.6858401893494881,-1.968746447033566,0.7183192412278103,-1.9879463646783995,0.6926916356583932,0
154.976,-1.9628030965001415,0.6858820974970922,-1.9445725018735405,0.6816836868868704,-1.9590768470058195,0.6883136043557101,0
155.008,-1.9436031421535658,0.6859240077780376,-1.9403472378418547,0.704611403892775,-1.9400650307941887,0.6948578744803806,0
155.04,-1.924403187864647,0.6859659219916414,-1.9030627680845245,0.6719807135655341,-1.9137441531709782,0.6857321634942835,0
155.072,-1.9052032336411973,0.686007841683178,-1.9148070589988928,0.7465955644756748,-1.902649342971176,0.7101026811044513,0
155.104,-1.8860032794867767,0.68604976804407,-1.906033305737611,0.6491383367526756,-1.8924829555562956,0.6857421049390051,0
155.136,-1.8668033254004643,0.6860917018349524,-1.8833885788702047,0.6936490393214554,-1.8773252323704421,0.688930044863314,0
155.168,-1.847603371376927,0.6861336433365597,-1.8604278649699542,0.708165682506556,-1.8590463129087431,0.6966494706295536,0
155.20000000000002,-1.8284034174067778,0.6861755923315975,-1.8169000450887312,0.7170270562495328,-1.8306678332883826,0.7048256797725392,0
155.232,-1.809203463477196,0.6862175481187587,-1.8006719520260295,0.663726923030992,-1.8071495082988773,0.6884113555349911,0
155.264,-1.7900035095727682,0.6862595095579792,-1.8302798707359869,0.6425205655151256,-1.804881680795088,0.6700802206979402,0
155.296,-1.770803555676489,0.68630147514401,-1.8151674356228475,0.6928234420409956,-1.7974760102512441,0.6792026920903638,0
155.328,-1.751603601770857,0.6863434431035605,-1.7094784087927883,0.7409178856993222,-1.7507569971941142,0.703913952936996,0
155.36,-1.7324036478389973,0.6863854115097491,-1.673714887825176,0.6709703571282266,-1.7084201809714277,0.6907616973923467,0
155.392,-1.7132036938657353,0.6864273784064745,-1.7172520982735946,0.6927586183568304,-1.7004329754133436,0.6915856468008541,0
155.424,-1.6940037398385623,0.6864693419346887,-1.6855634506699588,0.63259753420723,-1.682965193030971,0.6680155800111854,0
155.45600000000002,-1.6748037857484281,0.6865113004524201,-1.6909452389367599,0.6559820076141194,-1.6746372389003645,0.6632273256853609,0
155.488,-1.655603831590318,0.6865532526408048,-1.6473562332501217,0.6819612974918172,-1.6522048641381175,0.6707460848195049,0
155.52,-1.6364038773635774,0.6865951975892807,-1.6170397895881141,0.7361618738021909,-1.6266188618060105,0.6969375662684176,0
155.552,-1.6172039230719601,0.6866371348544479,-1.6166307867004228,0.7279195354789769,-1.6111036592416292,0.7093555152124846,0
155.584,-1.5980039687234018,0.686679064488794,-1.6470450477300687,0.6766219087465866,-1.613960242105382,0.6962872295463667,0
155.616,-1.578804014329523,0.6867209870374298,-1.5148842694106905,0.6827058185057393,-1.5628098804875803,0.6908798182473526,0
155.648,-1.5596040599048948,0.6867629035030464,-1.5547559714940191,0.7145785595392321,-1.5480683443436392,0.7003844648605881,0
155.68,-1.5404041054661095,0.6868048152813523,-1.5055659857593011,0.6843257166422677,-1.51954742835893,0.6939861136265204,0
155.712,-1.5212041510307122,0.6868467240711564,-1.5854915563917922,0.6667645278048301,-1.5344051070190665,0.6831226264176997,0
155.744,-1.5020041966160642,0.6868886317648943,-1.482138119568636,0.7462938582800169,-1.5019783394864052,0.7084162665196693,0
155.776,-1.4828042422382117,0.6869305403266599,-1.4440906620058502,0.6826738866336087,-1.467303295944735,0.698144463315397,0
155.808,-1.463604287910836,0.6869724516656065,-1.4185358634739553,0.7323461762634402,-1.436276350412343,0.7118502997046166,0
155.84,-1.4444043336443566,0.6870143675128789,-1.4628422997853614,0.711333504171702,-1.4353827576248221,0.7116687360700961,0
155.872,-1.4252043794452496,0.6870562893100117,-1.3946556219154387,0.6629273328965297,-1.407571930813205,0.6921973334402021,0
155.904,-1.4060044253156254,0.687098218115987,-1.3886488472958383,0.6521214952273982,-1.3884827248882023,0.6761921612865507,0
155.936,-1.3868044712530982,0.6871401545389446,-1.3697558210937566,0.6869572362058408,-1.3694719908624893,0.6805233590197165,0
155.968,-1.3676045172509492,0.687182098696948,-1.3310264908983165,0.723489775737169,-1.3425738183786686,0.6977350979499775,0
156.0,-1.3484045632985748,0.6872240502103383,-1.3285524315536545,0.6864619246480337,-1.3254452911593277,0.6932510049060039,0
156.032,-1.3292046093821843,0.6872660082261717,-1.3595089590228542,0.6703366383797976,-1.3275507858226834,0.6841104379020181,0
156.064,-1.3100046554856992,0.6873079714731718,-1.30923491053413,0.6751886581142265,-1.3087044632304825,0.6805669080050902,0
156.096,-1.2908047015917934,0.6873499383436564,-1.2844757320301083,0.7002980222405085,-1.2874929982764827,0.6884845370561492,0
156.12800000000001,-1.271604747683007,0.687391906997163,-1.3014435832634976,0.6736100154912841,-1.2815532597978339,0.6825599119669966,0
156.16,-1.2524047937428604,0.6874338754790942,-1.2587811173860133,0.7096211080645485,-1.2609244303574871,0.6934095729528206,0
156.192,-1.233204839756902,0.6874758418467356,-1.2187597717319696,0.6353933098164043,-1.2325385944270795,0.6702282481495163,0
156.224,-1.2140048857136243,0.6875178042945205,-1.210401337381552,0.6974415148033111,-1.212163719121965,0.6811387321968436,0
156.256,-1.194804931605194,0.687559761270462,-1.1953146053775228,0.7089235528487942,-1.1939041011288951,0.6922778340062423,0
156.288,-1.1756049774279504,0.6876017115762428,-1.200415119310925,0.7197272797440326,-1.1849885358968821,0.7032827814889999,0
156.32,-1.1564050231826437,0.6876436544445051,-1.1347479528103435,0.6567300982919201,-1.1533723301473833,0.684686872794765,0
156.352,-1.1372050688743958,0.6876855895883521,-1.0750570817455187,0.6657157328869376,-1.11052625826182,0.6771235768684569,0
156.38400000000001,-1.1180051145123844,0.6877275172198686,-1.1159225269618844,0.6811760469973029,-1.10116479320786,0.6787697207580967,0
156.416,-1.0988051601092668,0.6877694380364638,-1.1227858069250969,0.6520749682704909,-1.0982932261529585,0.6681169720227598,0
156.448,-1.079605205680376,0.687811353175917,-1.1126922039746625,0.7015474860146604,-1.092532844733894,0.6815143271524466,0
156.48,-1.0604052512427402,0.6878532641430253,-1.018962099924526,0.7296136831597148,-1.0515845742586958,0.7007792173895127,0
156.512,-1.0412052968139838,0.6878951727125863,-1.0202435496299356,0.6715132544891073,-1.0275281918545194,0.6890979795028771,0
156.544,-1.0220053424111835,0.687937080814969,-1.00512670591959,0.7105002528377852,-1.0070476249292173,0.6976840367246168,0
156.576,-1.0028053880497536,0.6879789904116527,-0.9744787694044004,0.6752328922895257,-0.9825001101717799,0.6887287285884947,0
156.608,-0.9836054337424376,0.688020903368759,-0.9281475870539049,0.6801006828736628,-0.9492391283831726,0.6853026627142663,0
156.64000000000001,-0.9644054794984723,0.6880628213367286,-0.9805583345686129,0.7041601735476791,-0.9502468383237905,0.692870823078539,0
156.672,-0.9452055253229849,0.6881047456438992,-0.9532817359277178,0.7183312400060883,-0.9399408248410417,0.703080150112312,0
156.704,-0.9260055712166609,0.6881466772108443,-0.9301214178184406,0.7226217826704532,-0.9244930895176655,0.7109219679705285,0
156.736,-0.9068056171757081,0.6881886164909954,-0.8742821778786667,0.6614631687544643,-0.8928887523578184,0.6911636177373629,0
156.768,-0.8876056631921115,0.6882305634413748,-0.8982874128834862,0.7196610317420518,-0.8835282440733807,0.7025877571596383,0
156.8,-0.868405709254167,0.6882725175253319,-0.8509402237615088,0.7431805915749674,-0.8589730634623102,0.7188500685810564,0
156.832,-0.8492057553472487,0.6883144777471055,-0.9169690845013102,0.7459389386101595,-0.8706514993982708,0.7297107973038265,0
156.864,-0.8300058014547609,0.6883564427159915,-0.8137436315058534,0.6497391850347449,-0.8363683797662154,0.6977473351875518,0
156.89600000000002,-0.8108058475592095,0.6883984107359822,-0.7666891923134969,0.6570018175316525,-0.7969767323121649,0.6814743118874955,0
156.928,-0.7916058936433239,0.6884403799151014,-0.8346076411175053,0.678601527314851,-0.8005091233609014,0.6803503816202593,0
156.96,-0.7724059396911583,0.68848234828739,-0.789849135301784,0.6882884333879276,-0.7847251556608847,0.6835507845306426,0
156.992,-0.7532059856891045,0.6885243139396761,-0.7540394962875495,0.6628072800506929,-0.7609309194298708,0.6752785625135352,0
157.024,-0.734006031626754,0.6885662751349556,-0.7429500411915044,0.6706834005584923,-0.7422185956455385,0.673465674165095,0
157.056,-0.7148060774975599,0.6886082304244244,-0.6812917375925003,0.6954756845515652,-0.7063278799265093,0.6822948507150799,0
157.088,-0.6956061232992548,0.6886501787409353,-0.7659969834147697,0.6568778133972959,-0.7186755488142207,0.672153203709214,0
157.12,-0.676406169034002,0.6886921194678487,-0.6418854996782227,0.6805651634079531,-0.6764395566421322,0.6755431508888827,0
157.15200000000002,-0.6572062147082679,0.6887340524788349,-0.6408958588795395,0.6808103738501153,-0.6507021050096438,0.6776751989040766,0
157.184,-0.6380062603324197,0.688775978146057,-0.6714580137983687,0.7122984704476488,-0.6474844959888856,0.6915496623231137,0
157.216,-0.6188063059200726,0.6888178973162075,-0.6255233880577297,0.6635843181439554,-0.627180080272911,0.6803886761247325,0
157.248,-0.5996063514872233,0.6888598112559419,-0.6234031247314082,0.6589104555385539,-0.6141493255075346,0.6718225369512159,0
157.28,-0.5804063970512238,0.6889017215702299,-0.6037540116572907,0.6944834430978184,-0.5984712274157395,0.680912047130668,0
157.312,-0.5612064426296597,0.6889436300988881,-0.4709275931795468,0.670761564661752,-0.5359338011691722,0.6768770016830219,0
157.344,-0.5420064882392066,0.688985538797967,-0.5218400485725715,0.6845397116690431,-0.5187763275806048,0.679967234208055,0
157.376,-0.5228065338945408,0.6890274496136395,-0.5545348418576871,0.6847215569281278,-0.5215597607460917,0.6818941139258137,0
157.40800000000002,-0.503606579607378,0.6890693643567225,-0.5274411034404898,0.6912929788208294,-0.5123923252852112,0.6856788135863959,0
157.44,-0.4844066253857057,0.6891112845859186,-0.5292118426367178,0.6581959014137123,-0.5076001596955757,0.674710806269035,0
157.472,-0.4652066712332632,0.6891532115073052,-0.42693390541851856,0.7247858529565274,-0.46381368546407264,0.6947659868736412,0
157.504,-0.4460067171493013,0.6891951458965493,-0.4574943038796588,0.7194482664140606,-0.4497659603197275,0.7046640652444329,0
157.536,-0.4268067631286403,0.6892370880488655,-0.40423016731529626,0.7071699970126454,-0.420031670617369,0.70569160908087,0
157.568,-0.40760680916201714,0.6892790377599427,-0.3854101977971705,0.6854720762610934,-0.3946631089979473,0.6976289713117643,0
157.6,-0.38840685523669766,0.6893209943390721,-0.4263683344460272,0.69925457275041,-0.39582522669373504,0.6983043908586355,0
157.632,-0.36920690133731016,0.6893629566536373,-0.319572019780564,0.6479320759119185,-0.35380397145106557,0.678180646614513,0
157.66400000000002,-0.35000694744684274,0.6894049232021,-0.36985464011662667,0.6594902022114262,-0.34870426644368746,0.6707296523238828,0
157.696,-0.33080699354773924,0.6894468922107827,-0.3882247843124311,0.687399211376031,-0.35299250111889113,0.6774226600128482,0
157.728,-0.31160703962302255,0.6894888617482127,-0.2943500905492059,0.6934716899988258,-0.3180155644174585,0.6838674554962954,0
157.76,-0.29240708565737566,0.6895308298496549,-0.3027934648747483,0.701151643018678,-0.30040675212306,0.6908063122765632,0
157.792,-0.27320713163811333,0.6895727946438068,-0.2841639300835867,0.6093438673888179,-0.2823896508239535,0.6582465133476404,0
157.824,-0.2540071775559865,0.689614754473484,-0.202374346114461,0.6838912613033514,-0.238863556448979,0.6685295879611274,0
157.856,-0.23480722340577037,0.6896567080025112,-0.23433861077438384,0.6848520193866473,-0.2255336056787549,0.6750837317501059,0
157.888,-0.21560726918660067,0.6896986543019229,-0.22581550654038438,0.7170300471967862,-0.21412639351306023,0.6918874245898674,0
157.92000000000002,-0.19640731490203645,0.6897405929099102,-0.1969558035373793,0.7245864231783166,-0.19573818500237333,0.7049921860778929,0
157.952,-0.17720736055984374,0.6897825238616453,-0.21841584901381522,0.6718614690775,-0.19328927807701063,0.6917650569689568,0
157.984,-0.15800740617151068,0.6898244476870576,-0.15276211551191213,0.6924889942566477,-0.16555844051266502,0.6920797857427232,0
158.016,-0.13880745175152112,0.6898663653767041,-0.11498465201756666,0.7345853089074169,-0.13380895256965075,0.7091071458114464,0
158.048,-0.1196074973164309,0.689908278317932,-0.16639156883226663,0.689788131072952,-0.1353220265251818,0.7014046886374812,0
158.08,-0.1004075428838029,0.6899501882054538,-0.06120585560488973,0.6628459307136124,-0.09415558560543065,0.6860063332173058,0
158.112,-0.0812075884710694,0.689992096932096,-0.0691139914033096,0.7060851359860347,-0.0726189753733877,0.6940630022748864,0
158.144,-0.06200763409439686,0.6900340064667717,-0.037918151387980055,0.6889315638021214,-0.047218673231001734,0.6920355761971845,0
158.17600000000002,-0.04280767976762872,0.6900759187275408,-0.01207922516046352,0.6844808090715752,-0.021642921459877514,0.689038821093244,0
158.208,-0.023607725501378445,0.69011783545794,0.009274775647445051,0.6877571559557583,0.00224412991864413,0.6885513101368035,0
158.24,-0.0044077713023351235,0.6901597581145585,-0.003935679891098686,0.666288206705514,0.011292178521489773,0.6796712279170435,0
158.272,0.014792182827171246,0.6902016877731035,0.029045352553967677,0.691420357060101,0.029913420651408073,0.6843960432224958,0
158.304,0.033992136889315766,0.6902436250590123,0.062088889838754414,0.6809734291396659,0.05430358083312279,0.6830521658851678,0
158.336,0.05319209089062774,0.6902855701070848,0.012899747219316242,0.7188966960843663,0.049262019884542776,0.6974151507613212,0
158.368,0.07239204484155526,0.6903275225527439,0.11263850130243809,0.7160717170457227,0.08613258493976031,0.7049029541357441,0
158.4,0.09159199875577712,0.6903694815554875,0.05513638745086116,0.7169575194535722,0.08525407842489963,0.7097499604897912,0
158.43200000000002,0.11079195264931027,0.69041144585303,0.16130932025163391,0.7015991737671182,0.12719614763092926,0.7065148284794668,0
158.464,0.12999190653947323,0.6904534138426441,0.1322614347935717,0.6497827698984366,0.14074223496830235,0.683847189105678,0
158.496,0.14919186044377292,0.6904953836844673,0.13725593105990097,0.6619627100779396,0.1508676858767759,0.675118581772707,0
158.528,0.16839181437878664,0.6905373534201135,0.13986744521336203,0.7111641857332269,0.15798756208533057,0.689562006680574,0
158.56,0.18759176835910815,0.6905793210989469,0.19237356556291307,0.7069744022062763,0.18326193595480206,0.6965521461481943,0
158.592,0.20679172239642213,0.690621284903874,0.1982628372072507,0.7185574924908308,0.200782268940877,0.7053794628982386,0
158.624,0.2259916764987632,0.6906632432685417,0.20978895180889195,0.6829355191813903,0.21590491458154243,0.696427059799022,0
158.656,0.24519163067000355,0.6907051949783817,0.2767682648702057,0.6481038164836819,0.25177022719999603,0.6771229325011212,0
158.68800000000002,0.2643915849096016,0.6907471392489795,0.2663449712997465,0.6850989853941403,0.2691200973529614,0.6803385190751994,0
158.72,0.2835915392126271,0.6907890757767113,0.24638483016387935,0.6668408288552833,0.2715459630003667,0.6749646038386863,0
158.752,0.302791493570065,0.69083100475838,0.3348802493285702,0.6557167594199549,0.3083996500639109,0.6672906226982641,0
158.784,0.3219914479693807,0.6908729268785794,0.3136563405338737,0.6749564121460538,0.3220222987920394,0.670382091494227,0
158.816,0.3411914023953142,0.6909148432656014,0.39936943382780615,0.6810927965826014,0.3644811253525173,0.6746915237839208,0
158.848,0.3603913568308569,0.6909567554187281,0.3599981939067473,0.7468522165375806,0.3742079253241666,0.7035809494038625,0
158.88,0.37959131125834744,0.6909986651115949,0.40584953455743555,0.6423139647397321,0.39838454156873093,0.6790993034602162,0
158.912,0.3987912656606182,0.6910405742778583,0.3908767737425107,0.7030976623575311,0.4069014069882274,0.6887237955233794,0
158.94400000000002,0.4179912200221144,0.6910824848865375,0.45013314456699793,0.6702881384795768,0.4357140745659568,0.6813746829343507,0
158.976,0.4371911743299126,0.691124398815067,0.48711768137519007,0.6907481343982935,0.4677954898298565,0.6851492165043963,0
159.008,0.45639112857456665,0.6911663177282439,0.44906737247026257,0.7108707145159179,0.47182421541834424,0.695462972304321,0
159.04,0.47559108275072526,0.6912082429708705,0.5254264240206926,0.6789559859140085,0.5047850713823663,0.6888853385772508,0
159.072,0.494791036857478,0.6912501754810187,0.5346521556913872,0.7134903290068964,0.5282518776190465,0.6987525001626169,0
159.104,0.5139909908984072,0.6912921157295036,0.5164552198659987,0.7393404001319022,0.5350531870207628,0.7150128302041722,0
159.136,0.5331909448813451,0.6913340636894713,0.5863419327201695,0.6495693865919343,0.567088657793851,0.6888606272108564,0
159.168,0.5523908988178543,0.6913760188380691,0.5373917829438367,0.732460744075118,0.566729880338706,0.7063258522804086,0
159.20000000000002,0.5715908527224682,0.6914179801900918,0.5365245501617429,0.7227142025883602,0.5661677207460072,0.7129063738252069,0
159.232,0.5907908066117461,0.6914599463614428,0.5906496943892137,0.6655253677164483,0.5874804826767293,0.6939791549274761,0
159.264,0.6099907605032037,0.6915019156583249,0.6509090680229984,0.669229170101061,0.6243718892864563,0.6841043455568672,0
159.296,0.6291907144141903,0.6915438861864163,0.652789203997941,0.7248933368801764,0.6472587876426188,0.700445126485578,0
159.328,0.6483906683607825,0.6915858559729966,0.712775428187291,0.7208137198997021,0.6849854163349516,0.7086177469262567,0
159.36,0.6675906223567634,0.6916278230941495,0.6827376912116024,0.7100008607195405,0.6956062987653286,0.7091961731164753,0
159.392,0.6867905764127488,0.6916697857988408,0.6915004615413767,0.7005196127975285,0.7054839363627337,0.7057507263374563,0
159.424,0.7059905305355133,0.6917117426218683,0.694260011547895,0.6543115161562988,0.7125143389325981,0.685200215582018,0
159.45600000000002,0.725190484727557,0.6917536924783967,0.7042129231794819,0.6988731175416077,0.7207137451369392,0.6906945452048145,0
159.488,0.7443904389869394,0.6917956347339755,0.7051087081245422,0.6771152996564075,0.7259917028476957,0.6852880111893085,0
159.52,0.7635903933073935,0.6918375692455221,0.7894307283245345,0.7251794943785239,0.7628872855639592,0.7012697641763582,0
159.552,0.7827903476787142,0.6918794963706204,0.7578211568099095,0.6909888684601844,0.7723808065967308,0.6971825615418619,0
159.584,0.8019903020874004,0.6919214169445338,0.8094282771407596,0.667045167805998,0.7987197673560753,0.6851527563358013,0
159.616,0.8211902565175133,0.6919633322264108,0.8006169846808513,0.6828876775366574,0.8109986268330645,0.6842718746542249,0
159.648,0.8403902109516987,0.6920052438181519,0.8396983799976095,0.684495546891258,0.8339985006489659,0.684386492009321,0
159.68,0.8595901653723079,0.6920471535611674,0.9330549075163543,0.7186683558840097,0.885141035946473,0.6981243858038859,0
159.71200000000002,0.8787901197625444,0.6920890634176807,0.8926828196667768,0.6832636030844789,0.8996777219830467,0.6922052219223143,0
159.744,0.8979900741075609,0.6921309753442307,0.8373800059465191,0.7074219849464383,0.8862786081123534,0.6983170784157535,0
159.776,0.9171900283954316,0.6921728911655269,0.8824195821206842,0.6808059357412257,0.8962549702529234,0.6913377756904626,0
159.808,0.9363899826179325,0.6922148124567884,0.912081825214868,0.6831906515912186,0.914105684766541,0.6881040842427758,0
159.84,0.9555899367710776,0.6922567404421529,0.9880509787979341,0.7179081470752784,0.9552037748983595,0.7000508719549117,0
159.872,0.9747898908553748,0.6922986759157053,0.9731908971066692,0.636966835919523,0.9739185962908008,0.6748424247646789,0
159.904,0.9939898448757845,0.6923406191902163,1.0092223755940934,0.7697455055062241,0.9995600805111774,0.7128288288890425,0
159.936,1.013189798841386,0.6923825700769046,0.9868067835881787,0.736125191720221,1.0059787342317126,0.7221725501160738,0
159.968,1.0323897527647787,0.6924245278975274,1.022596459546671,0.7163781373339598,1.0241457968394387,0.7198799647532441,0
160.0,1.0515897066612567,0.6924664915280312,1.0969002505266052,0.6550757791053343,1.0647675507899041,0.6939834730532008,0
160.032,1.0707896605478169,0.6925084594709516,1.0813749858170623,0.7385842832644813,1.0829304972724665,0.7118489814791515,0
160.064,1.0899896144420647,0.6925504299519082,1.136431694108383,0.712882266045168,1.1158509484771275,0.7122874802882807,0
160.096,1.109189568361087,0.6925924010339727,1.0991975681407735,0.68906396519416,1.1207095688140605,0.7030232586929177,0
160.12800000000001,1.1283895223203662,0.6926343707425442,1.116896109347388,0.7289824136389904,1.1307041575025538,0.7134321034270055,0
160.16,1.147589476332796,0.6926763371926824,1.168549239361532,0.6440766862604852,1.1573621627272628,0.6857151165926965,0
160.192,1.1667894304078652,0.6927182987106836,1.2053404944634174,0.6847950163575126,1.1880734679106786,0.6853722529471551,0
160.224,1.185989384551054,0.6927602539420603,1.2332299048034714,0.6800149557560932,1.2176560151659583,0.6832545063069398,0
160.256,1.205189338763482,0.6928022019389571,1.205531112717692,0.6625282513954703,1.2243260266947988,0.6749891720101038,0
160.288,1.224389293041828,0.6928441422213573,1.2659721744205534,0.7046553531580835,1.2525044583033615,0.6868808075078825,0
160.32,1.243589247378532,0.69288607480813,1.243220699124766,0.6742710305811785,1.2603109271597732,0.6818620553853117,0
160.352,1.2627892017622648,0.6929280002159104,1.2828763126364087,0.6586539312465075,1.2808570538867212,0.6726039605101708,0
160.38400000000001,1.2819891561786452,0.6929699194258786,1.289206551239737,0.6692680292805163,1.2957168253709748,0.6712947397041018,0
160.416,1.301189110611155,0.6930118338205774,1.3233602589335154,0.6640487826588359,1.3182941713436649,0.6684215064509438,0
160.448,1.3203890650422014,0.6930537450948412,1.3452836683809815,0.62000226086994,1.3406099427084657,0.6490789567742468,0
160.48,1.3395890194542552,0.6930956551465742,1.3697266553106304,0.6968195437858503,1.3637766002988359,0.6682003403031701,0
160.512,1.3587889738309917,0.6931375659544204,1.4167017329219638,0.7248715771064931,1.3964666258946732,0.6908939850854787,0
160.544,1.3779889281583575,0.6931794794502083,1.3902673410853652,0.6965232421901799,1.405506884512255,0.6931708404081487,0
160.576,1.397188882425491,0.6932213973943954,1.4066229433743433,0.7475761525867236,1.417473280591088,0.7149581211084335,0
160.608,1.4163888366254322,0.6932633212625381,1.3980414326645114,0.6831798173944701,1.4212205139455887,0.7022719595132827,0
160.64000000000001,1.4355887907555756,0.6933052521501091,1.455979197392815,0.7339171465467682,1.4466439598397534,0.7149551987314218,0
160.672,1.4547887448178336,0.6933471907017986,1.5187128952305688,0.6384420873785797,1.4869915065011385,0.6843751232720308,0
160.704,1.4739886988185043,0.6933891370698617,1.4683680834168227,0.666930369074954,1.4910621097625536,0.677422395214057,0
160.736,1.49318865276785,0.6934310909042017,1.4488385515914857,0.6844427036934121,1.4856926589802852,0.6802556963361048,0
160.768,1.512388606679423,0.693473051374836,1.510673143029746,0.7183537091915764,1.5072048250787597,0.6955200826242633,0
160.8,1.531588560569181,0.6935150172253076,1.5500650301840764,0.6504245937827697,1.5358688795941027,0.6775070707360844,0
160.832,1.5507885144544546,0.6935569868536074,1.538683086933058,0.6700663899778176,1.5485145349997747,0.6745559835098311,0
160.864,1.5699884683528353,0.6935989584153951,1.658996590138992,0.6805007252969814,1.6042273295249732,0.676959065565196,0
160.89600000000002,1.5891884222810513,0.6936409299428763,1.5576507685053649,0.6774496093272975,1.5971166775886476,0.6771804674925641,0
160.928,1.6083883762539046,0.6936828994716724,1.583223357727794,0.6898522420004466,1.6030793221202837,0.6822743596787879,0
160.96,1.6275883302833332,0.6937248651675049,1.5821049436511223,0.688231829598811,1.6062095432152197,0.6846825270012267,0
160.992,1.6467882843776533,0.6937668254445246,1.6906763515928664,0.7278500592443737,1.6515162390572349,0.7019747154312006,0
161.024,1.66598823854103,0.6938087790676509,1.6506514153818679,0.672687175602575,1.662690282087592,0.6902848706649889,0
161.056,1.6851881927732064,0.6938507252323178,1.703616737613642,0.6695944039288717,1.6905808368086355,0.682033850505101,0
161.088,1.7043881470695108,0.6938926636164753,1.677816910222832,0.6710638950209895,1.6969952386949743,0.6776710302517331,0
161.12,1.723588101421143,0.6939345944014862,1.758446101364887,0.6890883921853042,1.7330955562929036,0.6822631327048727,0
161.15200000000002,1.7427880558157247,0.6939765182605645,1.7404357858487418,0.6781923145731619,1.747551620653173,0.6806599594809333,0
161.184,1.7619880102380843,0.6940184363154943,1.7444723706008811,0.6914463220770068,1.7578398931763106,0.684999655743383,0
161.216,1.7811879646712243,0.6940603500644134,1.7992901385067608,0.7351729913122644,1.7859399638564195,0.7050941394186232,0
161.248,1.800387919097417,0.6941022612853148,1.8052738876104533,0.6940644909547298,1.805193505907339,0.7007074288487077,0
161.28,1.8195878734993536,0.6941441719214829,1.8188879890728302,0.723835192080852,1.82219127172163,0.7099836835116021,0
161.312,1.8387878278612713,0.6941860839562473,1.8240260690351178,0.6720065362007128,1.8344451631913945,0.694817975663802,0
161.344,1.8579877821699844,0.6942279992851279,1.8720884968737475,0.6202451095484605,1.861022469202703,0.66501398304426,0
161.376,1.8771877364157472,0.6942699195936097,1.8557999883472378,0.6615452965420978,1.870453449390988,0.6636516658876395,0
161.40800000000002,1.8963876905928905,0.6943118462484282,1.895399626469264,0.6943895294549278,1.8919518927434837,0.6759719730121623,0
161.44,1.915587644700188,0.6943537802093741,1.8981502921730953,0.6859285635864435,1.9059512250264334,0.6799797755556045,0
161.472,1.9347875987409302,0.6943957219673075,1.8944556471018696,0.6979346970579793,1.9128729663574844,0.6871869151527508,0
161.504,1.9539875527226993,0.6944376715123836,1.9599896017466112,0.6693918604943114,1.9432395930042914,0.6800940687335922,0
161.536,1.973187506656868,0.6944796283345455,1.9651895922655487,0.678795901385917,1.963539565191364,0.6795999811665572,0
161.568,1.992387460557853,0.6945215914562651,1.9624219534463645,0.690506254827622,1.9746124929690336,0.6839876731583362,0
161.6,2.0115874144421775,0.6945635594954331,1.9749407308971028,0.6510951066385207,1.9862637606111608,0.6708558312580313,0
161.632,2.0307873683274065,0.6946055307543542,2.0923315004049785,0.6886281029710184,2.040210828997255,0.6779899257163329,0
161.66400000000002,2.0499873222310203,0.6946475033291216,2.0972506003667704,0.71295635221086,2.0745467100138826,0.6920016819700826,0
161.696,2.069187276169302,0.6946894752323299,2.1036072367519645,0.6806183573023307,2.09769089318076,0.6874735364674842,0
161.728,2.088387230156304,0.6947314445212144,2.0626211526144442,0.6905714341972584,2.095182969431087,0.6887378775423139,0
161.76,2.107587184202956,0.6947734094229615,2.057136122249707,0.6485997247889305,2.0914842030426417,0.6727077951066154,0
161.792,2.126787138316375,0.6948153684491052,2.1349398154486066,0.6975292854984612,2.1203864204979634,0.68266156589092,0
161.824,2.1459870924994062,0.6948573204916292,2.0954215657861566,0.7187442508888233,2.121920451116007,0.697119810020154,0
161.856,2.1651870467504373,0.6948992648945687,2.181296853144008,0.7465434122229381,2.1571909844401693,0.7169144163655773,0
161.888,2.1843870010634894,0.6949412014964879,2.1806514508967254,0.6393811650036386,2.1780951435456535,0.6859262767531683,0
161.92000000000002,2.203586955428587,0.6949831306410811,2.2044321386743473,0.6600858881948456,2.200149914128955,0.6756152781576537,0
161.952,2.222786909832384,0.6950250531552052,2.2365813948170836,0.7138281017598498,2.2262424789434756,0.6909255610153069,0
161.984,2.2419868642590095,0.6950669702957504,2.1942981173340774,0.6940912284862278,2.224984706844432,0.6922169789244321,0
162.016,2.261186818691085,0.6951088836687648,2.3030970353241687,0.692114454921142,2.2677496107841346,0.6922011188254807,0
162.048,2.280386773110845,0.6951507951260414,2.2914848404080232,0.6095707385635445,2.288763675182037,0.6591741159755026,0
162.08,2.2995867275012887,0.6951927066458268,2.2905107609308417,0.6704864073860036,2.30098248202785,0.663724182735508,0
162.112,2.3187866818472895,0.6952346202053362,2.3521727106506827,0.6859435427682714,2.3329785460187544,0.672637079015153,0
162.144,2.3379866361365838,0.695276537653292,2.2886825875411474,0.6795956030275042,2.3267801351627853,0.6754456439553821,0
162.17600000000002,2.3571865903605724,0.6953184605906971,2.3511386955242224,0.7306225439039475,2.348043531833985,0.6975415631407604,0
162.208,2.3763865445148817,0.6953603902675326,2.3870537725892222,0.7236521494525866,2.375167600653044,0.7080109612961412,0
162.24,2.3955864985996436,0.6954023275020408,2.383094588573015,0.6648779066731624,2.389858368327743,0.6907829077726295,0
162.272,2.4147864526194796,0.6954442726278051,2.3878211523742774,0.6686157127575427,2.400563454442877,0.6819412027563869,0
162.304,2.433986406583191,0.6954862254720467,2.3688102159879216,0.6993623120726434,2.3993821315479438,0.6889348238064839,0
162.336,2.4531863605031776,0.6955281853665525,2.422189892867035,0.7482642105006719,2.4200252085544838,0.7126917595330318,0
162.368,2.4723863143946274,0.6955701511905448,2.421269666264103,0.670483733768657,2.4320429641109413,0.6958337331538191,0
162.4,2.491586268274535,0.6956121214427482,2.5474659362425016,0.691847089822133,2.4897321254321367,0.6942642615931921,0
162.43200000000002,2.5107862221606068,0.6956540943380203,2.4996511154380037,0.6756823592785403,2.505219693901532,0.6868566871346891,0
162.464,2.5299861760701314,0.6956960679223355,2.5837286648774236,0.7283130206034404,2.5481432547600265,0.703464406490744,0
162.496,2.5491861300188794,0.6957380401987183,2.5560489740870658,0.6430512463599488,2.562825514962609,0.6793243267471456,0
162.528,2.568386084020106,0.6957800092560118,2.5019727416745283,0.6467661710172563,2.5500043781250765,0.6663262460510337,0
162.56,2.5875860380837086,0.695821973392185,2.62552165884315,0.7076631031198396,2.5917312628978557,0.6828861668844451,0
162.592,2.606785992215601,0.695863931224221,2.6512998735223166,0.7160880357759429,2.6270786796424472,0.6961920882125211,0
162.624,2.6259859464173325,0.6959058817774961,2.612771906333538,0.6465418704482726,2.632875942823755,0.6763571702737459,0
162.656,2.645185900685978,0.6959478245488755,2.616139855839721,0.70674160440201,2.63770148054523,0.6885361084156152,0
162.68800000000002,2.664385855014316,0.6959897595394404,2.6880209923949185,0.7304019177317594,2.6693492578099036,0.7053075921876022,0
162.72,2.6835858093912734,0.6960316872547244,2.6767314916611613,0.7030998631468738,2.6838221238837745,0.7044496566915281,0
162.752,2.702785763802624,0.696073608672426,2.7362042930715536,0.7264929695781572,2.7162949640991303,0.7132921348158743,0
162.784,2.721985718231891,0.6961155251796629,2.6666997572249596,0.7204239507487296,2.7079768538944413,0.7161700119882424,0
162.816,2.7411856726614037,0.6961574384837985,2.781618428215684,0.7072146126832635,2.748953456170203,0.7126130020172834,0
162.848,2.760385627073438,0.6961993505025755,2.7403676291205943,0.6596172856813634,2.7570390978973074,0.691439865378001,0
162.88,2.779585581451367,0.6962412632406286,2.813633039162398,0.6592093519567237,2.7911966469473892,0.678572811234035,0
162.912,2.798785535780745,0.6962831786603244,2.825547261602834,0.7257749538649831,2.816456865348305,0.6974788219425807,0
162.94400000000002,2.817985490050251,0.6963250985552528,2.8102220685410964,0.6837398966949794,2.8254829191567836,0.6920084088791529,0
162.976,2.8371854442524262,0.6963670244345181,2.8823593368658664,0.660959139542156,2.8597534587628024,0.6796138622916957,0
163.008,2.856385398384161,0.6964089574252917,2.85684961265447,0.7134016816135148,2.8701118928318516,0.6931541557489004,0
163.04,2.875585352446891,0.6964508981999173,2.8426603585289723,0.6628800897521242,2.870651251612691,0.6810696998358906,0
163.072,2.8947853064464937,0.6964928469322768,2.9234585219079707,0.6638205920613611,2.903294132222681,0.6741952318402262,0
163.104,2.9139852603929,0.6965348032862504,2.8824569392055146,0.6810989690224579,2.9064792274985054,0.676981906030165,0
163.136,2.9331852142994412,0.6965767664370366,2.92729506398985,0.687508479186008,2.926325534570064,0.6812177181173634,0
163.168,2.9523851681819835,0.6966187351239829,2.9206505640449696,0.696223307737003,2.9355755188293857,0.6872451393779087,0
163.20000000000002,2.971585122057904,0.6966607077315496,2.9919706656183678,0.7030108377216425,2.969653550011051,0.6935766056301964,0
163.232,2.9907850759449786,0.6967026823932135,3.077316209471041,0.6357461594725948,3.0242385862604158,0.6704696144025045,0
163.264,3.0099850298602506,0.6967446571116357,3.0039201374811215,0.6841770484150511,3.0276311792159913,0.675977774362174,0
163.296,3.029184983818951,0.6967866298873637,3.082102953913514,0.6775661386981766,3.06093986156672,0.6766383044270519,0
163.328,3.0483849378335344,0.696828598847785,3.042259231537183,0.7606946501066586,3.0649875820332646,0.7102860239933,0
163.36,3.0675848919128916,0.6968705623680186,3.052806005670901,0.6917292845570392,3.0716349239750995,0.702888505662209,0
163.392,3.086784846061783,0.696912519175949,3.0512215992289478,0.6725518135118242,3.0749895665730738,0.6907790018292614,0
163.424,3.1059848002805315,0.6969544684346166,3.0730388809520672,0.7089198723051554,3.0857292648313672,0.6980605183518083,0
163.45600000000002,3.1251847545649896,0.6969964097966387,3.1439962353879247,0.7318481000950957,3.1205560255708873,0.7116007147121677,0
163.488,3.1443847089067907,0.6970383434271278,3.147552942082351,0.730058813353804,3.142874764701848,0.7190091134919104,0
163.52,3.163584663293868,0.6970802699936003,3.1257090422472786,0.6336728702867018,3.147528448254535,0.68489977180458,0
163.552,3.1827846177112145,0.6971221906235008,3.1946992524447184,0.633129000395221,3.177916742471394,0.6642166159621828,0
163.584,3.2019845721418343,0.6971641068320465,3.1928963863888664,0.6795656663132413,3.1954285725831597,0.670381386993959,0
163.616,3.221184526567834,0.6972060204250167,3.2049768084506995,0.7192244344973369,3.210767839476402,0.6899437562215466,0
163.648,3.240384480971574,0.6972479333827221,3.2091433962950204,0.7409996126051036,3.221638034748881,0.7103912495475085,0
163.68,3.259584435336814,0.6972898477326112,3.2210530527686605,0.7075031761059356,3.232924014498056,0.7092611726696814,0
163.71200000000002,3.278784389649769,0.6973317654187032,3.2466643424047597,0.6921152478679796,3.249940118195892,0.7024279580465094,0
163.744,3.297984343900006,0.697373688176253,3.2889444689035585,0.7195361559766758,3.2770618310060486,0.7092963962104952,0
163.776,3.317184298081124,0.6974156174197176,3.320709299097385,0.7109641636383661,3.3060407907601643,0.7099886665290152,0
163.808,3.3363842521911646,0.6974575541512523,3.2554779276413535,0.6671972958177673,3.297335618019872,0.6928972863308293,0
163.84,3.355584206232736,0.697499498895646,3.3153427159578333,0.6901865628143872,3.3160584296917595,0.6918381698304016,0
163.872,3.3747841602128323,0.6975414516659169,3.413434487044932,0.7052396490530701,3.366528825119695,0.697223939018146,0
163.904,3.3939841141423757,0.6975834119618172,3.399695267093105,0.7038766287655492,3.391315374386825,0.6999101964870471,0
163.936,3.4131840680355032,0.6976253788013895,3.492656787800521,0.6449628259392504,3.443371912222876,0.6779564331271287,0
163.968,3.4323840219086557,0.6976673507835897,3.4496564093561903,0.6820014533417381,3.457405683541749,0.679599628368734,0
164.0,3.4515839757795255,0.6977093261779885,3.445790360908444,0.6973658909732086,3.464279526951442,0.6867313217231628,0
164.032,3.470783929665931,0.6977513030358269,3.4420067742847755,0.7454250723490796,3.4668903983479114,0.7102340102296478,0
164.064,3.4899838835846886,0.6977932793153083,3.4619625024966556,0.6474126038893997,3.476439212473312,0.685130634684171,0
164.096,3.5091838375505553,0.6978352530130929,3.446634477251686,0.7284129699648118,3.4760372908557957,0.7024687533949865,0
164.12800000000001,3.528383791575298,0.697877222293545,3.523969511298056,0.6843905017344475,3.506730151511189,0.6952626339659158,0
164.16,3.5475837456669526,0.6979191856074166,3.547880169978806,0.67388815700361,3.5347101313857268,0.6867380202995395,0
164.192,3.566783699829312,0.697961141792316,3.555135818085903,0.7517468516685657,3.55440037856335,0.7127667253630889,0
164.224,3.585983654061678,0.6980030901484697,3.6044222713601237,0.7044714934272793,3.585929108190079,0.7094738003151743,0
164.256,3.605183608358892,0.6980450304848638,3.5423153330594177,0.7146091161415787,3.5800035706560247,0.7115530897075133,0
164.288,3.6243835627116483,0.698086963132748,3.6388428623578095,0.7227412362233898,3.6150592598641977,0.7160535071404146,0
164.32,3.643583517107066,0.6981288889255732,3.668886311992191,0.7038705724391874,3.648110053250556,0.7112054885582637,0
164.352,3.6627834715294973,0.6981708091465937,3.7048504245546163,0.6988170030727516,3.682326174312989,0.7062752470739984,0
164.38400000000001,3.681983425961515,0.6982127254474356,3.707464335792755,0.6862103720555517,3.7039014114489226,0.6982744483008927,0
164.416,3.7011833803850234,0.6982546397428079,3.6951234462941738,0.7065813587607895,3.7119101979316174,0.7016223634579861,0
164.448,3.720383334782414,0.6982965540880628,3.718689348432638,0.7483639170497706,3.726141830674485,0.7203441368451866,0
164.48,3.7395832891377006,0.698338470547428,3.7812302757546195,0.7063776136749265,3.759697181244282,0.7147826816877981,0
164.512,3.758783243437548,0.6983803910613401,3.738275338089931,0.7270020868820661,3.762648416513275,0.7196956010875031,0
164.544,3.7779831976721314,0.6984223173213796,3.7760776761266546,0.6863635830564085,3.779540092880491,0.7063879552596243,0
164.576,3.797183151835765,0.6984642506608394,3.79536649450532,0.5959083407752437,3.7973906260421146,0.6622212755091706,0
164.608,3.8163831059272613,0.6985061919679705,3.7272657115308294,0.7294049571523809,3.780860632738458,0.6891199191704549,0
164.64000000000001,3.8355830599500016,0.6985481416275146,3.824108251766158,0.7423115365651,3.809679652839585,0.7104217420803942,0
164.672,3.8547830139117076,0.6985900994943385,3.807995790364649,0.7044035440351513,3.820526080329558,0.7080396434350076,0
164.704,3.8739829678239404,0.6986320649009453,3.8983513948826496,0.6483448529264971,3.863176178622,0.6841869118025924,0
164.736,3.89318292170136,0.698674036698479,3.923792209372365,0.6458571212840168,3.8989425633865267,0.6688801832860967,0
164.768,3.9123828755607963,0.6987160133287094,3.898485253650869,0.7162011631414309,3.9102796119521774,0.6878337649602513,0
164.8,3.9312154970594246,0.698757122950198,3.93232853209778,0.7380570386100167,3.9303814288229333,0.7079477163008694,0
164.832,3.9494612999250713,0.698796915618593,3.9278762340357734,0.691587439520981,3.9403000134915205,0.7014274106385505,0
164.864,3.967118084356471,0.6988353910529544,3.9716996952305426,0.7186864452637554,3.963430229452519,0.7083540209264012,0
164.89600000000002,3.9842017631344944,0.69887255671636,3.975679723957663,0.7238239069793965,3.978561360337357,0.714564196798182,0
164.928,4.00073140654005,0.698908455693415,3.980019373598626,0.6958502607545729,3.9890478921516843,0.7071001025973807,0
164.96,4.016726080553823,0.6989431438349293,3.996678381744831,0.7320155942427955,4.001686045387369,0.7170870706368122,0
164.992,4.032204148392165,0.6989766776614529,4.009784976774089,0.6746110362863471,4.014204477625597,0.7001167500064125,0
165.024,4.047183169067593,0.6990091103636992,4.100040942985663,0.6796425419990146,4.057520744563044,0.6919465102243019,0
165.056,4.061679932902063,0.6990404908889952,4.111916179980999,0.6216657467932193,4.087973002327363,0.663853025185561,0
165.088,4.075710520907617,0.6990708640179104,4.064261073180676,0.7010995047142127,4.086903976391272,0.678769838944298,0
165.12,4.089290361714978,0.6991002707274542,4.070059748992088,0.6463708434520454,4.088312643847897,0.6658278872316827,0
165.15200000000002,4.102434281138766,0.6991287486159752,4.129258487656887,0.7063079154199711,4.112576606821863,0.6820369908200605,0
165.184,4.115156544502226,0.6991563323161698,4.024147618326619,0.6634056933326108,4.084838273594525,0.6746010297801,0
165.216,4.127470892827609,0.6991830538717319,4.120450104880935,0.6919861638920718,4.106472000793756,0.6815711255077227,0
165.248,4.139390574020665,0.6992089430709811,4.147150639333439,0.7168127941196683,4.129896015375297,0.6956833364656282,0
165.28,4.150928370005323,0.699234027738096,4.151021497494535,0.6812863167652102,4.145269909477978,0.6899395897816848,0
165.312,4.16209662058073,0.6992583339856218,4.184060950241004,0.7121507260574057,4.167488501323712,0.6988386384965383,0
165.344,4.17290724461573,0.6992818864329241,4.173529237672645,0.6550397764492778,4.176392540962098,0.6813332353984436,0
165.376,4.183371759068858,0.6993047083952068,4.224201128035502,0.7095021827103527,4.201796156879567,0.6926145173493287,0
165.40800000000002,4.193501296221057,0.6993268220471865,4.146849875436586,0.7277069266210554,4.185896906685579,0.7066647585469746,0
165.44,4.203306619428548,0.699348248564825,4.144007801060444,0.7131937545772876,4.175026039680122,0.7092892215135553,0
165.472,4.2127981376403145,0.699369008247855,4.202267874402683,0.6807655310695672,4.191619286585178,0.6978922090704858,0
165.504,4.221985918875006,0.6993891206252915,4.210887556645061,0.750853417010501,4.204840870454917,0.7190887668450765,0
165.536,4.230879702812836,0.6994086045457095,4.23542214357719,0.6578219931949254,4.222411250131749,0.6945937541500563,0
165.568,4.239488912627119,0.6994274782537909,4.241890474121058,0.6976300626988808,4.235370049488022,0.6958196074630556,0
165.6,4.24782266615566,0.6994457594544685,4.201869351504298,0.6995221636984698,4.226971583213179,0.6973116036347344,0
165.632,4.255889786492863,0.699463465365896,4.265088417008883,0.7411520306858302,4.247060121571063,0.714858402293681,0
165.66400000000002,4.263698812068192,0.6994806127624187,4.215965762168877,0.6903172749824708,4.239309293930036,0.7050522434890427,0
165.696,4.271258006264499,0.6994972180086859,4.261005116278227,0.7147821010158008,4.252524605690674,0.708954152781774,0
165.728,4.278575366620146,0.6995132970860231,4.265692612796185,0.7037445808437263,4.262183654819883,0.7068799741049929,0
165.76,4.285658633651274,0.6995288656121483,4.2611777741290116,0.756788415598026,4.266032655507381,0.7268526940539749,0
165.792,4.292515299324489,0.6995439388552815,4.289173224677377,0.6924579178833821,4.279404237409163,0.7131038294168208,0
165.824,4.299152615205431,0.699558531743634,4.317177311871362,0.7248763645794164,4.298497173444912,0.7178216008113152,0
165.856,4.305577600304872,0.6995726588712055,4.3371793983295825,0.7147209589962059,4.317826333183644,0.7165898217274242,0
165.888,4.311797048640857,0.6995863345007338,4.288815673455585,0.731785116586705,4.309954979363016,0.7226761462364156,0
165.92000000000002,4.3178175365329725,0.6995995725645598,4.310355013182263,0.68635694833763,4.313728489553474,0.7081564109717593,0
165.952,4.323645429642815,0.6996123866640754,4.311769985915524,0.6836068267103779,4.31644299139418,0.6983442666934662,0
165.984,4.329286889773108,0.6996247900683372,4.352115798180296,0.6620155792506746,4.3340981218577745,0.6838202346702926,0
166.016,4.334747881436609,0.6996367957123292,4.37592229465958,0.6740391471087617,4.354105482694324,0.679915003917123,0
166.048,4.340034178204848,0.6996484161952766,4.345873694876991,0.7233661282107308,4.353985608244579,0.6973024268061221,0
166.08,4.345151368845884,0.6996596637793263,4.380280592716253,0.6996915770766934,4.36757494581383,0.6982648363610349,0
166.112,4.350104863259471,0.6996705503888349,4.391385512548446,0.7518378155811468,4.380072266229277,0.7197005609383615,0
166.144,4.355046858264558,0.6996814372792685,4.377196075999052,0.7246775881440496,4.381894883853635,0.7216979070545412,0
166.17600000000002,4.355355934204445,0.7086384194923131,4.339274202571836,0.7212720713530967,4.364833950198488,0.7215275445762387,0
166.208,4.355311361321474,0.7182522993198104,4.32975617221956,0.7382936350043974,4.350790010931599,0.7282339521785715,0
166.24,4.355206769742172,0.7279535966665267,4.317425873664382,0.7020583301648455,4.337431528205771,0.7177636749108642,0
166.272,4.35510059532851,0.7376498462572928,4.347543766894662,0.7621759458339182,4.3414636435224025,0.7355285550175334,0
166.304,4.355004332483237,0.7473284478383109,4.394735799272136,0.7509323026506326,4.36275976799106,0.7416900259607728,0
166.336,4.354918629426869,0.7569906769931875,4.351308550333598,0.7957488768379807,4.358166569752159,0.7633135382889538,0
166.368,4.354841915925757,0.7666396185454298,4.352209425519049,0.7779793489491685,4.355771013786059,0.7691798345657587,0
166.4,4.3547724398377765,0.776278078133899,4.3392818928405426,0.777814827959738,4.349162670299062,0.7726338039364992,0
166.43200000000002,4.354708694786059,0.7859083236095419,4.3413116819727575,0.7636744047915326,4.3460095768907285,0.7690500162712037,0
166.464,4.3546494648847895,0.7955321408390129,4.3407877012374865,0.8117788578100898,4.3439081222409826,0.7861415248487407,0
166.496,4.354593787191075,0.8051509265037777,4.407224857138848,0.823048759200228,4.369222104199524,0.8009043905179948,0
166.528,4.354540903896386,0.814765770512704,4.355017864807928,0.8260036297402478,4.363527688955264,0.8109440581048479,0
166.56,4.354490220045724,0.8243775226841902,4.371189916086445,0.8234688292053631,4.366579853901554,0.8159539384182635,0
166.592,4.354441269034352,0.8339868455089906,4.314492628675371,0.8470703911655012,4.345732233124545,0.828400491373491,0
166.624,4.354393685110585,0.8435942555931817,4.3550499129551925,0.8545478673314076,4.349446571514768,0.8388594136047914,0
166.656,4.354347181635886,0.8532001560853995,4.294299283976746,0.8421793118706473,4.327374922104317,0.8401873447597628,0
166.68800000000002,4.354301533952738,0.8628048619771427,4.332192649433262,0.86222056323028,4.329289279717843,0.8490006040052454,0
166.72,4.354256565908678,0.8724086197941946,4.353059791641837,0.8477166765450335,4.338784754003575,0.8484870048943234,0
166.752,4.354212139271783,0.882011622890053,4.317992242614498,0.8768350421294274,4.330455023318033,0.8598261916835241,0
166.784,4.3541681454287655,0.8916140233025475,4.315627352465673,0.8810457509786465,4.324511234448905,0.868313987323601,0
166.816,4.3541244988825945,0.9012159409333591,4.310760603911861,0.8933010420244536,4.318998268270538,0.8783087811564538,0
166.848,4.354081132166961,0.9108174706484428,4.339683883646937,0.9201112871640579,4.327259807703378,0.8950297555448897,0
166.88,4.354037991874781,0.9204186877681568,4.370192455929624,0.8671532745308852,4.344420167935902,0.883879135158829,0
166.912,4.353995035561397,0.9300196523131605,4.330873146435957,0.9454498904773982,4.338988668106272,0.9085074093401845,0
166.94400000000002,4.3539522293335695,0.9396204122908113,4.37185199611451,0.9176492290379467,4.352121315858023,0.9121641093069434,0
166.976,4.353909545975309,0.9492210062427173,4.296086451923476,0.963772970585619,4.329694694370685,0.9328076259383646,0
167.008,4.353866963493273,0.9588214652238564,4.374456439289692,0.9298144338684564,4.347586723562534,0.9316103212605824,0
167.04,4.353824463989535,0.9684218143444511,4.390167473060881,1.0091415239369266,4.364606361192715,0.9626227745089542,0
167.072,4.353782032789331,0.9780220739753229,4.351288348962663,0.970688365485446,4.359266500104098,0.9658489831020705,0
167.104,4.353739657767042,0.9876222606938794,4.274330573738807,0.9688923177114084,4.3252794786233615,0.9670662891697639,0
167.136,4.353697328825971,0.9972223880297377,4.304268173630353,0.9458515585442807,4.316862310190613,0.9585803691615435,0
167.168,4.353655037497237,1.006822467055071,4.340643552845304,0.9885631846073619,4.326362164522854,0.9705734675963483,0
167.20000000000002,4.353612776630608,1.0164225068541235,4.339191195620612,0.983935525106354,4.3314811371345545,0.9759182628678174,0
167.232,4.353570540156198,1.0260225148982445,4.3411969419205505,1.0454108926995274,4.335354821327114,1.0037152870755086,0
167.264,4.353528322900577,1.0356224973466357,4.39753657624011,1.0743520995852542,4.36021488690171,1.0319699843586345,0
167.296,4.353486120444474,1.0452224592883474,4.36875855575377,1.055211462180479,4.363619718644423,1.0412665477676817,0
167.328,4.353443929012192,1.0548224049375274,4.373142779732506,1.0105362335949402,4.367416307182119,1.0289743943770635,0
167.36,4.353401745385027,1.0644223377912532,4.3514019649070965,1.0954162961293619,4.360997933639434,1.0555511273519809,0
167.392,4.353359566832758,1.0740222607572592,4.352423824345642,1.1107174777487343,4.357555651982194,1.0776176397778428,0
167.424,4.353317391058608,1.0836221762573226,4.294371642564779,1.135174767012636,4.332269408466274,1.1006404629300408,0
167.45600000000002,4.35327521615418,1.0932220863109026,4.369666356081058,1.0702432370245851,4.347215545525906,1.0884815448155476,0
167.488,4.353233040561648,1.1028219926027232,4.3281487649850865,1.07708467210268,4.339576188734827,1.0839227679661263,0
167.52,4.353190863041175,1.1124218965372867,4.367065197287462,1.1310735803439473,4.350559144719961,1.1027830651399892,0
167.552,4.353148682641996,1.1220217992827637,4.319584137566153,1.1517889686866833,4.338156491367261,1.122385398767725,0
167.584,4.353106498676026,1.1316217018062644,4.384262067400456,1.1397836971610185,4.356586068117584,1.1293446903200746,0
167.616,4.353064310693166,1.1412216049021568,4.3733944597786065,1.1212653305229803,4.363296767906124,1.126112918582217,0
167.648,4.3530221184576865,1.150821509214808,4.328918743344959,1.1914133768066113,4.349532898023897,1.1522330740391853,0
167.68,4.352979921925309,1.1604214152568983,4.386787110024193,1.182716038425645,4.364421919683361,1.1644262319477803,0
167.71200000000002,4.352937721220706,1.1700213234242647,4.375496460331428,1.1923874810942663,4.368839069880966,1.1756107037480212,0
167.744,4.35289551661531,1.1796212340080634,4.258333556860645,1.1581807414299108,4.324624195909306,1.1686386909511315,0
167.776,4.352853308505355,1.1892211472049117,4.398883032178592,1.1565788051353423,4.354315059221305,1.1638147087451585,0
167.808,4.352811097390196,1.1988210631255456,4.367916836915934,1.1709899611151933,4.359743096984649,1.1666847818049606,0
167.84,4.352768883850965,1.2084209818024305,4.342548125332317,1.2224000676410358,4.352852433240029,1.1889708682442246,0
167.872,4.3527266685297095,1.218020903196678,4.345547402525485,1.2360720569972445,4.349917744479433,1.2078113158450205,0
167.904,4.352684452109108,1.227620827204543,4.323985302012111,1.2427998852782574,4.339532090025231,1.2218067157144392,0
167.936,4.352642235292972,1.2372207536637134,4.339704629595175,1.2397206009500776,4.339588427804507,1.2289722419031737,0
167.968,4.352600018787674,1.2468206823595456,4.383975682132509,1.2617649825997748,4.357330651321114,1.24208931027647,0
168.0,4.352557803284673,1.2564206130313544,4.372442991165989,1.2619953064148288,4.363362909290716,1.2500516808284365,0
168.032,4.352515589444331,1.2660205453788231,4.326989347381694,1.2930823067944472,4.348800807206174,1.2672639033151565,0
168.064,4.352473377881157,1.2756204790685606,4.3565843828062665,1.363822076969078,4.351901561155664,1.3058871448823641,0
168.096,4.352431169150612,1.285220413740812,4.37095681296631,1.2948768771723702,4.359510986977793,1.3014830099108354,0
168.12800000000001,4.352388963737632,1.2948203490162962,4.368304716020476,1.2997373235467358,4.363015805408067,1.3007847074858514,0
168.16,4.3523467620469605,1.3044202845031254,4.400701593381148,1.3121366807980137,4.378077449416103,1.3053254689407434,0
168.192,4.35230456439536,1.314020219803753,4.311890388122043,1.3841536578793012,4.3515899559717095,1.3368567166565581,0
168.224,4.352262371005784,1.3236201545218724,4.334888699678641,1.3257546910527553,4.3448967869855135,1.3324158785665787,0
168.256,4.352220182003518,1.3332200882691934,4.355225709302508,1.3526753348672078,4.349015692055888,1.3405196332500884,0
168.288,4.352177993186643,1.3428200206774916,4.3476005804657865,1.361853366824097,4.34843698356341,1.349053098849324,0
168.32,4.340639116463983,1.3497291554800346,4.387499770393158,1.3690197559355106,4.352542167214256,1.35702010086482,0
168.352,4.321991839006352,1.350189829116765,4.370643233877848,1.3556093952575554,4.348262620205981,1.3564414658072348,0
168.38400000000001,4.302675725012269,1.3501312353000499,4.3046840740074614,1.3746190776603835,4.319311215393572,1.363701743106875,0
168.416,4.283263608068844,1.3500186214684704,4.220864887302884,1.3824541595103677,4.268412691739316,1.3711948089876858,0
168.448,4.26386643731458,1.3499189253947081,4.229215303167331,1.3921531532675686,4.241213740363539,1.3795725479499836,0
168.48,4.244503510207744,1.3498392020160124,4.248227177157192,1.3297269441262967,4.232499117134847,1.3596304632533578,0
168.512,4.225173193140633,1.3497765676751041,4.20680711186805,1.251629755536657,4.210702316032071,1.316427594092743,0
168.544,4.20586998428317,1.349727233651072,4.196075672149049,1.3805333843375955,4.193331658970573,1.3420681699528099,0
168.576,4.186588493583186,1.3496880495960457,4.1693994876140925,1.3085822610252515,4.1722387906820355,1.3286726070083654,0
168.608,4.167324210410258,1.3496566395665552,4.205771827505705,1.3395716584409798,4.174132005556402,1.3330313694238787,0
168.64000000000001,4.1480735149543415,1.3496312806720934,4.173574591433285,1.3664575701226758,4.1623890399991526,1.3464012238912342,0
168.672,4.128833538481151,1.3496107494057246,4.146363207764153,1.3518802664201985,4.144458707167447,1.3485924077454372,0
168.704,4.109602016050476,1.349594182645828,4.14283423923157,1.3834338222603026,4.1322889200348865,1.3625287390831815,0
168.736,4.090377161292551,1.3495809636063767,4.122901231970332,1.3278584089057912,4.117013844835301,1.3486606013041083,0
168.768,4.071157565558225,1.3495706339259272,4.09993850902799,1.3581503980620253,4.098663710529284,1.352456779414394,0
168.8,4.051942117982173,1.3495628299568962,4.073678104729242,1.3845632433011945,4.077149468226983,1.365299919282474,0
168.832,4.0327299424143535,1.3495572398972717,4.039598161441769,1.3868038762458623,4.050608945545392,1.373902366631678,0
168.864,4.013520347718365,1.3495535777803014,4.028293671400249,1.3503871910081875,4.030162835950067,1.3644974686277032,0
168.89600000000002,3.9943127886127074,1.349551570229696,4.055757628546623,1.3531968057286772,4.028880753095154,1.3599786629643968,0
168.928,3.9751068348208216,1.3495509521473323,3.9497930287335823,1.3413751068553623,3.9857256635090437,1.3525389515118373,0
168.96,3.955902146769081,1.3495514680029541,3.947010450205535,1.3952239475925639,3.958719578399453,1.3696148653618847,0
168.992,3.9366984564438896,1.3495528760310025,3.942696805895196,1.3688548696544691,3.9407904696568656,1.3693129331570173,0
169.024,3.917495552311182,1.3495549533158198,3.9452169054853794,1.382776216902518,3.9310410442828747,1.3747004074539593,0
169.056,3.898293267432287,1.3495575003915536,3.928576470210801,1.3798772433511615,3.9185352149688812,1.3767733431742368,0
169.088,3.8790914700931802,1.3495603445480246,3.907970147554654,1.3370021508058263,3.90278918832219,1.3608670588764598,0
169.12,3.8598900564097085,1.3495633414907302,3.8332171298994093,1.3342340939765087,3.863440365261635,1.3502160145986855,0
169.15200000000002,3.840688944486937,1.349566375342374,3.8825751364817807,1.3526272613602734,3.8595742740362105,1.351182569969501,0
169.184,3.8214880698020726,1.349569357199114,3.845244434446119,1.3474212072015461,3.842322338456796,1.349679971022617,0
169.216,3.802287381552146,1.3495722225810816,3.7309657915015597,1.3936609107491362,3.786259719897317,1.3672741653174567,0
169.248,3.7830868397636954,1.3495749281629006,3.7805077877934874,1.3603863243810568,3.7724389472435207,1.3645207097773953,0
169.28,3.763886413005295,1.3495774481571852,3.733346913125581,1.3255449942352926,3.745282133750784,1.348931963344655,0
169.312,3.7446860765776964,1.3495797706726782,3.7359362153334943,1.3254627400707708,3.7300237665082117,1.3395456743803917,0
169.344,3.725485811082712,1.3495818942966777,3.6781850261580855,1.3238001728170563,3.697768270466465,1.3332487401197763,0
169.376,3.7062856012925938,1.3495838250729186,3.743208304144265,1.2765095327592164,3.704424284014161,1.3105541977116708,0
169.40800000000002,3.6870854352577886,1.3495855739715124,3.6799467355626536,1.3434282741639223,3.6831132646925506,1.3237048528486357,0
169.44,3.6678853036036987,1.3495871548835485,3.6181275385497917,1.3153865728739071,3.6455989742805857,1.320378460170872,0
169.472,3.648685198977146,1.3495885831229808,3.6383201500082722,1.3736478813917237,3.6311674446061373,1.3416870537374035,0
169.504,3.629485115611247,1.3495898743833823,3.585943288536697,1.349935330021797,3.60155778220481,1.3449871059492535,0
169.536,3.610285048983788,1.3495910440761438,3.576434169717003,1.3572991308165763,3.579988337230216,1.3499125846411721,0
169.568,3.591084995549274,1.3495921069676806,3.5311831112121217,1.3710088791708153,3.548946246839234,1.3583517081024725,0
169.6,3.571884952528908,1.3495930770335964,3.559325349635127,1.312981227525246,3.5415778879708335,1.3402040676655511,0
169.632,3.5526849177460016,1.34959396745483,3.6055364242402828,1.3647583940847414,3.555641302489788,1.350026304808502,0
169.66400000000002,3.5334848894969393,1.3495947906920438,3.5768199545481867,1.3804737513322813,3.5525927633229517,1.3622057528559441,0
169.696,3.5142848664498985,1.3495955585877835,3.5075561345112334,1.3114798626737476,3.5230581118072037,1.3419158366677735,0
169.728,3.4950848475652005,1.3495962824595915,3.477874306849501,1.3927199776116899,3.4934645898325556,1.3622379105147915,0
169.76,3.4758848320325066,1.349596973160098,3.4137134985027573,1.3395738869100062,3.4500441533088133,1.3531727028512877,0
169.792,3.4566848192211324,1.349597641091398,3.4583186664677648,1.3379749028608772,3.4418339585804887,1.3470939752606315,0
169.824,3.4374848086406034,1.3495982961703612,3.448047704055334,1.339586621908017,3.432799456778561,1.3440914228458736,0
169.856,3.4182847999092374,1.3495989477487829,3.4277666999295424,1.3147959805924372,3.4192663540472195,1.3323736368188903,0
169.888,3.3990847927290613,1.3495996044975151,3.3714850674854477,1.3651550550585978,3.3886338394309865,1.3454866018382021,0
169.92000000000002,3.3798847868657766,1.3496002742671156,3.3477897239630496,1.3136873154772641,3.3607761932525726,1.3327672961699837,0
169.952,3.360684782132791,1.3496009639393098,3.3752444845393406,1.3829592928744519,3.355043509776407,1.352844518513737,0
169.984,3.3414847783785717,1.3496016792839547,3.384939599760777,1.383659781545128,3.3554819457797365,1.3651710650691578,0
170.016,3.3222847754767453,1.3496024248354357,3.2832744897319306,1.3745122840992507,3.315078963370741,1.3689080138086296,0
170.048,3.3030847733184943,1.3496032038007628,3.3422784754085866,1.3544070723433121,3.3144387681966423,1.3631081194141672,0
170.08,3.2838847718068895,1.3496040180092526,3.3007773058647083,1.3226057195202423,3.2974541832753466,1.346907663161685,0
170.112,3.2646847708528557,1.3496048679107902,3.213130793785738,1.3359921090364855,3.252204827491754,1.3425419663719622,0
170.144,3.2454847703725136,1.3496057526264411,3.263069978842621,1.3337115154006989,3.245030888045151,1.3390103308876324,0
170.17600000000002,3.2262847702856647,1.3496066700518083,3.2238971934350964,1.3304630442832162,3.225057410214969,1.3355919794133289,0
170.208,3.207084770515204,1.349607617010182,3.214540306556309,1.3601291951864953,3.2093305687660836,1.3454074448152948,0
170.24,3.187884770987264,1.3496085894493826,3.2400386361057323,1.273948331954488,3.21009379571717,1.31682439192755,0
170.272,3.1686847716318938,1.3496095826734211,3.133244333319516,1.3514995408361261,3.167834010773859,1.3306950538773878,0
170.304,3.1494847723840937,1.3496105915978434,3.1195112291134572,1.356845837945124,3.136984898125826,1.3411559768735715,0
170.336,3.1302847731850374,1.349611611016013,3.137806091486192,1.3733112117980588,3.1257933754863183,1.3540186840953057,0
170.368,3.1110847739833183,1.3496126358627265,3.074533117039652,1.2755403548213837,3.0937692721240584,1.3226279666208969,0
170.4,3.0918847747360796,1.3496136614614933,3.114981109384076,1.3804554115414815,3.0907340070443903,1.3457595572453755,0
170.43200000000002,3.0726847754099063,1.349614683742573,3.0206802272936883,1.3694455799621523,3.051192495160235,1.3552345752992117,0
170.464,3.053484775981378,1.349615699420401,3.072412474340757,1.3672610764854023,3.0481604868482846,1.3600457794790084,0
170.496,3.034284776437215,1.349616706121277,3.0168226137714096,1.3675012600463425,3.024105337633041,1.3630285691666622,0
170.528,3.0150847767739744,1.3496177024550082,2.9930227695597256,1.2941699884287505,3.000152310418872,1.3354857277114216,0
170.56,2.995884776997293,1.3496186880274188,3.036521308387334,1.3497915314851021,3.0031799096210827,1.3412086336511226,0
170.592,2.9766847771207026,1.3496196633940805,2.9775361081764147,1.3520275886974908,2.981402389057754,1.345536794435054,0
170.624,2.9574847771640758,1.3496206299590663,2.957565452726794,1.379874963115628,2.960347614539687,1.3592726362024248,0
170.656,2.93828477715179,1.349621589825764,2.913000920867238,1.3352054837695009,2.9298889370848826,1.3496463465896662,0
170.68800000000002,2.9190847771107156,1.3496225456096098,2.946685983083193,1.330087383853051,2.9250877554983266,1.3418233316705055,0
170.72,2.899884777068147,1.3496235002248413,2.897633221433002,1.369138374855183,2.9025859418863496,1.3527499197627417,0
170.752,2.8806847770498014,1.3496244566588558,2.8307998943989823,1.3978430988018278,2.8623515229056746,1.3707877646081001,0
170.784,2.8614847770780067,1.3496254177484248,2.8418314816738475,1.3328577618030242,2.842623506427412,1.355616340706568,0
170.816,2.842284777170182,1.3496263859717876,2.8201215389181273,1.3381360649314373,2.822102719438428,1.3486248128840899,0
170.848,2.823084777337696,1.349627363269545,2.8339379014026016,1.343979580366299,2.8153167922391367,1.3467673085134808,0
170.88,2.8038847775851714,1.3496283509053746,2.7868481347940794,1.3860696781812385,2.7924093292764907,1.3624888515903804,0
170.912,2.784684777910253,1.3496293493749836,2.808294160270457,1.3527648611933774,2.7872432616897953,1.3585998571504607,0
170.94400000000002,2.765484778303859,1.349630358368603,2.745388951692193,1.3187228306341352,2.7589815377067923,1.342649654221718,0
170.976,2.7462847787508764,1.3496313767888712,2.73597349152141,1.3140280109111877,2.73825831924895,1.3312016095337786,0
171.008,2.727084779231254,1.349632402822407,2.720279675004975,1.3360326649700887,2.7195468615678715,1.3331346479186488,0
171.04,2.707884779721416,1.3496334340599276,2.7535364930856527,1.3653556731995309,2.7216227141916063,1.3460236761392164,0
171.072,2.688684780195904,1.3496344676566852,2.6843619961838456,1.2898693742403748,2.6951984270051317,1.3235625735296943,0
171.104,2.669484780629141,1.3496355005224205,2.7127513540931614,1.3844382883859592,2.6906995978568737,1.3479134757522755,0
171.136,2.650284780997201,1.3496365295281916,2.6607033747534423,1.3366679318082517,2.6671811086318282,1.3434158707456278,0
171.168,2.6310847812794793,1.3496375517163812,2.6481468736852016,1.3228488805868226,2.6480474146692123,1.3351896819011646,0
171.20000000000002,2.6118847814601445,1.3496385645000402,2.615412127153041,1.3616426739862206,2.623473299678417,1.3457714792671962,0
171.232,2.592684781529285,1.3496395658384488,2.6211259693024473,1.4285470320593927,2.611014367543297,1.37888229329291,0
171.264,2.57348478148367,1.349640554377362,2.5872545484137963,1.3400760726770364,2.5899904399063436,1.3633603898606246,0
171.296,2.5542847813270675,1.3496415295447155,2.5923081897247995,1.379440948168465,2.5793975398481637,1.3697931899312863,0
171.328,2.5350847810701036,1.3496424915954774,2.4650467823307203,1.3667358395685156,2.522137236855252,1.3685708189979802,0
171.36,2.5158847807296603,1.3496434416026417,2.522701027581641,1.3724412586230224,2.5108427531595607,1.3701195575274485,0
171.392,2.4966847803278522,1.3496443813948575,2.497925074167846,1.2838468550599211,2.49415568157639,1.335611034102556,0
171.424,2.4774847798906485,1.3496453134446587,2.442071107277871,1.3580338387551742,2.461801851870346,1.3445807101471594,0
171.45600000000002,2.4582847794462332,1.349646240714461,2.4381992011169076,1.367589076812908,2.440840791582275,1.3537846095717674,0
171.488,2.43908477902321,1.3496471664702459,2.4087095204165423,1.3492345137137327,2.41646828312932,1.3519651246059932,0
171.52,2.4198847786487754,1.3496480940749511,2.461654905396001,1.344397146818338,2.423022932049456,1.3489384894931733,0
171.552,2.4006847783469785,1.3496490267749126,2.3869738887603797,1.3693981511328783,2.3970833147474977,1.357122914615392,0
171.584,2.3814847781371884,1.3496499674931715,2.4403355932390127,1.3747023611123368,2.40286422615806,1.3641552597002111,0
171.616,2.3622847780328624,1.3496509186430246,2.327871721398537,1.3746732526462755,2.3613472242685516,1.3683630305569667,0
171.648,2.3430847780406983,1.3496518819739005,2.256093331301268,1.3846784119066435,2.3077256670963253,1.3748897646820808,0
171.68,2.323884778160221,1.349652858459565,2.375211448811535,1.3545969250849859,2.3231999797975034,1.3667732185463968,0
171.71200000000002,2.3046847783838267,1.3496538482359248,2.3087581019261547,1.3277299221913017,2.3059032286644605,1.3511564975193795,0
171.744,2.285484778697279,1.3496548505925035,2.2899265687373016,1.333009034291209,2.287992564709464,1.3438981167516437,0
171.776,2.2662847790806233,1.3496558640181942,2.3122255023506817,1.3470029664264485,2.286165739782131,1.3451406669045793,0
171.808,2.247084779509463,1.3496568862983893,2.2722920784878053,1.3260543888474396,2.269096275280812,1.337506770109751,0
171.84,2.2278847799565096,1.3496579146572698,2.2345896436711516,1.3898242902641809,2.24377362265349,1.358434394868355,0
171.872,2.2086847803933205,1.3496589459361206,2.188498864833912,1.3180019564653385,2.210143719542221,1.3422620364553342,0
171.904,2.189484780792109,1.3496599767962147,2.2129513622474137,1.3612189590181067,2.1997467766407657,1.3498454206508397,0
171.936,2.1702847811275165,1.349661003933221,2.183273555126847,1.3147365597767164,2.1816374880514653,1.3358024877832446,0
171.96800000000002,2.1510847813782368,1.3496620242893453,2.1910694383804823,1.3766156383758774,2.173890268199047,1.3521283541446751,0
172.0,2.1318847815283872,1.3496630352495615,2.1664454214273197,1.3318984552094164,2.1593923295059714,1.344036994016248,0
172.032,2.1126847815685372,1.3496640348093103,2.175261907281703,1.3433510145224437,2.1542201606314775,1.3437631940976442,0
172.064,2.093484781496325,1.3496650217028763,2.1008966494444112,1.356762052348451,2.1213707561714514,1.3489633213118157,0
172.096,2.074284781316623,1.349665995484188,2.0650934831860357,1.30880209220161,2.0873398469916884,1.3328994057331864,0
172.12800000000001,2.0550847810412285,1.3496669565548405,2.09754696810703,1.3700109509852443,2.0799026954518727,1.3477445926748026,0
172.16,2.0358847806881064,1.34966790613754,2.060434393633952,1.3413101500315687,2.060595374738459,1.3451713783238608,0
172.192,2.0166847802802264,1.349668846196681,1.9751284638938489,1.3494830749962865,2.0148886104141543,1.3468966150508201,0
172.224,1.997484779844069,1.34966977931117,1.9792403623029764,1.338012098874889,1.9891093111830942,1.3433433637759,0
172.256,1.978284779407903,1.3496707085076873,1.98069653818568,1.3263997002630636,1.9742242019975038,1.3365664526738463,0
172.288,1.959084778999948,1.3496716370651307,1.9723201578728824,1.318044865439375,1.961942584361088,1.3291583732180063,0
172.32,1.9398847786465416,1.3496725683028428,1.948840545114039,1.352513714062068,1.9451817686758475,1.3385010680818508,0
172.352,1.920684778370437,1.3496735053662712,1.938640178421776,1.329305559313582,1.9310451325880262,1.3348234279424807,0
172.38400000000001,1.9014847781893385,1.3496744510238863,1.8946271084408428,1.3527773993065242,1.904957922943259,1.3420055861380535,0
172.416,1.8822847781147705,1.349675407488449,1.8665460241927174,1.3054751053167883,1.8780731634575019,1.327393970775708,0
172.448,1.8630847781513507,1.349676376274158,1.907781675288541,1.3258872183551174,1.8784365682047666,1.3267918546511632,0
172.48,1.8438847782965095,1.3496773580988894,1.832770508893145,1.3347774648622648,1.848650144495369,1.3299866915090615,0
172.512,1.8246847785406715,1.3496783528378329,1.8206057748277495,1.3572799663120552,1.825912396643961,1.3409046016732455,0
172.544,1.805484778867881,1.3496793595315075,1.8009657053892314,1.3522117838176184,1.8044137201580577,1.3454280813004806,0
172.576,1.786284779256833,1.3496803764476382,1.8017509252550368,1.3554141455288418,1.791828602213121,1.3494231189228105,0
172.608,1.7670847796822409,1.3496814011928895,1.76750422789734,1.353185724629788,1.7705788525032753,1.3509287765991518,0
172.64000000000001,1.7478847801164537,1.349682430867245,1.798424143057567,1.3954368369339307,1.7701969687415497,1.368732617665883,0
172.672,1.7286847805312262,1.3496834622510683,1.752694796295049,1.3413470857441077,1.7516760997794856,1.3577790213456506,0
172.704,1.7094847808995268,1.349684492012777,1.6961901024598913,1.339537452553277,1.7179617008680506,1.3504830077994252,0
172.736,1.6902847811972743,1.3496855169237367,1.7084000785442446,1.3876889014202984,1.7026170519546957,1.365365974906112,0
172.768,1.6710847814048901,1.349686534066518,1.6400197712121451,1.3776926342578684,1.6660581396735243,1.3702972424352606,0
172.8,1.6518847815085702,1.3496875410230929,1.6571377427948053,1.3505142738729494,1.6509699809375074,1.3623846517490061,0
172.832,1.6326847815011885,1.3496885360308388,1.6230102199871168,1.3225416379609385,1.6282660765724124,1.3464480351965624,0
172.864,1.6134847813827737,1.349689518096295,1.5567678102761677,1.334433414981211,1.5881467700685643,1.3416427680718843,0
172.89600000000002,1.5942847811605245,1.349690487059337,1.6089488790621747,1.3232074580497337,1.584947613680272,1.3342692173130315,0
172.928,1.5750847808483548,1.3496914436036296,1.5800660000905538,1.3386165165420876,1.5714749682583111,1.336008703329763,0
172.96,1.5558847804660016,1.3496923892126769,1.579985512356464,1.3615962454566548,1.5633591859112292,1.3462442808133384,0
172.992,1.5366847800377474,1.3496933260742956,1.5598890341885778,1.4007795785973005,1.550451125235638,1.3680589564666905,0
173.024,1.5174847795908442,1.3496942569396595,1.5579964274369895,1.2919714939699296,1.5419492461295503,1.3376245257774988,0
173.056,1.4982847791537408,1.3496951849459964,1.454306792096488,1.30771016157143,1.495372264529692,1.3256593341805976,0
173.088,1.479084778754236,1.3496961134143608,1.494011898833997,1.3601423620085287,1.4833081182648682,1.3394531011936932,0
173.12,1.4598847784176752,1.3496970456355206,1.4689089784418543,1.334898175884037,1.4660284623492914,1.337631690652373,0
173.15200000000002,1.4406847781653132,1.349697984657766,1.4569232595080917,1.3577678093561096,1.4508663812266935,1.3456867030822939,0
173.184,1.421484778012949,1.3496989330903268,1.4456944701813774,1.340574834556239,1.4372776168227683,1.3436425273050987,0
173.216,1.402284777969918,1.349699892935085,1.4057620632659056,1.3515627592936281,1.4131513954145927,1.3468111993060439,0
173.248,1.3830847780385056,1.3497008654574396,1.4017459747062275,1.346315786690421,1.3970692271462126,1.3466136214364908,0
173.28,1.363884778213815,1.349701851104664,1.3531059657293456,1.3563133382558776,1.3679639225948332,1.3504941031965751,0
173.312,1.3446847784840947,1.3497028494770198,1.3790748207313146,1.3395115334956036,1.3608882818651726,1.3461016775816712,0
173.344,1.3254847788315005,1.3497038593534976,1.354391468900589,1.3339962896007467,1.3467695566954172,1.3412601307986312,0
173.376,1.3062847792332424,1.349704878770519,1.288286416854672,1.332377695802099,1.3118563007754547,1.3377077698672686,0
173.40800000000002,1.287084779663044,1.349705905148526,1.2895190412130721,1.350493210150428,1.2914013969670006,1.3428225619189518,0
173.44,1.2678847800928212,1.3497069354582887,1.2500024505721774,1.306297808852223,1.2633218184256259,1.3282132775294468,0
173.472,1.2486847804944767,1.3497079664162033,1.2521822798406006,1.3206745088075984,1.2473460030081125,1.3251983857457623,0
173.504,1.2294847808416993,1.3497089946959924,1.2149455154649473,1.3678882753698147,1.2228658080071757,1.342274954209835,0
173.536,1.2102847811116526,1.3497100171431518,1.2257257098177046,1.3525103436810968,1.212489768747452,1.3463697177624097,0
173.568,1.1910847812864502,1.349711030978327,1.2289573970386671,1.3270160344486157,1.207556820079662,1.338628845902961,0
173.6,1.1718847813543172,1.3497120339765083,1.1680987453919114,1.3546136622235787,1.1802535902198943,1.3450233665571671,0
173.632,1.1526847813103636,1.3497130246104991,1.1304236604532476,1.3519928623872517,1.1488016183281546,1.34781175110567,0
173.66400000000002,1.1334847811569158,1.3497140021494074,1.1402081078949027,1.4036173949698525,1.1338442141693665,1.3701345868984192,0
173.696,1.1142847809033802,1.3497149667058144,1.1674659364403843,1.3643755264044348,1.1357729030919135,1.3678315334319875,0
173.728,1.0950847805656452,1.3497159192285724,1.1428281282201431,1.3211248820650652,1.1270749931570276,1.3491494370381272,0
173.76,1.075884780165056,1.3497168614416921,1.0903888046229127,1.3484148893867667,1.1008805177569596,1.3488561769136573,0
173.792,1.0566847797270318,1.349717795733247,1.0452863275883535,1.3408194685997052,1.067122841702936,1.345642049004733,0
173.824,1.037484779279413,1.34971872500145,1.0330651242461617,1.3606171445305246,1.0419797547335767,1.3516326410362653,0
173.856,1.0182847788506524,1.349719652467817,1.0338419077616299,1.3479665623817918,1.0272046159581738,1.3501667638267287,0
173.888,0.9990847784679655,1.3497205814694586,1.015960654892071,1.3253029351894252,1.0111870315452247,1.3402217890533943,0
173.92000000000002,0.9798847781555685,1.3497215152438895,0.9763663537742221,1.351690480550833,0.9857387604505168,1.344809826604533,0
173.952,0.960684777933116,1.349722456720236,1.0112519737922465,1.347252749186194,0.9844240458011777,1.3457875624253766,0
173.984,0.9414847778144407,1.3497234083303096,0.8908016529579057,1.3480479701030963,0.935455088678175,1.3466922993093275,0
174.016,0.9222847778066741,1.3497243718517367,0.9906523806000851,1.318598860637436,0.9460140054616251,1.335455505413345,0
174.048,0.9030847779098025,1.34972534829327,0.8837315762076997,1.3595931569274184,0.909581033775142,1.3451111555860154,0
174.08,0.8838847781166821,1.3497263378296835,0.8757264687467006,1.371099836034063,0.8845192077792497,1.355507225044895,0
174.112,0.8646847784135094,1.349727339790452,0.8322787171504655,1.361233791980066,0.8521030115435871,1.3577984560317358,0
174.144,0.8454847787807127,1.3497283527029489,0.8563804510049488,1.2812589714441278,0.842293987344293,1.327183272115448,0
174.17600000000002,0.8262847791942081,1.3497293743873733,0.8406447825399296,1.3140691271817164,0.8301143054389379,1.3219382281710472,0
174.208,0.8070847796269399,1.349730402097281,0.834408093692657,1.3156689472593501,0.8203118207569456,1.3194311320844934,0
174.24,0.7878847800506091,1.3497314326966552,0.741798266152231,1.3936519642710625,0.777386398931599,1.3491200814793078,0
174.272,0.7686847804374822,1.349732462862097,0.7940141565690421,1.349647931490085,0.7725175020030213,1.3493318362226132,0
174.304,0.7494847807621684,1.3497334892970978,0.6935101562322329,1.3084353872247791,0.7293945637109501,1.3329738676721883,0
174.336,0.7302847810032523,1.3497345089445794,0.7282124565019557,1.3198069574207176,0.7174017208433048,1.3277077092581817,0
174.368,0.711084781144679,1.3497355191840035,0.750723488097546,1.3575500633173694,0.7192104277605931,1.3396452498795315,0
174.4,0.6918847811768001,1.3497365180003476,0.6673166108848765,1.3316610464828897,0.6869329010254963,1.3364521599334989,0
174.43200000000002,0.6726847810970111,1.3497375041140551,0.6286608323904564,1.3289490801135966,0.6521040735862558,1.3334515114254244,0
174.464,0.6534847809099354,1.3497384770635843,0.6311226660661753,1.3891576829352557,0.6321915105926004,1.355734555563612,0
174.496,0.6342847806271377,1.349739437235233,0.6061835152199805,1.3577122187634851,0.6102683124575717,1.3565261891072313,0
174.528,0.6150847802663845,1.3497403858383095,0.5939099902719548,1.3975105487262858,0.5922049835970489,1.3729204950313147,0
174.56,0.5958847798504963,1.3497413248272425,0.6528181075608577,1.3382689233400618,0.6049302331960782,1.3590604237259591,0
174.592,0.5766847794058666,1.3497422567756416,0.6051453394341837,1.3618318603032487,0.5934962757046957,1.3601695528075899,0
174.624,0.5574847789607464,1.349743184710416,0.5192557901016476,1.3627342352882312,0.5522800814768136,1.3611959793029307,0
174.656,0.5382847785434076,1.3497441119166418,0.5301823122830679,1.3676209313870256,0.5319209738127078,1.3637665147255302,0
174.68800000000002,0.5190847781803076,1.3497450417257513,0.5349908509460705,1.3768887725473036,0.5216289246795898,1.3690159754921571,0
174.72,0.4998847778943784,1.349745977300703,0.47326081936706715,1.3884525847922708,0.4907616825683443,1.3767911816651217,0
174.752,0.4806847777035489,1.3497469214319877,0.46848393055156906,1.3483546756759714,0.47033058177569526,1.3654171479924888,0
174.784,0.4614847776195986,1.3497478763576323,0.42644244428116007,1.39658705180132,0.44125532679229534,1.377885685559471,0
174.816,0.44228477764741225,1.3497488436188168,0.46113092613642,1.3320270671762542,0.43768556654474877,1.359542822147823,0
174.848,0.42308477778468007,1.3497498239604229,0.3928236079004021,1.328745680475241,0.4082207831022166,1.3472245573865522,0
174.88,0.40388477802206013,1.3497508172829342,0.41499494388060015,1.3513016712635204,0.3994104474291671,1.3488560023649216,0
174.912,0.3846847783437873,1.3497518226487948,0.3490220830307283,1.3456067237417446,0.36773510168574,1.3475568969312635,0
174.94400000000002,0.36548477872868923,1.349752838342815,0.37577969798747174,1.3094469811601441,0.3594329402226676,1.3323135418692325,0
174.976,0.34628477915154293,1.3497538619827296,0.36934837003763515,1.3056353503579696,0.35187911216508844,1.3216428800467699,0
175.008,0.3270847795846864,1.3497548906727739,0.3779865863921944,1.3460451329582555,0.35080210187245964,1.3314043976051755,0
175.04,0.3078847799997862,1.349755921190375,0.36352832156162584,1.3445467317727813,0.34437258976463725,1.3366619472492804,0
175.072,0.2886847803696492,1.3497569501939166,0.30179863215825475,1.3642150370320014,0.3158230067384655,1.3476837967202802,0
175.104,0.26948478066996673,1.3497579744381833,0.2714436762602868,1.3892684759824,0.28655127456334284,1.3643182777166998,0
175.136,0.2502847808808803,1.3497589909835954,0.2134585458035449,1.3916813022385541,0.2457941830752555,1.3752640909778082,0
175.168,0.23108478098826857,1.3497599973857495,0.2309792029606484,1.381731768768839,0.22834819104486717,1.3778517585102725,0
175.20000000000002,0.2118847809846703,1.3497609918530482,0.20375106198230578,1.377162110142084,0.20698933943488762,1.377576487798605,0
175.232,0.19268478086978155,1.3497619733622597,0.17724992312098065,1.3540586134844494,0.18357357292395715,1.3681699186849867,0
175.264,0.1734847806504902,1.349762941724557,0.19977349008589934,1.3634221404262143,0.17853353980297815,1.366271380243581,0
175.296,0.15428478034044227,1.3497638975977742,0.14027439856676555,1.350083297779026,0.15170988332239752,1.3597967131427022,0
175.328,0.13508477995916537,1.349764842444085,0.16546047950251916,1.3492465898651296,0.14569012180807844,1.3555772239616215,0
175.36,0.11588477953080481,1.3497657784358181,0.15295527391159172,1.3560898333622917,0.13707618266292526,1.355782823689632,0
175.392,0.09668477908255602,1.3497667083154745,0.1168408625796296,1.3840447355903391,0.11746205464294743,1.3670881421161887,0
175.424,0.07748477864289614,1.3497676352189565,0.09466191901054162,1.3037903294276283,0.0968220004033177,1.3417695704142847,0
175.45600000000002,0.05828477823973387,1.3497685624734022,0.01489638846485436,1.3373801499373996,0.05253175564134953,1.340014357331465,0
175.488,0.0390847778985996,1.3497694933826545,0.005095088163536786,1.3166310344622878,0.02203708866381373,1.3306615869410292,0
175.52,0.019884777640995818,1.349770431014199,0.07521003715249533,1.3897864334246985,0.03178626807312674,1.3543120896201377,0
175.552,0.0006847774830155036,1.349771378001313,0.03042404847443984,1.3688120134246942,0.019721380247809818,1.3601126298910262,0
175.584,-0.018515222565684927,1.3497723363731935,-0.03325441535161626,1.3260562629932782,-0.012988937977435474,1.346490661449232,0
175.616,-0.03771522250249276,1.3497733074240263,-0.05215891275752951,1.3482917648130737,-0.04017692787455132,1.3472116890965422,0
175.648,-0.05691522233199252,1.3497742916294475,-0.03133979795091174,1.3374371300832943,-0.048162075889771734,1.3433024596782523,0
175.68,-0.07611522206565914,1.3497752886157928,-0.08355576586266408,1.349055650576354,-0.07383955186322384,1.3456043375014084,0
175.71200000000002,-0.09531522172111352,1.3497762971841196,-0.11754356893276414,1.3157448114253956,-0.10284115867500179,1.3336611347335823,0
175.744,-0.11451522132099015,1.349777315387456,-0.14158263527757256,1.3139226508908444,-0.12985774929973137,1.3257663535790645,0
175.776,-0.13371522089148827,1.34977834065629,-0.1934846761063976,1.3159134320154342,-0.16682852000593218,1.3218258002724017,0
175.808,-0.15291522046069864,1.3497793699642109,-0.13153601763523648,1.3122884914348047,-0.16423151904112906,1.3180114930184414,0
175.84,-0.17211522005680865,1.3497804000230151,-0.2178543700723548,1.3506877695705208,-0.19720065943714898,1.3310826188458238,0
175.872,-0.1913152197062985,1.3497814274946986,-0.23362494399174957,1.3147214730963135,-0.22329037324268342,1.3245387727096434,0
175.904,-0.21051521943224102,1.3497824492066683,-0.2183609013568248,1.2978323019563387,-0.23283858447229647,1.3138567917559518,0
175.936,-0.2297152192528128,1.3497834623563016,-0.21003772968870185,1.3247098490543971,-0.23523824254315479,1.3181986157435683,0
175.96800000000002,-0.24891521918011367,1.3497844646916684,-0.2967640362578557,1.3324037561911892,-0.2713685600137226,1.3238812656521195,0
176.0,-0.2681152192193725,1.3497854546567671,-0.2940072719820564,1.3292710899886264,-0.2919440447861577,1.326037781190556,0
176.032,-0.2873152193685937,1.349786431491916,-0.2952038190163834,1.333533685213671,-0.3047679544637576,1.3290367206013478,0
176.064,-0.30651521961867234,1.3497873952828203,-0.3291996085672613,1.3354708230503132,-0.3260606160910441,1.3316109318188976,0
176.096,-0.3257152199539721,1.349788346955151,-0.3537487860081815,1.2852304928715657,-0.3486558840441041,1.3130593198401561,0
176.12800000000001,-0.3449152203533334,1.3497892882149707,-0.3529907651684629,1.3450324533952602,-0.36190983648029995,1.325849131577898,0
176.16,-0.3641152207914437,1.3497902214388382,-0.38189716561525955,1.3639651886822368,-0.3814247681208988,1.3410961091443805,0
176.192,-0.38331522124048256,1.349791149520664,-0.4051469564140101,1.355988342526654,-0.40243364342482957,1.3470535555557097,0
176.224,-0.4025152216719298,1.3497920756851787,-0.39606475434481564,1.3302672414313645,-0.4114060877794879,1.3403395833296892,0
176.256,-0.4217152220584178,1.3497930032800347,-0.36936285141280356,1.3669026550695627,-0.40610879321936444,1.3509653678222673,0
176.288,-0.44091522237550407,1.3497939355599424,-0.48007153113990103,1.3601391673438148,-0.4472138883739305,1.3546354476545523,0
176.32,-0.46011522260324783,1.349794875476762,-0.4179652720290875,1.3057505833062775,-0.4470344418220705,1.335082067746996,0
176.352,-0.47931522272748894,1.349795825489092,-0.4990161779071382,1.3631529287944564,-0.47934713624183906,1.3463109850118018,0
176.38400000000001,-0.498515222740748,1.3497967874036427,-0.5104049024196651,1.316429554158312,-0.5032902426983314,1.3343589932834015,0
176.416,-0.5177152226426934,1.3497977622586321,-0.5264578275237812,1.3387387470456893,-0.524077276613472,1.336111483420105,0
176.448,-0.5369152224401483,1.3497987502567343,-0.547484132560708,1.319539273789119,-0.5449600189769287,1.3294831959521516,0
176.48,-0.5561152221466417,1.34979975075191,-0.5794587666495147,1.3590437091528365,-0.5702795180301564,1.341308004602729,0
176.512,-0.5753152217815338,1.3498007622909725,-0.6275929143945094,1.334823531024147,-0.6047248765597784,1.3387148243094162,0
176.544,-0.5945152213687751,1.349801782707212,-0.6367803533833327,1.3141513262755378,-0.6290670672728482,1.3288900384109854,0
176.576,-0.6137152209353745,1.349802809260038,-0.6136384767030271,1.3912258702402633,-0.6344156310284345,1.3538249867737613,0
176.608,-0.6329152205096744,1.3498038388116371,-0.6317161826777721,1.3417475774317291,-0.6448558516716616,1.3489946389726162,0
176.64000000000001,-0.6521152201195404,1.3498048680292527,-0.6671621446480889,1.3082420233786156,-0.6652983688458154,1.3326942069433183,0
176.672,-0.6713152197905754,1.349805893600047,-0.6746128895554803,1.311107947579332,-0.6805441771134624,1.3240603137570668,0
176.704,-0.6905152195444745,1.3498069124446932,-0.6834198331787932,1.354851292805976,-0.6932144395236659,1.3363773105996979,0
176.736,-0.7097152193976219,1.3498079219159325,-0.7189410111572659,1.2988167766505831,-0.715025068161537,1.3213536955626242,0
176.768,-0.7289152193600248,1.3498089199692964,-0.7064063036032963,1.3762169810339229,-0.7230975623230742,1.3432996006988176,0
176.8,-0.7481152194346516,1.3498099052949915,-0.7537273905467398,1.3388064994063436,-0.7468694935977898,1.3415029431090395,0
176.832,-0.7673152196172258,1.3498108774024424,-0.8554692430092968,1.3418330684606539,-0.8018293933480427,1.3416355682472285,0
176.864,-0.7865152198964883,1.3498118366520389,-0.7948854647791747,1.3465133524996136,-0.8105718219065058,1.3435872496174373,0
176.89600000000002,-0.8057152202549174,1.3498127842320293,-0.7792880836454724,1.330341267035559,-0.8095783265884013,1.3382894179989224,0
176.928,-0.8249152206698599,1.3498137220820419,-0.8158146324750003,1.3338865118552574,-0.8235928489295712,1.3365288121767023,0
176.96,-0.8441152211150004,1.3498146527681456,-0.8487008845048313,1.341039378792831,-0.8451560631463392,1.338333592463072,0
176.992,-0.863315221562071,1.3498155793174964,-0.8729182925193578,1.331091692234058,-0.8677809548822517,1.3354373849923755,0
177.024,-0.8825152219826888,1.3498165050232156,-0.9351829103389598,1.3393741024583854,-0.9062617370515877,1.3370126256222292,0
177.056,-0.9017152223501974,1.3498174332320751,-0.94965090480776,1.3976102523440999,-0.9351374041405675,1.361252232952095,0
177.088,-0.9209152226413907,1.3498183671286779,-0.8857231516988848,1.3021272703604037,-0.9268917031501804,1.3376028093355194,0
177.12,-0.9401152228380075,1.3498193095300512,-0.960561060036075,1.3427871442084667,-0.9518794458905283,1.3396771109563796,0
177.15200000000002,-0.9593152229279002,1.3498202627039078,-0.9529863914867286,1.3270415028024651,-0.9638422241146462,1.3346234426869448,0
177.184,-0.9785152229058031,1.3498212282223,-0.9828086888317014,1.3678634821527893,-0.9829488099867165,1.3479200413820214,0
177.216,-0.997715222773657,1.3498222068601216,-1.0112825028418662,1.3668905132275528,-1.005802287113621,1.3555088210305184,0
177.248,-1.0169152225404714,1.3498231985450042,-1.035858273604147,1.3482239688347561,-1.029344681694284,1.3525954786322196,0
177.28,-1.0361152222217362,1.3498242023618559,-1.0564724964589538,1.367898089797409,-1.0517158075842503,1.3587171282272086,0
177.312,-1.0553152218384252,1.3498252166117461,-1.0526713505180207,1.372363212682166,-1.0636180247415674,1.3641761724365131,0
177.344,-1.074515221415652,1.3498262389213502,-1.08036719596638,1.3573199195771528,-1.081837693215099,1.3614342853253305,0
177.376,-1.0937152209810659,1.3498272663958908,-1.0867725623596325,1.269409103523924,-1.0953316408564202,1.3246248283158448,0
177.40800000000002,-1.1129152205630874,1.3498282958057197,-1.139954684568214,1.332857131656342,-1.1247008583246596,1.3279183650055404,0
177.44,-1.1321152201890903,1.3498293237945094,-1.119425876559163,1.310580401372923,-1.1341108656021097,1.3209837925341954,0
177.472,-1.151315219883647,1.3498303470956323,-1.14562163700039,1.304987504804814,-1.150235174145301,1.3145858861898791,0
177.504,-1.1705152196669468,1.349831362742783,-1.1942958807090973,1.3317254818163708,-1.1793794567550144,1.321442327363024,0
177.536,-1.1897152195534888,1.3498323682612647,-1.186110463437299,1.3414433788155977,-1.1935918594125008,1.3294433438255395,0
177.568,-1.2089152195511332,1.3498333618276148,-1.187975551665455,1.385519298735412,-1.2028653362986654,1.3518743138666727,0
177.6,-1.2281152196605798,1.3498343423872732,-1.2548814724727895,1.3703909690201306,-1.2351917907537127,1.3592815559399316,0
177.632,-1.2473152198753066,1.3498353097227087,-1.2978200304384677,1.391098638315506,-1.2717630866134033,1.3720089610948827,0
177.66400000000002,-1.2665152201819796,1.3498362644676012,-1.2224692112995297,1.333260548157895,-1.2635655364739855,1.3565101610784316,0
177.696,-1.2857152205613085,1.3498372080661527,-1.230526497314386,1.3761982123925915,-1.2618699207965527,1.3643859409305044,0
177.728,-1.3049152209892938,1.3498381426801365,-1.365126362749203,1.364662012824711,-1.3146924975642142,1.3644969247725443,0
177.76,-1.3241152214387841,1.3498390710496588,-1.372152854685719,1.3344059671790893,-1.349196640399522,1.3524610944403404,0
177.792,-1.343315221881241,1.3498399963165966,-1.3643283473416092,1.38744056132733,-1.3667693231630738,1.3664534335369112,0
177.824,-1.362515222288592,1.349840921822081,-1.3229450889436054,1.3802215021134745,-1.3607596294619213,1.3719612149846165,0
177.856,-1.38171522263505,1.3498418508910799,-1.3676252641094337,1.3917560913165328,-1.3750258833073912,1.3798797231399322,0
177.888,-1.4009152228987796,1.3498427866179648,-1.3802790781930485,1.3544191234436187,-1.3886471612478695,1.3696960461865417,0
177.92000000000002,-1.4201152230632992,1.3498437316668968,-1.4000660805104168,1.311091028678942,-1.4047347289387875,1.3462546087657978,0
177.952,-1.4393152231185333,1.349844688099909,-1.4744994195071914,1.3686349247209852,-1.444160605151681,1.3552073123119432,0
177.984,-1.4585152230614469,1.349845657243787,-1.45561336566144,1.3533233485205303,-1.4602617093407195,1.354454311976168,0
178.016,-1.477715222896226,1.349846639604339,-1.3872765126815982,1.3409827756886272,-1.4425876306618024,1.3490662905757957,0
178.048,-1.4969152226339972,1.3498476348336017,-1.4472952985713863,1.352453887781633,-1.4559906978099841,1.350421929911203,0
178.08,-1.5161152222921062,1.349848641752102,-1.5120355595991775,1.368387268856395,-1.4899286425096734,1.3576086722110867,0
178.112,-1.5353152218930035,1.3498496584247468,-1.5425247116859633,1.3473417507695133,-1.522487070163937,1.3535025151499163,0
178.144,-1.55451522146281,1.3498506822854548,-1.5521218469443634,1.3656845851991513,-1.5458609808596844,1.3583759576932755,0
178.17600000000002,-1.5737152210296477,1.3498517103024945,-1.5342133037538175,1.3772873190052934,-1.5527219100008516,1.3659411177691918,0
178.208,-1.5929152206218458,1.3498527391738733,-1.5914904796666631,1.3404368191644296,-1.5797493378507412,1.3557400128574253,0
178.24,-1.612115220266128,1.3498537655401812,-1.5777075851342912,1.3784714831357714,-1.5904526367478886,1.36483321249391,0
178.272,-1.631315219985898,1.3498547862011714,-1.6550505133258666,1.3177670159184884,-1.627811787363068,1.3460073405921946,0
178.304,-1.6505152197997306,1.3498557983221182,-1.6876751557403258,1.3774448244963629,-1.6632771346982986,1.3585829346018021,0
178.336,-1.6697152197201655,1.3498567996166515,-1.6287956291606007,1.3360624710305917,-1.6610045324679392,1.349575342260545,0
178.368,-1.688915219752885,1.3498577884942806,-1.7028826732043083,1.384626164599706,-1.6892757887476226,1.3635962563158914,0
178.4,-1.7081152198963316,1.3498587641630968,-1.7223934672942605,1.3498803743040495,-1.7140428601518245,1.358110480569076,0
178.43200000000002,-1.7273152201417934,1.349859726681022,-1.75299537921185,1.3565618665396313,-1.7411438677617606,1.3574916043780685,0
178.464,-1.746515220473956,1.3498606769522903,-1.6956253783629536,1.3223150465207614,-1.7344564719884874,1.3434215439349582,0
178.496,-1.7657152208718891,1.34986161666937,-1.7858995426813715,1.337182306203593,-1.7665537002521419,1.3409264061700918,0
178.528,-1.7849152213104,1.3498625482040525,-1.7759720799415424,1.3584862067772365,-1.7818410521145691,1.3479508800630882,0
178.56,-1.8041152217616692,1.3498634744547073,-1.8145204992927355,1.3535160842476135,-1.8064328309725775,1.3501775136406589,0
178.592,-1.8233152221970574,1.349864398659536,-1.856451918368793,1.349615886219825,-1.837960465917786,1.3499534148729624,0
178.624,-1.8425152225889647,1.3498653241878489,-1.8594037608276102,1.3051135317416784,-1.8580577838683268,1.3320180161415625,0
178.656,-1.8617152229126162,1.3498662543228188,-1.7949158800824674,1.3152798220553608,-1.844321022340397,1.3253232972220998,0
178.68800000000002,-1.8809152231476594,1.349867192049715,-1.882341970296359,1.400880421307907,-1.8710494015089227,1.3555467113677384,0
178.72,-1.9001152232794696,1.3498681398632824,-1.9032904881177564,1.3500419504131653,-1.8954658361382617,1.3533453785214662,0
178.752,-1.9193152233000792,1.3498690996066949,-1.9624223123536173,1.3117358157079428,-1.9337684266098298,1.336702132730057,0
178.784,-1.9385152232086769,1.3498700723524824,-1.9572572063320925,1.3310620463819594,-1.954683938483758,1.3344466855936723,0
178.816,-1.9577152230116448,1.349871058333127,-1.9676959278205512,1.370707838855555,-1.9714087342030977,1.3489517421191786,0
178.848,-1.9769152227221403,1.3498720569258182,-2.024093281681607,1.3765447246870652,-2.004002553178752,1.3599895374287025,0
178.88,-1.9961152223592458,1.3498730666923615,-2.0346583078940426,1.3668950664034043,-2.027784855048803,1.3627523571495803,0
178.912,-2.0153152219467465,1.3498740854716813,-2.037110453557967,1.3459235370451563,-2.043035094436166,1.3560214414958178,0
178.94400000000002,-2.0345152215116116,1.3498751105189601,-2.037442645474309,1.383930545251491,-2.052318114834984,1.3671856977753651,0
178.976,-2.053715221082274,1.349876138682452,-2.0754994246894363,1.3386322623673383,-2.0731106387602987,1.355764938755175,0
179.008,-2.072915220686814,1.3498771666065754,-2.0994792266164426,1.382719795349354,-2.095178073886378,1.3665474948527012,0
179.04,-2.0921152203511655,1.349878190948198,-2.1205895840167592,1.339278872926963,-2.1168626779223487,1.3556406559168903,0
179.072,-2.1113152200974463,1.349879208592177,-2.0749905523270904,1.3530041631878824,-2.1116338276683537,1.354586663324148,0
179.104,-2.130515219942532,1.3498802168522592,-2.109576239204906,1.3944159016504882,-2.1223307922674435,1.3705189564499571,0
179.136,-2.149715219896959,1.349881213644397,-2.1457825293684314,1.3631957044345224,-2.143231487092712,1.3675902457981093,0
179.168,-2.168915219964226,1.349882197621299,-2.117501301236671,1.3263828939596078,-2.1444594127355883,1.3511078871299165,0
179.20000000000002,-2.1881152201405563,1.3498831682595371,-2.223443564616682,1.3368187353438137,-2.1875730734737227,1.345392800469528,0
179.232,-2.207315220415125,1.3498841258935812,-2.2296033058473084,1.3275319274272868,-2.215905166409219,1.3382490178830444,0
179.264,-2.2265152207707506,1.3498850716945427,-2.2264457934108983,1.3730726399804996,-2.231641417196256,1.3521790269960459,0
179.296,-2.2457152211849998,1.3498860075949806,-2.2170084832227444,1.3200077099741572,-2.237308243593442,1.339311055581245,0
179.328,-2.2649152216316435,1.3498869361645849,-2.328216248124831,1.339925105280892,-2.2851914453927265,1.339557227765356,0
179.36,-2.284115222082357,1.3498878604447309,-2.253537872115329,1.3368628955168111,-2.2840500160685404,1.3384800460695363,0
179.392,-2.303315222508558,1.3498887837525453,-2.286498868383417,1.3486893123177905,-2.296549556981214,1.342564304731312,0
179.424,-2.322515222883261,1.349889709467103,-2.316953536898846,1.3065265258451384,-2.3162311489348504,1.3281497482954023,0
179.45600000000002,-2.341715223182818,1.3498906408115305,-2.3403209922269155,1.369610336652895,-2.3373870862380364,1.3447345435190985,0
179.488,-2.360915223388444,1.349891580645067,-2.3762269862710053,1.3892206271980807,-2.364443046237288,1.3625295431318714,0
179.52,-2.380115223487414,1.3498925312784962,-2.446793393257618,1.3529044675350606,-2.4089031850311313,1.358680086388678,0
179.552,-2.3993152234738706,1.3498934943248664,-2.438413680923326,1.3675809436445934,-2.4322273833733297,1.3622410107596172,0
179.584,-2.418515223349188,1.3498944705951452,-2.426075315446693,1.3424053098629447,-2.4412865561875896,1.3543073199459754,0
179.616,-2.437715223121869,1.349895460045554,-2.4846351953114096,1.3658878148458036,-2.4701460118216367,1.3589401151086387,0
179.648,-2.456915222806993,1.3498964617800027,-2.4470000778818477,1.3427007702807683,-2.4724076382298827,1.3524449811237893,0
179.68,-2.476115222425246,1.3498974741074887,-2.519343769166101,1.356190237119509,-2.5027020905882376,1.3539436928611397,0
179.71200000000002,-2.4953152220015995,1.3498984946507744,-2.4919470139278688,1.3146160884574483,-2.50992005990775,1.3382132641309181,0
179.744,-2.5145152215637188,1.3498995204993556,-2.54965722440247,1.4135700891619414,-2.537334925689195,1.3683566089259096,0
179.776,-2.5337152211401976,1.3499005483968733,-2.5516318828205153,1.3758976725732293,-2.5545737085252913,1.3713736488626012,0
179.808,-2.5529152207587344,1.3499015749508958,-2.5652630945383024,1.3088074096584594,-2.570369462914188,1.3463477653149591,0
179.84,-2.5721152204443603,1.3499025968515619,-2.5696993085174085,1.3560064906619633,-2.5816214011393983,1.350211863353762,0
179.872,-2.5913152202178282,1.3499036110849956,-2.620657768623884,1.3062680578715091,-2.6087559481174316,1.3326349432071851,0
179.904,-2.610515220094272,1.3499046151277392,-2.551879225799044,1.349814491380507,-2.5975252591746956,1.3395073574246483,0
179.936,-2.6297152200822187,1.3499056071096711,-2.657940994258222,1.3107435503968032,-2.6332115531931404,1.3280024216745234,0
179.96800000000002,-2.648915220183022,1.349906585934895,-2.662285265999762,1.3677619029777732,-2.6563610383012426,1.34390679308747,0
180.0,-2.6681152203907597,1.3499075513527956,-2.7042653646663033,1.3443258724784934,-2.687042768833117,1.3440749958090734,0
180.032,-2.6873152206926014,1.3499085039746521,-2.6421907274115544,1.3190143258124756,-2.6806219522506916,1.3340512916018765,0
180.064,-2.70651522106963,1.349909445234711,-2.692291139779529,1.3101521632277773,-2.696809627248707,1.3244921980841649,0
180.096,-2.725715221498062,1.3499103772981864,-2.679040903945456,1.336902287022127,-2.7012221379140864,1.329456787129501,0
180.12800000000001,-2.7449152219507837,1.349911302922087,-2.729516947172477,1.363365163725117,-2.724060061604231,1.3430206887545448,0
180.16,-2.764115222399114,1.3499122252777982,-2.7819393090947084,1.3564396121864921,-2.758731760587225,1.348388808668897,0
180.192,-2.7833152228146596,1.3499131477468336,-2.7576846362043557,1.3839106052196501,-2.7698329108208,1.362598079452035,0
180.224,-2.8025152231711523,1.3499140737028972,-2.8338895867097005,1.3919205170855722,-2.8069755811629147,1.3743276102511293,0
180.256,-2.8217152234461427,1.349915006294298,-2.8470305676532397,1.2867377588975824,-2.8345175757453496,1.3392922307683237,0
180.288,-2.8409152236224404,1.3499159482407448,-2.8811639741190467,1.3587776852245002,-2.864696135080816,1.3470869803092094,0
180.32,-2.8601152236892085,1.3499169016576351,-2.8862115202131444,1.3956374988996225,-2.884822289119366,1.3665077631575624,0
180.352,-2.8793152236426476,1.3499178679191854,-2.866121480573808,1.343312664680248,-2.8888619656863614,1.3572303072918521,0
180.38400000000001,-2.8985152234862266,1.3499188475692583,-2.8900366365749104,1.3589550297769661,-2.900851834026592,1.3579207878587156,0
180.416,-2.917715223230449,1.3499198402856654,-2.885083249950079,1.2838294353791728,-2.9060644003804095,1.3282848459010508,0
180.448,-2.9369152228921753,1.3499208449002842,-2.94274813706379,1.3689459093372218,-2.932257895037843,1.3445498767013118,0
180.48,-2.9561152224935445,1.349921859473727,-2.9299384799822525,1.3244317149350882,-2.942850128999418,1.3365032223277302,0
180.512,-2.9753152220605634,1.3499228814197801,-2.9499814319365787,1.3770018823095078,-2.957222650157917,1.3527032997564914,0
180.544,-2.9945152216214517,1.349923907671627,-2.9644916191215507,1.3169314831147476,-2.9716502377269385,1.338395187631598,0
180.576,-3.0137152212048464,1.349924934879165,-3.0595507326852562,1.4344277981596887,-3.018330435693882,1.376808845388819,0
180.608,-3.032915220837976,1.3499259596247266,-3.009270600878089,1.276924273626719,-3.026226501751342,1.3368556272224963,0
180.64000000000001,-3.052115220544919,1.3499269786433137,-3.024682433814819,1.3565131106066421,-3.0371288745607727,1.3447192262758363,0
180.672,-3.0713152203450544,1.349927989033169,-3.09257990772687,1.3414573298001506,-3.070829287811595,1.3434150670235243,0
180.704,-3.0905152202518087,1.3499289884431116,-3.0951229438936823,1.3162576316922405,-3.0920667502292107,1.3325526847512876,0
180.736,-3.1097152202717764,1.349929975224557,-3.1282282529857577,1.3644485358927858,-3.118051351317034,1.345311608953724,0
180.768,-3.1289152204042794,1.3499309485384043,-3.135710902777899,1.3300181202866248,-3.136635171887004,1.3391947890022289,0
180.8,-3.148115220641394,1.3499319084098693,-3.102223345714616,1.4180417350918268,-3.1343904414040598,1.3707341351355375,0
180.832,-3.1673152209684474,1.349932855727682,-3.121351598235977,1.3565647182468272,-3.14069490412317,1.3650669291748416,0
180.864,-3.1865152213649592,1.3499337921876489,-3.1650114913729825,1.3338747788621994,-3.161941539009697,1.3525906243011516,0
180.89600000000002,-3.2057152218059572,1.3499347201841532,-3.1894512931005514,1.38623728201454,-3.1844654406328132,1.366049838810584,0
180.928,-3.2249152222635926,1.349935642656524,-3.2703882712290215,1.3711161675677985,-3.23035457285815,1.3680769198729683,0
180.96,-3.2441152227089405,1.349936562900117,-3.244745751649259,1.3463235347033458,-3.2476310443614302,1.3593761155830282,0
180.992,-3.263315223113868,1.349937484354232,-3.2035612720897464,1.3515561982216002,-3.241523135439484,1.356248700703842,0
181.024,-3.2825152234528465,1.349938410380501,-3.244851988972802,1.3587597374668463,-3.2543746768393405,1.3572536716835937,0
181.056,-3.3017152237045915,1.34993934404601,-3.3534537442883083,1.371922145981327,-3.3055263038051823,1.363121623536602,0
181.088,-3.320915223853421,1.3499402879251279,-3.264230154027158,1.3321145679949717,-3.3005278438798884,1.3507193705851823,0
181.12,-3.3401152238902494,1.3499412439328384,-3.3926483643727043,1.372969527431339,-3.3488960520625457,1.3596200105313803,0
181.15200000000002,-3.3593152238131574,1.3499422132003411,-3.353591693462715,1.3342914706862876,-3.3622943086077357,1.3494891800410729,0
181.184,-3.3785152236275025,1.349943196000994,-3.3976561649286623,1.3454238998663837,-3.387959051120821,1.347863661422815,0
181.216,-3.3977152233455676,1.349944191731424,-3.409215882424566,1.3783792318495978,-3.407981783626653,1.3600704902937721,0
181.248,-3.4169152229857778,1.3499451989490943,-3.4169034204725297,1.3337177130258546,-3.423070438349013,1.349529986108958,0
181.28,-3.4361152225715266,1.3499462154639739,-3.421311274991657,1.3746658519527615,-3.4338867729898364,1.3595849435714786,0
181.312,-3.455315222129695,1.3499472384784803,-3.472043158049984,1.3772412911055771,-3.4606693269975173,1.3666480962040781,0
181.344,-3.4745152216889497,1.3499482647667465,-3.4537144102770703,1.3441952233957217,-3.46940736029293,1.357667561118246,0
181.376,-3.493715221277925,1.3499492908817308,-3.4684135818734867,1.3865254282807224,-3.480529848908831,1.3692113203305745,0
181.40800000000002,-3.5129152209234067,1.3499503133768826,-3.5324542612174064,1.343112114042935,-3.5128196138161387,1.3587722464664238,0
181.44,-3.53211522064862,1.34995132902813,-3.537571444003007,1.302626475167283,-3.534240345875059,1.3363145411268436,0
181.472,-3.5513152204717446,1.3499523350419171,-3.5437308871975937,1.3470883410660894,-3.549556562388616,1.3406246573839602,0
181.504,-3.570515220404738,1.3499533292359003,-3.580106432499253,1.336361524782714,-3.5732965104178316,1.3389199927375737,0
181.536,-3.5897152204525553,1.3499543101806435,-3.6092033375131787,1.2897543227568011,-3.599179241241364,1.3192543047671208,0
181.568,-3.608915220612814,1.3499552772931487,-3.603845831856001,1.35525985589748,-3.612565877473033,1.3336570969198571,0
181.6,-3.6281152208759297,1.3499562308761224,-3.629169111862963,1.3028766167314512,-3.6307271712151987,1.3213454688085766,0
181.632,-3.64731522122572,1.3499571721003583,-3.684500898881441,1.3927121130185869,-3.663756662268206,1.3498926838021417,0
181.66400000000002,-3.666515221640432,1.3499581029312522,-3.6694641280384417,1.3370506014955976,-3.6775596485630477,1.3447564030451953,0
181.696,-3.685715222094139,1.3499590260040524,-3.729902682677186,1.297304623279647,-3.7100168621955967,1.3257762400037065,0
181.728,-3.7049152225583994,1.3499599444557413,-3.7279475896462113,1.4059557174560067,-3.728709153162785,1.3578485786057533,0
181.76,-3.7241152230040817,1.3499608617242438,-3.7391627840877764,1.3264166466392415,-3.7444106055196764,1.3452763543363848,0
181.792,-3.743315223403229,1.3499617813277662,-3.73389377464551,1.3644093217315971,-3.751723873156763,1.3529300927922592,0
181.824,-3.7625152237308406,1.349962706638378,-3.8024488604763533,1.3212533640439115,-3.7835338680711237,1.3402599576659684,0
181.856,-3.7817152239664567,1.3499636406643412,-3.8150403173681293,1.3440342524490967,-3.8076564477761474,1.341770238409843,0
181.888,-3.800915224095449,1.3499645858551692,-3.8705693267021486,1.3486486626450045,-3.844341599332406,1.3445221785590846,0
181.92000000000002,-3.820115224109933,1.3499655439419618,-3.8005486540271143,1.3581901798959,-3.8383444211957434,1.3499899578485857,0
181.952,-3.839315224009253,1.3499665158233427,-3.854598273978877,1.3025777483517613,-3.856365962294031,1.3310256612420641,0
181.984,-3.8585152238000076,1.3499675015044224,-3.8462522747373264,1.3455412963029618,-3.8638404872559713,1.336832510485718,0
182.016,-3.877715223495629,1.3499685000928343,-3.8736624754751583,1.3341665815290193,-3.8792892825278944,1.335766741215009,0
182.048,-3.896915223115533,1.3499695098522617,-3.935078360047805,1.3616969863511204,-3.9131249135197983,1.3461394472733939,0
182.08,-3.916115222683904,1.3499705283101946,-3.9268183901552525,1.370245224113197,-3.9301223041577,1.355782369926052,0
182.112,-3.9348371160175586,1.349971613952061,-3.9449154101691284,1.3632572331265493,-3.947250134286999,1.3587728751391062,0
182.144,-3.952967003639,1.349972563553539,-3.9523949744074303,1.3938073444487096,-3.9601591977100643,1.3727871571172525,0
182.17600000000002,-3.970510063061117,1.3499733640538705,-4.015543875709308,1.3870968503222114,-3.9928161024440287,1.3785114683054531,0
182.208,-3.987483606508168,1.3499740539009206,-4.008389753563184,1.3085037305996974,-4.009211769686168,1.35050875589017,0
182.24,-4.003906886167241,1.3499746609653045,-4.040527202474925,1.3205447973532316,-4.031578257562584,1.338523513516208,0
182.272,-4.019798866945041,1.3499752049395866,-3.9845839000985723,1.3211344530175642,-4.022305502368713,1.3315681978404057,0
182.304,-4.035177756086511,1.3499757014439435,-4.003310392310071,1.4115764078307138,-4.0239273201061145,1.363571766067099,0
182.336,-4.050060956175019,1.349976163563256,-4.049298545955257,1.361585057948716,-4.043000397535055,1.3627773499388773,0
182.368,-4.064465111992569,1.3499766022960995,-4.057821108588217,1.3572741827100983,-4.057567511603792,1.360576339146625,0
182.4,-4.078406170873075,1.3499770267238485,-4.082932719601036,1.3630617397906464,-4.0760758646583355,1.3615707495032927,0
182.43200000000002,-4.091899438373093,1.3499774441510595,-4.17016588938569,1.3403475078637401,-4.121806476074283,1.353081700953595,0
182.464,-4.104959626321036,1.3499778602667178,-4.111680602756784,1.3516393259762978,-4.125591657536151,1.3525050001548913,0
182.496,-4.117600893801314,1.3499782793221227,-4.143426832958925,1.3916720941275311,-4.1403105028853755,1.3681720902702277,0
182.528,-4.129836882238505,1.3499787043130844,-4.139996546218236,1.306575003792949,-4.147526983062839,1.3435335130587713,0
182.56,-4.141680745685075,1.34997913715707,-4.156037805884335,1.3313950956562797,-4.158038444057554,1.3386784092225805,0
182.592,-4.153145177231011,1.3499795788600155,-4.170206410178674,1.2843633536850363,-4.169785360193695,1.3169526562413063,0
182.624,-4.164242432273245,1.349980029670482,-4.144284989838176,1.3504759242274895,-4.166244824653208,1.3303622387061869,0
182.656,-4.174984349231704,1.3499804892205272,-4.161005375266564,1.3661582282929257,-4.170595590203126,1.3446809154257497,0
182.68800000000002,-4.1853823681775015,1.3499809566534582,-4.197092554475549,1.3713497031564608,-4.1874346764106996,1.3553487163236955,0
182.72,-4.1954475477426305,1.3499814307389,-4.237389361724248,1.3315659450709294,-4.213457209070569,1.3458358976545823,0
182.752,-4.205190580604434,1.3499819099756247,-4.225938904179914,1.3684026261509628,-4.224297294200692,1.3548628818789439,0
182.784,-4.214621807778203,1.34998239268252,-4.19852208930724,1.3798771241012089,-4.219647553098331,1.3648688734717538,0
182.816,-4.223751231903881,1.349982877078026,-4.176109527660753,1.328794081473311,-4.207711604216168,1.3504392521025532,0
182.848,-4.232588529675529,1.349983361348359,-4.2306828052926155,1.3551629969761878,-4.222204060996004,1.352329045060161,0
182.88,-4.241143063532701,1.3499838437048974,-4.271899503253714,1.3876949015618896,-4.247216538130758,1.3664756811347227,0
182.912,-4.249423892709604,1.34998432243119,-4.267273153646602,1.365011112059685,-4.260209237518367,1.3658901443938996,0
182.94400000000002,-4.257439783719504,1.3499847959201579,-4.233752412487623,1.3379580286876918,-4.254437568766842,1.3547175854470788,0
182.976,-4.265199220337277,1.3499852627021833,-4.292677880994955,1.3689826048112008,-4.274390849811208,1.3604238761016467,0
183.008,-4.272710413131485,1.3499857214648703,-4.275931332791416,1.335238663534504,-4.279515217973133,1.350350068788513,0
183.04,-4.279981308588203,1.3499861710653527,-4.233503524839105,1.351473086374303,-4.265474500787537,1.350799547682451,0
183.072,-4.287019597861592,1.3499866105360696,-4.296345102136448,1.36668506514454,-4.282047100202211,1.357154020124531,0
183.104,-4.2938327251804065,1.349987039084959,-4.289880768426455,1.3443700439078576,-4.2892697912128686,1.3520406882530835,0
183.136,-4.300427895935063,1.3499874560910086,-4.230557874363977,1.3304261225834464,-4.269743436149684,1.343395113422928,0
183.168,-4.3068120844662,1.3499878610960732,-4.2971017636138935,1.3460815633045686,-4.284518551533213,1.3444699373979883,0
183.20000000000002,-4.312992041572722,1.3499882537938224,-4.296236665389929,1.3483465126792569,-4.292915005053933,1.3460208039697217,0
183.232,-4.31897430175495,1.3499886340166047,-4.357295479624469,1.3526496511403117,-4.32225774768374,1.348672571667209,0
183.264,-4.3247651902066,1.3499890017209417,-4.309010421763455,1.3660304412913675,-4.320434510721741,1.3556159407210742,0
183.296,-4.3303708295677374,1.3499893569722765,-4.372554108649578,1.3106890785306915,-4.344646858240751,1.3376454094911372,0
183.328,-4.335797146449622,1.3499896999295133,-4.3613637323198775,1.3088463493736797,-4.3545904879445825,1.3261259916520742,0
183.36,-4.341049877741286,1.3499900308297916,-4.351056430190679,1.3464020007342088,-4.3563295596311145,1.3342365942176613,0
183.392,-4.346134576706855,1.3499903499738581,-4.38051335091347,1.3643023336936382,-4.369054918491396,1.3462630818634107,0
183.424,-4.3510566188818895,1.3499906577123144,-4.2923123732716695,1.3338754459418,-4.3413121165307516,1.3413082124971774,0
183.45600000000002,-4.355967234958535,1.3499909370149692,-4.380940917437829,1.3206052791356702,-4.360117853020688,1.3330272263796907,0
183.488,-4.356312182375335,1.3589484751806429,-4.3548923683681116,1.3500193308066808,-4.358027294112503,1.339824068161041,0
183.52,-4.356310751967303,1.3685613045132918,-4.400064528472858,1.3840489493721226,-4.374842354388445,1.3575140206390568,0
183.552,-4.356250530377204,1.3782623556674194,-4.428282135497048,1.3852982468943063,-4.396218488775643,1.368627711133915,0
183.584,-4.356188275355567,1.3879587781414033,-4.363120680785178,1.4146296279993271,-4.382979553519358,1.38702847787552,0
183.616,-4.35613543484211,1.3976376460657491,-4.34922182019712,1.4645165882923052,-4.369476599940533,1.4180237220399996,0
183.648,-4.356092777824622,1.407300124979818,-4.3755363795079685,1.4423547216549235,-4.3719006038668935,1.427756121885201,0
183.68,-4.356058832430262,1.416949277557529,-4.370317604056987,1.4633976794733077,-4.371267451989022,1.442012744920378,0
183.71200000000002,-4.3560319162435,1.4265879126272252,-4.337497823076787,1.4471915712620127,-4.35775960833147,1.4440842754570715,0
183.744,-4.356010571723356,1.4362183060550964,-4.360572950058243,1.422119008652094,-4.358884916238203,1.435298168734767,0
183.776,-4.355993616371407,1.4458422510947933,-4.358818027314037,1.4365591602248444,-4.358858097974511,1.43580256532977,0
183.808,-4.355980108939392,1.455461150181514,-4.337661288917431,1.4766151057427934,-4.350379279890204,1.452127581492936,0
183.84,-4.355969304578622,1.465076097466346,-4.349398190408748,1.4553592128417268,-4.349986719492209,1.4534202340291316,0
183.872,-4.355960615020521,1.47468794582351,-4.366831026567278,1.445313185118838,-4.3567242888249025,1.450177414460181,0
183.904,-4.3559535761126655,1.4842973599154958,-4.372617308565191,1.4062734578148406,-4.363081315355068,1.4326158317954856,0
183.936,-4.355947821965745,1.4939048578754883,-4.397740974497613,1.5294633281446337,-4.376944970694247,1.4713548303266688,0
183.96800000000002,-4.355943064492669,1.5035108439155571,-4.347566787213167,1.4556241801351095,-4.365193462937571,1.4650625702394886,0
184.0,-4.355939077230292,1.5131156337613885,-4.35499367275618,1.6087192392115701,-4.361113287416585,1.5225252378155527,0
184.032,-4.355935682538409,1.5227194744427037,-4.346389088542147,1.5124493922991546,-4.355223324396244,1.518494899593919,0
184.064,-4.355932741459123,1.5323225596590357,-4.363438489568211,1.4625543520184776,-4.358509084156273,1.4961186805463087,0
184.096,-4.355930145673608,1.5419250416887227,-4.323424531425027,1.529941206347157,-4.344474935228048,1.5096476908468452,0
184.12800000000001,-4.3559278111148565,1.5515270406058739,-4.336148570480555,1.5537787348607077,-4.341144041397744,1.5273001084302527,0
184.16,-4.355925672890129,1.5611286514071059,-4.404365649805044,1.5227103116881007,-4.366432318269515,1.525464189708995,0
184.192,-4.355923681241056,1.5707299495197238,-4.36222034232376,1.5857972727322045,-4.364747144458982,1.5495974228917384,0
184.22400000000002,-4.355921798327295,1.5803309950595728,-4.3544676297477665,1.5867133195286889,-4.360634939878737,1.5644437815179835,0
184.256,-4.355919995664956,1.5899318361249297,-4.333779168520619,1.6066604855313762,-4.349892219087424,1.5813304630929887,0
184.288,-4.355918252086437,1.5995325113483245,-4.365390292173913,1.5550711667477999,-4.356091024242015,1.570826744522945,0
184.32,-4.35591655211612,1.6091330518776286,-4.363215068260987,1.5652824373424432,-4.358940207644273,1.5686090216173754,0
184.352,-4.35591488467818,1.6187334829182969,-4.289850881632457,1.6182302671936646,-4.331304034581166,1.5884575198133475,0
184.38400000000001,-4.355913242069962,1.6283338249380013,-4.391789352654897,1.590717117442136,-4.355497712319243,1.589361358829374,0
184.416,-4.3559116191479035,1.6379340946111938,-4.335575085452808,1.631161919282062,-4.347528206800878,1.6060815829742427,0
184.448,-4.355910012683689,1.647534305562889,-4.305303543989468,1.6312605136566625,-4.33063788309714,1.6161531552105082,0
184.48,-4.355908420856828,1.6571344689569594,-4.359909101162499,1.6295706078366101,-4.342345909320407,1.6215201362239613,0
184.512,-4.355906842856531,1.6667345939635416,-4.309361503884532,1.6521967008759684,-4.329151685006645,1.6337907620476895,0
184.544,-4.355905278571178,1.6763346881320194,-4.316157125693415,1.6966233686767114,-4.3239533991910335,1.6589238046623183,0
184.576,-4.355903728347886,1.685934757689855,-4.325481825543223,1.6850801753913258,-4.324564308771676,1.6693863529172002,0
184.608,-4.355902192808157,1.695534807782867,-4.293913519076536,1.6655129383044618,-4.312303534038362,1.6678369870357883,0
184.64000000000001,-4.355900672708283,1.7051348426689974,-4.336940508084826,1.7374785220625677,-4.322157867775359,1.6956936010107144,0
184.672,-4.355899168835393,1.7147348658749322,-4.356248713598628,1.70143597710522,-4.335793753960295,1.6979905514133697,0
184.704,-4.355897681931812,1.724334880322902,-4.33614543974786,1.7446558472426876,-4.3359339805285355,1.716656669710677,0
184.736,-4.355896212641802,1.733934888433443,-4.394261702826439,1.7343077924029038,-4.359264626658391,1.7237171187539457,0
184.768,-4.3558947614759145,1.7435348922087146,-4.358720489002783,1.7572296996171828,-4.359046534227023,1.7371221510664698,0
184.8,-4.355893328789105,1.7531348933000668,-4.336087901491558,1.822024586588141,-4.349862649553132,1.7710831252432562,0
184.832,-4.355891914769532,1.762734893062838,-4.330283722832254,1.75209026999431,-4.342030653354352,1.7634859831127065,0
184.864,-4.3558905194355235,1.7723348926008184,-4.37874127424732,1.7830819311645407,-4.356714482465197,1.7713243623033892,0
184.89600000000002,-4.355889142638743,1.7819348928023748,-4.3230792550476,1.8260377732494264,-4.343259978630212,1.7932097266526703,0
184.928,-4.355887784071937,1.7915348943698772,-4.353593331008915,1.7454928960020424,-4.347392913130648,1.7741229943641885,0
184.96,-4.3558864432799975,1.8011348978437896,-4.421417934228926,1.7767898775869269,-4.377002521503339,1.7751897476259333,0
184.992,-4.355885119673314,1.8107349036225466,-4.3449872736135156,1.7357803026974004,-4.364196028566692,1.7594259696280183,0
185.024,-4.355883812542621,1.8203349119791432,-4.354954006371542,1.770411744140198,-4.36049883203426,1.7638202794071987,0
185.056,-4.3558825210747,1.8299349230752022,-4.328568107753264,1.8570417315698002,-4.347726160578349,1.8011088602473135,0
185.088,-4.355881244368436,1.8395349369731413,-4.387637083723452,1.812280801052258,-4.363690153737501,1.805577636545082,0
185.12,-4.35587998145085,1.8491349536469452,-4.341022610117501,1.8492658008856722,-4.354622765523496,1.8230529022577726,0
185.15200000000002,-4.35587873129281,1.8587349729919462,-4.366577248487265,1.8816788938336595,-4.359404192923962,1.8465032988651902,0
185.184,-4.355877492824187,1.8683349948339243,-4.386322054602049,1.878723138932959,-4.370170976404388,1.8593912348699106,0
185.216,-4.355876264948297,1.8779350189377704,-4.364405607182304,1.8960341149104658,-4.36786447170287,1.8740483868642361,0
185.248,-4.355875046555501,1.8875350450158859,-4.316139494183029,1.8342640040159586,-4.347174127420342,1.858134633703459,0
185.28,-4.355873836535878,1.8971350727364364,-4.427771884372805,1.9142142882906297,-4.379412880206359,1.8805664955172312,0
185.312,-4.355872633790918,1.9067351017315362,-4.348507665965835,1.8955339130405902,-4.367050447323366,1.8865534625057883,0
185.344,-4.355871437244185,1.9163351316053936,-4.292875496854163,1.9279089668706362,-4.337380122278121,1.903095664231191,0
185.376,-4.355870245850949,1.9259351619424236,-4.354071086480707,1.9320855288514054,-4.344056164949698,1.914691610058932,0
185.40800000000002,-4.355869058606765,1.9355351923152961,-4.350490784359991,1.926681857317509,-4.346629671074478,1.9194877089421527,0
185.44,-4.355867874555026,1.94513522229288,-4.386348205954979,1.9463576033644843,-4.362516744287749,1.9302356666909546,0
185.472,-4.3558666927934775,1.954735251448016,-4.342289115968886,1.942335238900735,-4.354425352665203,1.9350754955547629,0
185.504,-4.355865512479741,1.9643352793650488,-4.35515879073396,1.977080790419091,-4.354718387603134,1.9518776134803664,0
185.536,-4.355864333474903,1.9739353056507485,-4.346262720311239,2.040307314779907,-4.351335780396804,1.987249493980006,0
185.568,-4.344351118821571,1.980886480537343,-4.335973950345597,1.985526707688701,-4.3336711010048035,1.9865644017844553,0
185.6,-4.325707518338639,1.9813854834685356,-4.30650625919323,1.9692597159004537,-4.311285185115262,1.9796491861199517,0
185.632,-4.306389553745976,1.9813582045785632,-4.314381476959557,2.010539319536259,-4.3010037196766975,1.9920152167595404,0
185.66400000000002,-4.286976427319546,1.9812782654427559,-4.265652269312161,1.9997460847477988,-4.275343156061126,1.9951207261662058,0
185.696,-4.267578930549634,1.9812129865548298,-4.217983378927425,1.9915507436799618,-4.240879261858237,1.993708672673796,0
185.728,-4.248215950652791,1.9811690887719917,-4.238014021764796,1.9995328745102048,-4.22821318354026,1.9960565680834657,0
185.76,-4.228885679575707,1.9811434766958225,-4.2748122667026225,1.9796342368530515,-4.235332836033647,1.9895076279079553,0
185.792,-4.20958255410031,1.9811322181437716,-4.234703780790934,1.963914727255333,-4.223561234732127,1.9792918026337212,0
185.824,-4.190301161291281,1.9811320326250292,-4.207466417240778,2.0010445940206316,-4.205603329951623,1.988015251792285,0
185.856,-4.1710369801345655,1.981140413465666,-4.233623545541716,1.9259498174303413,-4.205291439619517,1.9632121581750943,0
185.888,-4.151786385230784,1.9811555084487693,-4.086567701053133,2.0106565094317745,-4.146281968665224,1.9822135616444627,0
185.92000000000002,-4.132546504778564,1.981175971270029,-4.156104653988847,1.9568372600808284,-4.138691068194645,1.9720871900032257,0
185.952,-4.1133150724203515,1.9812008267173697,-4.218037978442215,1.9533751358138227,-4.158909858569654,1.964626953982592,0
185.984,-4.094090301482413,1.9812293590115597,-4.110893910900205,1.9384523574091586,-4.128183506644034,1.9541821162293802,0
186.016,-4.074870783701594,1.981261024657858,-4.071340873277497,1.9436578947320151,-4.093926481313651,1.9499978336828492,0
186.048,-4.055655408953111,1.9812953882852244,-4.016371114104654,1.9953100526386065,-4.051384363323718,1.9681485215722176,0
186.08,-4.036443301937642,1.9813320785499204,-3.981701375730546,1.946940775140168,-4.011991198039312,1.9596915979267089,0
186.112,-4.017233772321597,1.9813707604972826,-4.080413793588845,1.9865883768206687,-4.027840266820771,1.9704768269148825,0
186.144,-3.998026275492527,1.981411120586415,-3.999967333188131,1.9616003104224544,-4.00517112465168,1.966953035199869,0
186.17600000000002,-3.978820381677356,1.9814528607563686,-3.9789262619394954,1.994717149160791,-3.9831532114528647,1.9780857370830467,0
186.208,-3.9596157516446975,1.9814956983347276,-3.924911854752506,1.9927454272159995,-3.948336701114157,1.9839768472716057,0
186.24,-3.9404121175872713,1.9815393691562104,-4.013098159565565,1.9998683770758297,-3.9627213171288886,1.990360804139247,0
186.272,-3.9212092680762423,1.981583631880328,-3.9667106840932567,1.9266264020686876,-3.952797096674919,1.9648944326983369,0
186.304,-3.902007036213483,1.981628272102807,-3.9507939117905715,1.964466794537507,-3.940475855448498,1.964750749179664,0
186.336,-3.882805290293791,1.9816731053956385,-3.87212419118329,1.9898978129028597,-3.901615222294856,1.9748368738387994,0
186.368,-3.8636039264369337,1.9817179788556136,-3.9231316375785417,1.989904114682757,-3.898701820668004,1.9808909509474115,0
186.4,-3.8444028627665867,1.9817627710789278,-3.7929782067506066,1.9697429565736544,-3.844892406977841,1.9764587799141409,0
186.43200000000002,-3.8252020348056552,1.9818073907115343,-3.7957638407237857,1.9729551178517435,-3.8137210119086578,1.9750841624970001,0
186.464,-3.80600139182991,1.9818517738626291,-3.7985432193518966,2.0100270145458623,-3.7961299258396606,1.9890879561220678,0
186.496,-3.7868008939783038,1.9818958807289884,-3.7922517598262573,1.9985847161322166,-3.7830586898987884,1.9929131120441266,0
186.528,-3.7676005099620995,1.9819396917800869,-3.7864994099372837,1.9822290675207528,-3.7729150078986646,1.9886657467016788,0
186.56,-3.7484002152488483,1.9819832038169767,-3.74956483368031,1.9545352597624075,-3.752054967740143,1.9750396126353928,0
186.592,-3.729199990623503,1.9820264261585838,-3.726801522367117,1.9700741430382758,-3.7304336186991645,1.9730793061913796,0
186.624,-3.709999821049379,1.9820693771410318,-3.6771891456502797,1.9942951142950371,-3.6976158582090513,1.9815913472583955,0
186.656,-3.6907996947676134,1.9821120810488602,-3.7367806055800505,1.9381877231542688,-3.701761785553251,1.964255469609303,0
186.68800000000002,-3.671599602586313,1.982154565538148,-3.666814387170011,1.9874918925236575,-3.6762628543079163,1.9735754835323807,0
186.72,-3.652399537320477,1.982196859564136,-3.659617910095308,1.968309215405558,-3.65808490448741,1.9714943123383306,0
186.752,-3.6331994933516434,1.9822389917910712,-3.6507470330026046,2.0006128839383286,-3.6436297835561793,1.9831669860899657,0
186.784,-3.613999466282465,1.9822809894390818,-3.6577410067886897,1.9588269437563932,-3.6377543003478374,1.9734561397834012,0
186.816,-3.5947994526664333,1.9823228775102046,-3.610436219083334,1.9201804572915733,-3.615307095210171,1.952170977757945,0
186.848,-3.575599449796962,1.982364678331025,-3.6186447673691235,1.9573688808894107,-3.6051221913404063,1.9542752033451232,0
186.88,-3.5563994555432474,1.982406411350393,-3.5794921701386886,1.9390789696585966,-3.583350210049522,1.94822173872797,0
186.912,-3.537199468222893,1.982448093135252,-3.498728157159032,2.0233814575065847,-3.537981416026746,1.9783106289742292,0
186.94400000000002,-3.5179994865033204,1.982489737513993,-3.462656978026137,2.0241279425547085,-3.4963316679202388,1.9966625387000905,0
186.976,-3.4987995093256528,1.9825313558236752,-3.5377879496645845,1.9416914156977623,-3.501394207685429,1.9746990615464397,0
187.008,-3.479599535846043,1.982572957224094,-3.4604301301515936,2.007012288897491,-3.473488603723682,1.987649317214955,0
187.04,-3.4603995653904813,1.9826145490476228,-3.42495702157531,1.9626481746550115,-3.442555997908825,1.9776738214930976,0
187.072,-3.441199597419946,1.9826561371588813,-3.4081309555661847,2.0325705875337965,-3.417266008015602,1.999657488876713,0
187.104,-3.4219996315034327,1.9826977263026955,-3.40380089093128,1.9555013493810156,-3.4003599882304263,1.9820199962172398,0
187.136,-3.4027996672969323,1.9827393204227068,-3.4010660476631562,1.9814734307189827,-3.3891224390613273,1.981826337441071,0
187.168,-3.3835997045268575,1.9827809229366185,-3.317692489455858,2.0280063696500252,-3.34903048629024,2.000323323909612,0
187.20000000000002,-3.364399742976771,1.982822536957617,-3.3662344749007476,1.9773835098696084,-3.3443921088226287,1.9911723798017391,0
187.232,-3.3451997824765396,1.9828641654551344,-3.3453115382873264,2.002678426627599,-3.3332399077174966,1.9957997896863224,0
187.264,-3.3259998228932774,1.9829058113518419,-3.307802721469811,1.9861402555264405,-3.3115450603519356,1.9919609785435464,0
187.296,-3.30679986412361,1.9829474775575646,-3.278525455712115,1.996847809444841,-3.2868172456577653,1.9939407265082214,0
187.328,-3.287599906086951,1.9829891669445447,-3.2829921626978686,1.953143371846541,-3.2737672396674498,1.9776468150051167,0
187.36,-3.268399948719595,1.9830308822719664,-3.24267894176783,1.9558427409075685,-3.249811947736554,1.9689502320535999,0
187.392,-3.24919999196951,1.9830726260707037,-3.286727728750678,1.9050437292578284,-3.2530582874094898,1.9434126953279232,0
187.424,-3.2300000357918,1.9831144005016432,-3.230565696093568,2.00158531679752,-3.2325412781911655,1.9667068271100594,0
187.45600000000002,-3.21080008014483,1.9831562072024855,-3.251447749494096,1.9670816518816618,-3.22858389406276,1.9668818597349973,0
187.488,-3.191600124987054,1.9831980471385147,-3.217268999329551,1.8854202909023645,-3.212537963562901,1.9343223547001056,0
187.52,-3.172400170274579,1.9832399204723872,-3.163267402779569,1.9079960861800982,-3.1813097666854784,1.9238169893051522,0
187.552,-3.1532002159595094,1.983281826466527,-3.2078002453721552,1.9953944401422588,-3.1803859856367875,1.9524731303328982,0
187.584,-3.134000261989081,1.983323763429305,-3.0805207345554293,1.9544102509701395,-3.1289199127185845,1.9532731565467656,0
187.616,-3.114800308305582,1.983365728712999,-3.0700197627912003,1.950470217940473,-3.0938398802954197,1.952177174359699,0
187.648,-3.095600354847012,1.9834077187677583,-3.105041019242002,2.0302142537960073,-3.086800363449931,1.9834172122180456,0
187.68,-3.076400401548398,1.9834497292517232,-3.1018960266043965,1.9833505338726531,-3.0813186563094117,1.9834157569152098,0
187.71200000000002,-3.0572004483436506,1.9834917551933184,-3.0716617117542535,1.9848337887101668,-3.065935906099935,1.9840081924523965,0
187.744,-3.0380004951678004,1.983533791197871,-3.0157595620828186,1.9498659231066033,-3.034345396113296,1.9703765109987463,0
187.776,-3.018800541959449,1.9835758316873286,-3.0007684575939932,1.9992823862494298,-3.00939464832613,1.981964087533767,0
187.808,-2.999600588663244,1.9836178711592418,-2.9967459394078033,1.944524529741759,-2.9928151923727784,1.9670134878479506,0
187.84,-2.980400635232185,1.983659904449467,-2.988412425128495,2.017708230990987,-2.9795341130762383,1.9873166026935978,0
187.872,-2.961200681629597,1.9837019269824119,-2.9616366677433237,2.0232251615202124,-2.9608551625262107,2.001705235585204,0
187.904,-2.9420007278306124,1.983743934993073,-2.920718638387132,1.96463681054806,-2.9332805804317093,1.9869030648881068,0
187.936,-2.922800773823055,1.9837859257066304,-2.8765001287497896,1.9741254285765923,-2.8990484272955306,1.981817198475825,0
187.96800000000002,-2.9036008196076515,1.9838278974638435,-2.886528164905176,2.0063058279683217,-2.882520349850447,1.9916378267186148,0
188.0,-2.8844008651975455,1.9838698497837768,-2.896113716251882,1.984944214387084,-2.8764377238971104,1.9889855468129545,0
188.032,-2.865200910617134,1.9839117833592648,-2.869354070492744,1.9909156765554865,-2.8620842899985237,1.9897827532413377,0
188.064,-2.8460009559002897,1.9839536999847407,-2.8668755482702473,2.003936407561243,-2.8524808207507952,1.9954693605315368,0
188.096,-2.8268010010880715,1.9839956024203373,-2.83937897157391,1.953262093470647,-2.8357201085084727,1.9786115923226113,0
188.12800000000001,-2.8076010462260546,1.984037494200228,-2.803226806933744,1.9769958069620495,-2.811202815297067,1.9779904122294087,0
188.16,-2.788401091361435,1.9840793793967528,-2.7688201853131846,1.997738122976004,-2.7827297907176956,1.9859146286011153,0
188.192,-2.7692011365400813,1.9841212623547355,-2.7857369549635647,2.0112456205790172,-2.7724126838316394,1.9960721581112781,0
188.22400000000002,-2.750001181803699,1.9841631474123387,-2.752923533326754,1.9294707756129814,-2.7530970510521313,1.9694567409712556,0
188.256,-2.730801227187285,1.984205038625718,-2.7178787409025085,1.9555042561954108,-2.727489754426391,1.9639008882684257,0
188.288,-2.7116012727170165,1.9842469395145443,-2.7303489671806105,2.0137681049463496,-2.7171134669777444,1.983872923279631,0
188.32,-2.692401318408709,1.9842888528441736,-2.6677271879276754,1.9580490451539307,-2.6858389828256763,1.9735685287537388,0
188.352,-2.6732013642669368,1.9843307804579469,-2.6580490537758212,2.0051513481928844,-2.663203038693408,1.9862268222835477,0
188.38400000000001,-2.654001410284872,1.9843727231699353,-2.711073672515793,1.969807343996688,-2.670831319729772,1.9796842057572706,0
188.416,-2.6348014564448565,1.9844146807246072,-2.6094177297865144,1.9838371637647567,-2.6347459112782547,1.9813705721537715,0
188.448,-2.6156015027196724,1.9844566518256508,-2.5323477478132057,1.9722779066727243,-2.582266673433751,1.9777586963446434,0
188.48,-2.5964015490744257,1.9844986342317714,-2.6226817399627698,1.9521584149451792,-2.5869127275988597,1.9675437796421216,0
188.512,-2.5772015954689262,1.9845406249130302,-2.6054003178623217,2.0009941761770267,-2.5827877912651416,1.9809491374883275,0
188.544,-2.5580016418604044,1.9845826202574348,-2.544749688209882,1.9593562275555576,-2.5560525776062075,1.9723371737819317,0
188.576,-2.538801688206381,1.9846246163143002,-2.5803392075754057,2.004388595956324,-2.5542472571540173,1.9851829415275384,0
188.608,-2.5196017344675083,1.9846666090585674,-2.5295016606744425,1.9891327955243232,-2.532829046114135,1.9867880782627405,0
188.64000000000001,-2.5004017806101824,1.9847085946589702,-2.458294837303927,1.9529855727708325,-2.4914953901291854,1.9732922653475313,0
188.672,-2.4812018266087663,1.9847505697327121,-2.4806974214653064,2.009488810355573,-2.4756562301861442,1.9877960650352062,0
188.704,-2.4620018724472734,1.9847925315702257,-2.5117557268166606,2.0102202259402184,-2.478576056341505,1.996790902231635,0
188.736,-2.4428019181204084,1.9848344783155425,-2.439500089236977,2.022923815960881,-2.4514256969820174,2.00726923102773,0
188.768,-2.423601963633904,1.9848764090906819,-2.4382069647234754,1.9870237102354118,-2.4346182315399747,1.999196176424325,0
188.8,-2.404402009004138,1.9849183240560895,-2.4125297362649865,2.001866432368959,-2.414262860871651,2.0002894234889355,0
188.832,-2.3852020542570638,1.9849602244032984,-2.4007878360372557,2.0693262831107573,-2.397352878362396,2.027929304151758,0
188.864,-2.366002099426525,1.9850021122803534,-2.39958189428807,2.020417166651414,-2.386724512143653,2.024949579763744,0
188.89600000000002,-2.3468021445520693,1.9850439906548811,-2.4210054882554557,1.997621136517622,-2.388916929990387,2.0140433289556423,0
188.928,-2.3276021896763974,1.985085863123712,-2.336162317196177,2.009214565495323,-2.3562951122708773,2.0121369482959715,0
188.96,-2.3084022348426156,1.9851277336814004,-2.2575612755580377,1.9971361956126985,-2.3052816049854785,2.0061617726609584,0
188.992,-2.2892022800914544,1.9851696064626436,-2.353273526014024,1.9414808538605648,-2.3129584008035184,1.9803145337364338,0
189.024,-2.270002325458636,1.9852114854752803,-2.294322297822009,1.9684942754165262,-2.293983987029322,1.975611564410771,0
189.056,-2.250802370972553,1.9852533743411525,-2.241968111313017,2.0006259937793103,-2.261657664177157,1.9856424774767596,0
189.088,-2.2316024166524078,1.9852952760616114,-2.2371301838518205,1.9829809431516703,-2.2403266995004887,1.9846030138276831,0
189.12,-2.212402462506935,1.9853371928228494,-2.2241678318759837,1.9733251504138956,-2.222343179925213,1.9801170281941411,0
189.15200000000002,-2.1932025085337905,1.9853791258536702,-2.1969501915228524,2.0303143877017424,-2.200666012060465,2.000221141653246,0
189.184,-2.174002554719656,1.9854210753449282,-2.139170996090286,1.995835595783053,-2.1645480331894884,1.9984921025244355,0
189.216,-2.154802601041059,1.985463040435872,-2.1572685990568665,1.9788426736366518,-2.150116287072323,1.9906575187794093,0
189.248,-2.1356026474658525,1.985505019268317,-2.1336991653787623,2.0199420208866585,-2.132029465946254,2.0023965145012568,0
189.28,-2.1164026939552754,1.9855470091051826,-2.1187611718847976,1.9933351348099904,-2.1152021758841872,1.9987971625984398,0
189.312,-2.0972027404664457,1.9855890065057735,-2.0964112344841244,1.9772546261236732,-2.0961658268928067,1.9902053507772879,0
189.344,-2.078002786955131,1.9856310075465173,-2.109475455707359,1.979219647409567,-2.0899697059879765,1.9858362725164584,0
189.376,-2.0588028333786106,1.985673008072937,-2.0562897857932647,2.0086456257617322,-2.0649777654746755,1.9949852147220952,0
189.40800000000002,-2.039602879698438,1.9857150039666154,-2.0284624055232174,1.9814166489518292,-2.0388516490487536,1.989582984788343,0
189.44,-2.0204029258829204,1.9857569914099384,-1.9574264356134572,2.0265363620733203,-1.9947615912148617,2.0043895254822695,0
189.472,-2.001202971909154,1.9857989671315537,-2.0474666758321676,1.9822525071411432,-2.0043236525840014,1.9955598996958421,0
189.504,-1.9820030177644832,1.985840928616711,-2.0113711655595647,1.9993258454119227,-1.995622685276028,1.9970914501978039,0
189.536,-1.962803063447289,1.985882874268927,-1.994520846175964,2.015029987136509,-1.9836619771163022,2.004292027351636,0
189.568,-1.9436031089670696,1.985924803512544,-1.9568209836360615,1.9526059173512513,-1.9614056071833073,1.983642736024097,0
189.6,-1.9244031543438025,1.985966716829567,-1.90878904559452,2.0053050387927343,-1.9288390099873638,1.9923328008553933,0
189.632,-1.9052031996066439,1.9860086157283936,-1.8442106856361886,2.004404171793255,-1.8834677076698587,1.9971864853391919,0
189.66400000000002,-1.8860032447920452,1.986050502646444,-1.927030058244256,1.9896553579329035,-1.8893726753099644,1.99419916469432,0
189.696,-1.8668032899414135,1.9860923807929542,-1.8920389513994527,1.9831836093200292,-1.8789192131482833,1.989818069268379,0
189.728,-1.8476033350984615,1.9861342539420541,-1.877406838443205,2.0068775952820914,-1.866794290666245,1.9966670052322226,0
189.76,-1.8284033803064117,1.9861761261894546,-1.865279856088993,1.9185036664948727,-1.854668544238259,1.9654267966334402,0
189.792,-1.8092034256052332,1.9862180016884219,-1.7820772635455482,2.0290301327169438,-1.8141120593722755,1.9908932617174258,0
189.824,-1.7900034710290795,1.986259884382049,-1.7656447095309356,2.0203548283160866,-1.7832051468597638,2.0027030249361726,0
189.856,-1.770803516604092,1.9863017777490803,-1.74096066207205,1.9703297693742194,-1.7547873803855354,1.9897788670111451,0
189.888,-1.7516035623467063,1.9863436845796743,-1.7311495581272616,2.013383856294079,-1.733812278942746,1.9992460160383363,0
189.92000000000002,-1.7324036082625764,1.9863856067955634,-1.7699237863411956,1.9685783228552542,-1.736736909383875,1.987004101805814,0
189.952,-1.7132036543461884,1.9864275453262095,-1.748993745101684,1.9254901565822253,-1.7301196711741784,1.962423696568952,0
189.984,-1.6940037005811939,1.9864695000489425,-1.6614047047439267,2.0126945380232772,-1.691113712125508,1.9825572152675748,0
190.016,-1.6748037469414496,1.9865114697969477,-1.5939090296419258,1.9698910502256461,-1.640711866673267,1.9775159394870996,0
190.048,-1.6556037933926973,1.986553452434584,-1.6588488859242412,2.004151075278757,-1.6364467019289717,1.988195190491039,0
190.08,-1.6364038398947787,1.9865954449951813,-1.6047129136737426,1.981267476883985,-1.612233214191763,1.9854493061021783,0
190.112,-1.6172038864042422,1.9866374438724257,-1.676101847965041,1.9850555787619868,-1.6262606952703478,1.9853170182210222,0
190.144,-1.5980039328771654,1.9866794450529894,-1.565025561386432,2.0629244599543273,-1.5902466692849822,2.0163851974756697,0
190.17600000000002,-1.5788039792720103,1.986721444375404,-1.6080556585894377,2.0271782259695708,-1.5858502925684972,2.0207276084784915,0
190.208,-1.5596040255523191,1.9867634377984793,-1.604307277110131,1.9470317451151005,-1.5817131139354403,1.9912744575107881,0
190.24,-1.5404040716890717,1.9868054216619606,-1.4721978146937784,1.9945781646586673,-1.52638702177339,1.9926211275858892,0
190.272,-1.521204117662552,1.986847392922618,-1.4821642535761301,1.972116643487312,-1.497177942010211,1.9844445125288257,0
190.304,-1.5020041634636054,1.986889349350547,-1.4724067870027935,2.015412259790314,-1.4757495075020897,1.9968567804674984,0
190.336,-1.4828042090942075,1.9869312896730258,-1.4902273809552489,1.9859761558535214,-1.4700206843566817,1.992529689809175,0
190.368,-1.4636042545673131,1.9869732136566556,-1.4388992896946893,1.9618838801355518,-1.4460521539444477,1.980296515617148,0
190.4,-1.4444042999060032,1.987015122122492,-1.493145342439833,1.9471020295977641,-1.4533694567764903,1.9670438623277264,0
190.43200000000002,-1.425204345141988,1.9870570168931867,-1.4580203232553743,1.9929122440161633,-1.44370983078655,1.9774163490656216,0
190.464,-1.4060043903135648,1.9870989006755453,-1.3773122445501391,1.9952747190903999,-1.4056308236993889,1.9845848260411478,0
190.496,-1.3868044354631626,1.98714077688607,-1.369055073452236,1.9724218699002558,-1.3794805510018193,1.979744769741758,0
190.528,-1.367604480634627,1.9871826494307276,-1.3548018338822894,1.9424944147559746,-1.35808909155457,1.9648697535658581,0
190.56,-1.3484045258704171,1.9872245224531353,-1.2976857107785693,2.0021323210885384,-1.3224077666494325,1.9797999085474602,0
190.592,-1.3292045712088874,1.987266400067397,-1.3414387530225402,2.041353590324063,-1.318500188613767,2.004446513739282,0
190.624,-1.310004616681825,1.9873082860928162,-1.3080814630241764,2.013532155363524,-1.3028127258073514,2.008105909443374,0
190.656,-1.2908046623124014,1.9873501838075875,-1.325646842442109,1.9828966413836835,-1.3004263999085879,1.998047349488561,0
190.68800000000002,-1.2716047081136646,1.9873920957373579,-1.2697201255331154,2.0128886932294683,-1.2766239176260812,2.0040090435811106,0
190.72,-1.252404754087678,1.9874340234922943,-1.237336999435746,2.0052461239510437,-1.2493891778391084,2.004529042164083,0
190.752,-1.233204800225364,1.9874759676631757,-1.2358603042896574,2.0501253026071207,-1.2324576559297173,2.022792722492971,0
190.784,-1.2140048465070665,1.9875179277832142,-1.1803038256893097,1.9762454516761094,-1.2000761513635525,2.0041989992864337,0
190.816,-1.1948048929038058,1.9875599023580766,-1.2012641462415956,1.9971795390586495,-1.1890313768614913,2.001416407958111,0
190.848,-1.175604939379143,1.9876018889621747,-1.1666884016979155,2.0293636781633717,-1.1685742143555369,2.0126205146272804,0
190.88,-1.1564049858915395,1.9876438843950166,-1.1088964694350243,1.9640420893378632,-1.133183143954766,1.993214346729399,0
190.912,-1.1372050323970524,1.987685884887538,-1.1418083488718926,1.992432305564256,-1.1251132534916954,1.992926733684872,0
190.94400000000002,-1.1180050788521902,1.9877278863451089,-1.1177226754467264,2.047050077774791,-1.1106370498409455,2.0146012734416114,0
190.976,-1.098805125216738,1.9877698846115406,-1.088301366703232,2.000291187231403,-1.0901828041449542,2.0089024373574036,0
191.008,-1.0796051714563633,1.987811875737073,-1.0865113583265391,1.9908179300941569,-1.0771942533637657,2.0016938269512767,0
191.04,-1.0604052175448346,1.9878538562330585,-1.049461962371707,2.036294758775147,-1.0545813644962687,2.015559384480386,0
191.072,-1.0412052634657036,1.9878958232969226,-1.0324557336734297,1.9777952141674386,-1.0342111396767677,2.0004788921531667,0
191.104,-1.0220053092133485,1.987937774992899,-1.016758103621537,2.0104802235284227,-1.0157099527430538,2.004504590778524,0
191.136,-1.002805354793314,1.987979710376886,-0.9682869583149019,1.9980229779735112,-0.9852207824387251,2.001937101915387,0
191.168,-0.9836054002219324,1.9880216295573758,-0.9695747126126538,2.006129716859393,-0.9674423819549778,2.0036392948752644,0
191.20000000000002,-0.9644054455252549,1.9880635336885257,-0.9512374680994026,1.965537352998743,-0.9494404438416773,1.988423656968845,0
191.232,-0.9452054907373669,1.9881054248958159,-0.8954500717860572,1.9604259453291164,-0.9163243224342477,1.9772497046829027,0
191.264,-0.9260055358981978,1.9881473061390806,-0.9371485429309484,1.9526563888521997,-0.9131340380381812,1.9674375063282596,0
191.296,-0.9068055810509625,1.9881891810217354,-0.9358182413342312,1.9701502126396895,-0.9106877467574477,1.9685477148039723,0
191.328,-0.8876056262393991,1.9882310535584955,-0.9224488164517664,1.9664686806397997,-0.9038722020370553,1.9677412275601234,0
191.36,-0.8684056715049714,1.9882729279165514,-0.8916288369716795,2.0051556773270387,-0.8874548834191932,1.982732136826936,0
191.392,-0.8492057168842135,1.9883148081468875,-0.8003566527679014,1.939481549302648,-0.8410956185783371,1.96545703639431,0
191.424,-0.8300057624063826,1.9883566979230654,-0.8356707809271873,1.9987420481950637,-0.8274057109531479,1.9787961828518852,0
191.45600000000002,-0.8108058080915678,1.9883986003043144,-0.7915896696177793,1.9727201894538564,-0.8015593218731192,1.976390935872281,0
191.488,-0.7916058539493805,1.9884405175382138,-0.8035024734620826,2.0264355921944714,-0.7908166099837017,1.9964339583486501,0
191.52,-0.7724058999783131,1.9884824509156944,-0.7839616232765247,1.9582802238880095,-0.7765546427973958,1.981197634388995,0
191.552,-0.7532059461658117,1.9885244006877176,-0.834586067693112,2.028377376912534,-0.7882472402731165,2.000094710773027,0
191.584,-0.734005992489067,1.9885663660490156,-0.7818474020622614,2.016642434040542,-0.7741673325250334,2.006738988062287,0
191.616,-0.714806038916474,1.9886083451899443,-0.6561287575319936,2.0037747027234705,-0.7154319300796397,2.005578469019714,0
191.648,-0.6956060854096715,1.988650335413113,-0.6707457354809417,2.0241108788340147,-0.6860374798032762,2.0130166331940744,0
191.68,-0.6764061319260272,1.9886923333072701,-0.6385125317817452,1.9665394258376458,-0.6555075281640699,1.994450953368776,0
191.71200000000002,-0.6572061784214066,1.9887343349672326,-0.6528273796861195,1.960221107998278,-0.6429154963431739,1.9807842187348506,0
191.744,-0.638006224853041,1.9887763362456796,-0.6613889787812477,1.9379159222346372,-0.6387849168840956,1.963662101549203,0
191.776,-0.6188062711823045,1.9888183330205675,-0.6278976612487056,2.000756157161541,-0.6229100421858675,1.978524920747711,0
191.808,-0.5996063173772148,1.9888603214609282,-0.6674817392550321,1.9852801130556468,-0.629218748555159,1.9812521880906333,0
191.84,-0.5804063634144956,1.9889022982739077,-0.5919060648582548,2.0353678158161,-0.6027737026001116,2.0029236214155373,0
191.872,-0.5612064092810655,1.9889442609171195,-0.5257416074953118,1.9378276621773365,-0.5604408920615475,1.976910410647005,0
191.904,-0.5420064549748624,1.9889862077626226,-0.5814087467279927,1.9883956727316336,-0.5573080614099943,1.981529678577389,0
191.936,-0.5228065005049537,1.9890281382019495,-0.5077915661583624,1.93439568571087,-0.5259814907699841,1.9627012348092692,0
191.96800000000002,-0.5036065458909312,1.9890700526854161,-0.5296504073173218,1.9975180903426288,-0.5159290848299659,1.9766531214224443,0
192.0,-0.4844065911616363,1.989111952693173,-0.4846866600329519,1.9669037365357027,-0.491912142335503,1.9727785042078951,0
192.032,-0.465206636353299,1.9891538406398597,-0.4659048306896571,1.9667507632221104,-0.4699892450887686,1.970392538707603,0
192.064,-0.44600668150721284,1.9891957197190038,-0.49430831340833487,1.9908854080560228,-0.4681968998202424,1.9786148136861128,0
192.096,-0.4268067266670921,1.9892375936971893,-0.4446728156778068,1.973236076561654,-0.44726729356425055,1.9764884448482734,0
192.12800000000001,-0.40760677187627703,1.989279466671254,-0.4092231113728945,1.9473464147544999,-0.42052964809148785,1.9648567601031242,0
192.16,-0.38840681717496217,1.989321342804167,-0.389944159703274,2.005775443612267,-0.3967754801480631,1.981249364505432,0
192.192,-0.3692068625976194,1.9893632260566096,-0.34198691607975856,2.0151595456773417,-0.3633400819454503,1.994838573866855,0
192.22400000000002,-0.35000690817078006,1.989405119931569,-0.3316711669134662,1.957991641694849,-0.3391525433741596,1.9801249455931909,0
192.256,-0.3308069539113163,1.9894470272484108,-0.2565708270769071,1.9433834972355732,-0.294599884316426,1.9654535198603522,0
192.288,-0.3116069998253358,1.989488949961012,-0.3079771485676143,1.9967682839266092,-0.2884308174993427,1.9780045888441544,0
192.32,-0.29240704590776456,1.989530889031682,-0.3314344540149372,2.0191298114906786,-0.29411229960953844,1.9944798511113422,0
192.352,-0.27320709214265126,1.989572844369017,-0.2689422147023061,1.9771832939928382,-0.27252429317097726,1.9875864107933747,0
192.38400000000001,-0.2540071385041785,1.9896148148337003,-0.22106680090989922,1.9838596396406578,-0.24042132380879389,1.9861208930516852,0
192.416,-0.23480718495832054,1.9896567983118827,-0.21516154569603263,1.989315946318758,-0.2187974401202365,1.987424111609374,0
192.448,-0.21560723146504174,1.9896987918514155,-0.22894910814095668,1.9973657437327805,-0.21133813489482722,1.9914259661618565,0
192.48000000000002,-0.19640727798089297,1.9897407918521557,-0.17697735648615187,1.9707674916240634,-0.18607385110223781,1.9831877801362585,0
192.512,-0.17720732446183424,1.9897827942980697,-0.19018380024043635,1.9748493824696485,-0.1761978583275004,1.9798776244455492,0
192.544,-0.1580073708660958,1.9898247950161698,-0.19437526508044983,2.006694839945946,-0.17194884859234777,1.9906297111351634,0
192.576,-0.13880741715688835,1.9898667899455882,-0.13463904449937739,1.9722492227942012,-0.14550495450750375,1.983302711115413,0
192.608,-0.11960746330478247,1.9899087753994338,-0.1041496428315917,1.9946744549134612,-0.11744285737388738,1.9878765968261152,0
192.64000000000001,-0.1004075092896022,1.989950748302553,-0.028591822009468887,2.0247000660378953,-0.07038247074601306,2.0026311640847547,0
192.672,-0.08120755510171127,1.9899927063898601,-0.0692695798565486,1.9601870085327282,-0.058417341887228025,1.9856786718841062,0
192.704,-0.06200760074261345,1.9900346483524531,-0.035005944999521116,2.0089228008900646,-0.03753281060756941,1.9950014836332888,0
192.736,-0.042807646224833316,1.9900765739220942,-0.10068677339350923,1.9953078651799316,-0.05127442317650286,1.9951491868430462,0
192.768,-0.023607691571090744,1.990118483888603,-0.02297883864611421,1.9993962256751523,-0.02843621680009381,1.996873144345791,0
192.8,-0.004407736812827585,1.990160380049039,-0.030836200836628032,1.9852757203301183,-0.01787623783490879,1.9922593095793588,0
192.832,0.01479221801181663,1.9902022650919418,-0.02036041172171831,1.990859745045459,-0.007349934798553086,1.991724613427239,0
192.864,0.03399217286044949,1.9902441424240835,-0.022986757825566882,1.985752966148242,-0.002084691411985924,1.9893610812850981,0
192.89600000000002,0.053192127689137114,1.990286015950895,0.045811235275470624,2.0159989554057547,0.028593651861271788,2.000041357284614,0
192.928,0.07239208245521257,1.990327889824713,0.08625374737223522,2.0151474279126815,0.06317766265938582,2.0061089139705497,0
192.96,0.09159203712000591,1.9903697681770742,0.1647505264849694,1.979515955836118,0.11532678077364286,1.9954968636031913,0
192.992,0.11079199165132544,1.9904116548523128,0.10446053173869156,2.0015136115030545,0.12250025372944232,1.9979287021833856,0
193.024,0.1299919460255329,1.99045355315964,0.15205096351004344,2.0156289502840954,0.1458405101935914,2.0050339490394795,0
193.056,0.14919190022907858,1.9904954656596954,0.16013026467154046,2.018699166321109,0.1630763845163252,2.0105251928976244,0
193.088,0.16839185425939518,1.9905373939993412,0.16124341235703787,2.0012897884429046,0.17386316816263253,2.0068561979242507,0
193.12,0.1875918081250871,1.9905793388053608,0.19489244026371522,1.9785873260751197,0.19379484949176284,1.9955738257542124,0
193.15200000000002,0.20679176184539777,1.9906212996439276,0.17636485851298986,1.9483085319174998,0.19834282556920674,1.9766928938195656,0
193.184,0.225991715448983,1.990663275048468,0.1995467263900382,1.9622076068457046,0.2103443583496043,1.9709239723480958,0
193.216,0.24519166897206718,1.9907052626141277,0.25731141140423575,1.9361202910299786,0.24065115201058287,1.9570276990474182,0
193.248,0.26439162245609943,1.990747259152756,0.2981852837553308,2.0122909992008653,0.2751847771394576,1.9791582220538064,0
193.28,0.28359157594506423,1.9907892608984188,0.28607262762492747,2.0090050400222337,0.291059889761789,1.991122153475245,0
193.312,0.3027915294826234,1.9908312637501873,0.3370548875581315,2.000208162055194,0.32097786131114037,1.9947817599182867,0
193.344,0.3219914831092804,1.990873263536549,0.29616011019165234,2.043853294208147,0.32257073330216046,2.0144355729895174,0
193.376,0.34119143685975506,1.9909152562843888,0.2899664183139647,2.0713045216058257,0.3210489797585086,2.037208345938973,0
193.40800000000002,0.360391390760741,1.9909572384752015,0.3460149861535451,1.9608426507169172,0.3425553547849389,2.0066872536820153,0
193.44,0.3795913448291921,1.9909992072720093,0.3845361684252517,1.9857022557756205,0.37086765272915717,1.998318431356715,0
193.472,0.3987912990712466,1.991041160702359,0.35151445781151985,2.028565650899981,0.3746463472714855,2.0104424862737083,0
193.504,0.4179912534818534,1.9910830977855951,0.3786457372873455,1.997558906554022,0.38776607580873784,2.0053142116335225,0
193.536,0.43719120804511874,1.9911250185962048,0.4629964528709182,2.030617940765533,0.4293781991848882,2.015460851203574,0
193.568,0.45639116273534647,1.9911669242591432,0.4451705035222595,1.9907538958733009,0.44721509348901667,2.0056032087822446,0
193.6,0.4755911175186991,1.991208816877435,0.5136394651304494,2.0057717968386357,0.485304814729052,2.0056957771631043,0
193.632,0.4947910723553726,1.9912506993967092,0.5254287640617111,1.9783272307175992,0.5128743670553237,1.9947734872681548,0
193.66400000000002,0.5139910272021453,1.9912925754153943,0.48080280162905586,1.9736138939737953,0.511565713482609,1.98633477652558,0
193.696,0.5331909820151407,1.9913344489527944,0.527723585490217,2.0102447599412154,0.5295488348825739,1.9959238968628479,0
193.728,0.5523909367526326,1.9913763241899964,0.5580683969296811,1.994802890020965,0.5524766322920671,1.995500623972427,0
193.76,0.5715908913777167,1.991418205200303,0.5736101680577603,2.038532761666285,0.5724500191777233,2.012738614066768,0
193.792,0.5907908458606806,1.9914600956865718,0.5933933024283041,1.959498383152052,0.5923473050417829,1.9914676638509516,0
193.824,0.609990800180924,1.9915019987423959,0.580454957858581,2.017982562501511,0.5991103387134924,2.002098774098391,0
193.856,0.6291907543283002,1.991543916652535,0.6283049590088348,2.0093869260127555,0.6223081593557038,2.0050391952363884,0
193.888,0.6483907083037933,1.9915858507454705,0.645206903354275,1.9836522467234479,0.6429876294575546,1.9965095861192221,0
193.92000000000002,0.6675906621194783,1.9916278013076056,0.5911522793385848,1.9966012038152148,0.6337734618913933,1.99657141309351,0
193.952,0.6867906157977627,1.9916697675646557,0.708863534845178,2.023528458524294,0.6753294635353482,2.0073794198428927,0
193.984,0.705990569369954,1.9917117477314383,0.7017936137547005,1.997024802721073,0.6974350960697816,2.0032627687665485,0
194.016,0.7251905228742405,1.991753739126861,0.7320085088432484,1.9861030138543325,0.7227844336143694,1.996424067820071,0
194.048,0.7443904763532186,1.9917957383467002,0.7362388224901435,1.9988342682072087,0.7396861615933915,1.9974133519522943,0
194.08,0.7635904298511274,1.9918377414830335,0.7233304391852511,2.035686731041231,0.7446638450577843,2.012747908046788,0
194.112,0.7827903834109742,1.9918797443761775,0.8010588562471309,1.9731036496711323,0.7787418219656032,1.9969154071289874,0
194.144,0.8019903370717437,1.9919217428828875,0.7809141701802493,1.9459541124769,0.7911307336931803,1.976556087297276,0
194.17600000000002,0.821190290865873,1.9919637331435263,0.8054283552899479,1.9438761267484481,0.8083697547878255,1.9635092946110746,0
194.208,0.8403902448171603,1.992005711830975,0.8014787772994973,1.9617505661830166,0.8171333362663091,1.9628309866043283,0
194.24,0.8595901989392415,1.9920476763652382,0.8091751231467249,1.9917612676017056,0.8254700235126646,1.9744282730531806,0
194.272,0.8787901532347305,1.9920896250799005,0.8961746257336792,2.0009625519471674,0.8652718369168109,1.9850671488016656,0
194.304,0.8979901076950725,1.9921315573297087,0.9031383815832472,1.9753422929320552,0.8919384273204601,1.9812023608777414,0
194.336,0.9171900623011154,1.9921734735323293,0.8990070814763975,1.9698919787663176,0.9062858615396502,1.9767033534127858,0
194.368,0.9363900170243566,1.9922153751415865,0.9282442621748067,1.9812102489741406,0.9265891943674027,1.978531249279422,0
194.4,0.9555899718287808,1.9922572645538972,0.995250319530559,2.01907420295704,0.9655736170192789,1.9947735624617784,0
194.43200000000002,0.9747899266731708,1.9922991449539198,1.012239185514788,2.0007612881482713,0.9957598170122397,1.9971937807071662,0
194.464,0.993989881513745,1.9923410201093583,0.9714718066581692,2.000766128017916,0.9975645854682093,1.998647846294376,0
194.496,1.013189836306955,1.9923828941281376,1.014743222325734,2.012649267160106,1.0159560128061718,2.0042735425139053,0
194.528,1.0323897910122697,1.9924247711935965,0.9723763847576714,2.0788679838872577,1.0100441341737616,2.0341364505882376,0
194.56,1.051589745594773,1.9924666552947656,1.0067503677577692,1.9301767552846858,1.0202466001815824,1.9925777098507826,0
194.592,1.0707897000274087,1.9925085499691209,1.0676186860569958,2.016892174758216,1.050715407089199,2.002328640887355,0
194.624,1.089989654292733,1.9925504580743998,1.075581875618503,1.9621095866833598,1.0721819670386845,1.9862661733049838,0
194.656,1.109189608384056,1.9925923816042053,1.124132801302676,1.9947896600689052,1.1044822732606974,1.989700731890497,0
194.68800000000002,1.128389562305897,1.9926343215592957,1.1150910310709772,2.0042197592826154,1.1202457488795892,1.9955335166334065,0
194.72,1.1475895160737164,1.9926762778828782,1.1787914042271375,1.9913371523006504,1.1551839834928557,1.9938801540799864,0
194.752,1.1667894697129377,1.9927182494640872,1.1718077334914816,1.9611359266693764,1.1733534559484484,1.9808076545715818,0
194.784,1.185989423257317,1.99276023420944,1.1960622258227749,2.005476274959709,1.1939569363398157,1.9907003008083581,0
194.816,1.2051893767467625,1.9928022291776732,1.2316015529369013,1.997344435859913,1.22053475541032,1.9933831574590442,0
194.848,1.2243893302247493,1.9928442307692709,1.2713190174002118,2.020524505450936,1.2523684326331663,2.004264901464457,0
194.88,1.243589283735496,1.992886234958471,1.2099597141240224,2.0277138241370563,1.2469249176571156,2.0136696750107896,0
194.912,1.2627892373210927,1.992928237552796,1.2641974114991588,2.0035632075607115,1.2653538876277084,2.009652289688552,0
194.94400000000002,1.2819891910187706,1.9929702344633689,1.296527031726311,1.9780574568610458,1.2893431177121448,1.9970395530899892,0
194.976,1.3011891448584951,1.9930122219685944,1.2741091590888556,1.9882870431649857,1.2947695067233664,1.993563738552237,0
195.008,1.320389098861037,1.993054196954197,1.2879289896501749,2.0052536009601782,1.3035532723734815,1.9982648643310577,0
195.04,1.3395890530366472,1.9930961571141412,1.335084371080754,2.0050588657706334,1.3276856843567262,2.001007636145802,0
195.072,1.3587890073844173,1.9931381010994746,1.3760069425724668,2.0022313072014026,1.3585341601650347,2.0015222658884055,0
195.104,1.3779889618923589,1.9931800286054948,1.3368087779691125,2.0187455720723184,1.3613639798296866,2.00843674006242,0
195.136,1.3971889165381943,1.9932219403916085,1.3476190976726536,1.9884536161538748,1.3673859995288784,2.0004686334995005,0
195.168,1.4163888712908004,1.9932638382325942,1.4263074042281991,1.928471983230884,1.4024745339863491,1.9716951091746893,0
195.20000000000002,1.4355888261122118,1.993305724804394,1.3914297220863159,2.0516682831245903,1.409576581815557,2.003709509268189,0
195.232,1.4547887809600528,1.9933476035117832,1.446999831405705,1.9642396226642473,1.4360658542473208,1.9879466821609495,0
195.264,1.4739887357902466,1.9933894782690134,1.4861029903364844,1.9815568410481113,1.467600681279762,1.985415872754396,0
195.296,1.4931886905598313,1.9934313532475543,1.4828123183463127,1.9832145500104443,1.4852053086987467,1.984560472716574,0
195.328,1.5123886452297075,1.9934732326071904,1.525046096056927,2.024830356238111,1.51266159622477,2.000693559594255,0
195.36,1.5315885997671457,1.993515120227803,1.5607305897747321,1.9911924746971694,1.5434091662133036,1.996918265619132,0
195.392,1.5507885541478947,1.99355701945913,1.5301374415928197,2.017011284387792,1.5496204489157746,2.0049806213116774,0
195.424,1.5699885083577565,1.9935989329046473,1.5791522843987864,2.020954026443302,1.5729531556392216,2.0113951409100426,0
195.45600000000002,1.5891884623935204,1.9936408622535133,1.5739173944294478,2.0084776689309347,1.5848588236639034,2.01025331958167,0
195.488,1.608388416263196,1.9936828081714333,1.6059022067488506,2.0167407508326622,1.6047961493849847,2.0128734693814243,0
195.52,1.6275883699855196,1.9937247702574934,1.6099804281130108,1.9718513820414085,1.6183898333433546,1.9964898208660995,0
195.552,1.6467883235887617,1.9937667470697684,1.630411940541486,1.9879581577931769,1.634718648672657,1.993102349876827,0
195.584,1.6659882771089107,1.9938087362180679,1.6447825330520844,2.040330757441916,1.6502641748613085,2.01201891315634,0
195.616,1.685188230587347,1.993850734517852,1.6988045675375136,1.9902266653285032,1.681200304360296,2.0033272180994284,0
195.648,1.704388184068159,1.9938927381954104,1.6701732276100218,2.010248768380126,1.6883094460856558,2.006121043667962,0
195.68,1.7235881375952815,1.9939347431310752,1.754663739871965,1.9900574401858382,1.7263711360281493,1.9997208065860155,0
195.71200000000002,1.7427880912096432,1.9939767451247967,1.6924915235128841,1.984366660877242,1.7243392634578885,1.9936043490149777,0
195.744,1.7619880449465146,1.9940187401669605,1.7791150419920425,1.996658700684882,1.757769547320134,1.9948512845764146,0
195.776,1.7811879988332309,1.9940607246969844,1.7546160353094398,1.9677263018771747,1.7680281149812143,1.9840264787264053,0
195.808,1.8003879528874365,1.9941026958330237,1.7657584022234332,2.0285171883323323,1.7786402023631807,2.001847940784717,0
195.84,1.8195879071159646,1.9941446515579684,1.810499825894589,2.040504007489209,1.802904024282211,2.017335535900759,0
195.872,1.838787861514418,1.9941865908497363,1.8278353063902577,2.030022975601135,1.8243965096535675,2.022435670297195,0
195.904,1.8579878160674723,1.9942285137474507,1.827493625226275,2.0070438711821956,1.8371553284313413,2.0163040997538815,0
195.936,1.8771877707498785,1.9942704213492215,1.8446335352116219,1.9930026380096522,1.8516665837102533,2.007008655857928,0
195.96800000000002,1.896387725528094,1.9943123157416587,1.9201202734772298,1.9750308696115233,1.890568032198343,1.994242675509521,0
196.0,1.9155876803624365,1.994354199865638,1.923150591953559,1.9978769896809379,1.915121028691685,1.9957215307565388,0
196.032,1.934787635209623,1.9943960773269533,1.974463676808926,1.9881537913000717,1.9503780605346115,1.992719562357124,0
196.064,1.9539875900255341,1.9944379521640463,1.9458606539038064,1.9621496181113747,1.9600910704776033,1.9805167123665548,0
196.096,1.9731875447680334,1.994479828587764,1.965604284271974,1.9984775951000708,1.9738163285845025,1.9877261959930828,0
196.12800000000001,1.9923874993996613,1.9945217107099174,1.95065885638454,2.005568633990838,1.9760733122824496,1.9948883068712715,0
196.16,2.0115874538900416,1.99456360227813,2.0338610880770314,2.0301738045311253,2.0107083951626548,2.009027648750915,0
196.192,2.0307874082178405,1.9946055064340795,1.9824807943736982,1.9837981099257243,2.0109373273905384,1.9989609847054224,0
196.22400000000002,2.0499873623721565,1.9946474255107256,2.0116707527951623,2.04125544577686,2.02275067007481,2.015903930262396,0
196.256,2.069187316353245,1.9946893608816125,2.0663156930906412,1.9932920186465986,2.051696651781732,2.006884336742856,0
196.288,2.0883872701725283,1.9947313128719897,2.0792731508093754,1.991267159411581,2.0742472238721605,2.000662646646626,0
196.32,2.1075872238518816,1.9947732807374956,2.077153162772182,1.9683596076457175,2.086929571892304,1.9877666206781415,0
196.352,2.126787177422235,1.9948152627118119,2.1362250288618116,1.9767563302540647,2.1181677271242307,1.9833877014557861,0
196.38400000000001,2.145987130921585,1.994857256120231,2.1764416448696005,1.9951166892582455,2.1529972666547517,1.9881044988882024,0
196.416,2.1651870843925356,1.9948992575518385,2.1554730642057423,1.9444925783265758,2.165507558100794,1.9706849360425398,0
196.448,2.184387037879537,1.9949412630792247,2.199375923891826,1.9882913154397226,2.190574876841587,1.9777526937539904,0
196.48000000000002,2.2035869914259987,1.994983268511572,2.261795443516091,2.030608765669553,2.2305830759400482,1.9989203265158033,0
196.512,2.2227869450714763,1.9950252696648068,2.203755353495449,2.0068191735824206,2.2313719594004136,2.002105064977058,0
196.544,2.24198689884911,1.9950672626314094,2.2298409170269635,1.9490487948437605,2.2422795149034314,1.9809077500750358,0
196.576,2.2611868527834895,1.995109244032482,2.2081167867782345,1.9643006158195033,2.2401343961236684,1.9742900813371134,0
196.608,2.280386806889079,1.9951512112358227,2.2789395399402874,2.0017942690523314,2.2671764261411114,1.9853169320254394,0
196.64000000000001,2.2995867611693046,1.995193162525939,2.284236782768038,1.9824623008589985,2.285520541304391,1.984200245228638,0
196.672,2.3187867156163517,1.9952350972150266,2.30115591242475,2.0037466911452175,2.303294662286586,1.992043979403813,0
196.704,2.33798667021169,1.9952770156877433,2.377132354381169,2.0207406045229854,2.3443497116784493,2.0035477761073324,0
196.736,2.3571866249272757,1.995318919376864,2.334928164361747,1.9759175915355485,2.352101065322924,1.992520841082199,0
196.768,2.376386579727359,1.995360810671364,2.3679412112824596,2.0252971997951126,2.3699570962910648,2.0056565173273824,0
196.8,2.395586534570773,1.9954026927628252,2.3640553229696737,1.9860008157131304,2.379116359555202,1.9978193655987264,0
196.832,2.414786489413566,1.9954445694400331,2.386501112155226,1.955130068392788,2.3935902331909285,1.980768774241189,0
196.864,2.4339864442118038,1.9954864448449847,2.4373908558158965,2.0405812967844077,2.422630454834117,2.0047189119341553,0
196.89600000000002,2.453186398924377,1.9955283232060115,2.4119218740239323,1.9776037212645454,2.429866995095345,1.9938979679642466,0
196.928,2.4723863535156325,1.9955702085652065,2.470580241438778,2.0506962797146024,2.457672266205239,2.0166424308249917,0
196.96,2.491586307957661,1.9956121045177273,2.489637392011091,2.0327894889031137,2.4819782890832505,2.0231263999443696,0
196.992,2.510786262232105,1.9956540139797814,2.511155640053342,2.022043453015662,2.505169202007116,2.022718376157433,0
197.024,2.5299862163313573,1.995695939000271,2.4395523529886507,1.978806479341067,2.4904424349139926,2.0051787822962694,0
197.056,2.5491861702590772,1.9957378806282615,2.505458223972082,2.00918167623188,2.507968723029584,2.006805114765827,0
197.088,2.5683861240299803,1.9957798388448493,2.57148134409263,1.9741413653499493,2.544893743926319,1.9937647994285583,0
197.12,2.587586077668911,1.9958218125638556,2.5816451476454927,1.9637936447171231,2.571114277867076,1.9818015303970924,0
197.15200000000002,2.606786031209254,1.9958637997013342,2.5160475782519156,1.9771085629254934,2.5606075704592737,1.979949543033509,0
197.184,2.625985984690786,1.9959057973094503,2.6731565183596073,1.962123860834047,2.617147122047405,1.9728444744625881,0
197.216,2.645185938157101,1.9959478017661267,2.722504099786895,1.9848808779332265,2.670809885566165,1.977684242453734,0
197.248,2.6643858916527856,1.9959898090082588,2.683953468010241,1.9980144999768532,2.6875872909672833,1.9858415518224408,0
197.28,2.6835858452205286,1.9960318147934855,2.6574420226319857,1.9603183918548375,2.6870491560627014,1.9756574914298541,0
197.312,2.7027857988983546,1.9960738149736532,2.695561439444245,2.0540126380846515,2.7019740418560385,2.0070247485781674,0
197.344,2.721985752717169,1.996115805762356,2.73680484547339,1.9814555217625303,2.7274263357592874,1.9968222492169136,0
197.376,2.7411857066987704,1.9961577839792997,2.7760922225755453,1.9909117526602165,2.758412662961083,1.9944832332842588,0
197.40800000000002,2.7603856608544586,1.9961997472557345,2.7725104687475786,2.0073848958994374,2.77557175777212,1.9996690713520207,0
197.44,2.7795856151843266,1.996241694187699,2.784489636980156,1.9691227777035882,2.790658881973711,1.9874757168772619,0
197.472,2.7987855696772743,1.9962836244271678,2.773173938349056,1.979954437304829,2.7951848770635355,1.9844923582758907,0
197.504,2.8179855243117378,1.9963255387052008,2.8642383665416946,1.9945440075449898,2.83432624541379,1.9885381623653493,0
197.536,2.8371854790570827,1.996367438785559,2.8387612063240644,2.0129883977468954,2.8476202023529433,1.9983433935380714,0
197.568,2.856385433875572,1.996409327351732,2.9079918489937167,1.9925523582416795,2.883288833596061,1.9960521110395302,0
197.6,2.875585388724774,1.996451207834614,2.8821033467228783,1.9527114152314378,2.894334611440314,1.9787409612492712,0
197.632,2.8947853435602733,1.996493084191886,2.845568128512269,2.0025950167612914,2.8863479908638574,1.9883077114156396,0
197.66400000000002,2.913985298338496,1.9965349606532878,2.91080630168588,1.960440432409372,2.9076512877830947,1.9771859297594374,0
197.696,2.933185253019493,1.9965768414481635,2.8977266318739106,1.9925096749688902,2.9152013980002187,1.9833405622062223,0
197.728,2.952385207569496,1.9966187305328225,2.974971162252978,1.968103634411974,2.9506292762678017,1.9772709320191053,0
197.76,2.9715851619630875,1.9966606313352862,2.998788573983298,1.9863913693461506,2.9814129679023824,1.9809442561790132,0
197.792,2.9907851161848487,1.9967025465338792,2.971425787398634,2.0601599635972763,2.988938068228544,2.0126556978729746,0
197.824,3.009985070230371,1.9967444778839651,2.9625332011239527,2.0145868263274296,2.989896093892347,2.013453318068442,0
197.856,3.0291850241065696,1.996786426104029,3.0285731915634493,1.996830484734641,3.0168869054445184,2.006829363577009,0
197.888,3.0483849778312635,1.9968283908284996,3.0461795832576524,1.9920560450836522,3.0401239490331147,2.000945224346667,0
197.92000000000002,3.067584931432051,1.996870370630408,3.064049749170886,2.0377471649033945,3.061214241534013,2.015691196757744,0
197.952,3.086784884944544,1.9969123631124792,3.099857935134828,1.988431338564059,3.0881916914065473,2.004812455870001,0
197.984,3.1059848384100763,1.9969543650608452,3.1396709814720034,2.0186765215955034,3.1203033798562094,2.0103832885316306,0
198.016,3.1251847918730338,1.9969963726515283,3.115670955632618,2.0233540127518124,3.129970382586946,2.0155967860963395,0
198.048,3.1443847453779825,1.9970383816964314,3.0905599684366014,2.0068970449227574,3.1257261893493125,2.012142096434883,0
198.08,3.163584698966786,1.9970803879130252,3.180232477203361,2.037325762829087,3.159048676921258,2.022240766226516,0
198.112,3.1827846526758985,1.9971223872003767,3.1979769856668643,2.007350918370306,3.186139972862632,2.0163100244687415,0
198.144,3.201984606534019,1.9971643759037474,3.263453180699985,2.007085264444006,3.2285852284576633,2.012645310096198,0
198.17600000000002,3.221184560560251,1.9972063510507072,3.209805311616443,2.033459261352016,3.2325932342012766,2.020996071090324,0
198.208,3.240384514762888,1.997248310543538,3.2388740087157792,2.024214924277795,3.246625516508945,2.0223087829039974,0
198.24,3.259584469138898,1.9972902532954895,3.2491121377333285,2.0595947310603773,3.2591401375226745,2.0372483225879563,0
198.272,3.278784423674138,1.997332179302066,3.3604904912024365,1.9906154626461456,3.311200251539577,2.018620329405964,0
198.304,3.297984378344269,1.9973740896426837,3.295282989256687,2.0052536515927244,3.3163533191899903,2.0132988005632804,0
198.336,3.3171843331163213,1.9974159864125156,3.332977703447155,2.048220764049161,3.334523045471347,2.0272927213956056,0
198.368,3.3363842879507994,1.9974578725888334,3.36913241302511,1.976110365568672,3.3598867650816464,2.0068449097718277,0
198.4,3.355584242804194,1.9974997518403697,3.2942843637888317,2.024528882568846,3.345165777158331,2.013943627290887,0
198.43200000000002,3.3747841976317465,1.9975416282918985,3.3777516671229826,2.008838332465207,3.3697201057373984,2.0119266380331484,0
198.464,3.393984152390294,1.9975835062591283,3.353187821634823,1.9851612336153506,3.374627164683378,2.001245607778687,0
198.496,3.4131841070410136,1.9976253899709258,3.4373391018599597,2.0145926983141798,3.411231912129614,2.006609580736861,0
198.528,3.432384061551905,1.9976672832967304,3.458785828135841,1.9661708750952973,3.4417734510918097,1.990459242515732,0
198.56,3.4515840158998414,1.9977091894967065,3.4601285903103687,1.9783957872901272,3.4606354793195537,1.9856590133484628,0
198.592,3.4707839700720724,1.9977511110107427,3.4721223296528536,2.0003767662210716,3.476750191971557,1.9915712773360967,0
198.624,3.4899839240670647,1.9977930492999336,3.5002216903303243,1.925806002675429,3.497658763811237,1.9652903406192,0
198.656,3.5091838778946323,1.9978350047508249,3.5400516796101003,1.9764269493460234,3.526135902605014,1.9697701672978583,0
198.68800000000002,3.5283838315753346,1.9978769766486748,3.4770289214514385,2.0233103594060893,3.5180130825978537,1.9912114364561786,0
198.72,3.5475837851391825,1.997918963221567,3.6142329758379836,2.053343737114611,3.5680210123314833,2.0160895566606953,0
198.752,3.566783738623724,1.9979609617526515,3.574798951573693,2.020811604057275,3.5822521604536033,2.0180035811937205,0
198.784,3.5859836920716397,1.9980029687534069,3.5961409625251077,1.9732876735859335,3.5993276537002554,2.0001424270009887,0
198.816,3.605183645528,1.9980449801868911,3.5924804349357373,1.966648228569717,3.608108738610942,1.9867699571843933,0
198.848,3.624383599037365,1.9980869917267174,3.6265027446823708,2.0081388144924808,3.626986313460188,1.9953427077506345,0
198.88,3.6435835526409175,1.9981289990351783,3.6509711408950793,2.00080256272916,3.6481002168644734,1.9975518529743836,0
198.912,3.662783506373822,1.998170998042687,3.7014325932979113,1.9962868204028053,3.6809531398826847,1.997071036551605,0
198.94400000000002,3.6819834602629746,1.9982129852105974,3.731452727076714,1.9767962040443394,3.7126729472235556,1.9889862917376795,0
198.976,3.7011834143252913,1.9982549577604967,3.749571508610462,1.9981794133566577,3.7389523442627244,1.992688718908901,0
199.008,3.720383368566644,1.9982969138551916,3.7538068778292235,1.969042729803132,3.7564141301962293,1.9832554915002274,0
199.04,3.7395833229815008,1.998338852719679,3.7002202227616694,1.9813933688808356,3.7454565397517037,1.982535800437339,0
199.072,3.7587832775532926,1.998380774694214,3.708383706490721,2.0000752295276216,3.742147378997442,1.9895767205160397,0
199.104,3.777983232255473,1.998422681215918,3.7604998438836645,1.9896985968183798,3.7610083375199794,1.9896506112656773,0
199.136,3.797183187053203,1.9984645747299432,3.8139343605030844,1.9492306827430324,3.7936987192951026,1.9735077737383557,0
199.168,3.81638314190555,1.998506458535699,3.7798656356781106,2.006852357173563,3.7996854584390247,1.9868707369344545,0
199.20000000000002,3.8355830967680595,1.9985483365778234,3.867831666100281,1.9984004520517673,3.8384639140974977,1.991507751305716,0
199.232,3.854783051595549,1.9985902131951192,3.8582120726472486,2.0165994437385915,3.857883150108795,2.0015695577787502,0
199.264,3.873983006344942,1.9986320928433925,3.91178892133695,2.054213816763522,3.8909654311831883,2.0226523946611854,0
199.296,3.8931829609779776,1.998673979809823,3.930702319516066,2.027698353307601,3.918380159086009,2.0246959175818144,0
199.328,3.9123829154636205,1.998715877937082,3.8997807227333787,2.0087169054585203,3.922460357096796,2.0183294603706927,0
199.36,3.9312155362624646,1.9987569217024599,3.956384899531026,1.978426584211998,3.947312422193704,2.002392919180034,0
199.392,3.949461338181557,1.9987966656395113,3.9565708369478534,2.012836364550627,3.961936449981047,2.006594080999728,0
199.424,3.967118121475499,1.9988351113612939,3.940565777087806,2.037984135059787,3.9639585233863235,2.019173089228401,0
199.45600000000002,3.984201798948147,1.9988722664100762,4.041171283368605,1.9741576874355196,4.005074959758286,2.0011891511697737,0
199.488,4.0007314409057235,1.9989081725820383,4.023364101859978,2.0152689909199437,4.022293942409207,2.006842578383897,0
199.52,4.016726113360988,1.998942883463617,4.043852929625643,2.0175130604879654,4.040503494004355,2.011131561983984,0
199.552,4.032204179567651,1.998976452677805,4.069317207471234,1.9572790040978711,4.061307838400099,1.9896106577136443,0
199.584,4.047183198578107,1.9990089301865979,3.993611102169688,1.9580606702030354,4.04321082404728,1.9770101363124852,0
199.616,4.06167996075397,1.9990403616349177,4.087322220655878,2.022093076166463,4.069549465658687,1.9950621652214289,0
199.648,4.075710547144407,1.999070788635046,4.065492644676097,1.9453835222228224,4.076342482387467,1.975208963239008,0
199.68,4.0892903864129755,1.9991002492861696,4.0793148734092455,2.00516515417965,4.085677796642549,1.9872091184085898,0
199.71200000000002,4.10243430440164,1.9991287787061738,4.121129612078417,1.990496462903067,4.107744147729538,1.9885411785380995,0
199.744,4.115156566454802,1.9991564095069485,4.103729953093644,2.0250035495214065,4.113771731540739,2.0031427115755673,0
199.776,4.127470913609433,1.9991831721953062,4.14450630663536,2.003790182942953,4.133454555789965,2.0034177648190177,0
199.808,4.139390593779674,1.9992090955001638,4.097781501431792,1.9866669356151223,4.1263378927695635,1.9967329947226589,0
199.84,4.150928388891912,1.999234206633949,4.1745815622867,1.973910655003091,4.152559061417015,1.9876191333501025,0
199.872,4.1620966387424305,1.9992585314987656,4.1786123763758365,1.9934004953005795,4.1696825625525165,1.989946280911346,0
199.904,4.172907262192633,1.9992820948480718,4.178917478604149,1.9897071012319782,4.17986427370637,1.9898647547896253,0
199.936,4.183371776189872,1.9993049204136546,4.172956758502244,1.9715423309099405,4.18338144836707,1.9825494880874086,0
199.96800000000002,4.193501313001018,1.9993270310061741,4.146984740948444,1.9253507694651024,4.174902027453802,1.9596832741954024,0
200.0,4.203306635966188,1.9993484485959163,4.186022868608078,2.038974931595033,4.185235138844784,1.9914127945453022,0
200.032,4.212798154017026,1.999369194378855,4.184182288735633,1.9626477454190585,4.1905105115126675,1.9799192287969394,0
200.064,4.221985935154347,1.9993892888318108,4.204421871954228,2.034038553956974,4.20158933123883,2.001579021537005,0
200.096,4.230879719040678,1.9994087517594328,4.254098870458903,2.009907543082776,4.227931017064499,2.004922113475766,0
200.12800000000001,4.239488928832357,1.9994276023349102,4.229816770169035,2.010482557527783,4.233852427780618,2.0071576065631014,0
200.16,4.247822682351366,1.9994458591357347,4.265298422744073,2.0213898945058792,4.251432638400893,2.0128614805055456,0
200.192,4.255889802677797,1.999463540175404,4.2312047957782735,1.989132500537431,4.248183305909018,2.0033805014038117,0
200.22400000000002,4.263698828228569,1.9994806629316848,4.255809186193149,1.925960371989007,4.255920573860612,1.9724227271492356,0
200.256,4.271258022375915,1.999497244371868,4.303656536528913,2.024212437923112,4.279551941467454,1.9931485637998128,0
200.288,4.278575382649595,1.9995133009753392,4.225438387987782,1.9856180005936992,4.2622983660806755,1.9901459756025015,0
200.32,4.28565864955917,1.9995288487537288,4.258949117295414,1.944674524613716,4.265210019248566,1.9719667266722563,0
200.352,4.292515315066637,1.9995439032688693,4.277156464064371,1.9847321798558408,4.274103951127256,1.9770819431585323,0
200.38400000000001,4.299152630734902,1.9995584796487749,4.308188800611863,1.992405854745264,4.291721596891555,1.9832202558612266,0
200.416,4.305577615573728,1.9995725926018533,4.250668124773894,1.9687444431058947,4.279156477550657,1.977438400537775,0
200.448,4.311797063601709,1.9995862564295535,4.316222219114136,1.9451912265927542,4.2977156839704795,1.9645477310595556,0
200.48000000000002,4.31781755114034,1.9995994850376537,4.291104572123821,1.9743678951317805,4.298684735621832,1.96848373548095,0
200.512,4.323645443854287,1.9996122919463855,4.371092429514308,1.9906527621313153,4.3311457162062945,1.977359031764789,0
200.544,4.329286903550284,1.999624690299582,4.294282668986882,1.9732142165001587,4.319786504804501,1.9757085460243653,0
200.576,4.334747894745837,1.999636692873033,4.384243243401892,1.998665585262316,4.348846891702217,1.984898564514154,0
200.608,4.340034191017757,1.999648312082204,4.374389568031297,2.017923179532999,4.362236802660891,1.9981153832143526,0
200.64000000000001,4.345151381139729,1.9996595599894764,4.35465454934627,1.9859389337965327,4.362275244873134,1.993251553292553,0
200.672,4.350104875017298,1.9996704483110344,4.345795681254836,2.034913893243994,4.358656512913219,2.0099230233156495,0
200.704,4.355046869485006,1.9996813381623932,4.366290251310989,1.9810788013273477,4.364683101752911,1.9983918716655418,0
200.736,4.355355882026819,2.008638301048149,4.394072376329528,2.0235404315974157,4.376426146737255,2.008451267425203,0
200.768,4.355311232902787,2.018252156755445,4.324627415089029,2.015210327254404,4.355693822766913,2.0111548627751303,0
200.8,4.355206560853362,2.0279534258024308,4.378595582496618,1.9915311629548296,4.364841696318778,2.0033053543745587,0
200.832,4.355100305086589,2.037649643598218,4.32679411071285,2.0524684376183213,4.349609879834139,2.022970559400361,0
200.864,4.355003960680392,2.047328210417118,4.361764821537467,2.044925267084145,4.354459116637149,2.031752414353941,0
200.89600000000002,4.3549181757794715,2.05699040239243,4.424482637160063,2.005889368491578,4.382455811221742,2.0214071679736216,0
200.928,4.3548413798698915,2.0666393049457397,4.3155371499615445,2.0634299841440016,4.355675645149488,2.038216266437136,0
200.96,4.354771820482828,2.076277724354041,4.330063434363692,2.112229392194219,4.345418061149169,2.0678214887292015,0
200.992,4.354707990923991,2.0859079291324947,4.395775508755952,2.1006798582978603,4.365548335843465,2.0809648085171313,0
201.024,4.354648675028088,2.0955317058238325,4.385235631142901,2.08679600634217,4.373410541235162,2.0832972595670247,0
201.056,4.354592909631076,2.1051504517838415,4.336488996641075,2.0675263607821646,4.35862920065914,2.0769888719284086,0
201.088,4.354539936777934,2.114765257581149,4.386775458992851,2.129816676273974,4.369874971095463,2.098119965498945,0
201.12,4.354489161454807,2.124376973667471,4.362720401387166,2.1087590980058284,4.367000401013996,2.102375590296167,0
201.15200000000002,4.354440117095332,2.1339862631295583,4.324376446333225,2.140611186028983,4.349938069138714,2.1176698003533163,0
201.184,4.354392438089594,2.14359364312233,4.337001642093611,2.1426858525581984,4.344750742368271,2.127676192977387,0
201.216,4.354345838046954,2.1531995172873475,4.392763136775397,2.1961248673279767,4.363942940236987,2.1550556344467324,0
201.248,4.354300092663326,2.1628042010454545,4.36628567385256,2.1495487336262467,4.364867271858547,2.1528528458433294,0
201.28,4.354255026241468,2.1724079412816684,4.3397152684875895,2.1697119000672465,4.354793708667088,2.1595964392614757,0
201.312,4.354210501099792,2.1820109316332457,4.347566250332406,2.157387101481599,4.351889965218303,2.158712675889178,0
201.344,4.354166409261144,2.191613324342143,4.331301564864975,2.154186597231456,4.343641848232359,2.1569022161831497,0
201.376,4.35412266593877,2.2012152394316256,4.405901754769292,2.216095889859719,4.368533058592171,2.1805796574335803,0
201.40800000000002,4.354079204437111,2.210816771805054,4.360097502729243,2.2348849598216325,4.365146089674726,2.202301750195688,0
201.44,4.3540359721649775,2.22041799673568,4.385818448662779,2.247394654387513,4.373402293253738,2.220338883709782,0
201.472,4.353992927522146,2.2300189741135124,4.351930287038714,2.224874661020836,4.364800757974578,2.222153166504558,0
201.504,4.353950037470824,2.239619751733979,4.333034958117897,2.21431930358715,4.352081712939551,2.2190195932426544,0
201.536,4.353907275643431,2.2492203678490106,4.332283046714841,2.1740011497435123,4.3441495293655565,2.2010121877837645,0
201.568,4.353864620869798,2.2588208531509104,4.356258074629884,2.288793666128336,4.348980238551926,2.2361247510984437,0
201.6,4.353822056031962,2.268421232320128,4.35269717160911,2.2856061884833045,4.350454311044514,2.255917298065153,0
201.632,4.353779567174532,2.278021525237577,4.376534723029274,2.273594801668976,4.3608737832069,2.2629882715547245,0
201.66400000000002,4.353737142814218,2.287621747938541,4.329192993252133,2.294327671966957,4.348188782503314,2.2755240038018965,0
201.696,4.3536947734044436,2.2972219133670513,4.3295794813379755,2.308464176163741,4.340732384952131,2.2887000448617694,0
201.728,4.353652450920593,2.3068220319756843,4.415415595203241,2.2871063175777664,4.370592999259355,2.2880625260944902,0
201.76,4.353610168539061,2.3164221122050757,4.383609059350554,2.3426480128662535,4.375786760389177,2.309896692978795,0
201.792,4.353567920389221,2.326022160869344,4.302124096271962,2.33692563218084,4.346309038266238,2.320708240862378,0
201.824,4.353525701362027,2.335622183467448,4.339441205157445,2.352217275000537,4.343549254479199,2.333311826745296,0
201.856,4.353483506962653,2.345222184435847,4.33279548609924,2.3437003051185483,4.339235101983655,2.3374671903447313,0
201.888,4.3534413331973125,2.354822167354294,4.374678691273649,2.335839173902545,4.353399897395831,2.3368159560379564,0
201.92000000000002,4.353399176486673,2.3644221351139225,4.364012532624411,2.3611634677551496,4.357632315441565,2.346554933012306,0
201.952,4.353357033599904,2.374022090054774,4.351727340187928,2.399758861695463,4.355257692955361,2.3678364767877675,0
201.984,4.3533149016047625,2.383622034078367,4.404377774435016,2.350609195585611,4.3748930962162245,2.3609455366211534,0
202.016,4.353272777830103,2.3932219687397613,4.332164610749108,2.3633886109505355,4.35778907514026,2.3619227386765207,0
202.048,4.353230659838005,2.40282189532266,4.356050550213357,2.4079087899762164,4.357081040110948,2.380317131526711,0
202.08,4.353188545403292,2.412421814900425,4.324879885480464,2.383717981655726,4.34418795442518,2.381677443912695,0
202.112,4.353146432498718,2.4220217283853405,4.353329110486813,2.4104839281674106,4.347831793646481,2.393200009950453,0
202.144,4.353104319284417,2.4316216365680408,4.358971951402091,2.437030927439442,4.352275233596763,2.4107323492809227,0
202.17600000000002,4.353062204100506,2.441221540148703,4.39194023955471,2.4579522765139674,4.368128612321466,2.4296202925056285,0
202.208,4.353020085461983,2.450821439761333,4.3432951797233095,2.433882330400466,4.358182614585168,2.4313250799894,0
202.24,4.352977962055165,2.460421335992268,4.291289618274335,2.436274899383919,4.331412789823831,2.4333049800652704,0
202.272,4.3529358327351,2.4700212293938484,4.318876310998487,2.43143650310645,4.3263855700505385,2.432557561590073,0
202.304,4.352893696523474,2.4796211204940692,4.3522337733703695,2.485459141098908,4.33671222070254,2.4537181656904288,0
202.336,4.352851552606626,2.489221009802908,4.383492135069005,2.534390729338301,4.3554115529573645,2.48598716343331,0
202.368,4.352809400333335,2.4988208978159285,4.2956828585052165,2.5505777757955213,4.3315074385330465,2.511823380647472,0
202.4,4.352767239212152,2.508420785015682,4.451787998589372,2.5447040650523225,4.379607022474907,2.5249756266630934,0
202.43200000000002,4.352725068908046,2.51802067187135,4.339658529489975,2.502984100161661,4.363614981530553,2.5161789882997017,0
202.464,4.352682889238203,2.5276205588370333,4.32618104461706,2.513256688835345,4.348628759167635,2.51501004073398,0
202.496,4.352640700166899,2.5372204463490178,4.423259677093634,2.485748095279017,4.378468474772489,2.5033052347544444,0
202.528,4.352598501799321,2.546820334822327,4.354967906836554,2.5192393413770975,4.369055592000985,2.5096788495882256,0
202.56,4.352556294374312,2.556420224646823,4.319227196450333,2.5498892752149054,4.349111574145873,2.5257629920059803,0
202.592,4.352514078256024,2.5660201161830813,4.333915817289847,2.597655555275072,4.343020607781551,2.5545199894634014,0
202.624,4.352471853924514,2.575620009758246,4.317689683588412,2.5730091060201876,4.332875570601448,2.5619156082191807,0
202.656,4.352429621965282,2.585219905662039,4.296340001139257,2.590549544474241,4.318248671592293,2.5733691548383586,0
202.68800000000002,4.352387383057884,2.5948198041430683,4.381623818078501,2.576749918160471,4.343586055451187,2.5747214322694703,0
202.72,4.3523451379636535,2.6044197054055696,4.378787161695514,2.543961821675979,4.357653819959287,2.5624175601206765,0
202.752,4.352302887512691,2.6140196096066814,4.3501773732892035,2.6084379950918,4.35465056034791,2.5808257061854687,0
202.784,4.352260632590228,2.623619516854345,4.35017204036779,2.5881549841578995,4.3528464687974875,2.583757389440086,0
202.816,4.352218374122547,2.6332194272058875,4.376639240810509,2.6348444542736225,4.362350891801114,2.6041921874301437,0
202.848,4.352176115932418,2.6428193406636487,4.386058941427283,2.706862914855965,4.3718214258500065,2.6452604504537844,0
202.88,4.340637236261561,2.649728387967097,4.353314603297136,2.6487896592600744,4.352898766063727,2.646652398861426,0
202.912,4.321990024438673,2.6501890012626244,4.295463790747854,2.6833839357101668,4.318404802495728,2.66133057994743,0
202.94400000000002,4.302673910464545,2.6501302632171826,4.273553371037069,2.6510774251285554,4.288944243746806,2.657218479187855,0
202.976,4.283261789131192,2.6500175177737395,4.298662210451074,2.683000987187987,4.281311438118546,2.667523522219299,0
203.008,4.263864614801418,2.6499177152660724,4.232132380971431,2.7160850035043405,4.250119819378165,2.686942467580521,0
203.04,4.2445016856971804,2.6498379093985385,4.182712521450228,2.5999649771344275,4.211636902298826,2.652147589105664,0
203.072,4.225171367921711,2.6497752118382554,4.1974755366819405,2.624254065361681,4.194452357077685,2.6409875615422775,0
203.104,4.205868159200033,2.649725828646673,4.222187388999907,2.6451544940258325,4.194026370350892,2.6426525673028163,0
203.136,4.1865866691162505,2.649686604665266,4.164051871403029,2.6234212574838947,4.170516571033616,2.6349588200787277,0
203.168,4.167322386793864,2.6496551599384635,4.212476392097405,2.645565223388933,4.175780499609367,2.639200500845011,0
203.20000000000002,4.14807169227521,2.649629768554067,4.171873092396831,2.6260203383624514,4.162697536820369,2.633927788094221,0
203.232,4.128831716746852,2.6496092050550666,4.154333436825874,2.663305982209966,4.1478318968880625,2.6456786105548264,0
203.264,4.109600195231276,2.649592605435922,4.0837915298250955,2.658180599770526,4.110695750107156,2.6506791496525173,0
203.296,4.090375341344104,2.649579353012002,4.088028770198159,2.677176773882449,4.090108958171486,2.661278171892765,0
203.328,4.07115574643272,2.6495689903639614,4.039266393074118,2.6551464041219965,4.058251932150204,2.6588257036835614,0
203.36,4.051940299633922,2.6495611554330556,4.071098116602979,2.653093024808118,4.05187040594882,2.6565331683066455,0
203.392,4.032728124803535,2.6495555384262457,4.031255996225028,2.6378788373016318,4.032104642090798,2.6490722859687796,0
203.424,4.013518530814461,2.649551855564347,4.017425258710616,2.6518060239505843,4.0147128888001085,2.650166943821258,0
203.45600000000002,3.9943109723976145,2.6495498355980636,4.054311902936002,2.6785583203093415,4.019032494559902,2.661524950382116,0
203.488,3.9751050192908144,2.6495492152746833,3.959948447374369,2.645668837779941,3.9838788758442814,2.6551842197454736,0
203.52,3.955900331934724,2.649549740438407,3.94913866818485,2.640306775874669,3.9584627929942395,2.6492351685117277,0
203.552,3.9366966423273744,2.6495511700801146,3.9014095882801287,2.6417933381850176,3.9241215113720145,2.646260520961703,0
203.584,3.9174937389411832,2.6495532813254354,3.9026759329430964,2.6681179022007346,3.9040232803019697,2.655005660032364,0
203.616,3.8982914548369862,2.6495558739918756,3.8510853038016934,2.6249633537472787,3.871328090026093,2.642990971141309,0
203.648,3.8790896582924805,2.6495587739074895,3.8997194016416374,2.664697187106555,3.8711646150027113,2.651675687710121,0
203.68,3.859888245407788,2.649561834637307,3.846900031065327,2.6689199855932033,3.8499387817489836,2.658575589773541,0
203.71200000000002,3.840687134266163,2.6495649375998696,3.8545635881758677,2.6317554133494503,3.840268704619325,2.6478496189422627,0
203.744,3.8214862603190243,2.649567990779212,3.8370682985773006,2.6931809977693204,3.827468542471738,2.665984159534749,0
203.776,3.8022855727361464,2.6495709263615272,3.8114508126557873,2.624605413991517,3.809541450779345,2.64943452039575,0
203.808,3.7830850315179085,2.6495736976700317,3.773147258099409,2.568436057706073,3.7834637739046846,2.617036852631118,0
203.84,3.7638846052101704,2.649576275757586,3.7654206114039486,2.6760253776556504,3.7647265090662896,2.640633832945391,0
203.872,3.7446842690963478,2.6495786459649455,3.716086823902471,2.562510118172111,3.7337506351303604,2.6093857705099675,0
203.904,3.725484003767714,2.64958080468099,3.7195856087903723,2.6472357471791774,3.7165646246958386,2.624527042260911,0
203.936,3.7062837939936313,2.6495827564641847,3.7068727407143003,2.674784686843813,3.701167871181159,2.644631246405228,0
203.96800000000002,3.687083627829609,2.6495845116121477,3.6912450047665772,2.6318284284222475,3.6856787246742435,2.63951114058852,0
204.0,3.66788349591384,2.649586084205029,3.6443218426897976,2.6385874132032567,3.6576159719245043,2.63914255732808,0
204.032,3.6486833909129683,2.6495874906017565,3.640268671300329,2.659832260742353,3.6391570517075866,2.6474192447282743,0
204.064,3.6294833070858514,2.6495887483367113,3.634481032243569,2.623994105819132,3.6257666439464282,2.6380499058445404,0
204.096,3.6102832399404665,2.64958987534696,3.6458794716813507,2.6473511926495226,3.6222917750589287,2.6417710601179802,0
204.12800000000001,3.5910831859642296,2.6495908894545,3.5464320867453583,2.602520361235455,3.5804278997479573,2.626071354881616,0
204.16,3.5718831424120663,2.6495918080312526,3.5389293374424167,2.6860914019412103,3.5523084748375013,2.6500798941738246,0
204.192,3.552683107139853,2.649592647783859,3.5247716892738796,2.68385612296038,3.529773760622111,2.6635908630681175,0
204.22400000000002,3.5334830784734645,2.6495934246080455,3.5151104305948473,2.615161413596638,3.5123884286202567,2.644219527618267,0
204.256,3.514283055105747,2.6495941534761824,3.5046864987420583,2.6584333693210342,3.497787656677489,2.6499054848684302,0
204.288,3.4950830360154086,2.6495948483350023,3.5100507732828734,2.5836480480998345,3.4911729033279206,2.623402915400935,0
204.32,3.475883020403134,2.6495955220020506,3.4681667797716424,2.613140271103178,3.4704504539136503,2.6192982551542183,0
204.352,3.4566830076412653,2.649596186058717,3.5214826184646006,2.631052100067912,3.479343319742362,2.624000189463671,0
204.38400000000001,3.4374829972342207,2.6495968507443015,3.4678485552383482,2.651051584927034,3.4632254139492713,2.6348211485448276,0
204.416,3.4182829887874413,2.649597524859613,3.400574576708369,2.6518850079367606,3.426645079061684,2.6416471024447183,0
204.448,3.399082981983154,2.649598215690317,3.4258462430343535,2.6490277721536555,3.4148055446598566,2.644599793418506,0
204.48000000000002,3.3798829765616087,2.649598928960028,3.3895809742858116,2.6161216794782365,3.3931957165197453,2.6332089865920163,0
204.512,3.3606829723067357,2.6495996688215095,3.321154892064505,2.660618556091299,3.352859386747626,2.6441732705561165,0
204.544,3.3414829690353662,2.649600437891648,3.3435822455154964,2.634657446246364,3.337628530265283,2.6403674152644516,0
204.576,3.3222829665893374,2.6496012373326923,3.2972043350314943,2.632032975125849,3.3099388521828548,2.6370341319388135,0
204.608,3.3030829648298994,2.649602066978836,3.320266118935174,2.627046926721581,3.3025497588954744,2.6330397601871804,0
204.64000000000001,3.2838829636339435,2.6496029255039817,3.266897760904937,2.6575914098589704,3.276768959711556,2.642860946703523,0
204.672,3.264682962891632,2.649603810623676,3.265300442770401,2.6800106364811573,3.260661552947968,2.657721363815915,0
204.704,3.2454829625050614,2.6496047193219106,3.2532239834394354,2.64476466009122,3.2461665251579546,2.6525392360010187,0
204.73600000000002,3.226282962387651,2.649605648091892,3.1831519733675826,2.6699984049214143,3.2094407044556577,2.6595234674626638,0
204.768,3.207082962463973,2.6496065931790365,3.138417733783113,2.60735982497603,3.169511516200857,2.638658582291546,0
204.8,3.187882962669801,2.649607550814362,3.227584422103672,2.6609160729529426,3.181220678576473,2.6475621561184717,0
204.832,3.1686829629521807,2.6496085174271022,3.1827591135137294,2.659743299181027,3.170316052566047,2.652435194664081,0
204.864,3.1494829632693864,2.649609489826675,3.1497908544573483,2.6821282058342977,3.150585973337342,2.664312982532145,0
204.89600000000002,3.1302829635906435,2.6496104653460324,3.1170747956369027,2.6028577773101262,3.1256615022719787,2.639731484610914,0
204.928,3.111082963895564,2.6496114419407224,3.094288557411908,2.6048153583227784,3.1015923243427554,2.6257656181231956,0
204.96,3.0918829641732666,2.649612418240618,3.057850436115888,2.6541083650575117,3.072575569066781,2.6371033002893194,0
204.992,3.072682964421185,2.649613393554017,3.0614578044821954,2.6272307830734243,3.056608463247682,2.633154876058368,0
205.024,3.0534829646436097,2.6496143678265347,3.0668831666643226,2.6757647059127363,3.0491983446290494,2.650199390165581,0
205.056,3.03428296485002,2.6496153415597616,3.0548556388808645,2.666259969519836,3.039941262344489,2.656624204113383,0
205.088,3.0150829650532938,2.649616315696853,2.9753363184272312,2.6729997861666197,3.0025792847923385,2.663175019914256,0
205.12,2.9958829652678816,2.6496172914839677,2.962789229469928,2.582022730387817,2.9751432626782086,2.6307146887006856,0
205.15200000000002,2.976682965508048,2.6496182703176667,2.96057383085156,2.627841652124829,2.9577954899625087,2.6295660611451663,0
205.184,2.9574829657862733,2.6496192535889334,2.970363622728651,2.6941522450038673,2.9513027430840917,2.655401125026412,0
205.216,2.9382829661119008,2.6496202425343953,2.9741868311560884,2.6286505464846055,2.9489363783282165,2.644701487837602,0
205.248,2.9190829664901057,2.6496212381045874,2.9496667046514857,2.6358532766592053,2.937708508873074,2.641162801885372,0
205.28,2.8998829669212367,2.6496222408577745,2.905036893378393,2.647174598068758,2.9131198626909844,2.6435681232945543,0
205.312,2.8806829674005607,2.649623250886013,2.9492314085730547,2.6521374638916,2.9160444810598234,2.6469964667081456,0
205.344,2.8614829679184166,2.6496242677779094,2.851422127996213,2.6364718351995173,2.8786755398505948,2.6427872250331177,0
205.376,2.8422829684607542,2.649625290620061,2.8341276796317088,2.6895508490265,2.849336395779421,2.661493288538747,0
205.40800000000002,2.8230829690100165,2.649626318036588,2.8247883556124735,2.6818178632828564,2.8279971797291337,2.669623734303054,0
205.44,2.8038829695462955,2.6496273482636745,2.759116968641071,2.659929565766474,2.788925095310445,2.665746683503998,0
205.472,2.784682970048677,2.649628379253731,2.7714745072543088,2.606369186673862,2.7704248601044985,2.6419963008132417,0
205.504,2.7654829704966795,2.6496294088019066,2.7159362052356277,2.64578246510152,2.737109398173354,2.6435113806424506,0
205.536,2.746282970871685,2.649630434686211,2.7797740409133316,2.622854077493883,2.742655255285573,2.6352490702740132,0
205.568,2.7270829711582625,2.649631454811674,2.782636139702469,2.6773263202517237,2.747127609068321,2.6520805767806204,0
205.6,2.707882971345292,2.649632467348713,2.705909573316714,2.6914759365747893,2.7191203947833817,2.6678393219060608,0
205.632,2.6886829714268154,2.649633470856309,2.71798056367096,2.654862731901127,2.7071444623538,2.6626492811561526,0
205.66400000000002,2.6694829714025543,2.649634464381586,2.705247894874206,2.602825983828313,2.6948658353770214,2.6387205512041327,0
205.696,2.6502829712780573,2.6496354475289663,2.663335109172523,2.695895039084371,2.6707335449099614,2.6615909291013864,0
205.728,2.6310829710644716,2.64963642049408,2.5957673146253772,2.6650157566190575,2.6292270528105743,2.6629614370176773,0
205.76,2.611882970777947,2.6496373840599174,2.6440642371490197,2.640630578543508,2.6236419265601487,2.6540296654380784,0
205.792,2.592682970438713,2.649638339555207,2.591868622219197,2.6319759365715365,2.599412604837769,2.6452087416357486,0
205.824,2.573482970069886,2.649639288777476,2.61091909551542,2.6452134122416218,2.5924952011226985,2.645211174825093,0
205.856,2.554282969696083,2.6496402338855733,2.577779302756102,2.6514513577049232,2.575088841789867,2.647707811553443,0
205.888,2.535082969341926,2.649641177268448,2.564119577622766,2.6310688689603468,2.5591811361368433,2.641052798219561,0
205.92000000000002,2.515882969030535,2.649642121398534,2.4744488117198213,2.6343078770919837,2.5137682063839293,2.6383553950747656,0
205.952,2.496682968782109,2.6496430686791244,2.5152229052597077,2.601363050066649,2.5028300859482786,2.623559025343611,0
205.984,2.477482968612678,2.6496440212955283,2.492631378057868,2.5996635911163954,2.4872306028063513,2.6140014240561493,0
206.016,2.458282968533112,2.6496449810795784,2.4719961428259336,2.6124354354599015,2.469616818828666,2.6133756060481517,0
206.048,2.439082968548456,2.6496459493962154,2.4241032505312403,2.663317339172812,2.439891391524454,2.6333528823263324,0
206.08,2.4198829686576278,2.649646927059478,2.4475809455298507,2.6077757001540602,2.431447213141663,2.6231225982945614,0
206.112,2.400682968853505,2.649647914283322,2.4028458735292064,2.6417127461978254,2.4084866773120193,2.6305592519411682,0
206.144,2.3814829691234,2.649648910670488,2.351000104143624,2.63369117102596,2.373972048060268,2.6318126191878912,0
206.17600000000002,2.362282969449885,2.6496499152401722,2.3279104564135236,2.6430933651531205,2.3440274114174047,2.63632552146818,0
206.208,2.343082969811928,2.6496509264927686,2.3709969077604955,2.636314331653906,2.3432952099706474,2.636321652601709,0
206.24,2.3238829701862542,2.649651942507576,2.328289604011605,2.680695039709822,2.3257729676031396,2.6540716163550298,0
206.272,2.3046829705488507,2.6496529610672295,2.3294415980364596,2.6154302506913467,2.3157204197926022,2.638615679423329,0
206.304,2.2854829708765165,2.6496539798009002,2.3269256920768444,2.605661937863192,2.3086825287223807,2.625434791108672,0
206.336,2.2662829711483576,2.649654996337094,2.3205361797399435,2.6370723423373508,2.3019039891453588,2.6300904175093676,0
206.368,2.247082971347126,2.649656008456256,2.2508980248676256,2.649071623379288,2.269981603450025,2.6376835021512854,0
206.4,2.227882971460324,2.6496570142333895,2.2840156369166373,2.614324430562409,2.264075216852185,2.6283404712179768,0
206.43200000000002,2.2086829714809966,2.6496580121615407,2.207822108184293,2.647995626005566,2.2300539734002665,2.6362031255682936,0
206.464,2.1894829714081676,2.6496590012482213,2.242666247137507,2.696140634593387,2.223578882910111,2.6601787160156256,0
206.496,2.17028297124689,2.6496599810785844,2.1856020805258916,2.657646367526204,2.1968681619710884,2.659166357893189,0
206.528,2.1510829710079062,2.6496609518413026,2.1792388219255114,2.662366941613888,2.1782964259672646,2.660447167487173,0
206.56,2.131882970706951,2.6496619143155056,2.144173559332463,2.653593751779087,2.1531272793275336,2.6577063728745705,0
206.592,2.11268297036373,2.6496628698196405,2.0759471079585503,2.6680397796859614,2.1107352107939663,2.6618403038556897,0
206.624,2.0934829700006494,2.6496638201255722,2.093858768056018,2.6318979702411385,2.0924646337127113,2.6498639364954704,0
206.656,2.074282969641369,2.649664767343481,2.0460987539643574,2.7128140387372257,2.0623982818272593,2.6750445426913814,0
206.68800000000002,2.055082969309281,2.649665713785001,2.0501548850015463,2.61858340937751,2.045980923110897,2.6524606553149583,0
206.72,2.035882969026,2.6496666618134284,2.0152316596268465,2.611200489857748,2.0221612177312993,2.6359571571261444,0
206.752,2.01668296880997,2.6496676136906814,2.0598078539404345,2.6411298226204094,2.0256998722291364,2.6380267946263043,0
206.784,1.9974829686752722,2.6496685714308725,1.9836107490304558,2.682450622151288,1.9973442229640588,2.6557969012972014,0
206.816,1.978282968630712,2.6496695366699403,1.9850985993704715,2.627344383785788,1.9809259735412705,2.644416475080708,0
206.848,1.9590829686792453,2.6496705105597407,1.9324011104778838,2.599691475846009,1.9499960283308402,2.62652706173965,0
206.88,1.9398829688177837,2.649671493693417,1.983534588229866,2.6675535564065327,1.9518914523056614,2.6429382516020126,0
206.912,1.9206829690373894,2.649672486066855,1.8931679327594255,2.6411613500226268,1.916882044502655,2.6422280883219638,0
206.94400000000002,1.9014829693238504,2.649673487078698,1.8642045315841569,2.622049976189221,1.8842910393509933,2.63415744554361,0
206.976,1.8822829696585985,2.6496744955689175,1.8312873399677532,2.6178408961037785,1.851569559613638,2.6276314316267566,0
207.008,1.863082970019912,2.649675509893446,1.842724903308688,2.6590435078013073,1.836511697107741,2.6401968705560996,0
207.04,1.8438829703843225,2.649676528030065,1.8540752675151098,2.6934427060823976,1.8320171252868422,2.661495814473796,0
207.072,1.824682970728135,2.649677547708717,1.8351274542508462,2.589134095384628,1.8217412568885902,2.632551736358478,0
207.104,1.8054829710289622,2.649678566557844,1.8003282348151572,2.6718306549216444,1.8016560480752781,2.64826391169359,0
207.136,1.7862829712671726,2.6496795822573147,1.813987495397799,2.6302388564843535,1.7950686270201903,2.6410544945881917,0
207.168,1.7670829714271579,2.6496805926880826,1.7652356259160875,2.6223319926161315,1.7716154265942357,2.6335660947129265,0
207.20000000000002,1.7478829714983384,2.6496815960689104,1.7779048057069915,2.721825194234333,1.7626111782547622,2.6688703304981143,0
207.232,1.7286829714758427,2.6496825910713437,1.7652957218862435,2.652012610666447,1.7521649957224914,2.662127833050245,0
207.264,1.7094829713608182,2.649683576905506,1.676460221410161,2.6339851261293363,1.7103630860124026,2.6508713350731252,0
207.296,1.6902829711603546,2.6496845533711717,1.7503695567734832,2.6452048030646944,1.7148456743313987,2.6486053015319735,0
207.328,1.6710829708870263,2.6496855208708125,1.6780560480644415,2.6335712043983635,1.6886098238389313,2.642592236931983,0
207.36,1.6518829705580826,2.6496864803837705,1.6698380687253487,2.6861711002548696,1.6695811218076113,2.660024352348331,0
207.392,1.6326829701943408,2.6496874334032157,1.629653905646033,2.686970781565499,1.6420902353569478,2.670803491066625,0
207.424,1.6134829698188493,2.649688381839957,1.624862204992556,2.66455871390095,1.623679023225078,2.668306145482946,0
207.45600000000002,1.5942829694554084,2.6496893278993063,1.5976817779190384,2.633899328813207,1.6017601251165359,2.654543983767943,0
207.488,1.5750829691270427,2.649690273938947,1.5444249043433769,2.662465703355285,1.5673060368212013,2.6577132376659525,0
207.52,1.5558829688545208,2.6496912223169664,1.555735239373727,2.618461335241338,1.5511577178562606,2.6420130452371655,0
207.552,1.5366829686550172,2.649692175239861,1.516100227370181,2.654629206930355,1.525614721676056,2.6470600821410537,0
207.584,1.5174829685410043,2.6496931346203145,1.5408491549520857,2.6616480997563046,1.5201884950009221,2.6528958660688082,0
207.616,1.4982829685194445,2.6496941019539153,1.4609879637655376,2.654276623850072,1.484988282521485,2.653448751386925,0
207.648,1.4790829685913363,2.6496950782227557,1.5037427953386924,2.637634257404359,1.4809700876633682,2.6471235416486905,0
207.68,1.4598829687516446,2.6496960638321325,1.440289658708735,2.691283750995018,1.4531779160968015,2.664788218851757,0
207.71200000000002,1.4406829689896232,2.6496970585844175,1.496764864008143,2.6784645399279907,1.4590926952768957,2.670259345954973,0
207.744,1.4214829692895052,2.649698061691787,1.4245693833872373,2.6396362092956327,1.433763370536827,2.658010694434349,0
207.776,1.4022829696315222,2.649699071826989,1.4576872849678457,2.659457572410655,1.431812936325215,2.658590052211887,0
207.808,1.3830829699931815,2.649700087208879,1.4044786453750717,2.661324501243911,1.4093592199612597,2.6596844406066054,0
207.84,1.3638829703507225,2.64970110571722,1.369946447221,2.6294704873401717,1.382074110881304,2.6475994688858115,0
207.872,1.3446829706806531,2.6497021250293495,1.3671216971839735,2.650148507195673,1.364573145418488,2.6486196931560464,0
207.904,1.3254829709612683,2.6497031427699094,1.3368519732123645,2.6253871989731903,1.3419646765520459,2.6393273023870605,0
207.936,1.3062829711740511,2.649704156663994,1.3142379380296512,2.6248925576971285,1.3193539811589177,2.6335540081016235,0
207.96800000000002,1.287082971304865,2.649705164683842,1.29509202524635,2.6838468667227624,1.298129198809487,2.653671750768655,0
208.0,1.2678829713448618,2.6497061651796074,1.285356448484693,2.6386897819371917,1.2815000986948937,2.647679557305752,0
208.032,1.248682971291047,2.6497071569857793,1.319052383741983,2.6337806518360662,1.2850010127287623,2.642120583593254,0
208.064,1.2294829711464679,2.649708139496378,1.2327540063361173,2.6465042102631795,1.252582210186446,2.6438746170571457,0
208.096,1.210282970920013,2.6497091127040684,1.227520557229301,2.633136874949776,1.2310375490180587,2.639580097611291,0
208.12800000000001,1.1910829706258366,2.649710077200666,1.1911868568321595,2.635279066796232,1.2035772721579348,2.6378602579118553,0
208.16,1.1718829702824487,2.649711034138997,1.145617303922954,2.6471593633452537,1.1688732848779932,2.6415804688768114,0
208.192,1.1526829699115235,2.6497119851585667,1.1619087720059893,2.618282886086217,1.1545674797431171,2.6322620018995644,0
208.22400000000002,1.1334829695365078,2.64971293227984,1.09578372178847,2.6651186934895716,1.1195339765751244,2.645405243374965,0
208.256,1.1142829691811156,2.649713877773946,1.0839396887548955,2.6325782815894057,1.0937762614609083,2.640275023636939,0
208.288,1.0950829688678032,2.6497148240162187,1.0884608473189206,2.6255036271567507,1.0801300958180653,2.6343670315850054,0
208.32,1.0758829686163243,2.64971577333302,1.1045382629026346,2.653946401661079,1.0783733626659848,2.6421993490453852,0
208.352,1.0566829684424563,2.6497167278517244,1.0681312603883582,2.6163853371629964,1.062756521769221,2.6318743177512722,0
208.38400000000001,1.0374829683569808,2.64971768936354,1.0518204026851736,2.660901863508124,1.0468620741501289,2.643485914420594,0
208.416,1.0182829683649828,2.6497186592080024,1.0772169421079951,2.625292697796578,1.0474840213480734,2.6362092116072358,0
208.448,0.9990829684655181,2.6497196381865935,1.0284270469476782,2.637585392442347,1.0283412316029994,2.6367602734559625,0
208.48000000000002,0.9798829686516692,2.64972062651104,0.9976382146199796,2.6889242513919416,1.0045400248251593,2.657626459665595,0
208.512,0.960682968910988,2.6497216237896315,0.9255029691203276,2.639250803912912,0.9614052025588563,2.6502767974059607,0
208.544,0.9414829692262981,2.649722629052434,1.0162155820304966,2.6454914063389823,0.9718093543633646,2.648363245189099,0
208.576,0.9222829695768046,2.6497236408137734,0.8868515245414746,2.6750936116903614,0.9263062224506271,2.659055999060957,0
208.608,0.9030829699394382,2.6497246571679764,0.9280532326536788,2.6740941965370313,0.9154850265479642,2.6650718870790873,0
208.64000000000001,0.8838829702903486,2.6497256759121877,0.8919851002863896,2.6444005605856646,0.8945650560594718,2.656803965846811,0
208.672,0.8646829706064465,2.649726694688367,0.8231627476321457,2.6709719625629886,0.8544841327046213,2.66247177279441,0
208.704,0.8454829708668952,2.6497277111353092,0.8374590360557149,2.6424096202124376,0.8361540940610064,2.6544475175479554,0
208.73600000000002,0.8262829710544546,2.649728723040891,0.8218589809035255,2.657550874502168,0.8189160488137642,2.655689462429279,0
208.768,0.807082971156591,2.6497297284847283,0.7860138078487637,2.6477311034511644,0.7942351524432661,2.6525067162761595,0
208.8,0.7878829711662805,2.6497307259620464,0.7581974090893564,2.7002731176385484,0.7683000551169237,2.67161386892288,0
208.832,0.7686829710824571,2.6497317144807595,0.754822556411569,2.6445467563103033,0.7513890556497096,2.660787610311918,0
208.864,0.7494829709100763,2.649732693625502,0.7507326944197356,2.6124781216498714,0.7396065111723611,2.6414643956470454,0
208.89600000000002,0.7302829706597923,2.6497336635844664,0.6726787001074073,2.623879034940935,0.7013153867607591,2.6344308269267733,0
208.928,0.7110829703472702,2.6497346251373153,0.7064571524427015,2.6209200703550373,0.6918520930476952,2.6290270953560677,0
208.96,0.691882969992178,2.64973557960494,0.6863709533668327,2.644875979383659,0.6781396371893427,2.635367216544456,0
208.992,0.672682969616923,2.649736528764307,0.6023296345363135,2.6388941582091414,0.6362956361420191,2.6367785585545604,0
209.024,0.6534829692452123,2.6497374747338815,0.6469499475479724,2.6783502822681022,0.6290373607182512,2.653407812542131,0
209.056,0.6342829689005307,2.6497384198370275,0.64973481474212,2.6831728717265464,0.6257963423416808,2.665314401320854,0
209.088,0.6150829686046301,2.6497393664521867,0.624120836409003,2.70339528303966,0.6136061399825894,2.6805473211216784,0
209.12,0.5958829683761292,2.649740316859511,0.583671340883902,2.6389598092504674,0.5901122203572529,2.6639128867704116,0
209.15200000000002,0.5766829682293124,2.649741273093832,0.6308951065939238,2.6347449468611126,0.5949053748662705,2.6522462855511684,0
209.184,0.5574829681732052,2.649742236813449,0.5896945908526997,2.590981581928067,0.5813010612754432,2.6277409839762,0
209.216,0.5382829682109869,2.6497432091931943,0.513695467260164,2.664170647311988,0.5427388236842106,2.642313434765847,0
209.248,0.5190829683397804,2.6497441908486614,0.5606521419266578,2.6690012004054133,0.5383841509963558,2.65298913214894,0
209.28,0.49988296855083336,2.6497451817964865,0.4902801795302929,2.6435221236491704,0.5076225624253758,2.649202925272836,0
209.312,0.48068296883007977,2.649746181453231,0.4529053809997417,2.6007397010208,0.47421568987081864,2.629818236868421,0
209.344,0.4614829691590471,2.649747188672948,0.48092612740581836,2.659587341978625,0.46537986490072103,2.6417264840492143,0
209.376,0.4422829695160504,2.6497482018210086,0.44222570284584406,2.6562907569190024,0.4445982000948182,2.647552800993605,0
209.40800000000002,0.42308296987759475,2.649749218879435,0.4486696024656105,2.6979529515773337,0.43470676105925676,2.6677134703306122,0
209.44,0.40388297021989483,2.6497502375769626,0.4256473122772713,2.635519250000604,0.41956298156258,2.6548363911714663,0
209.472,0.38468297052041284,2.6497512555354454,0.3935263544081428,2.624313103389767,0.39762833071684,2.642627683470997,0
209.504,0.36548297075931374,2.6497522704231784,0.38751164563332563,2.5989808115046302,0.38206165669931436,2.625169539205941,0
209.536,0.34628297092074356,2.64975328010525,0.32182509632655465,2.6417127745799824,0.34644703256587484,2.6317874338419407,0
209.568,0.32708297099384886,2.64975428278123,0.3443153637795439,2.6100686443616343,0.3340743650667459,2.6231005136162056,0
209.6,0.3078829709734718,2.649755277101311,0.3326747922921293,2.625279553565285,0.32199453597201544,2.623972719673926,0
209.632,0.288682970860477,2.6497562622534065,0.2504230465371979,2.6876422526326205,0.28184594021291076,2.6494411172321586,0
209.66400000000002,0.26948297066169197,2.64975723801558,0.2828315491810599,2.627014825258803,0.27072018381471213,2.6404711792663687,0
209.696,0.25028297038946357,2.649758204770415,0.24460605096763482,2.623358887292113,0.24875453069017298,2.6336268362585376,0
209.728,0.23108297006086267,2.649759163480398,0.21350277016844094,2.6471366789868296,0.22313382649556757,2.6390313429241274,0
209.76,0.2118829696965861,2.6497601156258868,0.19004862779854897,2.645866744335607,0.1983797470307,2.6417660699602767,0
209.792,0.19268296931962717,2.6497610631096777,0.18161313475577773,2.6263569730718523,0.1801531021345877,2.635602995878196,0
209.824,0.17348296895379925,2.6497620081343194,0.16464073382683153,2.615079615583513,0.16242815482532674,2.6273942080552484,0
209.856,0.1542829686222057,2.6497629530600886,0.148456987968426,2.626637587013961,0.14531968809646106,2.6270921249991,0
209.888,0.1350829683457541,2.6497639002527915,0.17828444043195366,2.6310616750405202,0.14698558904467085,2.6286805128160786,0
209.92000000000002,0.11588296814180926,2.64976485193121,0.13821615849073313,2.752542764352383,0.1319578168372852,2.6782259848878107,0
209.952,0.09668296802307191,2.649765810024023,0.08631010201811938,2.679291113030542,0.1021787309240339,2.6786526122393535,0
209.984,0.07748296799675586,2.6497667760454333,0.017972596873253643,2.6762948729291143,0.05697627731839877,2.677710097927841,0
210.016,0.058282968064117174,2.6497677509975137,0.08272540602334999,2.6376077391020645,0.05575592881533931,2.6616697414656665,0
210.048,0.03908296822036809,2.649768735305562,0.10916793393769564,2.67710863686486,0.06560073087952874,2.667845892321197,0
210.08,0.019882968454981702,2.6497697287906363,-0.002095929535602045,2.6711092746506586,0.027002066728995352,2.669151843185224,0
210.112,0.000682968752368833,2.649770730681034,0.0005190621818711291,2.6070375246785256,0.004888864925903234,2.6443067182215523,0
210.144,-0.018517030907115675,2.6497717396619818,0.007835492723701099,2.669579869458676,-0.00545248393903195,2.654416584641262,0
210.17600000000002,-0.03771703054590317,2.649772753960336,-0.01790693301273625,2.6270579186797023,-0.021954263552444613,2.643473726420937,0
210.208,-0.056917030187760294,2.649773771458841,-0.06906074451610004,2.685099485678983,-0.05231685592178882,2.6601246391363143,0
210.24,-0.07611702985625181,2.6497747898325885,-0.10247640063939868,2.6355476821559933,-0.08390067379274464,2.650294464757164,0
210.272,-0.09531702957321807,2.6497758066988863,-0.11488711601593016,2.6029482441413254,-0.10781525066603757,2.6313565829154153,0
210.304,-0.11451702935736519,2.649776819770879,-0.09567314766868817,2.6556354378029696,-0.11447840945129266,2.641068727986119,0
210.336,-0.13371702922306067,2.649777827005017,-0.14799364556675507,2.713117429433037,-0.13940450388190495,2.6698888073224314,0
210.368,-0.1529170291794103,2.6497788267328692,-0.09669487675509486,2.6583837257717797,-0.13384065301588005,2.665287368312601,0
210.4,-0.1721170292296765,2.649779817768761,-0.15222137336289862,2.7429817804786345,-0.1527129411396785,2.6963657211845167,0
210.43200000000002,-0.191317029371073,2.6497807994863014,-0.22316043187510465,2.653007821431913,-0.1924119374191319,2.679023143586962,0
210.464,-0.2105170295949483,2.6497817718588497,-0.24344063829376583,2.6761765785695792,-0.22434341775454125,2.6778850944514216,0
210.496,-0.2297170298873453,2.649782735461299,-0.21424242388804562,2.6944861505976347,-0.23182302019373568,2.684526088968846,0
210.528,-0.24891703022990008,2.6497836914330657,-0.2764129102467471,2.6512768635228148,-0.26117897620092023,2.6712269669662376,0
210.56,-0.2681170306010221,2.649784641404656,-0.265556505038623,2.6479145316493478,-0.2744499877221089,2.661902558311323,0
210.592,-0.2873170309772807,2.649785587392556,-0.306687614649179,2.661149883842571,-0.298865038479106,2.661602052644687,0
210.624,-0.3065170313349095,2.649786531669217,-0.25728012466943406,2.708139508025415,-0.2937510729413993,2.68021759900643,0
210.656,-0.325717031651334,2.6497874766165266,-0.30020611226720256,2.6037817108292116,-0.307853088657808,2.6496438094668955,0
210.68800000000002,-0.34491703190662365,2.649788424572219,-0.3781610351378795,2.6154132378689035,-0.3474962672357861,2.6359521494155898,0
210.72,-0.36411703208477686,2.6497893776791264,-0.3877211705059488,2.6044445236329445,-0.3751062285296069,2.6233496716968494,0
210.752,-0.383317032174755,2.6497903377469902,-0.3137366253212232,2.7309224831853833,-0.3620783872317701,2.666379373783987,0
210.784,-0.4025170321711988,2.64979130613575,-0.4355892163190665,2.6065666884249876,-0.4030027188519347,2.6424548826041123,0
210.816,-0.4217170320747794,2.6497922836678196,-0.4086064179896722,2.63037088205799,-0.4167641984919893,2.637621871042522,0
210.848,-0.44091703189216047,2.649793270575009,-0.4272131328003736,2.6383394005113057,-0.4324637722000183,2.637909477033401,0
210.88,-0.4601170316355716,2.649794266483516,-0.4330532601406123,2.639313300495843,-0.44421956736066776,2.6384716056632778,0
210.912,-0.4793170313220209,2.6497952704379513,-0.5027618176985259,2.598938198032849,-0.4791564674799986,2.6226588460667366,0
210.94400000000002,-0.498517030972197,2.649796280962853,-0.5472612889007578,2.590702881657761,-0.5179183960323213,2.6098770668663915,0
210.976,-0.5177170306091311,2.649797296157736,-0.4717554391674773,2.656367010007228,-0.5109732132703024,2.6284736524892454,0
211.008,-0.5369170302567078,2.649798313819554,-0.5351424380200048,2.62898415642407,-0.5321609031540784,2.628678462811468,0
211.04,-0.5561170299381205,2.649799331584685,-0.5497072837700311,2.6507997697091086,-0.5506994553844098,2.6375275932535622,0
211.072,-0.5753170296743735,2.6498003470813,-0.5332265504137833,2.654200558041808,-0.5552302933802401,2.644197384407386,0
211.104,-0.5945170294829275,2.649801358082295,-0.57075829077244,2.694973045170825,-0.5729614923213971,2.664508250284226,0
211.136,-0.6137170293765758,2.6498023626489164,-0.5658272540974555,2.624288192302787,-0.581627797016345,2.648420824009071,0
211.168,-0.632917029362624,2.6498033592558303,-0.6897603871168854,2.646495709268296,-0.6364008330413665,2.647651369688397,0
211.20000000000002,-0.6521170294424236,2.6498043468895514,-0.7242985766856026,2.613320658433599,-0.6830799304841607,2.6339196710762236,0
211.232,-0.6713170296112904,2.6498053251138804,-0.6728215182704345,2.6713223890458027,-0.6904965655840581,2.6488813384896783,0
211.264,-0.6905170298588095,2.649806294098119,-0.6361613495013981,2.6197410332201785,-0.6802824791366453,2.6372257913296675,0
211.296,-0.7097170301695075,2.649807254606234,-0.7520351652722677,2.6261845646904365,-0.7205035535767681,2.632809871069873,0
211.328,-0.7289170305238479,2.649808207947663,-0.7683718192961,2.673662676109708,-0.7511708598505438,2.6491515599486424,0
211.36,-0.7481170308994862,2.649809155892929,-0.7308314750083659,2.6932951136059344,-0.7545551058998224,2.6668095459873733,0
211.392,-0.7673170312727042,2.649810100559508,-0.8023756053361742,2.752703720671535,-0.7852033056605525,2.7011677795427547,0
211.424,-0.7865170316199337,2.6498110442753053,-0.7869150904072524,2.628725926386974,-0.7974080195453928,2.672191602518061,0
211.45600000000002,-0.8057170319192705,2.6498119894285574,-0.8231339620997634,2.6694581866490252,-0.8192183965532056,2.6710988023775384,0
211.488,-0.8249170321518847,2.6498129383138265,-0.8500338089981861,2.6327517118340005,-0.8430645615171054,2.6557605356226723,0
211.52,-0.8441170323032355,2.6498138929840316,-0.8802410917922345,2.6635064904283734,-0.8694551736128547,2.6588594913384185,0
211.552,-0.8633170323640115,2.6498148551180476,-0.8732178661432443,2.6063418447582656,-0.8824802506104573,2.6378530116263,0
211.584,-0.8825170323307361,2.649815825912413,-0.8677765559662028,2.65953334602496,-0.8881187727379244,2.6465257298965117,0
211.616,-0.9017170322059975,2.6498168060041203,-0.8938264289878075,2.6145167767218114,-0.9019218352227585,2.6337227388312994,0
211.648,-0.9209170319982866,2.6498177954294726,-0.8874597707417722,2.6746092443560636,-0.907657009414965,2.6500779366749923,0
211.68,-0.9401170317214521,2.6498187936216517,-0.9023845673757279,2.67994795499816,-0.9170680325836182,2.6620265444514706,0
211.71200000000002,-0.9593170313938084,2.649819799447165,-0.9318082253112062,2.590319142145406,-0.9344841096587932,2.6333441878627255,0
211.744,-0.9785170310369522,2.6498208112788206,-0.9907156453161536,2.658178055709552,-0.9684967239057294,2.6432783420431063,0
211.776,-0.9977170306743662,2.6498218271005447,-0.944938215190647,2.652614589549284,-0.9705933204036122,2.647013449441089,0
211.808,-1.0169170303299013,2.6498228446372836,-1.0292940920671234,2.648580800639779,-1.0055936290529344,2.647640998227494,0
211.84,-1.0361170300262341,2.6498238615016327,-0.9856082859367654,2.6275374084790233,-1.009119491790465,2.6396001691086557,0
211.872,-1.055317029783404,2.649824875347743,-1.0501325315059011,2.594289882184896,-1.0370447076607907,2.621476658252882,0
211.904,-1.0745170296175213,2.649825884022585,-1.1131954155649617,2.6451394660810186,-1.0790249908068255,2.6309423812744033,0
211.936,-1.0937170295397312,2.6498268857048184,-1.1588915924179057,2.6544569993984712,-1.1224916314358846,2.640348823492607,0
211.96800000000002,-1.1129170295555006,2.6498278790223075,-1.1462892346945994,2.629010080147807,-1.1435306727242855,2.635813915619729,0
212.0,-1.1321170296642709,2.649828863140692,-1.1148147077985378,2.6556417427085397,-1.1435642867391964,2.643745630188877,0
212.032,-1.1513170298594977,2.649829837817298,-1.131202102013763,2.635396929636628,-1.1501394128345155,2.6404067281110164,0
212.064,-1.1705170301290757,2.6498308034168923,-1.1970492823336136,2.6379788521813285,-1.1804233606198995,2.639436150792128,0
212.096,-1.1897170304561187,2.6498317608882616,-1.141375994199296,2.6262519761662273,-1.1763244140376097,2.634163049732714,0
212.12800000000001,-1.208917030820045,2.649832711703119,-1.2361180752374608,2.650514029409071,-1.211761878503652,2.640704007234307,0
212.16,-1.2281170311978984,2.649833657761268,-1.225680909510689,2.649945543069066,-1.2288494908926542,2.644401185344608,0
212.192,-1.2473170315658229,2.6498346012681413,-1.2770922415808899,2.647252529432164,-1.2596665911541534,2.645542286325573,0
212.22400000000002,-1.2665170319005934,2.6498355445926194,-1.278462214707758,2.6836694794748626,-1.2787048405617492,2.660793727952102,0
212.256,-1.2857170321811098,2.649836490114283,-1.2924191502849451,2.665848649457169,-1.2957105644370652,2.662816263326678,0
212.288,-1.304917032389755,2.649837440069967,-1.3099725594267857,2.632996144189331,-1.3129353624188156,2.650888786079114,0
212.32,-1.3241170325135323,2.6498383964094985,-1.2953095986773606,2.665858523113531,-1.317405056907871,2.656877255929111,0
212.352,-1.343317032544907,2.649839360669925,-1.3639904411759973,2.6725470949912156,-1.3475592106004974,2.663145771913876,0
212.38400000000001,-1.362517032482298,2.64984033387634,-1.3290284889577795,2.719751892003624,-1.3516669219285027,2.685788805984176,0
212.416,-1.3817170323301842,2.649841316475697,-1.432186208484297,2.6345862847526775,-1.3953946365356251,2.665308389184509,0
212.448,-1.400917032098822,2.649842308307883,-1.3588169942648536,2.6092653278641538,-1.3922835796118478,2.6428917616261067,0
212.48000000000002,-1.4201170318035845,2.6498433086159134,-1.4065050205260077,2.645747984807374,-1.4094921559618023,2.6440348524221964,0
212.512,-1.4393170314639712,2.6498443160946072,-1.4755218798676253,2.6507646526693036,-1.4474240455082314,2.646727377580799,0
212.544,-1.4585170311023476,2.6498453289746022,-1.4431567190117494,2.653366884739325,-1.4572371148936127,2.6493837877933215,0
212.576,-1.4777170307425007,2.6498463451363157,-1.477754001135772,2.6406208947415366,-1.4769638693743992,2.645879238815426,0
212.608,-1.4969170304080994,2.649847362246507,-1.4624563809504905,2.665919075669557,-1.482680873988786,2.65389578123908,0
212.64000000000001,-1.5161170301211675,2.649848377908656,-1.5673072953375278,2.6193709383689523,-1.528051442512338,2.6400864497925776,0
212.672,-1.5353170299006618,2.649849389817462,-1.5531470554814435,2.6405887165698934,-1.5496096876842107,2.640287958931393,0
212.704,-1.5545170297612516,2.64985039590751,-1.5010319732746316,2.555335519526256,-1.5416986019048415,2.606307581240203,0
212.73600000000002,-1.5737170297123775,2.6498513944865136,-1.5354315155258713,2.6095728807913456,-1.5507117673379882,2.607614293970884,0
212.768,-1.5929170297576467,2.649852384344535,-1.5182375470166491,2.67980190250034,-1.5492420791944805,2.6364899246602675,0
212.8,-1.6121170298946061,2.6498533648321296,-1.579981925205723,2.6010883823940927,-1.5730580175842992,2.622329889288938,0
212.832,-1.6313170301149045,2.6498543359023654,-1.6060656352010887,2.6856642147984706,-1.597781064616612,2.647664195544907,0
212.864,-1.6505170304048316,2.649855298113988,-1.6599309608698984,2.67893585773902,-1.634161023103763,2.6601734316038605,0
212.89600000000002,-1.669717030746201,2.6498562525955216,-1.6872385482553216,2.648823393290517,-1.666912033150413,2.6556339835143845,0
212.928,-1.6889170311175177,2.6498572009726127,-1.7330993814262938,2.6084325347474464,-1.7049069724469224,2.6367539684770733,0
212.96,-1.708117031495358,2.6498581452632894,-1.6876215459579134,2.63973732681594,-1.7095128018375398,2.6379478748724057,0
212.99200000000002,-1.7273170318558724,2.6498590877478967,-1.7878782361705585,2.688192127090153,-1.7523789755569636,2.6580461388565397,0
213.024,-1.7465170321763175,2.649860030822087,-1.7517322756250149,2.687500622623445,-1.7636402955703279,2.669828496941431,0
213.056,-1.765717032436518,2.649860976842351,-1.7719184752965944,2.6112525990291386,-1.7784715674468417,2.6463987051833864,0
213.088,-1.7849170326201664,2.6498619279740443,-1.796466265793754,2.664752908801392,-1.7971894467714211,2.6537409580307303,0
213.12,-1.8041170327158766,2.6498628860517166,-1.8271483664812602,2.5954760401562056,-1.8206930146409328,2.6304355671805966,0
213.15200000000002,-1.823317032717922,2.649863852460736,-1.7960672471547097,2.64744385313259,-1.8223627076317488,2.637239463350107,0
213.184,-1.8425170326266105,2.6498648280478543,-1.847487651935953,2.6518951480974318,-1.8439326853384483,2.6431023247614336,0
213.216,-1.86171703244827,2.649865813066468,-1.8729745584510138,2.6334130198441796,-1.8670694345682066,2.639227195895179,0
213.248,-1.880917032194844,2.649866807160117,-1.912706443805699,2.6460634090826827,-1.8968442382476702,2.641962279362192,0
213.28,-1.9001170318831255,2.6498678093852854,-1.9328678082898572,2.6240618136393388,-1.9227736662487853,2.63480269553002,0
213.312,-1.9193170315336712,2.6498688182720516,-1.9175010160256876,2.655918028157542,-1.932184606143615,2.643249434200208,0
213.344,-1.938517031169475,2.64986983191868,-1.9633875483231606,2.6656186903957044,-1.9561857829993992,2.652197744151721,0
213.376,-1.9577170308144825,2.6498708481140847,-1.955940414779917,2.678664292683778,-1.967607635695546,2.6627849714628518,0
213.40800000000002,-1.9769170304920427,2.649871864480272,-2.006171035229537,2.6840465645380105,-1.9945529954931356,2.671290215558117,0
213.44,-1.996117030223402,2.6498728786255987,-2.0283563457557725,2.6758783054091153,-2.0195943355823127,2.673126055937548,0
213.472,-2.015317030026334,2.6498738882989668,-1.977802634064771,2.6683347289116064,-2.014397654959614,2.671210125901843,0
213.504,-2.0345170299139963,2.6498748915350165,-2.0313600485683208,2.641643538338328,-2.032702612387663,2.659384086983322,0
213.536,-2.053717029894087,2.6498758867809538,-1.9999032496496818,2.660923018585818,-2.031102867277318,2.660000250359527,0
213.568,-2.072917029968354,2.6498768729968187,-2.08271955075524,2.6723203500235844,-2.063269540653631,2.664928875229806,0
213.6,-2.092117030132486,2.649877849722722,-2.133614783677789,2.643985100100786,-2.1029276378487296,2.6565519444617065,0
213.632,-2.111317030376394,2.649878817108692,-2.090199204879733,2.6375543021296246,-2.1093562646468325,2.648953461468419,0
213.66400000000002,-2.1305170306848615,2.649879775905197,-2.1867532993957135,2.648473738149635,-2.1518350785323124,2.6487621414572455,0
213.696,-2.149717031038523,2.6498807274149336,-2.1549119885689256,2.5769045784188718,-2.1645858425330573,2.6200196819529893,0
213.728,-2.1689170314151056,2.6498816734089843,-2.1795917926760153,2.640174141195837,-2.18210822257645,2.628082029005573,0
213.76,-2.188117031790858,2.6498826160127376,-2.163101763154971,2.627524555332164,-2.186025638794111,2.627859601936731,0
213.792,-2.207317032142075,2.649883557568924,-2.2168697218960394,2.7121379978961877,-2.2098832720211075,2.6615715232276758,0
213.824,-2.226517032446618,2.6498845004865967,-2.2488979162225604,2.5886662292074725,-2.2370091296878196,2.632409970461559,0
213.856,-2.245717032685341,2.649885447085792,-2.246664207065645,2.6529052787631873,-2.252391160624925,2.640608661861628,0
213.888,-2.264917032843321,2.6498863994478845,-2.345790818704408,2.6671270773227107,-2.3012710238424843,2.6512166004560163,0
213.92000000000002,-2.2841170329108254,2.6498873592812857,-2.2295336902303386,2.6585296808218,-2.284096090383141,2.6541424101557807,0
213.952,-2.3033170328839425,2.6498883278111456,-2.3077295738118,2.6553186352415947,-2.3050694837398407,2.6546134833673554,0
213.984,-2.32251703276484,2.6498893057001722,-2.293244612604483,2.651888221660836,-2.3118595352706444,2.6535239676023425,0
214.016,-2.3417170325616308,2.6498902930056745,-2.302634422524607,2.67766642892606,-2.319689490156894,2.6631815465348976,0
214.048,-2.360917032287854,2.649891289175611,-2.3472537483774607,2.617812805199623,-2.34223519342953,2.645034649279313,0
214.08,-2.3801170319616034,2.649892293083911,-2.359707593734502,2.6855917978910893,-2.3607441535357165,2.661258111952021,0
214.112,-2.3993170316043613,2.649893303102807,-2.4184881040873263,2.6365588699878524,-2.3953617337404074,2.6513790211614254,0
214.144,-2.4185170312396105,2.6498943172075347,-2.4025250526103243,2.679613378537452,-2.4097470612723426,2.662673371511281,0
214.17600000000002,-2.437717030891319,2.6498953331066706,-2.410409280235784,2.649727725947718,-2.4215319488416873,2.6574957206344383,0
214.208,-2.4569170305823924,2.6498963483897233,-2.426537754092238,2.6414911345962344,-2.4350542709259546,2.651094492062877,0
214.24,-2.4761170303331963,2.6498973606824756,-2.4654098415678796,2.642239346652756,-2.458716499166924,2.647553036878665,0
214.272,-2.4953170301602454,2.649898367800072,-2.5245176016035957,2.6829570190894514,-2.4965569401260077,2.6617152287025467,0
214.304,-2.5145170300751434,2.64989936788798,-2.5303260203072946,2.6167571621584544,-2.5215845721831993,2.643732596066397,0
214.336,-2.5337170300838388,2.649900359541729,-2.531508160546238,2.584987203934073,-2.5370740075133824,2.6202350276369337,0
214.368,-2.5529170301862476,2.649901341897696,-2.559646881376333,2.6440916085601383,-2.557623157043829,2.6297782426284275,0
214.4,-2.572117030376262,2.6499023146890606,-2.6064900267040567,2.6441047711990104,-2.5886899048934726,2.6355094310069442,0
214.43200000000002,-2.591317030642147,2.6499032782633014,-2.584728008898886,2.7029779466919344,-2.5986251464814467,2.6624974090530165,0
214.464,-2.610517030967294,2.649904233560087,-2.600490999134893,2.699491887600125,-2.6108914875288445,2.6772957678921836,0
214.496,-2.6297170313312854,2.649905182050962,-2.572423205171729,2.665931060463868,-2.607024174572172,2.672750449095477,0
214.528,-2.648917031711207,2.649906125644698,-2.650454721701951,2.603373242790907,-2.635916393410346,2.645000128817011,0
214.56,-2.6681170320831127,2.6499070665644076,-2.656826314242539,2.6870510565825416,-2.655800361729506,2.661821061673505,0
214.592,-2.6873170324235613,2.6499080072043224,-2.6862737653366233,2.641265977788,-2.6795097231585867,2.653599590845724,0
214.624,-2.7065170327111208,2.649908949975469,-2.7566894315214796,2.638233687352798,-2.7219016064898627,2.6474537945566334,0
214.656,-2.725717032927745,2.649909897150187,-2.7016854138559196,2.652508387753594,-2.7253351294222297,2.649476200576301,0
214.68800000000002,-2.744917033059937,2.6499108507155107,-2.745881269038001,2.635175822572038,-2.745073585254257,2.6437566227642746,0
214.72,-2.764117033099623,2.649911812244865,-2.7307835106157907,2.5863695557911015,-2.7508775553843265,2.6208023747286626,0
214.752,-2.783317033044676,2.6499127827963553,-2.763808297394574,2.665956989083122,-2.7675698521735965,2.6388648049561496,0
214.784,-2.802517032899059,2.6499137628442124,-2.8231400889505367,2.6628599169522746,-2.8013179468692533,2.6484634399693423,0
214.816,-2.8217170326725767,2.649914752247824,-2.787584201930789,2.6567723170414035,-2.8073444488784713,2.6517875863678126,0
214.848,-2.840917032380246,2.64991575026037,-2.8410737017614087,2.6201505589368517,-2.832356150016006,2.6391333755985737,0
214.88,-2.8601170320413325,2.6499167555765286,-2.8454681784697766,2.6458636078776787,-2.84912096138168,2.6418260723244478,0
214.912,-2.879317031678106,2.649917766416202,-2.8579571125792027,2.6221321363380876,-2.8641754218447257,2.633949104097486,0
214.94400000000002,-2.898517031314407,2.649918780638897,-2.8809231513851237,2.6410875286070152,-2.8823945136448668,2.63680508101007,0
214.976,-2.9177170309741096,2.649919795881417,-2.9076606494143507,2.681078364689833,-2.9040209679366686,2.654515001056265,0
215.008,-2.9369170306795804,2.649920809710013,-2.927411411694085,2.652309839836296,-2.9248971454237473,2.653633541163966,0
215.04,-2.95611703045024,2.6499218197772048,-2.9577726607183195,2.68466053388735,-2.9495673515258645,2.666044939550959,0
215.072,-2.9753170303013152,2.649922823973169,-2.972089150793924,2.6083129881899505,-2.9700960712176108,2.6429527558965136,0
215.104,-2.9945170302428616,2.6499238205619395,-3.0041459910022983,2.669731252531309,-2.9952360391162838,2.6536647462045875,0
215.136,-3.0137170302791225,2.649924808293624,-2.9774618446911854,2.6404820436735137,-2.9996463613313407,2.6483922511175093,0
215.168,-3.03291703040826,2.6499257864853787,-2.9616115015342204,2.6255340731997427,-2.9959524173978878,2.6392495600211143,0
215.20000000000002,-3.052117030622477,2.6499267550658985,-3.049120460273159,2.645095085245355,-3.0287396345336726,2.64158834457662,0
215.232,-3.0713170309085176,2.649927714580518,-3.0873432271227035,2.680415063850566,-3.0637010715552067,2.6571196017566194,0
215.264,-3.0905170312485195,2.649928666156557,-3.1062751386839556,2.6526459483536664,-3.0922506983928235,2.655330705800752,0
215.296,-3.1097170316211558,2.6499296114311175,-3.0792743550869495,2.5934753089880376,-3.098580161056726,2.6305891096072043,0
215.328,-3.1289170320029998,2.6499305524459458,-3.1222753070179685,2.645545031085174,-3.119578219427543,2.636572039231935,0
215.36,-3.1481170323700227,2.64993149151612,-3.14017640918249,2.702100656333456,-3.1393374953158397,2.6627840470797595,0
215.392,-3.167317032699133,2.649932431080995,-3.1660571045521544,2.650076273627541,-3.1615453389966124,2.6577015001524966,0
215.424,-3.1865170329696535,2.649933373547007,-3.16889912874391,2.619286383682648,-3.176006854881642,2.642336018843415,0
215.45600000000002,-3.205717033164651,2.649934321132445,-3.2059427939600815,2.6679692158487764,-3.199501230498935,2.652589866945544,0
215.488,-3.2249170332720243,2.6499352757242045,-3.2626515958039053,2.6250819020182394,-3.2362813766066,2.6415872552313795,0
215.52,-3.2441170332852876,2.649936238755745,-3.189935082765304,2.6402639280170637,-3.229262859055485,2.6410585041739507,0
215.552,-3.2633170332039914,2.649937211114136,-3.2649117993476717,2.598635461398444,-3.255042435157472,2.6240898727174597,0
215.584,-3.28251703303376,2.6499381930821984,-3.237092153539789,2.6337531034184902,-3.2593823224952208,2.6279557563531606,0
215.616,-3.3017170327859335,2.649939184319498,-3.334243337443951,2.6499138923175507,-3.3008467284592644,2.6367396073017293,0
215.648,-3.320917032476844,2.649940183883456,-3.3325631832168523,2.6562865749423743,-3.3250533103466196,2.6445589952954065,0
215.68,-3.3401170321267677,2.649941190289261,-3.302354117258687,2.67402010677178,-3.3274936330955907,2.6563440440794097,0
215.71200000000002,-3.3593170317586214,2.6499422016047776,-3.3954795487486082,2.620833374815868,-3.366207999340835,2.6421403824909317,0
215.744,-3.37851703139649,2.649943215574382,-3.357609038612244,2.6311666361664168,-3.3742884150334076,2.6377514905405697,0
215.776,-3.397717031064077,2.649944229763802,-3.352558709122694,2.692899219203864,-3.377116532653184,2.6598111875523633,0
215.808,-3.416917030783184,2.6499452417166673,-3.4307216949467625,2.6078191471090233,-3.410078597554807,2.6390149744548603,0
215.84,-3.4361170305723108,2.6499462491127184,-3.3915530907970446,2.653841759696175,-3.4141883948360934,2.644946287885149,0
215.872,-3.455317030445472,2.649947249917489,-3.421057090869087,2.634290358627191,-3.428455873233936,2.640684510727136,0
215.904,-3.474517030411302,2.6499482425138257,-3.485156280505329,2.655850920656333,-3.4626560361274277,2.646751663717307,0
215.936,-3.4937170304725065,2.64994922580674,-3.4900545367232065,2.6430946977112533,-3.485135436350979,2.645289460421083,0
215.96800000000002,-3.5129170306256943,2.6499501992948127,-3.5260106322957903,2.614360960723546,-3.513005514714444,2.6329186377282383,0
216.0,-3.5321170308615955,2.649951163103492,-3.5298601383531394,2.6807583266489976,-3.531267364155739,2.6520550849339637,0
216.032,-3.551317031165656,2.6499521179780814,-3.515799714181697,2.6944842109019445,-3.5366003041521736,2.6690273021368376,0
216.064,-3.5705170315189654,2.649953065236801,-3.5568423678032115,2.6048059757670017,-3.5562171295988207,2.6433393346193643,0
216.096,-3.5897170318994616,2.6499540066868756,-3.626365054186946,2.6447967374210086,-3.595796299420419,2.643922856265055,0
216.12800000000001,-3.6089170322833346,2.6499549445089836,-3.6215717049289777,2.6982414836014867,-3.6176264616102376,2.665650866660278,0
216.16,-3.6281170326465406,2.6499558811174397,-3.662044616744718,2.6146811970784474,-3.6469137236503997,2.6452635587335465,0
216.192,-3.6473170329663334,2.6499568190050615,-3.6593730292148887,2.646600467147858,-3.663417445862472,2.645798883931871,0
216.22400000000002,-3.6665170332227115,2.6499577605826605,-3.665070843232645,2.6601742364071255,-3.6755988047966603,2.6515495900383828,0
216.256,-3.685717033399695,2.649958708023455,-3.681521978802035,2.6902655939364912,-3.689488074384716,2.6670365611432327,0
216.288,-3.7049170334863466,2.649959663122403,-3.664577309681725,2.633268033452353,-3.691043768489169,2.6535297249008734,0
216.32,-3.7241170334774742,2.649960627179518,-3.7104924286938417,2.690546007515303,-3.7103432325564007,2.6683368185858543,0
216.352,-3.743317033373966,2.6499616009146894,-3.7946801369853973,2.648560868279662,-3.7555979943130646,2.6604270250479667,0
216.38400000000001,-3.7625170331827382,2.649962584419542,-3.7509027551647844,2.659130973736664,-3.7652398986385265,2.659909196806707,0
216.416,-3.781717032916299,2.6499635771495003,-3.805253680847622,2.6628300767105,-3.792765411506674,2.661078146131175,0
216.448,-3.8009170325919523,2.6499645779566587,-3.808597532516169,2.6426972058673193,-3.8106182598947616,2.6537263715155537,0
216.48000000000002,-3.8201170322306974,2.649965585161453,-3.842355815696854,2.614801413557292,-3.83483328219973,2.638156992722738,0
216.512,-3.8393170318558907,2.6499665966586474,-3.8015817512735763,2.6375897912841477,-3.833052669813317,2.6379307180160723,0
216.544,-3.8585170314917594,2.6499676100509553,-3.8124892415717238,2.6591381984618585,-3.8363472985007263,2.646414316013867,0
216.576,-3.877717031161862,2.649968622801823,-3.9195278023366056,2.6410891373691623,-3.8811395000192066,2.6442848487909867,0
216.608,-3.896917030887596,2.649969632397681,-3.9161363408030705,2.611512243646372,-3.906658236317041,2.631176407939352,0
216.64000000000001,-3.9161170306868436,2.649970636509326,-3.9704095379253506,2.6112711533008226,-3.9436787569448803,2.6232149030009824,0
216.672,-3.9348388707524413,2.649971695301463,-3.913512479638409,2.644264967459452,-3.9428227990343343,2.631635467276605,0
216.704,-3.9529687026607427,2.649972608428247,-3.976459929891657,2.696033495457205,-3.96712874506229,2.657395147014481,0
216.73600000000002,-3.9705117074543494,2.6499733663095313,-3.9760856938498415,2.6724736144157317,-3.9812145254913,2.663426939836178,0
216.768,-3.9874851980035464,2.6499740108765795,-4.041143918729152,2.66845899043448,-4.015352458009312,2.6654401144242597,0
216.8,-4.0039084265562375,2.649974573179364,-4.032590260781611,2.692245827904131,-4.032087863322963,2.676162714009193,0
216.832,-4.019800357947393,2.64997507560502,-3.9842486388254303,2.6502755648875227,-4.022477131740551,2.665808138928833,0
216.864,-4.035179199328815,2.6499755358881436,-3.9743343612602895,2.6761516073966374,-4.012439856682253,2.6699457905439825,0
216.89600000000002,-4.050062353196108,2.6499759686159026,-4.114644340777297,2.6197545302339273,-4.062246209699403,2.6498695381823048,0
216.928,-4.064466464254408,2.6499763856933463,-4.030798397654436,2.716219733133389,-4.058305887706135,2.676409861897212,0
216.96,-4.078407479771812,2.649976796563914,-4.107928983259153,2.648740317158492,-4.086517369819589,2.6653422887665537,0
216.99200000000002,-4.0919007052489285,2.649977208424323,-4.133474671007496,2.6782867342503014,-4.113394866688919,2.6705203145435656,0
217.024,-4.1049608524666015,2.649977626473024,-4.103027185584742,2.6861012525768415,-4.1170833007121015,2.676752942817032,0
217.056,-4.11760208046856,2.649978054179509,-4.093551763435175,2.6126503070505662,-4.115255437439426,2.6511121487277984,0
217.088,-4.129838030644171,2.649978493555613,-4.14715434906912,2.63451443901959,-4.135357042151542,2.644473333077091,0
217.12,-4.141681857014873,2.649978945414786,-4.141478030584681,2.683554552444181,-4.144912547341396,2.6601060972563793,0
217.15200000000002,-4.1531462526426575,2.6499794096110096,-4.097201420455148,2.61013259334572,-4.132707804936857,2.6401169799744064,0
217.184,-4.1642434728985105,2.6499798852533814,-4.164024141429421,2.6655492421732356,-4.15189393148742,2.6502901762268762,0
217.216,-4.174985356177622,2.6499803708951446,-4.17942672059058,2.6504940115556854,-4.169353572452899,2.6503720077648047,0
217.248,-4.185383342526918,2.649980864697574,-4.147447384450219,2.6303581558859768,-4.166831378416647,2.642366769194481,0
217.28,-4.195448490554221,2.6499813645699675,-4.143558353135536,2.6570585608763237,-4.163562808130665,2.648243791445263,0
217.312,-4.205191492912349,2.6499818682873815,-4.152101680982401,2.681607844073239,-4.164825746255249,2.661589720042651,0
217.344,-4.214622690591451,2.6499823735879198,-4.152549860701179,2.6451750455372998,-4.1655757153718005,2.6550241583313987,0
217.376,-4.223752086205568,2.649982878251389,-4.164742874303018,2.68712558492705,-4.1707218232866206,2.667865036231383,0
217.40800000000002,-4.23258935642205,2.6499833801611428,-4.216109769273078,2.616946945619307,-4.194180961627374,2.6474981051288724,0
217.44,-4.241143863652953,2.6499838773508917,-4.262996180986108,2.676358256837595,-4.2268413337285535,2.6590424676534505,0
217.472,-4.249424667104287,2.649984368038223,-4.244497499094561,2.664042896825011,-4.238873837693527,2.661042936805303,0
217.504,-4.257440533260558,2.649984850646527,-4.27545357536896,2.6608371781530145,-4.258316779155771,2.6609609255482294,0
217.536,-4.265199945867483,2.6499853238169764,-4.277284990881292,2.664845216904361,-4.270561205607663,2.6625149282328464,0
217.568,-4.272711115464249,2.6499857864121297,-4.273348497034735,2.6718459682098286,-4.2761842832179795,2.6662476236604493,0
217.6,-4.279981988507542,2.64998623751265,-4.333859261947114,2.6237699126978375,-4.303618221292762,2.649256811497379,0
217.632,-4.287020256122307,2.6499866764085334,-4.214194024948948,2.7141463035759728,-4.272072888575868,2.675212872953318,0
217.66400000000002,-4.29383336250845,2.649987102586116,-4.293253161503439,2.6254162997007793,-4.284634208829289,2.6552945004140316,0
217.696,-4.300428513028077,2.64998751571202,-4.211943596657848,2.662232309901698,-4.259516363400481,2.6580698729491044,0
217.728,-4.306812681994214,2.6499879156150508,-4.3179442727883135,2.6370630331991882,-4.286719299705415,2.6496673777029516,0
217.76,-4.312992620178987,2.6499883022669324,-4.2885523881313325,2.6601189923031425,-4.291161731581457,2.653848256128396,0
217.792,-4.318974862056888,2.6499886757626325,-4.33892705217629,2.593688391294356,-4.313858401511954,2.6297845347994295,0
217.824,-4.324765732796841,2.6499890363008984,-4.339104742172723,2.627951439890932,-4.32743262042481,2.6290515136057873,0
217.856,-4.330371355015231,2.649989384165497,-4.357221274478932,2.6949367425159836,-4.342712579976845,2.6554058142973798,0
217.888,-4.335797655300786,2.649989719707548,-4.3461347452419075,2.6292469943057046,-4.3473383160667085,2.6449424880149905,0
217.92000000000002,-4.3410503705211845,2.6499900433292276,-4.354144109116076,2.6279826538383637,-4.353213318304855,2.6381587489012213,0
217.952,-4.346135053920378,2.6499903554690345,-4.384949528808284,2.663476042167045,-4.368959635392435,2.648285853881175,0
217.984,-4.351057081014918,2.649990656588724,-4.285544512737217,2.632906255304234,-4.338547793295328,2.642134195525751,0
218.016,-4.355967682017638,2.649990929541927,-4.378891763497613,2.691396453330849,-4.357639588341075,2.661839282120293,0
218.048,-4.356312682916578,2.658948432445794,-4.350085649390313,2.6874081328186032,-4.3546176550330875,2.672066822410228,0
218.08,-4.35631131074719,2.6685612246913673,-4.339439074409186,2.657635766525349,-4.348546393633134,2.666294400049659,0
218.112,-4.356251146657399,2.678262235472948,-4.34191299934865,2.6975477060696846,-4.345893259025187,2.6787957224504604,0
218.144,-4.356188946226485,2.6879586152783026,-4.337414394547178,2.712923457849367,-4.342501899345011,2.6924468166056537,0
218.17600000000002,-4.356136156719856,2.6976374390595947,-4.281269773777173,2.715114030182781,-4.318009184345385,2.7015137020345033,0
218.208,-4.356093547024717,2.707299873094135,-4.33076466842132,2.7564084066120467,-4.323111463225315,2.7234715838649395,0
218.24,-4.356059645409264,2.7169489807618272,-4.335499760970665,2.6951692417547886,-4.328066821603771,2.712150647020895,0
218.272,-4.356032769718964,2.7265875715820562,-4.35899511900425,2.7026656438919927,-4.340438138232313,2.708356645769318,0
218.304,-4.356011462743556,2.736217922099016,-4.333086763153844,2.7135472803018144,-4.3374975481681695,2.710432899581799,0
218.336,-4.355994542358948,2.7458418262265885,-4.362461101699654,2.7070302514100617,-4.347482895102422,2.7090718403117293,0
218.368,-4.355981067717351,2.755460687034479,-4.351582801180841,2.739368615825446,-4.349122751228097,2.721190550514705,0
218.4,-4.355970294382918,2.7650755992730582,-4.38681014196267,2.7596881873696537,-4.364197571480355,2.736589605252809,0
218.43200000000002,-4.3559616345006065,2.774687416370553,-4.355511264978941,2.778968832371343,-4.360722884806061,2.7535412960947916,0
218.464,-4.355954624322044,2.784296803488266,-4.358643580358947,2.790470647792506,-4.359890972372064,2.76831303676673,0
218.496,-4.355948898343633,2.793904279193728,-4.336168828581348,2.815251497829121,-4.350401898931697,2.787088421182692,0
218.528,-4.35594416883799,2.8035102480606082,-4.381039338733255,2.7729546944932433,-4.362656634922247,2.7814349304959713,0
218.56,-4.355940209669159,2.8131150260964297,-4.3768163983141735,2.8484780907002474,-4.368320277618461,2.8082521945647283,0
218.592,-4.355936843486214,2.822718860527414,-4.338118253752428,2.8408690829442866,-4.356239184007206,2.8212989499015557,0
218.624,-4.3559339315783285,2.832321945160237,-4.387648107219511,2.842887033891806,-4.368802449217902,2.8299341834806246,0
218.656,-4.355931365828316,2.841924432288633,-4.382387264519465,2.815504063789856,-4.374236052720807,2.8241621355852944,0
218.68800000000002,-4.355929062323214,2.8515264419096193,-4.315021554035892,2.874508556412905,-4.350549913613319,2.844300703895402,0
218.72,-4.355926956275588,2.8611280688511385,-4.318369389407862,2.825202588190182,-4.3376773488544025,2.836661457590572,0
218.752,-4.35592499798348,2.87072938828275,-4.352663704553671,2.8480570243610357,-4.343671522210271,2.8412196842743436,0
218.784,-4.35592314961486,2.880330459977537,-4.36633872000877,2.904779257084772,-4.352738020155061,2.866643513372584,0
218.816,-4.355921382647736,2.8899313316115123,-4.342439384887738,2.9055211236911624,-4.348618174196112,2.8821945574727352,0
218.848,-4.355919675832509,2.8995320413223005,-4.40092347884468,2.866461443010854,-4.369539895054821,2.875901311659531,0
218.88,-4.355918013570936,2.909132619698311,-4.355217234940766,2.9454773625167134,-4.3638104223246845,2.90373173197296,0
218.912,-4.355916384627905,2.9187330913301426,-4.3253020151546435,2.935071851174157,-4.348406644473412,2.9162677796231806,0
218.94400000000002,-4.355914781109358,2.9283334760253,-4.343760836899439,2.9418158623531987,-4.346547901454388,2.9264870126842863,0
218.976,-4.355913197653263,2.9379337897635867,-4.379249176889322,2.84108396074816,-4.359627987823638,2.892325791878452,0
219.008,-4.355911630791226,2.9475340454522847,-4.3668712821096385,2.9605734899138327,-4.362524879001398,2.9196248710608885,0
219.04,-4.355910078446812,2.957134253526222,-4.319084534475904,2.9843305327611214,-4.345148312895741,2.945507135709068,0
219.072,-4.355908539543364,2.9667344224271344,-4.378156232909309,2.989883144115691,-4.358351051709713,2.963257539039726,0
219.104,-4.3559070136994915,2.9763345589885852,-4.358391398382294,2.9884218214860683,-4.358366761046225,2.9733232519863,0
219.136,-4.355905500994646,2.98593466874653,-4.3707168697453085,3.028435172763879,-4.363306375703689,2.995368020265486,0
219.168,-4.355904001790633,2.9955347561909167,-4.372517017453192,2.9685000199062412,-4.36699020464553,2.984620820090135,0
219.20000000000002,-4.3559025165976655,3.005134824970193,-4.349292945162185,3.0326819549103408,-4.359910874621903,3.003845273986818,0
219.232,-4.355901045975727,3.014734878057906,-4.405570650640726,3.066607573529486,-4.378174360707895,3.0289501937727903,0
219.264,-4.355899590463831,3.024334917888552,-4.379978637172436,2.986084007613065,-4.3788956491881486,3.0118037192781477,0
219.296,-4.355898150531174,3.033934946468318,-4.2750503310832295,2.9761641993945984,-4.337357102298713,2.997547911294347,0
219.328,-4.355896726545326,3.0435349654651795,-4.345345717974247,3.036768227796943,-4.340552131565291,3.013236037865397,0
219.36,-4.3558953187535545,3.053134976281933,-4.3991715536145355,2.9987213821436627,-4.363999486163014,3.007430175547122,0
219.392,-4.355893927274155,3.06273498011506,-4.394284149964783,3.074909116271976,-4.376112940341371,3.0344217518078986,0
219.424,-4.355892552095236,3.072334978001791,-4.32666774535825,3.07229279633201,-4.35633445395097,3.0495701695887982,0
219.45600000000002,-4.355891193078951,3.081934970857319,-4.331498547905552,3.1386944322714063,-4.346399686120819,3.085219874633519,0
219.488,-4.3558898499695635,3.0915349595037958,-4.382256910648906,3.132957760303019,-4.360742173525627,3.1043150288734163,0
219.52,-4.3558885224040695,3.101134944692466,-4.3121616546242505,3.062753041467476,-4.341309566570222,3.087690233883555,0
219.552,-4.355887209924368,3.1107349271201072,-4.333199549951992,3.074420769439018,-4.338065163535655,3.0823824480786683,0
219.584,-4.3558859119902005,3.1203349074407503,-4.376102323381345,3.1178678838950247,-4.353279634083757,3.096576622378547,0
219.616,-4.355884627992271,3.1299348862735266,-4.37375440801518,3.1055127088683374,-4.361469153248981,3.100151056948203,0
219.648,-4.355883357265092,3.139534864207371,-4.390086467938623,3.127908098498507,-4.372915691684167,3.111253873542462,0
219.68,-4.355882099099219,3.149134841803197,-4.353468846169104,3.164345676732096,-4.365136568987264,3.132490594792846,0
219.71200000000002,-4.355880852752668,3.1587348195941,-4.3784631140092305,3.1343260405966547,-4.3704668054378555,3.133224773089287,0
219.744,-4.355879617461343,3.1683347980840484,-4.381793371115732,3.198580026858706,-4.37499705306603,3.1593668745723544,0
219.776,-4.35587839244841,3.177934777745476,-4.341134762351837,3.166580631185982,-4.36145176103415,3.162252377193482,0
219.808,-4.355877176932561,3.1875347590161356,-4.336502738898472,3.160551146808167,-4.351471779309939,3.161571885015403,0
219.84,-4.355875970135189,3.1971347422955136,-4.379447908875775,3.2252787856054668,-4.36266186111861,3.1870546452278403,0
219.872,-4.355874771286516,3.2067347279410803,-4.392651645580867,3.2540566697953732,-4.374657407708987,3.2138554550316227,0
219.904,-4.355873579630707,3.2163347162645963,-4.298617272249313,3.2607873047707514,-4.344240989117601,3.232628194904393,0
219.936,-4.355872394430084,3.225934707528677,-4.315557524740979,3.210581889298572,-4.332767241701421,3.2238096726395247,0
219.96800000000002,-4.355871214968495,3.235534701943775,-4.407783897593807,3.2259132595544746,-4.362773545079005,3.2246511073832953,0
220.0,-4.35587004055395,3.2451346996657113,-4.3638306683658445,3.249695281915571,-4.3631960380321,3.234668777174315,0
220.032,-4.355868870520617,3.2547347007938736,-4.293128496954808,3.2468059731019823,-4.335168667774587,3.2395236555237967,0
220.064,-4.35586770423028,3.264334705370151,-4.319303181203154,3.217131101502808,-4.3288221217561045,3.230566633894106,0
220.096,-4.355866537460232,3.273934713357665,-4.354605798454382,3.264310651453645,-4.339135241045506,3.2440642408967673,0
220.12800000000001,-4.344353393737522,3.2808858341824387,-4.342649903328158,3.2753677824067635,-4.329021158621466,3.25658968158105,0
220.16,-4.3257097873238335,3.281384826276085,-4.304794382865134,3.3092021105607023,-4.307810469163078,3.277641330401944,0
220.192,-4.306391825260421,3.2813575821916965,-4.295326864784292,3.2715110734133304,-4.291297045236121,3.2751992370519467,0
220.22400000000002,-4.286978702423775,3.2812777053871405,-4.24210543613861,3.3463354408324957,-4.260100418137937,3.3036669242592214,0
220.256,-4.267581209263819,3.281212508513944,-4.27236553956543,3.2935595877784105,-4.253486483389258,3.299639981047719,0
220.288,-4.248218232406548,3.2811687053105154,-4.297549850616845,3.250355152543281,-4.259591848050685,3.2799443210213175,0
220.32,-4.228887963522712,3.2811431931980697,-4.219615497030964,3.2905289130751685,-4.232081326939232,3.284198207681568,0
220.352,-4.209584839313812,3.2811320327983733,-4.181144857340273,3.3141565233810426,-4.200186759971615,3.296202923165538,0
220.38400000000001,-4.190303446882403,3.281131936702216,-4.157649222798736,3.287544271675341,-4.171651767392803,3.292761842139836,0
220.416,-4.171039265321715,3.2811403919593074,-4.153891414770283,3.216780498913719,-4.15302764983751,3.262392421213903,0
220.448,-4.151788669373917,3.281155541081097,-4.214468694041083,3.252495389841147,-4.166084092031783,3.2584572943744647,0
220.48000000000002,-4.132548787387389,3.281176033815482,-4.152615309025221,3.336690909298442,-4.149176604241825,3.289774896720414,0
220.512,-4.113317353145116,3.2812008925735174,-4.140531284458029,3.2937313042730505,-4.134198502584924,3.2913820366161346,0
220.544,-4.094092580095791,3.281229400924295,-4.102159372741885,3.314508895207483,-4.109862877736749,3.300657756244913,0
220.576,-4.074873060078889,3.281261016494309,-4.115201087650458,3.2689418247355873,-4.100478189632348,3.2879967504481655,0
220.608,-4.055657683055648,3.2812953067416974,-4.035118021227092,3.3010175989154167,-4.062814151048006,3.29323083866023,0
220.64000000000001,-4.036445573801436,3.2813319046841265,-4.019607190393749,3.2865009286058355,-4.034011396399075,3.290564989000967,0
220.672,-4.017236042050927,3.281370480984117,-4.046830250240518,3.2758705253064555,-4.027618968340828,3.2847136550793277,0
220.704,-3.9980285432563583,3.281410728613933,-4.023962840532116,3.2699271247391577,-4.014636548338052,3.2788257907853557,0
220.73600000000002,-3.978822647705934,3.281452356502035,-4.030025806355297,3.3102526114818582,-4.009272283271683,3.2914235114000037,0
220.768,-3.959618016223861,3.281495088989724,-3.932119173913234,3.2920625345663876,-3.966891071725308,3.291706297978995,0
220.8,-3.9404143810489316,3.2815386684954984,-3.945354146753424,3.2792425745368874,-3.9467563342514262,3.2867481074822016,0
220.832,-3.9212115307845803,3.281582859406124,-3.937552007425735,3.325094476033286,-3.931554636195836,3.302114011916877,0
220.864,-3.9020092985474832,3.2816274518170734,-3.9479122392568615,3.3034270108095822,-3.9265777101017703,3.302666566602726,0
220.89600000000002,-3.882807552627503,3.2816722642812564,-3.939290465655517,3.3228361683499834,-3.9201428448728293,3.3107617066677832,0
220.928,-3.8636061891192353,3.281717145164589,-3.8519462967930367,3.3413420659397635,-3.8813442579405155,3.3230210481393527,0
220.96,-3.8444051261022545,3.281761972538171,-3.8347901755218414,3.2716589890179057,-3.851202656929357,3.302503283902969,0
220.99200000000002,-3.8252042990392994,3.281806652761758,-3.785004146851112,3.306492346815326,-3.813203284443623,3.3041258027817015,0
221.024,-3.806003657133928,3.281851118043498,-3.8031367340958764,3.334600432249995,-3.7976566953968103,3.3163423643283982,0
221.056,-3.7868031604455474,3.2818953233140578,-3.7848894444156387,3.26963638924201,-3.781029825623226,3.297686490174261,0
221.088,-3.7676027776035235,3.281939242748908,-3.7609647611311607,3.2775209242216685,-3.7614838299707207,3.289646583148577,0
221.12,-3.748402483996052,3.2819828662300847,-3.820120018591693,3.2654996192581636,-3.773418335102853,3.280013923852792,0
221.15200000000002,-3.729202260335795,3.2820261959752717,-3.7001575583703685,3.3082937737754254,-3.7325940536583992,3.2913518052592123,0
221.184,-3.710002091524781,3.282069243491476,-3.744429724678199,3.314498141839183,-3.725808350912999,3.300636108439943,0
221.216,-3.6908019657570725,3.2821120269431,-3.6411607783850184,3.3252733952601816,-3.68042935038502,3.3105166333577025,0
221.248,-3.671601873810267,3.282154568966451,-3.643591878287448,3.301846403781162,-3.6541743897068137,3.3070740095581312,0
221.28,-3.652401808486831,3.282196894918216,-3.5866444592426685,3.25943220169649,-3.615642445401508,3.288042629385837,0
221.312,-3.633201764174157,3.2822390315150254,-3.631675921814739,3.3276565575084502,-3.6105358636080807,3.303913435923622,0
221.344,-3.6140017364985333,3.282281005804159,-3.665789802752473,3.291533749615101,-3.621117466707938,3.298986706162821,0
221.376,-3.5948017220532638,3.2823228443995083,-3.6026860612072324,3.2846552455925386,-3.6022249317882835,3.293279192729843,0
221.40800000000002,-3.5756017181852227,3.2823645729195654,-3.5596866925489388,3.2667865774401275,-3.5736896632467614,3.28270715911042,0
221.44,-3.5564017228273963,3.282406215572568,-3.5763290095628744,3.260419660094916,-3.5632254288331238,3.2738171282608866,0
221.472,-3.537201734367564,3.282447794845433,-3.5907374949666546,3.2815268605463057,-3.5627102822811216,3.276925959476008,0
221.504,-3.5180017515453823,3.282489331265581,-3.508017467139858,3.2457212565511826,-3.529313183179571,3.264468998039419,0
221.536,-3.498801773371788,3.282530843216501,-3.4689424984089805,3.2614982855581074,-3.493644936209021,3.263305624619897,0
221.568,-3.4796017990659815,3.282572346797785,-3.496262417762775,3.2050300375784255,-3.4831719557699374,3.240020302090168,0
221.6,-3.4604018280062765,3.282613855727787,-3.4448909741538123,3.296353030349641,-3.456339590080278,3.2625783137150153,0
221.632,-3.441201859691939,3.28265538129176,-3.4412183895683897,3.264485874057023,-3.438771136862042,3.263366271984675,0
221.66400000000002,-3.4220018937137615,3.2826969323404667,-3.45122170047368,3.300217229941242,-3.432231389332119,3.2781316073908,0
221.696,-3.402801929731606,3.2827385153441586,-3.3625569953265684,3.2933239076376974,-3.3928416588003807,3.2842335006611174,0
221.728,-3.383601967457526,3.2827801345049976,-3.349670081909227,3.2486545772548006,-3.364053055162833,3.270026926964328,0
221.76,-3.3644020066433433,3.282821791927985,-3.425665729891471,3.2709696433145927,-3.3771781522225064,3.270429032039825,0
221.792,-3.3452020470717727,3.282863487846843,-3.346980240209856,3.2331367854366455,-3.3535790146336852,3.2555371741756405,0
221.824,-3.3260020885503354,3.282905220897551,-3.340732841037034,3.2711482665735434,-3.3369205724562376,3.261806672710187,0
221.856,-3.306802130907415,3.282946988428867,-3.314678451517097,3.2728925921891214,-3.3165037513823803,3.266266120818103,0
221.888,-3.287602173989903,3.2829887868364036,-3.264341068586925,3.2529959379424507,-3.284118705601295,3.2609831442604573,0
221.92000000000002,-3.268402217661958,3.283030611905036,-3.2668491033770555,3.291375102274868,-3.2656908920782417,3.2731650376658425,0
221.952,-3.249202261804459,3.2830724591436415,-3.280770333070089,3.285025251018933,-3.2602026958653663,3.277934244129823,0
221.984,-3.2300023063148156,3.2831143240964895,-3.2412021651017637,3.2721640525327076,-3.241082510968572,3.2756512970071583,0
222.016,-3.2108023511068424,3.2831562026169587,-3.1994947588557756,3.2367920394750445,-3.212927437545507,3.2601327296688654,0
222.048,-3.191602396110489,3.2831980910915335,-3.1459294303011425,3.265945614029691,-3.174608262079234,3.2624830234120883,0
222.08,-3.172402441271268,3.283239986605059,-3.1594811563641576,3.295785770410092,-3.1570374472311267,3.275829265170314,0
222.112,-3.1532024865493025,3.283281887041792,-3.160629532289363,3.3033998226464885,-3.1469543086969125,3.2868826332152064,0
222.144,-3.134002531917955,3.283323791120618,-3.1431096398489573,3.2653182321323873,-3.133896468603975,3.278282019557961,0
222.17600000000002,-3.1148025773620707,3.2833656983666826,-3.1780237483426474,3.3524539844880907,-3.1400274079496033,3.3079759541002125,0
222.208,-3.0956026228758895,3.283407609025374,-3.079720163373617,3.2755444393584603,-3.104384537574255,3.2950284990133296,0
222.24,-3.0764026684607324,3.2834495239278207,-3.0269756753721624,3.257955836791668,-3.061901020154922,3.2802245878938017,0
222.272,-3.057202714122572,3.283491444319698,-3.119029381679349,3.3386550626081473,-3.073232392234578,3.303621935388219,0
222.304,-3.0380027598696158,3.2835333716669965,-2.9300990826386837,3.271791911856328,-3.0044590958764967,3.290915088343379,0
222.336,-3.0188028057100262,3.2835753074533685,-3.0003633883187746,3.2689883457399223,-2.9913008403459127,3.282169559268831,0
222.368,-2.9996028516498985,3.2836172529837424,-3.01110635956944,3.284486466270867,-2.987703075541483,3.2831214962856317,0
222.4,-2.9804028976915977,3.2836592092080297,-3.043639102754414,3.2570211660478328,-2.998557513947282,3.2727065450245845,0
222.43200000000002,-2.961202943832537,3.283701176577054,-2.965928492960973,3.2822929193825727,-2.973985933087903,3.2765662822395054,0
222.464,-2.9420029900644593,3.283743154940391,-2.947060018557394,3.258312019117528,-2.951695594824561,3.269289770730519,0
222.496,-2.922803036373246,3.283785143492796,-2.8804323643466123,3.339807454554115,-2.911670330194288,3.2975220435001193,0
222.528,-2.903603082739255,3.283827140772509,-2.9025624860701744,3.2944569180388776,-2.8965072201150948,3.2963211969124564,0
222.56,-2.8844031291381547,3.283869144711169,-2.83384699181758,3.3054243908502188,-2.8599231563728758,3.29998768097305,0
222.592,-2.8652031755421836,3.2839111527315716,-2.8949505653665764,3.290003311255709,-2.862414147549721,3.2960191407452912,0
222.624,-2.846003221921747,3.2839531618863016,-2.8483055586014867,3.2814533792448444,-2.8452507395482867,3.290218043113786,0
222.656,-2.826803268247229,3.2839951690275515,-2.8398889997146908,3.299292377894337,-2.831586071187033,3.293872981402051,0
222.68800000000002,-2.8076033144908874,3.2840371709963785,-2.8115074013827743,3.2318504220019686,-2.8120346308278457,3.2690891576026004,0
222.72,-2.7884033606286933,3.2840791648183743,-2.877924202693366,3.2801584136030533,-2.826870487123336,3.2735420539194733,0
222.752,-2.7692034066419704,3.2841211478923276,-2.7463689405275544,3.2589380772543834,-2.783149896018167,3.2677256497973257,0
222.784,-2.750003452518721,3.2841631181589297,-2.747281208717182,3.273844585232729,-2.7572824486127256,3.27019840220108,0
222.816,-2.7308034982545326,3.284205074237913,-2.6904137721733554,3.3052180116204566,-2.7190150055326785,3.28423141539467,0
222.848,-2.7116035438529975,3.2842470155240964,-2.6827459950149484,3.342559299684807,-2.692987428802047,3.3075877297321434,0
222.88,-2.692403589325617,3.284288942235524,-2.7293085227261953,3.2969113051399956,-2.6959958938300193,3.3033423122066385,0
222.912,-2.6732036346911894,3.2843308554100394,-2.682124129169956,3.2846903221871204,-2.6789272154082764,3.2959066611644467,0
222.94400000000002,-2.6540036799747315,3.284372756850015,-2.6350311318491695,3.271742149339685,-2.6498488094139048,3.2862659954337667,0
222.976,-2.634803725205995,3.2844146490183648,-2.612642147603449,3.251903290966726,-2.623446172109724,3.2725460483925857,0
223.008,-2.6156037704176844,3.284456534892166,-2.6594968232618914,3.2257986550556073,-2.626346459985562,3.2538722234929858,0
223.04,-2.596403815643487,3.284498417783001,-2.6394315274469067,3.238550676943513,-2.6200605143845204,3.2477687370532564,0
223.072,-2.57720386091604,3.284540301135328,-2.5975744316680296,3.302099912315696,-2.5995461087162433,3.2695263411248847,0
223.104,-2.5580039062649598,3.2845821883156683,-2.5926073994873495,3.306092172518648,-2.585250652451051,3.284177811338439,0
223.136,-2.538803951715052,3.2846240824060216,-2.6006656036056404,3.2941850487220012,-2.579896660350888,3.288205849284294,0
223.168,-2.5196039972848148,3.284665986014718,-2.5404056607784917,3.277820359275272,-2.5525802879743846,3.2840768028996896,0
223.20000000000002,-2.5004040429853216,3.284707901116823,-2.475001717123363,3.29418368024278,-2.510028887102756,3.2881447109373334,0
223.232,-2.481204088819557,3.2847498289343573,-2.4890191906280985,3.3054296969358115,-2.49010503599881,3.2950838702869114,0
223.264,-2.4620041347822457,3.284791769864052,-2.493210926991328,3.318092588767841,-2.4798274198985797,3.304312530340848,0
223.296,-2.4428041808601977,3.284833723457332,-2.4600620833560276,3.296406827830305,-2.4604013127997924,3.301175429076212,0
223.328,-2.423604227033147,3.284875688453872,-2.484906837980895,3.2809662930514563,-2.4586835504035744,3.293116960398745,0
223.36,-2.4044042732750417,3.284917662866613,-2.4397505749112747,3.287927552461493,-2.439590387747905,3.2910663874840083,0
223.392,-2.3852043195557115,3.28495964411284,-2.3853049071619568,3.2754036708951038,-2.406356223060861,3.284826493887119,0
223.424,-2.3660043658428056,3.2850016291829363,-2.393120560515803,3.2538234325915267,-2.389541985592058,3.2724504632665314,0
223.45600000000002,-2.346804412103879,3.285043614835995,-2.3499673022653775,3.2434761550045126,-2.362192139808189,3.2608859327529105,0
223.488,-2.3276044583084925,3.2850855978097595,-2.3915752468698708,3.2938454515585036,-2.362425410173122,3.274094930075564,0
223.52,-2.308404504430181,3.2851275750314115,-2.2513350462818806,3.271788353213823,-2.306469292146663,3.273197484458879,0
223.552,-2.289204550448163,3.285169543815692,-2.2646441721770683,3.25884142137706,-2.2782192716756438,3.2674802383110375,0
223.584,-2.270004596348671,3.2852115020376504,-2.244708297583238,3.3037394954129047,-2.253294909540161,3.2820091132217435,0
223.616,-2.2508046421258174,3.2852534482689566,-2.236995861397772,3.3125985013790236,-2.2352553177682357,3.29427003302895,0
223.648,-2.2316046877819375,3.2852953818690565,-2.215209393474701,3.2984598513390186,-2.215716975519375,3.2959711173542336,0
223.68,-2.2124047333273906,3.285337303025368,-2.1938048101596297,3.293191392068587,-2.195432136828603,3.294884377174628,0
223.71200000000002,-2.1932047787798434,3.285379212739991,-2.228688065153452,3.285055769628424,-2.197214535598299,3.290978077962983,0
223.744,-2.174004824163081,3.285421112763836,-2.148257844156676,3.280851092384734,-2.166111886450966,3.28695242275057,0
223.776,-2.1548048695054343,3.2854630054824727,-2.124431699809885,3.2871810679178086,-2.137919839217021,3.287069016702232,0
223.808,-2.1356049148379297,3.2855048937610825,-2.1744538377090827,3.279577065673266,-2.141013466033561,3.284097370901722,0
223.84,-2.116404960192279,3.2855467807585317,-2.080141203931599,3.306616274347883,-2.1051445886139635,3.2931300675639688,0
223.872,-2.09720500559884,3.2855886697225696,-2.0828542212929393,3.304605599110825,-2.0847084691123667,3.2977454180454018,0
223.904,-2.078005051084668,3.285630563779352,-2.071483796880566,3.2512336759964184,-2.0678986276558837,3.2791658634099017,0
223.936,-2.0588050966717892,3.2856724657308694,-2.0644727447392057,3.2503029324673145,-2.0550083019380727,3.2676458390042256,0
223.96800000000002,-2.039605142375784,3.285714377873342,-1.999759374334194,3.2786178814340388,-2.0213887583603958,3.2720598108289627,0
224.0,-2.0204051882047813,3.285756301848294,-2.033432060348381,3.291226002816804,-2.0146861066359074,3.279751450009871,0
224.032,-2.00120523415892,3.2857982385359272,-2.0004790624785453,3.2435408826458842,-1.9974833164700958,3.2652923931494033,0
224.064,-1.9820052802303125,3.2858401879976715,-2.0056355407362734,3.3012229673946716,-1.989224233689805,3.279689800302214,0
224.096,-1.962805326403523,3.285882149471635,-1.9305814086911484,3.2528166086457815,-1.9542471312179353,3.2689657076589342,0
224.12800000000001,-1.9436053726565305,3.285924121421253,-1.9422143209949867,3.3159952326380093,-1.9379140346680241,3.287802707005952,0
224.16,-1.9244054189621251,3.2859661016340054,-1.933947000997969,3.2626824866159994,-1.9248072487475096,3.277779811968494,0
224.192,-1.9052054652896508,3.2860080873638267,-1.8782245552841066,3.264444353359254,-1.8946541989139227,3.2724708235903535,0
224.22400000000002,-1.8860055116069845,3.2860500755080206,-1.8819313332294496,3.293504871589778,-1.8780450801919233,3.2809096378605007,0
224.256,-1.8668055578826241,3.2860920628072523,-1.8719556271892412,3.2997980169606715,-1.8640893265384015,3.28849018263267,0
224.288,-1.8476056040877444,3.2861340460557025,-1.8568379323997692,3.2503689956002733,-1.8496687964222795,3.2732668971948327,0
224.32,-1.8284056501980832,3.2861760223078114,-1.7904390372069243,3.3465433072739694,-1.814456920263798,3.3026026452676263,0
224.352,-1.8092056961955283,3.2862179890682683,-1.822014182123702,3.304133430022153,-1.8059598525210543,3.303240136643008,0
224.38400000000001,-1.7900057420692974,3.286259944452986,-1.8165774608444705,3.290997634186188,-1.7986869233475835,3.298368305755722,0
224.416,-1.7708057878166321,3.286301887310671,-1.775976457026008,3.2867498376380313,-1.7780827642992598,3.293746080890756,0
224.448,-1.7516058334429625,3.2863438172971646,-1.7517187618687708,3.290837181051566,-1.7560171907908777,3.292607675785704,0
224.48000000000002,-1.7324058789615335,3.2863857348977477,-1.7095320916189645,3.345292861420031,-1.7259031785708587,3.3137068979671307,0
224.512,-1.7132059243925255,3.286427641395994,-1.7115771446713155,3.290636385870058,-1.7086527924471155,3.3045038352466225,0
224.544,-1.694005969761731,3.286469538791169,-1.70716180543633,3.3044150267039107,-1.6965364250694115,3.3044934496066265,0
224.576,-1.6748060150988793,3.286511429669506,-1.6757862576843143,3.278436588228239,-1.6767163855363343,3.2940958402393163,0
224.608,-1.6556060604357223,3.2865533170376446,-1.6344075998675762,3.3137253323918845,-1.6482728986883213,3.3019727716069536,0
224.64000000000001,-1.6364061058040005,3.286595204128957,-1.6176297501888341,3.2566349159716963,-1.6244956667108161,3.283862765141637,0
224.672,-1.6172061512334208,3.286637094195243,-1.5970967923446124,3.3222291039611664,-1.6020161443935157,3.299234439617745,0
224.704,-1.5980061967497705,3.2866789902972,-1.599138610476691,3.295793960241587,-1.5893451582665081,3.297883391649153,0
224.73600000000002,-1.5788062423732785,3.2867208951071736,-1.5849332088648616,3.2905978446883544,-1.5760604059590881,3.2949943228431664,0
224.768,-1.5596062881173272,3.2867628107369025,-1.5552385640636595,3.2639337877161125,-1.55621169666978,3.28259526593099,0
224.8,-1.540406333987592,3.286804738601366,-1.531740532932672,3.2829733066808178,-1.53490325866053,3.282771647032537,0
224.832,-1.5212063799816644,3.286846679327526,-1.5019054766437983,3.2564615146976816,-1.5101841733561892,3.27227276657224,0
224.864,-1.502006426089184,3.286888632713863,-1.4893304250654538,3.2725999737184783,-1.4903227015579554,3.272428829091264,0
224.89600000000002,-1.4828064722924799,3.2869305977433285,-1.5495294256464582,3.2691777467408785,-1.5024854187250618,3.271153582050457,0
224.928,-1.463606518567682,3.2869725726488963,-1.47494988408507,3.3132794024981216,-1.4799512324114696,3.288029101017825,0
224.96,-1.4444065648862443,3.2870145550274907,-1.4639359554665887,3.2785143812782827,-1.4620251491829825,3.284248407134651,0
224.99200000000002,-1.4252066112167776,3.287056541994953,-1.438070858651544,3.268387943362671,-1.440923460522838,3.277929416990821,0
225.024,-1.4060066575270824,3.287098530372045,-1.345749639549014,3.300735560940273,-1.3913339596844168,3.2870770693291744,0
225.056,-1.3868067037862453,3.28714051688949,-1.3705266975163473,3.282844025313305,-1.3714910823627728,3.2854090439559256,0
225.088,-1.3676067499666569,3.287182498398819,-1.382772658877876,3.293108495844418,-1.3644837405050305,3.2885140126632377,0
225.12,-1.348406796045819,3.287224472075417,-1.3793206878263367,3.268564169002472,-1.358898546957167,3.280559257390542,0
225.15200000000002,-1.3292068420078134,3.2872664356006673,-1.3631294798354152,3.297333518545109,-1.3490709476170601,3.2872941371765196,0
225.184,-1.310006887844335,3.2873083873114566,-1.3489843694526886,3.275324426812315,-1.3375163438434412,3.2825314208237293,0
225.216,-1.2908069335552206,3.2873503263073975,-1.3407660654216238,3.2675209651424186,-1.3272962599500002,3.2765523986351974,0
225.24800000000002,-1.2716069791484403,3.287392252508873,-1.323271539774284,3.3051460283539784,-1.314166399338865,3.288015003217784,0
225.28,-1.252407024639558,3.2874341666621607,-1.2532569931009858,3.3402475033923174,-1.2782826642884793,3.308933149390742,0
225.312,-1.233207070050701,3.2874760702913246,-1.2170481218337548,3.283666257743602,-1.2422688747396449,3.298851533465731,0
225.344,-1.2140071154091125,3.2875179655999753,-1.2302647862529092,3.239386134717771,-1.2259472667697242,3.2750905109005517,0
225.376,-1.1948071607453867,3.2875598553292322,-1.1710110032007006,3.302302029978758,-1.1924527887625667,3.28600025348112,0
225.40800000000002,-1.1756072060915004,3.28760174258104,-1.1872234238415473,3.2346759706592465,-1.1788410702145269,3.265495675260709,0
225.44,-1.1564072514787684,3.287643630618219,-1.1315667638095002,3.2637741110169425,-1.1484113750770435,3.264832186377696,0
225.472,-1.1372072969358504,3.287685522654125,-1.0753306022684623,3.315935509796645,-1.1076590933862756,3.28529865629081,0
225.504,-1.1180073424869301,3.2877274216454717,-1.1775663397881988,3.320320021765711,-1.1241020193913036,3.2993323483423347,0
225.536,-1.0988073881501783,3.2877693301016673,-1.0620467485382672,3.272043545274176,-1.0877599385086563,3.288441979535529,0
225.568,-1.0796074339365929,3.287811249922955,-1.1074198797949546,3.2886701005089067,-1.0841039424978482,3.288558387724787,0
225.6,-1.0604074798492864,3.2878531822778014,-1.08235399452892,3.299084896017287,-1.0718839908018172,3.292794158566444,0
225.632,-1.0412075258832707,3.2878951275274546,-1.039533664170736,3.2849399730898314,-1.0474238876574697,3.289677659472926,0
225.66400000000002,-1.0220075720257533,3.287937085202544,-1.033709604042644,3.2811690950913386,-1.0304182017347798,3.2862994157498115,0
225.696,-1.002807618256934,3.287979054033256,-1.0036299286457675,3.269242366847765,-1.008182920035203,3.2795017840642737,0
225.728,-0.9836076645512577,3.2880210320311467,-0.9734397843841179,3.2727081632741553,-0.9827656933203904,3.2768095280061242,0
225.76,-0.9644077108790465,3.2880630166173233,-0.9557300640245336,3.2595888812823888,-0.9604314691534462,3.2699464642118232,0
225.792,-0.9452077572084138,3.2881050047887297,-0.9539993314973643,3.286308179698806,-0.9463386416439985,3.276516346024149,0
225.824,-0.9260078035073315,3.288146993311808,-0.8609497829956787,3.2451671503029447,-0.9006631257349484,3.264001862114428,0
225.856,-0.9068078497457185,3.2881889789310375,-0.9039397740779359,3.300453130987614,-0.8904538126155962,3.2786075609228975,0
225.888,-0.8876078958974074,3.2882309585788914,-0.9126576224342178,3.2623125301346447,-0.8878153640759977,3.272114735068028,0
225.92000000000002,-0.8684079419418557,3.288272929573668,-0.8582904543222893,3.2752693940160786,-0.8644854276939736,3.273401778939605,0
225.952,-0.8492079878654861,3.2883148897924284,-0.8284098005515644,3.302224351614925,-0.8385352043408568,3.2849559811628932,0
225.984,-0.8300080336625651,3.2883568378078962,-0.8141759466815954,3.279761971417208,-0.8172715287642789,3.2829035427682802,0
226.016,-0.810808079335562,3.2883987729804964,-0.7608549226162014,3.2678180678125837,-0.7831849137754276,3.2768945106236096,0
226.048,-0.7916081248949677,3.2884406954996046,-0.7821206840876658,3.27162245301861,-0.77123924935501,3.2748108382314425,0
226.08,-0.7724081703585924,3.2884826063713586,-0.7092175979229456,3.2558546971531612,-0.7349106162232444,3.267253526204499,0
226.112,-0.7532082157503923,3.2885245073538263,-0.7807325930598651,3.395834810779627,-0.7417194343882687,3.3187111795390773,0
226.144,-0.7340082610989076,3.2885664008437088,-0.7291949357519867,3.2639159144577072,-0.725189662357077,3.29681820977342,0
226.17600000000002,-0.7148083064354184,3.2886082897218794,-0.7237911970877361,3.2589363060325494,-0.7131103036696893,3.28169058317798,0
226.208,-0.6956083517919373,3.2886501771677104,-0.6973440898519048,3.2859629474527474,-0.695283845564225,3.283424664383267,0
226.24,-0.6764083971991662,3.2886920664541455,-0.7068564393645169,3.294256354913257,-0.6883929105114829,3.2877824786079772,0
226.272,-0.657208442684544,3.288733960736711,-0.6935394710288515,3.3189561795602995,-0.6789315621549027,3.300277101280239,0
226.304,-0.6380084882705038,3.2887758628500694,-0.6977786747554221,3.237676985543354,-0.6749504346441566,3.275262203041569,0
226.336,-0.6188085339730462,3.2888177751252163,-0.6245794314950505,3.2531286510409663,-0.643282060848571,3.266433937177281,0
226.368,-0.5996085798007148,3.2888596992391186,-0.638677087575013,3.265342423704138,-0.6299200990196892,3.2660224942760054,0
226.4,-0.5804086257540382,3.288901636106492,-0.604522907414342,3.2840896997865068,-0.6082412498749911,3.273274546706033,0
226.43200000000002,-0.5612086718254771,3.288943585820714,-0.6150136292532277,3.2692060801668155,-0.5994302291399529,3.2716723377414514,0
226.464,-0.5420087179998837,3.2889855476476946,-0.56752244070619,3.248483748757425,-0.575147141294622,3.2624220864333937,0
226.496,-0.5228087642554503,3.289027520073123,-0.5657423478669227,3.2520486701572042,-0.5598652514635674,3.258297909624778,0
226.528,-0.5036088105650939,3.2890695009000472,-0.5584790169018439,3.2676500927022087,-0.5477907851873309,3.2620639764070023,0
226.56,-0.4844088568981918,3.289111487390505,-0.5023800285877267,3.28517258326587,-0.5181065101004011,3.271332614736522,0
226.592,-0.46520890322255987,3.289153476442071,-0.46061874181322615,3.2948170271467245,-0.4835914303386437,3.280751575375883,0
226.624,-0.44600894950654335,3.2891954647879276,-0.38757562767506837,3.3334338047927594,-0.4336651368222557,3.301849660956516,0
226.656,-0.4268089957210831,3.2892374492075493,-0.4404038534731962,3.3009948112280836,-0.4248406510235968,3.301532911187425,0
226.68800000000002,-0.40760904184161584,3.2892794267344043,-0.3946671030791569,3.233949764382482,-0.40125125937522593,3.2745248373044538,0
226.72,-0.3884090878496804,3.2893213948472715,-0.3650042965516004,3.2867357188535915,-0.3752325017608885,3.2794343682293374,0
226.752,-0.36920913373411995,3.2893633516328347,-0.3950714163419319,3.290805318705514,-0.3716480950923202,3.2840079193625797,0
226.784,-0.3500091794917995,3.2894052959090714,-0.35115636367328606,3.2402781128616325,-0.35193143000685845,3.26654115998912,0
226.816,-0.33080922512779387,3.2894472273014856,-0.37832860660149537,3.2982489504184547,-0.3509703281103284,3.2792494318166026,0
226.848,-0.3116092706550367,3.2894891462672797,-0.31864224111074707,3.334839436211199,-0.32651912076096734,3.3015105822925057,0
226.88,-0.29240931609345966,3.289531054065914,-0.28712014179931766,3.3477710233685483,-0.2992395566140038,3.3200399015847744,0
226.912,-0.2732093614686847,3.289572952677958,-0.26904930695185636,3.3041177199624516,-0.2756434841772566,3.313696167401261,0
226.94400000000002,-0.2540094068103591,3.289614844677461,-0.2793113257580346,3.273340733638332,-0.2655906482319014,3.297579129709069,0
226.976,-0.2348094521502441,3.28965673306607,-0.20833088714484838,3.2572946385320867,-0.2311667712178134,3.2814904683146326,0
227.008,-0.21560949752018066,3.2896986210795696,-0.197120607912608,3.312434996467109,-0.206028333319145,3.2938934158794844,0
227.04,-0.19640954295006047,3.2897405119793155,-0.22704815399764572,3.258052539753681,-0.20291628902074982,3.2795822048463377,0
227.072,-0.17720958846592635,3.289782408841984,-0.1450441692563537,3.303063132870404,-0.1682474685556627,3.2889997202723427,0
227.104,-0.15800963408831825,3.2898243143611907,-0.11566701209305288,3.3424128787674503,-0.13569531342476307,3.310390134063213,0
227.136,-0.13880967983096487,3.2898662306737654,-0.1935333540409193,3.319133106319227,-0.14731055714098562,3.313912480514644,0
227.168,-0.11960972569990101,3.2899081592218873,-0.10673960792980597,3.2934521028207153,-0.11956220494303027,3.305753494661327,0
227.20000000000002,-0.10040977169306749,3.2899501006599845,-0.11398437397445382,3.3214982356385034,-0.10581110005893622,3.3120765639764693,0
227.232,-0.08120981780042137,3.2899920548124144,-0.11373842451961058,3.29327641074784,-0.09746205736234301,3.3045816828381964,0
227.264,-0.062009864004555604,3.290034020684674,-0.05111671876213576,3.2669563207733114,-0.06740394945515887,3.289556724457653,0
227.296,-0.04280991028179451,3.290075996527429,-0.06615231244296763,3.304244728030926,-0.055383322194014775,3.2954571172827225,0
227.328,-0.02360995660370178,3.2901179799492475,0.00270377975999234,3.2974268167948297,-0.020628508963348717,3.296270191773086,0
227.36,-0.004410002938907545,3.2901599680707716,-0.014046835704613188,3.23947837295016,-0.006475867213899582,3.2735786603469723,0
227.392,0.014789950744861297,3.2902019577103827,0.042342194419535795,3.2712280063081685,0.024571329886618875,3.272663594288902,0
227.424,0.03398990447868093,3.2902439455893795,-0.02813943793669059,3.3026326246884317,0.015006995209849138,3.284676399533097,0
227.45600000000002,0.053189858290400446,3.2902859285434314,0.08054205371346437,3.2945110700319837,0.052740991073128074,3.28863545657648,0
227.488,0.07238981220282041,3.290327903726657,0.08390919996806831,3.263538332565701,0.07672824710548251,3.278621790081919,0
227.52,0.09158976623220316,3.2903698687951675,0.07950435172779499,3.262480690098013,0.08935866144378427,3.272190526340788,0
227.552,0.11078972038721675,3.2904118220582323,0.061369765416424374,3.3261012325096972,0.08968307553869657,3.293779977522964,0
227.584,0.12998967466838168,3.290453762587329,0.17549217581308185,3.3227239472753687,0.13552668817120114,3.305382726406861,0
227.616,0.14918962906805544,3.2904956902760483,0.15150074169500796,3.3866674873520197,0.15343628211969168,3.3379217843415168,0
227.648,0.16838958357095027,3.290537605847,0.17514409224026517,3.3220710884588307,0.17363937872138327,3.3316066529035684,0
227.68,0.18758953815514506,3.2905795108052844,0.17490347228812328,3.272208427518737,0.18566498871337928,3.3078725042371593,0
227.71200000000002,0.2067894927935188,3.2906214073415248,0.21893164773673454,3.298482295244662,0.2104916248964412,3.3041415582647216,0
227.744,0.2259894474555078,3.2906632981907156,0.26234638085768136,3.2400283317643277,0.24275349985911765,3.278521403240747,0
227.776,0.2451894021090715,3.290705186455975,0.25001292878177095,3.3059633326661024,0.2571772440065738,3.28952331048626,0
227.808,0.26438935672274055,3.290747075408549,0.27129240354388723,3.3001650387745864,0.2743432803958476,3.293805139131145,0
227.84,0.28358931126761977,3.2907889682769498,0.30217271621688835,3.273794871790747,0.29699502729056304,3.285826173215108,0
227.872,0.3027892657192233,3.290830868038816,0.3329071867037322,3.3202960205012046,0.3228798636105923,3.2996392584395826,0
227.904,0.3219892200590308,3.290872777228895,0.3243300879515847,3.253616319764663,0.3349799258874635,3.281255235828713,0
227.936,0.34118917427566925,3.290914697775539,0.3711452106602557,3.291739804625725,0.3609660123209333,3.28547422359339,0
227.96800000000002,0.3603891283656483,3.2909566308762632,0.3897066094669851,3.319304565375212,0.38398222368678636,3.2990315283009544,0
228.0,0.3795890823336007,3.290998576920396,0.32062300173915087,3.3555187645821603,0.37015850739853295,3.321651598420491,0
228.032,0.39878903619200873,3.2910405354638383,0.4257666104779479,3.3206670457976126,0.4039217211058285,3.321282959963681,0
228.064,0.4179889899604277,3.291082505257569,0.4265899900723173,3.2392086751260094,0.4245090011550283,3.288478434529494,0
228.096,0.43718894366425054,3.2911244843280785,0.41027244932916596,3.3024451463461864,0.4303343528775439,3.294090312208418,0
228.12800000000001,0.4563888973330857,3.291166470104552,0.46810648824348755,3.2368522060364984,0.4569631794708505,3.2712202653995917,0
228.16,0.4755888509988501,3.2912084595846074,0.448672106844407,3.330389423408054,0.4651667228654676,3.2949131250528705,0
228.192,0.4947888046936997,3.2912504495278903,0.4692398129206602,3.2578980382538956,0.4783159313353137,3.28013228560497,0
228.22400000000002,0.5139887584479339,3.2912924366650436,0.5064922958714564,3.308943107649483,0.5011064496042561,3.291681806624606,0
228.256,0.5331887122880157,3.291334417908559,0.5411140976746691,3.307091160984629,0.5286294812973288,3.2978707358074297,0
228.288,0.5523886662348402,3.2913763905519082,0.5292162540460502,3.316128363977617,0.540384162875176,3.3051989683658425,0
228.32,0.5715886203023717,3.2914183524441087,0.5824596276011658,3.2942052981608856,0.5687343212595386,3.300826674437322,0
228.352,0.5907885744967398,3.2914603021284674,0.571002551314265,3.297277168678082,0.5811615857921496,3.2994320386226477,0
228.38400000000001,0.6099885288158543,3.2915022389365585,0.6570623586650456,3.263791714104598,0.6230418674688442,3.285201067607341,0
228.416,0.6291884832495603,3.2915441630313813,0.6245874085751649,3.276798117904204,0.6351800564547002,3.281865039285277,0
228.448,0.6483884377803197,3.2915860753969266,0.6259732427547465,3.3118829371046106,0.6430173035317955,3.293897343671048,0
228.48000000000002,0.6675883923843658,3.291627977774821,0.669204600977345,3.3021281362149075,0.6650121950779133,3.2972148009842206,0
228.512,0.6867883470332528,3.29166987255214,0.6670614206656937,3.3020852257888897,0.6773518578881206,3.2991881078989733,0
228.544,0.7059883016956934,3.291711762607607,0.6371359694219444,3.3045206905810023,0.6727854750798552,3.301346276535565,0
228.576,0.7251882563395671,3.2917536511260943,0.7442172688790831,3.3307172098981126,0.7128781651765741,3.3131197859820976,0
228.608,0.7443882109339695,3.291795541393359,0.763849096023747,3.2383196180257845,0.7447865100870801,3.2832248573720695,0
228.64000000000001,0.7635881654511774,3.29183743658424,0.773794487484833,3.295485377624965,0.7679096736085577,3.2881542082917115,0
228.672,0.782788119868409,3.2918793395579593,0.7610424652181424,3.283078792804961,0.7766827628022299,3.286149190663767,0
228.704,0.8019880741692732,3.2919212526737183,0.7740229751034321,3.249031781968428,0.787138820257536,3.2713273826333067,0
228.73600000000002,0.8211880283448182,3.2919631776384857,0.8168285743247587,3.321310693529043,0.8105346944027245,3.291345870010108,0
228.768,0.8403879823941154,3.2920051153967975,0.8120074300427517,3.273134499457685,0.8226437611600574,3.2840864925810918,0
228.8,0.8595879363243388,3.292047066069695,0.8982104231738749,3.2363692926932535,0.8643903984505701,3.2650247908935195,0
228.832,0.8787878901503295,3.292089028946758,0.9026932929456847,3.3388249610063694,0.8912315287189587,3.294570043902684,0
228.864,0.8979878438936673,3.2921310025317645,0.9099414056352183,3.264530837559733,0.9102354519438015,3.2825795518156964,0
228.89600000000002,0.9171877975813021,3.2921729846390493,0.9125664360927049,3.2644344633440565,0.9226878180531133,3.2753467107999543,0
228.928,0.9363877512438282,3.2922149725343597,0.9473810401615156,3.267471181049506,0.9440850793416075,3.2722216953795944,0
228.96,0.9555877049135095,3.2922569631111243,0.9519628037910524,3.2960201122382133,0.9587561415661723,3.2817662587586502,0
228.99200000000002,0.974787658622184,3.292298953090768,0.9699415801916282,3.285802373035163,0.9747502894650881,3.2834058993000426,0
229.024,0.9939876123991866,3.292340939234143,0.979181960531418,3.263533917660949,0.9880429303483367,3.2754822978267133,0
229.056,1.0131875662694318,3.292382918550443,1.0098634283344259,3.322877423852014,1.0082911020109901,3.2944655341628506,0
229.088,1.0323875202517843,3.2924248884901077,1.0520087885159912,3.296225471915077,1.0372981490954811,3.2951946886652173,0
229.12,1.0515874743578306,3.292466847109285,1.0553916170749753,3.3321105270950726,1.056055508785888,3.3099861960672303,0
229.15200000000002,1.070787428591133,3.292508793195245,1.0750524040813207,3.221463728468579,1.0751742394195916,3.2746023733156195,0
229.184,1.089987382947013,3.2925507263446563,1.125009135017144,3.267778237107483,1.106628170190772,3.271897875507203,0
229.216,1.1091873374128767,3.292592646989691,1.08186983531236,3.2980248985343525,1.10824480878683,3.282373834400871,0
229.24800000000002,1.1283872919690523,3.292634556370272,1.1344592979584034,3.2998022418876825,1.1302505770157953,3.289370341159173,0
229.28,1.1475872465900812,3.292676456454257,1.1393656084560897,3.2670095757718802,1.1454165621619807,3.28045117430413,0
229.312,1.166787201246371,3.2927183498106976,1.1439039403504698,3.3204381280066784,1.156331486013368,3.2964710923658087,0
229.344,1.1859871559061033,3.2927602394443336,1.1870613603747264,3.239432246555898,1.1801434083356375,3.273680689824322,0
229.376,1.2051871105372716,3.292802128601983,1.1611674549074995,3.317837893029044,1.1840729995395405,3.2913687080642617,0
229.40800000000002,1.2243870651097195,3.292844020563285,1.260220422675706,3.2424161002902756,1.2260519413624578,3.27181280498753,0
229.44,1.2435870195970573,3.292885918429283,1.174712618282469,3.278658607976957,1.2170361846884945,3.2745762709932187,0
229.472,1.2627869739783368,3.292927824922459,1.2466714512833998,3.2550095592358335,1.2404102638710244,3.266774737272691,0
229.504,1.2819869282393865,3.2929697422111164,1.344589219746968,3.278694760484732,1.2936018187503209,3.2715679047110573,0
229.536,1.3011868823737212,3.293011671769438,1.3571654013377823,3.2592142447048733,1.3305472242973955,3.2666516065705538,0
229.568,1.320386836382972,3.293053614282258,1.3322415582923675,3.252064575545255,1.3427449303905457,3.260841967772058,0
229.6,1.3395867902768037,3.2930955696007054,1.3871135413475912,3.2939640756704933,1.3720123472525865,3.274115991835125,0
229.632,1.3587867440723203,3.2931375367516087,1.3730946011367813,3.248352593703063,1.3839652212715658,3.2638358198510597,0
229.66400000000002,1.37798669779299,3.293179514000067,1.4001187126227794,3.306063438698686,1.4019465902663484,3.2807520596872153,0
229.696,1.3971866514671534,3.2932214989611754,1.3499372275878248,3.3130166256826623,1.39266281764186,3.293683081750536,0
229.728,1.4163866051262026,3.293263488753714,1.3929965630722585,3.2713628785849322,1.4043162882576707,3.284780197640587,0
229.76,1.4355865588025525,3.2933054801858797,1.4829684673906114,3.318733629050516,1.4472971323555468,3.298386766879556,0
229.792,1.4547865125275317,3.293347469961095,1.4687616720475805,3.306712383782943,1.4674029206823582,3.301742207893783,0
229.824,1.4739864663293376,3.293389454890606,1.518361461161463,3.281070126870601,1.499306309333202,3.2934985655312152,0
229.856,1.4931864202311926,3.2934314320991547,1.5349866795572618,3.311298499020586,1.5250984298945394,3.300643723255331,0
229.888,1.512386374249827,3.2934733992104595,1.5633840962140109,3.273326340736888,1.551932668909049,3.2897419477152336,0
229.92000000000002,1.5315863283943925,3.2935153545005345,1.5560800394280372,3.3097924704036625,1.5651115896198955,3.297787326697234,0
229.952,1.5507862826658767,3.293557297008967,1.5584455393847514,3.244465774857816,1.5739651420460723,3.2764838680962587,0
229.984,1.569986237057057,3.293599226600976,1.6351974182443958,3.360436173272262,1.6099780250619737,3.310089944820527,0
230.016,1.5891861915529895,3.2936411439762576,1.5902371034540543,3.3554322469416378,1.6136016289700152,3.328252013616275,0
230.048,1.6083861461319986,3.2936830506240393,1.6063705762339822,3.2888936968930635,1.6222291804388047,3.31253382937573,0
230.08,1.6275861007670933,3.293724948727247,1.6999922713235296,3.30422115200353,1.6648543893644738,3.309233896940878,0
230.112,1.646786055427715,3.293766841021942,1.736152597050435,3.287943123150476,1.704893645015245,3.300742723823009,0
230.144,1.6659860100817019,3.2938087306210844,1.6578894884402486,3.2889800777593394,1.6976119549619737,3.296062801636987,0
230.17600000000002,1.6851859646973444,3.29385062081396,1.6666530405264637,3.280202159694484,1.6967483617605468,3.2897436829092626,0
230.208,1.704385919245402,3.2938925148541927,1.707116378378514,3.300666307147859,1.7124155409725206,3.294137874317346,0
230.24,1.7235858737009606,3.293934415749981,1.7095865449401697,3.27951686117028,1.722803915112846,3.2883146160533907,0
230.272,1.7427858280450135,3.2939763260700903,1.6893935891901242,3.2473707201438478,1.7209597572827073,3.2719622112463975,0
230.304,1.761985782265676,3.294018247778101,1.7461053713161943,3.2589366756519182,1.742537975418858,3.2667771579853717,0
230.336,1.7811857363589516,3.294060182105612,1.790758331549642,3.302705401889783,1.7733460903768938,3.2811736243246497,0
230.368,1.800385690329007,3.294102129472594,1.7529546998430252,3.328129236957953,1.7767095066522893,3.299981045835162,0
230.4,1.8195856441879281,3.294144089460058,1.7813695168835446,3.2326389476891677,1.79009348321829,3.2730693900983665,0
230.43200000000002,1.8387855979549712,3.2941860608368176,1.798091176596401,3.356819112218372,1.8048125330299194,3.306594468462457,0
230.464,1.8579855516553487,3.2942280416386502,1.8439258381716706,3.2672417364789115,1.8319778275370695,3.29087856972392,0
230.496,1.877185505318621,3.2942700292947737,1.858388513543201,3.276451222898811,1.8540620743838574,3.2851328278398695,0
230.528,1.8963854589767943,3.2943120207934857,1.9323300749151575,3.3435894870989102,1.8968892470388155,3.3085406892535563,0
230.56,1.9155854126622478,3.294354012876296,1.925377316752658,3.2853066193384124,1.9198044473692333,3.2992722578795,0
230.592,1.9347853664056258,3.2943960022480274,1.9677719282465786,3.2850613335562597,1.950511412171676,3.293613081714687,0
230.624,1.9539853202338362,3.2944379857893353,1.9459302997250594,3.228704714454842,1.9601989396549084,3.2676749236341323,0
230.656,1.973185274168291,3.294479960757928,2.0042049057111115,3.3110046593462634,1.9893212985527202,3.2850320005940965,0
230.68800000000002,1.9923852282235097,3.294521924965513,2.039823333882936,3.2954967034129794,2.021042085175793,3.28924305723857,0
230.72,2.0115851824061797,3.294563876919056,1.9857969299204297,3.252483003295374,2.018463995581479,3.274564203472579,0
230.752,2.030785136714733,3.294605815917236,2.010010038228079,3.25719999565703,2.026602385164894,3.2676436804024815,0
230.784,2.0499850911394684,3.29464774209588,2.054656110535899,3.248535804304609,2.0493438478540185,3.2600256827160226,0
230.816,2.0691850456631986,3.294689656419454,2.0767253198919824,3.3539684829934036,2.071816409223847,3.2976279492002627,0
230.848,2.088385000262384,3.2947315606191325,2.1002375606372468,3.285214645823497,2.0947048423548464,3.2926877691803487,0
230.88,2.1075849549086647,3.2947734570814498,2.114450663077182,3.3479283164622347,2.114123143216783,3.314809126045133,0
230.912,2.1267849095706906,3.2948153486946805,2.1071521244987,3.2487077577809584,2.1228547083058067,3.288393715196153,0
230.94400000000002,2.1459848642161323,3.294857238662838,2.1405510642201273,3.2517951200150703,2.1414532232467263,3.273779414066829,0
230.976,2.1651848188137426,3.294899130299258,2.1683967726377182,3.3120474035194265,2.163750615572993,3.2891117492297592,0
231.008,2.1843847733353408,3.2949410268130586,2.1898519261063463,3.2903242576235496,2.185711112346965,3.2896218962050403,0
231.04,2.203584727757601,3.2949829311022207,2.1639365773723367,3.3313543416092903,2.1885212709051762,3.306340023746258,0
231.072,2.2227846820635366,3.295024845566636,2.199628911555279,3.300707852825018,2.204484299698186,3.3041123116752207,0
231.104,2.241984636243585,3.2950667719531688,2.220215195894465,3.2789972744045293,2.2222966306930116,3.2940914606941414,0
231.136,2.261184590296231,3.2951087112427495,2.2577304390307202,3.2934579534068855,2.2479901265272617,3.2938632295575063,0
231.168,2.2803845442281268,3.2951506635867958,2.3203095854087077,3.322753333977462,2.2884378825624694,3.3054444506712395,0
231.20000000000002,2.2995844980536884,3.295192628297096,2.2731992690084564,3.29403390142766,2.2938624096086304,3.300905417116621,0
231.232,2.3187844517942002,3.295234603889839,2.3483393181714187,3.2544240131803366,2.327173145489282,3.2823380472742363,0
231.264,2.3379844054764676,3.2952765881809816,2.3561352184085336,3.299870455010357,2.350277947103713,3.2893762061227756,0
231.296,2.3571843591311032,3.295318578426824,2.3285361042937334,3.284969029929232,2.353101182421639,3.2876385335953975,0
231.328,2.3763843127905546,3.2953605715007472,2.3690243914653535,3.303138572065703,2.3709904384805354,3.2938637471625034,0
231.36,2.395584266487001,3.2954025640947227,2.338602080972707,3.268630511841884,2.3695550679226463,3.2837956494609966,0
231.392,2.4147842202502545,3.295444552932603,2.4189197050422746,3.3182841963055947,2.4008208952236605,3.2976162610057305,0
231.424,2.433984174105816,3.2954865349814337,2.429428539542258,3.304930957028704,2.4237839254157576,3.300567326968433,0
231.45600000000002,2.4531841280732074,3.295528507647154,2.4196480266391642,3.282274252610519,2.433649538384102,3.293275278231378,0
231.488,2.4723840821647003,3.295570468942068,2.4994526996346704,3.305073321175485,2.471490775379534,3.2980196689968198,0
231.52,2.491584036384526,3.295612417613273,2.467087554704761,3.3437967154982777,2.4812494596218997,3.316355653375434,0
231.552,2.5107839907286142,3.2956543532237683,2.5150180194705363,3.2523718488574764,2.5062768560904414,3.290787289649981,0
231.584,2.5299839451848762,3.2956962761809954,2.5522464699545235,3.307031023921857,2.536184674180629,3.297309934355474,0
231.616,2.5491838997340075,3.2957381877109704,2.5434350927427563,3.27695428863734,2.5506048141631577,3.2891928210499755,0
231.648,2.5683838543507522,3.2957800897796505,2.6117019486318136,3.3547627752431013,2.586563640518229,3.3154459431539296,0
231.68,2.587583809005542,3.295821984966587,2.588363707878072,3.281598010734068,2.5988036400358734,3.301931907813602,0
231.71200000000002,2.6067837636663964,3.2958638762989807,2.635585785497107,3.3086516346943045,2.6250364707959433,3.304644935333357,0
231.744,2.625983718300969,3.2959057670568077,2.6129455033293705,3.2756530751052844,2.631720056382407,3.293073329146498,0
231.776,2.645183672878604,3.295947660561551,2.6829208212790427,3.312464196706396,2.663720334907471,3.300854817138135,0
231.808,2.6643836273722816,3.2959895599621314,2.6462265195660777,3.292119552667816,2.668242781326865,3.2973858571125447,0
231.84,2.6835835817603333,3.2960314680318246,2.6423929372425334,3.2747948719106588,2.6694228162355156,3.2883746150141304,0
231.872,2.7027835360278174,3.2960733869892564,2.6343483165818804,3.2578935676833902,2.6669129889006316,3.2762073553102664,0
231.904,2.7219834901674815,3.2961153183550285,2.713748567632336,3.242831912558808,2.6971671929028385,3.2628823452454254,0
231.936,2.7411834441802405,3.2961572628532383,2.7288327105654853,3.3159471074746527,2.721353372460237,3.284133425039857,0
231.96800000000002,2.7603833980751427,3.296199220364285,2.7607995615129126,3.2767670576488372,2.748651820557426,3.281212060407201,0
232.0,2.779583351868818,3.2962411899320427,2.7902403678995262,3.2811695882486065,2.7768072119561733,3.281220260365314,0
232.032,2.7987833055844393,3.29628316982498,2.80766967314987,3.2467987123551314,2.8006721688842733,3.2674768351394166,0
232.064,2.8179832592502523,3.296325157647331,2.820985519879952,3.3426177071369576,2.8203174817255365,3.2975583814003198,0
232.096,2.837183212897769,3.2963671504931784,2.86671220488259,3.3306991245877695,2.85039534342787,3.3108398777239376,0
232.12800000000001,2.856383166559736,3.2964091451335427,2.819237192806083,3.3032114126967294,2.8494520556195635,3.3078136903496405,0
232.16,2.875583120268008,3.296451138224431,2.8721731730290703,3.3379005866863305,2.870060475028989,3.3198736451370516,0
232.192,2.894783074051476,3.2964931265224338,2.8859475368730467,3.312829204194057,2.887935272221429,3.317081060811124,0
232.22400000000002,2.913983027934178,3.2965351070939755,2.908841587956449,3.3468510237194917,2.90781777098283,3.3290142322781797,0
232.256,2.9331829819337343,3.296577077504719,3.0101906055596963,3.2736555181611995,2.960286877296112,3.3068959260128574,0
232.288,2.9523829360602005,3.296619035976908,2.9671830103256465,3.314050637476516,2.974565303007188,3.3097829823303186,0
232.32,2.9715828903154256,3.2966609815044863,3.0041845659181474,3.2680607125031877,2.9979329806880592,3.2931192382494543,0
232.352,2.9907828446929443,3.2967029139185646,2.971472701914903,3.319353969504407,2.998868841711893,3.303638286996957,0
232.38400000000001,3.009982799178416,3.29674483389898,2.9891389536323545,3.320589397148195,3.0064968590280916,3.310443880468673,0
232.416,3.0291827537505687,3.2967867429311877,2.984144492796101,3.3117428939050373,3.0090758850955703,3.3109886296337008,0
232.448,3.0483827083825856,3.296828643211217,3.0712138251539933,3.2831711857045467,3.0454510336880243,3.299886791810911,0
232.48000000000002,3.067582663043834,3.2968705375047804,3.074207924025455,3.3389223841031614,3.068473762396869,3.3155261662783206,0
232.512,3.086782617701827,3.296912428969573,3.0914741583603367,3.332696922606013,3.089193893356579,3.3224196061503366,0
232.544,3.105982572324295,3.2969543209521572,3.1138703667693424,3.314805846736788,3.1105844552920843,3.3193992415225884,0
232.576,3.1251825268812308,3.2969962167725,3.0868187187636105,3.318537535375875,3.112598133243043,3.3190797018928113,0
232.608,3.144382481346789,3.297038119510003,3.152551384202677,3.2840146891103417,3.1400994061775713,3.305078844960457,0
232.64000000000001,3.1635824357009255,3.297080031804811,3.15903444881944,3.3287577483722974,3.159193395770439,3.314575561176758,0
232.672,3.182782389930673,3.2971219556872033,3.234427323517057,3.288984975847382,3.200806939388699,3.304364489460041,0
232.704,3.2019823440309785,3.2971638924460884,3.133910606259462,3.3176164256798018,3.1855683786392106,3.3096904343343345,0
232.73600000000002,3.2211822980050453,3.2972058425451194,3.1641415393034853,3.286213825034418,3.1885176153899364,3.300324968868551,0
232.768,3.240382251864158,3.297247805591892,3.2484069584781734,3.290846992109004,3.223993325094377,3.2965589636778234,0
232.8,3.2595822056269914,3.297289780362279,3.2764619855912205,3.2603388582536286,3.2565007617487325,3.282096113204644,0
232.832,3.2787821593184425,3.297331764878399,3.2585663368908184,3.2891448519353266,3.2688469642508737,3.2849408051035294,0
232.864,3.2979821129680533,3.297373756535262,3.258633616429274,3.298788876620555,3.2762815975611135,3.2905052330505304,0
232.89600000000002,3.317182066608122,3.2974157522679906,3.375374869310352,3.237339170681777,3.3274388786975635,3.269264008411219,0
232.928,3.336382020271622,3.2974577487488883,3.3603365313306712,3.2650714949204866,3.3521179121898763,3.267612202263016,0
232.96,3.355581973990067,3.297499742601691,3.378139802667778,3.280289312644459,3.3740466408267134,3.2727082426436693,0
232.99200000000002,3.3747819277914615,3.2975417306192134,3.390915354640017,3.21990060758585,3.3923140988081832,3.2516103800633607,0
233.024,3.393981881698477,3.2975837099703833,3.4225654769549414,3.2961847178026775,3.4159346225366924,3.269465300360177,0
233.056,3.4131818357269803,3.2976256783833118,3.415347368177777,3.2701048506231176,3.427219693278889,3.2697462983713805,0
233.088,3.4323817898850058,3.2976676342925932,3.40744081001827,3.2920123348224797,3.4308281124776254,3.2786778829811256,0
233.12,3.4515817441722443,3.2977095769413136,3.4402979563090055,3.3686791471682938,3.4461360225305295,3.314703550736853,0
233.15200000000002,3.470781698580079,3.2977515064311547,3.4497494200467544,3.3189584473505125,3.459101354073761,3.31643066395843,0
233.184,3.489981653092154,3.2977934237173083,3.492722740203819,3.320387291868102,3.484069881076871,3.3180384631250996,0
233.216,3.5091816076854445,3.2978353305484616,3.5282847624453115,3.231467353119938,3.5132758061867038,3.28343516191257,0
233.24800000000002,3.528381562331741,3.297877229355632,3.5261780293435043,3.2760582205152446,3.5299566680195333,3.280509524631766,0
233.28,3.5475815169994545,3.297919123096926,3.543593710112216,3.3093823280097494,3.546931457430146,3.292083783684384,0
233.312,3.5667814716556245,3.297961015068117,3.574647070259032,3.2566043501778927,3.5695376751342156,3.2779171484499283,0
233.344,3.5859814262680048,3.2980029086911635,3.6215684073376275,3.305822937725025,3.6018699405826666,3.289104604815593,0
233.376,3.6051813808070947,3.2980448072941964,3.6169093542385444,3.23684738938308,3.619405678602603,3.2682268636536342,0
233.40800000000002,3.624381335247997,3.2980867138970953,3.578211562440277,3.300598372595821,3.614448004682278,3.2812006181914875,0
233.44,3.6435812895719897,3.2981286310164277,3.605054379509642,3.256560121434348,3.6222105271421894,3.2713695776173344,0
233.472,3.662781243767716,3.298170560502317,3.626986093013204,3.2714653320419376,3.6356407260022507,3.271433045445413,0
233.504,3.6819811978319206,3.2982125034177834,3.686274117447345,3.3592408853459856,3.667414055074067,3.306581355649106,0
233.536,3.701181151769682,3.2982544599684007,3.7240247418310544,3.316739288301298,3.701578302253339,3.3106697108705534,0
233.568,3.7203811055941274,3.298296429486899,3.704559808944301,3.3305605775782423,3.7142908773905843,3.3186512468553087,0
233.6,3.739581059325629,3.2983384104738365,3.7636033270382536,3.29097605232061,3.7455358296975896,3.3076063642489775,0
233.632,3.758781012990544,3.2983804006918636,3.726359906221139,3.3079386660140293,3.7493854327455534,3.307764484452217,0
233.66400000000002,3.777980966619555,3.2984223973076636,3.8073892598962997,3.2609046878187495,3.784106936039145,3.2890457676915386,0
233.696,3.797180920245725,3.2984643970725847,3.759357515502041,3.3102999462799914,3.785727140256835,3.2975726413641064,0
233.728,3.8163808739023866,3.29850639653048,3.821950532182966,3.3584673127176474,3.8117364694636042,3.3219557104109128,0
233.76,3.835580827621004,3.2985483922395065,3.8276485497873973,3.3253713158854703,3.8296212740375335,3.3233471494064233,0
233.792,3.8547807814291484,3.2985903809937165,3.812794281143673,3.298723532985759,3.834410449336289,3.313522894211712,0
233.824,3.873980735348726,3.2986323600302656,3.8629343000754437,3.3067496522619106,3.8573399621031657,3.3108387819887213,0
233.856,3.893180689394573,3.2986743272089516,3.8543676587563724,3.2713112648340563,3.8676710132526413,3.2950529519211913,0
233.888,3.912380643573511,3.298716281152548,3.8765718676938246,3.294187868442881,3.8827513275352503,3.2947320871170156,0
233.92000000000002,3.9312133317300457,3.298757352194445,3.9174136678685327,3.306377198933249,3.9078985553878685,3.299414744469906,0
233.952,3.949459204464321,3.2987970939850912,3.9053014575301206,3.3244800200817695,3.91778042046848,3.3094646250555053,0
233.984,3.9671160575122086,3.298835510661467,3.972120977417243,3.281439887663094,3.9500870268201105,3.298277689006513,0
234.016,3.9841998027660694,3.2988726141764984,4.000673941246587,3.3072183060405815,3.980553164665598,3.3018761194274626,0
234.048,4.000729510353405,3.2989084517367906,4.045957234614828,3.2586365087683924,4.016618156869114,3.2846017194335664,0
234.08,4.016724246279115,3.2989430826973263,3.980619626272501,3.266254963978191,4.011804738504994,3.2772837563870008,0
234.112,4.032202373825577,3.298976566335129,4.009852983871058,3.3186054295287106,4.02030293161375,3.2938324915562447,0
234.144,4.047181452080682,3.2990089578046957,4.034262924142114,3.295155921163853,4.034868643540211,3.2943812855526042,0
234.17600000000002,4.061678271443952,3.2990403072431587,4.0766060411122185,3.2749399951649742,4.060257719170359,3.286623574834203,0
234.208,4.075708913005822,3.299070659911888,4.119547874722493,3.2690857061597267,4.092389559039404,3.2796266408346555,0
234.24,4.089288805475933,3.2991000566552575,4.0558522308853435,3.303764289062893,4.085921017079125,3.2892993442750518,0
234.272,4.102432774748033,3.2991285344381325,4.07937592647485,3.295114772251177,4.091188636169328,3.2916426110497152,0
234.304,4.115155086224203,3.299156126877383,4.107604703406119,3.3169796894693775,4.1053883541488005,3.3017940085281685,0
234.336,4.127469481004598,3.29918286473438,4.171776610197213,3.3053430144953313,4.1393326792340135,3.303229665196606,0
234.368,4.139389207071258,3.299208776355676,4.099096570841411,3.258385033908759,4.130390822124424,3.285307371536078,0
234.4,4.1509270464220895,3.299233888058472,4.150258770175979,3.3223009551422495,4.1452617288144555,3.3001198837507992,0
234.43200000000002,4.162095338927288,3.299258224462319,4.14758538382552,3.333584018394219,4.1528933917370825,3.31352015074917,0
234.464,4.172906003523282,3.2992818087708877,4.153433059881213,3.280450478151316,4.15959702866366,3.3003064429197844,0
234.496,4.183370557232316,3.2993046630086975,4.151003217410797,3.295097001107625,4.162439709040927,3.298236388543856,0
234.528,4.19350013239488,3.2993268082179004,4.149468211014028,3.283518384580529,4.163330395250245,3.2923624829894687,0
234.56,4.203305492422415,3.2993482646200523,4.143618846552569,3.3597069185388033,4.161330573324256,3.3193131390215447,0
234.592,4.2127970463147575,3.2993690517474206,4.1757751935759515,3.3366864993325835,4.172804956044844,3.3262749624638044,0
234.624,4.221984862137105,3.2993891885479476,4.1936488171475785,3.3057788327806206,4.186656797253603,3.3180885988167477,0
234.656,4.230878679612072,3.299408693467586,4.273130793891017,3.3213998374973577,4.226584286597888,3.319424802547025,0
234.68800000000002,4.239487921951462,3.2994275845133334,4.214759299484489,3.2690726724345263,4.2270214211345065,3.2992952896672167,0
234.72,4.247821707027945,3.2994458792999644,4.206555569060442,3.2726673283490664,4.223836912224599,3.288655085862052,0
234.752,4.255888857967501,3.2994635950831595,4.246429011480695,3.2809579041505086,4.237715575166147,3.285586845895788,0
234.784,4.2636979132282455,3.2994807487814564,4.265652348961458,3.2862000613294082,4.253577218620126,3.285842427022117,0
234.816,4.27125713621912,3.2994973569892028,4.222867877330878,3.304738124299603,4.245830482175704,3.293410673162361,0
234.848,4.278574524502397,3.2995134359824454,4.283530830871091,3.296348179337743,4.265302484641513,3.29459532498465,0
234.88,4.285657818616304,3.299529001719467,4.365977013622246,3.3823442121687703,4.309823665365347,3.3297042209830314,0
234.912,4.29251451054805,3.2995440698374545,4.293230577277263,3.313479820327029,4.307301800014482,3.323223503067622,0
234.94400000000002,4.299151851882715,3.299558655646586,4.282464366252469,3.2839987037214695,4.301350547909449,3.3075423361437215,0
234.976,4.3055768616496275,3.2995727741226077,4.350750037641796,3.353359128370137,4.32496662824952,3.3258775253525847,0
235.008,4.311796333884759,3.299586439898796,4.317667293759292,3.311591087031239,4.325779818714354,3.3201711506682896,0
235.04,4.317816844925207,3.2995996672580254,4.291913879067263,3.299504787832108,4.315846953251038,3.3119125431077805,0
235.072,4.32364476044984,3.2996124701254956,4.36921712650878,3.347884777609162,4.340692939139267,3.326309119793487,0
235.104,4.3292862422785605,3.2996248620625432,4.382867263952168,3.297349330229123,4.360948689673061,3.31473264032019,0
235.136,4.334747254941317,3.299636856261831,4.309667707297727,3.307879482700164,4.34371400088194,3.3119985750205267,0
235.168,4.340033572026926,3.2996484655440965,4.3313062325960745,3.351135778604075,4.341923746284833,3.3276604232981515,0
235.20000000000002,4.345150782320873,3.299659702356565,4.332668261571862,3.305634055891387,4.341292907830012,3.318856619746705,0
235.232,4.350104295740505,3.299670578773035,4.351079747303622,3.2934669621079564,4.348180748613151,3.3087072839128178,0
235.264,4.3550463096890955,3.2996814558743637,4.339803102274355,3.2815196758503875,4.34780279506565,3.297838770495108,0
235.296,4.3553554209218035,3.308638454283773,4.346590318682763,3.284455192269795,4.347305153931304,3.292485311061113,0
235.328,4.355310881008966,3.318252345777318,4.317073734110951,3.2958214881776025,4.335199771739029,3.293819753408663,0
235.36,4.355206322136951,3.3279536494467674,4.3407212877729915,3.3121919912657583,4.337395567920783,3.3011686201756696,0
235.392,4.355100181760701,3.337649900289252,4.302276134743095,3.3343277299359633,4.323335035786849,3.3144322359191314,0
235.424,4.355003954674996,3.3473284979738493,4.330516240259142,3.290889461131531,4.326194804484344,3.3050150980100557,0
235.45600000000002,4.354918289058235,3.3569907179611373,4.3947993952485,3.33145760535273,4.353623957418337,3.3155920730526667,0
235.488,4.354841614379863,3.3666396450478477,4.405147749430758,3.387398478203947,4.374220806353197,3.344314607264309,0
235.52,4.354772178007683,3.3762780849763816,4.363829582012239,3.364029430987291,4.370051653974082,3.352200508912839,0
235.552,4.354708472924571,3.3859083058293518,4.393342543041718,3.333441068645261,4.379355345464024,3.3446967049498486,0
235.584,4.354649282494971,3.3955320938208473,4.362922370868698,3.3908360099945054,4.3727694860261845,3.3631523990834307,0
235.616,4.354593642956453,3.405150846080688,4.37028029004717,3.4150740859876634,4.371761130621681,3.3839210459270426,0
235.648,4.35454079564896,3.4147656530518105,4.333303932694457,3.3834731759930157,4.356365566493445,3.3837418700012827,0
235.68,4.354490144769132,3.424377365157432,4.359215685339178,3.4466472881241583,4.357492921549369,3.4089040092673466,0
235.71200000000002,4.354441222899004,3.4339866455493095,4.397413568677935,3.4964799268032274,4.373448481403935,3.4439343482728235,0
235.744,4.354393663537275,3.4435940115365518,4.301467842002783,3.44020765686074,4.3446435214637775,3.4424436436794625,0
235.776,4.354347179384162,3.4531998669990975,4.361291067125352,3.440702109322223,4.3512898318215285,3.4417470018947727,0
235.808,4.354301545230227,3.4628045276746366,4.3401701994859785,3.4201593230246994,4.346829268694417,3.4331119022978056,0
235.84,4.354256584497489,3.4724082408370287,4.39369415839021,3.4728773894697627,4.365562513428536,3.4490180691160393,0
235.872,4.3542121586681235,3.482011200577151,4.378625334878079,3.5076383776358333,4.370774931085312,3.472466164476551,0
235.904,4.354168158991923,3.4916135596474076,4.295298426626915,3.4949458185971816,4.340571619582033,3.4814579980844353,0
235.936,4.354124499989542,3.5012154386297127,4.364608865364647,3.4843180907316817,4.35017381016176,3.482602007113037,0
235.96800000000002,4.354081114368912,3.5108169330250445,4.356028987633978,3.4941970271943634,4.352503175995297,3.487239987127559,0
236.0,4.354037949052173,3.520418118733501,4.354720540575543,3.5420474619449687,4.353377419665232,3.5091629490502916,0
236.032,4.353994962073966,3.530019056291039,4.335098750244853,3.5394965182518137,4.34605325298898,3.5212963487413065,0
236.064,4.35395212016239,3.539619794147748,4.299159466715991,3.562078587620256,4.3272830429570295,3.537609216318276,0
236.096,4.353909396853886,3.5492203712084356,4.314019530029557,3.545764177342642,4.321964945675871,3.5408711727683366,0
236.12800000000001,4.353866771025085,3.5588208188060406,4.3824832769053454,3.53184831411462,4.346159589418066,3.537262001361732,0
236.16,4.353824225749708,3.5684211622391477,4.350601405579035,3.564172921085611,4.347923630385126,3.5480263413201736,0
236.192,4.3537817474084575,3.578021421974405,4.354347432558851,3.560618962846505,4.350480468865407,3.5530633620129253,0
236.22400000000002,4.353739324995516,3.5876216145910416,4.331770027025607,3.581567661711399,4.342983612685959,3.5644650539871368,0
236.256,4.353696949577601,3.597221753526523,4.380270123526023,3.5530804687703696,4.357885540357915,3.5599111920071373,0
236.288,4.3536546138712495,3.6068218496684272,4.3410457048196385,3.6301259890747293,4.35113693209947,3.5879970829521026,0
236.32,4.3536123119116015,3.6164219118269694,4.326771272446111,3.6963167982378353,4.341377996673665,3.6313249411949657,0
236.352,4.353570038791971,3.626021947114485,4.362148069426858,3.673798430082824,4.349673356569037,3.6483143088888466,0
236.38400000000001,4.353527790458151,3.6356219612519873,4.38971019841606,3.648259052855919,4.365675426365977,3.6482921786242226,0
236.416,4.353485563545055,3.645221958818255,4.2838898288424545,3.6261742908702805,4.3329485226111375,3.639444995680761,0
236.448,4.353443355246156,3.6548219434533284,4.370797934232811,3.674233186837805,4.348075624669644,3.6533602443111333,0
236.48000000000002,4.353401163208377,3.6644219180256297,4.389581155242327,3.6861566337955516,4.364665176447052,3.6664787722818657,0
236.512,4.353358985446816,3.6740218847698514,4.389156699233062,3.6454518143501033,4.374449127252687,3.6580679612955915,0
236.544,4.3533168202750225,3.6836218454012313,4.331927954096876,3.7001208796537384,4.357428001845874,3.674889100834866,0
236.576,4.353274666247558,3.6932218012106204,4.400701550017918,3.69039779822131,4.374724767168013,3.6810925519952047,0
236.608,4.353232522112358,3.7028217531438563,4.3137971397055095,3.7319054104965215,4.350341064474544,3.701417667611416,0
236.64000000000001,4.35319038677101,3.712421701868237,4.354345483422386,3.724699948792109,4.351930182625221,3.710730552309476,0
236.672,4.353148259245548,3.7220216478283463,4.353014217403031,3.721036224483287,4.352351149425607,3.714852793415023,0
236.704,4.353106138650675,3.7316215912930484,4.356854273041777,3.734428831625665,4.354139754107395,3.7226831809456336,0
236.73600000000002,4.353064024170606,3.741221532395115,4.399949593843761,3.753710443538987,4.3724510475973055,3.735094058239678,0
236.768,4.35302191503991,3.750821471164694,4.377222329413788,3.7062420962479323,4.374346920274439,3.723553245709959,0
236.8,4.352979810527876,3.7604214075575837,4.354971605877282,3.744872601531912,4.366584156793641,3.732080960315815,0
236.832,4.352937709926028,3.7700213414791093,4.36934136093071,3.7754641222731484,4.367674403000361,3.7494341973856193,0
236.864,4.3528956125384735,3.7796212728042518,4.357306551534237,3.7497682353240456,4.36351462915736,3.7495677848572266,0
236.89600000000002,4.352853517674843,3.78922120139455,4.328534943684886,3.810123548139566,4.3495101237907825,3.773790062475202,0
236.928,4.352811424645589,3.7988211271122103,4.3487382684806635,3.8331830951061305,4.349188752424266,3.797547247840715,0
236.96,4.3527693327594275,3.808421049831769,4.328313906416373,3.844211470158335,4.340826186538551,3.81621290908817,0
236.99200000000002,4.352727241322739,3.8180209694495937,4.405074185166551,3.8033474681695467,4.366512760061244,3.8110667050474247,0
237.024,4.352685149640726,3.827620885891457,4.379329633091762,3.817322995917147,4.371626884663985,3.813569193727226,0
237.056,4.352643057020114,3.8372207991183775,4.350727830443753,3.8396645814877104,4.36325463942356,3.8240073211673393,0
237.088,4.352600962773232,3.846820709130884,4.3973756152766335,3.8528896869439633,4.376890406983755,3.835560239816618,0
237.12,4.352558866223218,3.856420615971849,4.403119560974322,3.8594669953892162,4.387369446264071,3.8451229143856187,0
237.15200000000002,4.352516766710178,3.866020519728007,4.361395948530599,3.957725562641684,4.376967424997542,3.8901639460279003,0
237.184,4.352474663598058,3.875620420530269,4.395329529131921,3.8811440521527225,4.384299644287023,3.886555960816101,0
237.216,4.352432556282021,3.8852203185529315,4.39530016317254,3.8378036526033585,4.38868722894539,3.867055009866197,0
237.24800000000002,4.352390444196108,3.8948202140118866,4.361522200042977,3.9304062226937857,4.377808593615324,3.892395467327858,0
237.28,4.352348326820982,3.904420107161917,4.307512405798279,3.8383037614319186,4.349677493508668,3.870758757294082,0
237.312,4.352306203691516,3.914019998293184,4.334544817404662,3.872931988635191,4.343611796548761,3.8716280221476955,0
237.344,4.3522640744040455,3.9236198877269968,4.350811403637553,3.9195088158678217,4.3464790110150044,3.8907803119441597,0
237.376,4.352221938623106,3.9332197758109726,4.341220505144637,3.950749722407102,4.344362978154694,3.914768048427768,0
237.40800000000002,4.352179799836939,3.9428196629087697,4.347988778800323,3.974527075116699,4.345800667900796,3.9386716313957164,0
237.44,4.340640792131776,3.949728989668498,4.322018989807809,3.919986819296934,4.324768065379991,3.93117808579472,0
237.472,4.3219933469271625,3.9501895800644573,4.3698380297610315,3.9426055510237754,4.331276077353651,3.9357347479110536,0
237.50400000000002,4.3026772230455625,3.9501310294827503,4.289579337413808,3.9758676521211624,4.303077394991426,3.9517771618684954,0
237.536,4.283265107058574,3.950018449550133,4.292330280118056,3.9300650255154523,4.2872585566001815,3.9430844154695532,0
237.568,4.263867937429712,3.9499187663133615,4.256973447744467,3.9026567251599915,4.263624517106994,3.926907736571337,0
237.6,4.2445050099237704,3.949839031177698,4.283776690132227,3.936293549939741,4.260165388379077,3.9306582006743795,0
237.632,4.225174691123853,3.9497763596543423,4.235276705601919,3.944514280677557,4.238689916285912,3.936198014290933,0
237.66400000000002,4.205871479728002,3.9497269640207144,4.190306760081244,3.968281525382325,4.207816654310935,3.949029632854339,0
237.696,4.1865899861670455,3.9496876965583776,4.192669905189313,3.958664896923773,4.190237954930899,3.952882482106232,0
237.728,4.167325700172336,3.9496561854402747,4.15734185830003,3.9471423379283546,4.165559516436704,3.950585500787591,0
237.76,4.148075002176816,3.949630713160482,4.1579812758134205,3.9166914989409,4.151008220291157,3.9370272038661165,0
237.792,4.128835023591215,3.9496100625542354,4.166485954501511,3.9800298300098302,4.145679314047605,3.9542277499999914,0
237.824,4.109603499545722,3.9495933774113645,4.133751987816086,3.9254384104997593,4.129388383604552,3.9427117120494777,0
237.856,4.090378643687717,3.9495800479861463,4.075123860825382,3.9844152020110006,4.096162574524152,3.9593930423040042,0
237.888,4.071159047349765,3.94956962262492,4.07245026066214,3.937758983692453,4.075157648998443,3.950739629686926,0
237.92000000000002,4.051943599626541,3.9495617436064583,4.089921169940726,3.9595831431546515,4.069543057392972,3.9542775553747846,0
237.952,4.032731424315864,3.9495561038700093,4.0481996397131965,3.9572080649961547,4.049485690352439,3.9554506065903285,0
237.984,4.0135218302229525,3.9495524206759804,3.989626651627585,3.9560652491445487,4.014022074924895,3.9556976366903767,0
238.016,3.9943142720047073,3.9495504221305735,3.9703404283552235,3.929453256606057,3.985029416405872,3.9452013631056393,0
238.048,3.975108319320913,3.9495498427577718,3.9759079019908725,3.9600528007328784,3.969860810805096,3.951143685171249,0
238.08,3.9559036325325065,3.9495504247962354,3.9646258158934815,3.9212931678156595,3.9562468130642,3.939205444614373,0
238.112,3.9366999435589247,3.9495519225256346,3.948800794154972,3.9615921128040124,3.941748405776782,3.948162240805737,0
238.144,3.91749704079838,3.9495541075947744,3.9186121383897166,3.9747757998959115,3.920973899138011,3.958809896119482,0
238.17600000000002,3.898294757245288,3.9495567739615183,3.8520724659034227,3.9917711032727805,3.881893326183107,3.9719966549222985,0
238.208,3.879092961121853,3.949559741613293,3.8919843764712545,3.948056702697355,3.8744097466420495,3.9624229403862468,0
238.24,3.8598915484861553,3.9495628586893043,3.876136757803044,3.9626494470520526,3.863580551438183,3.9625157530409867,0
238.272,3.840690437394539,3.949566001961971,3.848714985654404,4.002310469113367,3.8461143254310644,3.9784357548645053,0
238.304,3.8214895632873733,3.949569075859939,3.7705240553626913,3.9095980537934745,3.804358217675641,3.950902666176488,0
238.336,3.8022888753390185,3.949572010342343,3.825621084839328,3.976084807545535,3.8013433647738424,3.9609773708267966,0
238.368,3.783088333568981,3.949574757982914,3.747648993479393,3.9361198406525033,3.768345616448733,3.951036051686698,0
238.4,3.7638879065549493,3.9495772906142452,3.7545831659678544,3.9401062755628775,3.7513206364111333,3.9466656749129094,0
238.43200000000002,3.744687569622419,3.9495795958370654,3.752777223595144,3.9763177701197074,3.7403832714056984,3.9585278895886145,0
238.464,3.7254873034120917,3.9495816736343343,3.7228684774580247,3.951197076393055,3.721857353918967,3.9555967909618843,0
238.496,3.706287092746889,3.9495835332590947,3.6620367572403687,3.9317701808331336,3.686409115316685,3.94606723447058,0
238.528,3.6870869257366428,3.9495851904982624,3.654018929508098,3.9850755001530414,3.661933041044383,3.96167150260098,0
238.56,3.667886793071272,3.949586665358011,3.618449276993807,3.9215879708308337,3.633019535461796,3.945638940937833,0
238.592,3.6486866874633654,3.9495879801731033,3.67615119450965,3.9781262340275663,3.638752199108846,3.9586346139174875,0
238.624,3.6294866032091027,3.9495891581128917,3.666985377070515,3.974939130915977,3.638525470314642,3.965157096572573,0
238.656,3.6102865358428318,3.9495902220395016,3.623175504166972,3.9506028497715784,3.620865483872143,3.959336008570936,0
238.68800000000002,3.591086481865703,3.9495911936666315,3.647144541064683,3.945841997001912,3.61985710676277,3.953938963193986,0
238.72,3.5718864385328195,3.9495920929677237,3.5384025257382423,3.9213956260474325,3.5757552743647207,3.9409221484116848,0
238.752,3.552686403686587,3.9495929377872576,3.5699287471874355,3.9417183527876953,3.561904663504465,3.9412411218011005,0
238.784,3.5334863756265182,3.9495937436162336,3.552339601134962,3.9582285352831668,3.5465586385667027,3.948036559489405,0
238.816,3.5142863530077837,3.949594523500646,3.5555944149882537,3.9433981037771595,3.5386529491450505,3.9461816376008914,0
238.848,3.4950863347624024,3.949595288058611,3.5192516883517606,3.95809299029815,3.5193724448373453,3.9509466330332335,0
238.88,3.4758863200382497,3.949596045587073,3.462514174145407,3.935360845595338,3.485109136570185,3.9447127707523975,0
238.912,3.456686308152047,3.949596802242387,3.4783836903917202,3.991645944710939,3.4708989581084913,3.96348649444196,0
238.94400000000002,3.437486298553289,3.9495975622807094,3.4272983447033023,3.9683173412453687,3.4419387127562286,3.9654192906311274,0
238.976,3.4182862907966816,3.949598328344353,3.4581872272727407,3.950877267249074,3.436918118572788,3.959602943149596,0
239.008,3.3990862845211454,3.949599101779635,3.429665778599711,3.9372926202086407,3.422497182593659,3.9506792806051707,0
239.04,3.379886279433838,3.949599882970781,3.3490146041491764,3.9453678167665474,3.381584151226111,3.948555166357534,0
239.072,3.3606862752979483,3.9496006716736525,3.3331576827157727,3.914705331781014,3.3506935638323534,3.935015708115114,0
239.104,3.3414862719232743,3.9496014673328887,3.3693746110886402,3.946251388780593,3.346645982745368,3.9395104598538566,0
239.136,3.322286269158802,3.9496022693667103,3.3018740669828675,3.9145063040822032,3.3172172164509828,3.929509280585883,0
239.168,3.3030862668866816,3.949603077405315,3.219077697336103,3.964403811442176,3.266441408815762,3.9434675794443734,0
239.20000000000002,3.2838862650171334,3.9496038914714573,3.2638842730770246,3.9594526542714363,3.2538985545311263,3.949862099579102,0
239.232,3.264686263483957,3.949604712095326,3.3192836534509795,3.970314194019569,3.268532594110079,3.958043431803641,0
239.264,3.2454862622404073,3.9496055403599843,3.2970167298693176,3.977832269681612,3.2684062484249745,3.9659594665430387,0
239.296,3.2262862612553,3.949606377878122,3.2011973342910682,3.9387551681188278,3.23000268278285,3.9550782530904414,0
239.328,3.2070862605092887,3.949607226705358,3.2680930657429412,3.951868577665896,3.2337188359786224,3.9537948965691836,0
239.36,3.187886259991304,3.9496080891994865,3.1413378480973178,3.9313314898489815,3.1852464408382017,3.9448100567701876,0
239.392,3.168686259695199,3.949608967838581,3.1951456553708573,4.039756161681559,3.1776861266638026,3.9827890323549777,0
239.424,3.1494862596166766,3.9496098650135094,3.1662003835761783,3.9458477186311023,3.1615718294418027,3.9680130525567403,0
239.45600000000002,3.130286259750593,3.9496107828119773,3.1374446347677467,3.925655457754505,3.1404009515858102,3.9510705734583933,0
239.488,3.1110862600887224,3.9496117228115866,3.078640269156635,3.9333876788154427,3.1041766786284075,3.9439979882199308,0
239.52,3.0918862606180797,3.9496126858985874,3.0488752513462183,3.949563196282165,3.070536107730476,3.946224658036754,0
239.552,3.0726862613198547,3.949613672127041,3.1197870911209558,3.923685524922409,3.0787165011023028,3.937209604982999,0
239.584,3.0534862621689967,3.949614680630152,3.0681344435451425,3.9797769406208254,3.0629636780957465,3.9542371520802684,0
239.616,3.034286263134445,3.949615709591804,3.0114833898015356,4.00959050544557,3.0308515627949886,3.9763791174041336,0
239.648,3.0150862641799656,3.9496167562820417,2.98583834039696,4.0061393835093355,3.0013262738532305,3.988283856931224,0
239.68,2.9958862652655123,3.9496178171557563,2.9480481364739246,3.931920587358355,2.9684950189193615,3.9657391888393185,0
239.71200000000002,2.9766862663490046,3.949618888009374,2.997604094494335,3.9898908092259853,2.9686186491674498,3.9754004806199696,0
239.744,2.957486267388384,3.949619964186271,2.957008977096888,3.944592218743296,2.952454780357397,3.9630778204541874,0
239.776,2.938286268343797,3.9496210408181924,2.9438460487282243,4.0020691130586945,2.9374912877237938,3.978674980100599,0
239.808,2.919086269179743,3.949622113087368,2.937565657399792,3.9105366516168067,2.9260010356119857,3.9514202865447308,0
239.84,2.899886269867038,3.9496231764924485,2.9106436613831597,3.951144557144061,2.908338085937827,3.9513106253771504,0
239.872,2.8806862703844542,3.949624227100961,2.8984903414437553,3.9689634081117835,2.8928789881570376,3.9583723597897063,0
239.904,2.8614862707199196,3.949625261771705,2.9614960289567605,4.001054841755392,2.90880580449316,3.9754459631557912,0
239.936,2.8422862708711953,3.9496262783323304,2.814877777847957,3.90848770667849,2.8597145938506783,3.9486632595872733,0
239.96800000000002,2.8230862708459785,3.949627275700161,2.828784025157684,3.963259306280247,2.83582236638846,3.9545022656011177,0
240.0,2.80388627066142,3.9496282539379197,2.8062882085781045,3.9642850520926123,2.8124887032787287,3.958415956412588,0
240.032,2.7846862703430744,3.9496292142401996,2.7769596570558592,3.9220585762588946,2.786757084803505,3.9438735706604477,0
240.064,2.7654862699233504,3.9496301588509617,2.7842978045053965,3.956325534752963,2.7742533726978023,3.94885491448985,0
240.096,2.7462862694395413,3.9496310909168186,2.789602443130258,3.940635525865623,2.7688730008840596,3.945567711361521,0
240.12800000000001,2.727086268931558,3.9496320142850037,2.7471535643415987,3.957475673152763,2.7486652262802083,3.950331445088513,0
240.16,2.7078862684395006,3.9496329332585347,2.6682694586485325,3.9675428806140998,2.704986919240653,3.957216567710685,0
240.192,2.6886862680012156,3.9496338523238723,2.6447080027146868,3.9703798922717715,2.6693553526434837,3.9624824480419254,0
240.22400000000002,2.669486267649991,3.949634775868191,2.6967071833349094,3.9515913362601927,2.6687760849334854,3.9581265584363092,0
240.256,2.6502862674125374,3.9496357079040902,2.5931004576107544,3.9640819411564685,2.626985834018139,3.9605092733925344,0
240.288,2.6310862673073814,3.9496366518191417,2.669085327470731,3.9674326703226166,2.6323056314133195,3.9632792024759467,0
240.32,2.611886267343781,3.9496376101661124,2.566088460414549,3.9627651575754674,2.5942987630284167,3.963074164370674,0
240.352,2.5926862675212323,3.9496385845071234,2.587033476097893,3.9573938060462943,2.5798726482713104,3.9608026108922267,0
240.38400000000001,2.5734862678296024,3.9496395753215685,2.663936277386359,3.926156382198059,2.6019780999329356,3.9469447190435387,0
240.416,2.554286268249881,3.9496405819835507,2.5408502394420958,3.9688979335872303,2.5660069557526795,3.9557266133963687,0
240.448,2.535086268755502,3.9496416028101486,2.559203164690634,3.942385713407495,2.55176543934435,3.9503908693793717,0
240.48000000000002,2.5158862693141475,3.949642635177288,2.523996853958609,3.9597352462576265,2.5291380052068533,3.954129241595873,0
240.512,2.4966862698899117,3.9496436756956745,2.4295235612024286,3.884211684205346,2.47777222762207,3.926162843271479,0
240.544,2.477486270445686,3.9496447204353977,2.4646320935525963,3.9023266810147708,2.4609961740113118,3.9166290036366327,0
240.576,2.458286270945606,3.949645765184692,2.432377875720718,3.9575145043545925,2.4380288547120026,3.932983827252561,0
240.608,2.4390862713574006,3.949646805726176,2.4361920018900647,3.9529409980307713,2.4257741135999136,3.940967314502379,0
240.64000000000001,2.419886271654494,3.949647838112765,2.442665038312359,3.928084861978722,2.4210104835012145,3.935814945874225,0
240.672,2.4006862718177286,3.9496488589254963,2.3661163048280702,3.9903047222338635,2.3875328120478247,3.9576114605006705,0
240.704,2.381486271836602,3.9496498654966743,2.3492717070373126,3.9730520840503267,2.360708370058978,3.9637883045020583,0
240.73600000000002,2.362286271709938,3.949650856083997,2.3524836660428026,3.9568730652168025,2.3458984884673386,3.961022793283762,0
240.768,2.343086271445964,3.9496518299844814,2.3282163953158745,3.915365237438421,2.327305651221077,3.942760345427173,0
240.8,2.3238862710617787,3.9496527875808933,2.3339303335738584,3.967117825406903,2.31843552417606,3.952503902609787,0
240.832,2.3046862705822604,3.949653730317746,2.338042714688027,3.984762943610884,2.314758400394343,3.965408076239111,0
240.864,2.2854862700384704,3.9496546606084615,2.288805686873083,3.9268828363339097,2.292857314999058,3.9499985313929624,0
240.89600000000002,2.266286269465664,3.9496555816797474,2.292514066077373,3.9153512555269288,2.2812000154434364,3.936140168298947,0
240.928,2.247086268901026,3.94965649736326,2.2379985160173654,3.984514594458295,2.2523994156860088,3.9554904846561803,0
240.96,2.227886268381274,3.949657411848052,2.2804306802720493,3.981843484758576,2.2520919215334896,3.966032231829676,0
240.99200000000002,2.2086862679402888,3.9496583294098015,2.242356361425561,3.9171120057516666,2.236677697503558,3.946464692293329,0
241.024,2.1894862676069144,3.9496592541343345,2.1806376199590907,3.9603416372824864,2.2027416664992896,3.95201602723154,0
241.056,2.1702862674030783,3.9496601896532977,2.165940292616813,3.9095323450928983,2.1765011169601873,3.935023119265867,0
241.088,2.1510862673423534,3.949661138909064,2.166630551358787,3.984641327254198,2.1610328907339595,3.954870976688883,0
241.12,2.1318862674290613,3.949662103964059,2.14086982576813,3.9367843382244927,2.1414476647624556,3.9476369056602567,0
241.15200000000002,2.1126862676579754,3.9496630858668262,2.1161002667361224,3.905567749501236,2.119788705567269,3.9308098378240595,0
241.184,2.093486268014647,3.9496640845834876,2.121355419573823,3.934383979501703,2.108895391185747,3.932240098873329,0
241.216,2.074286268476338,3.949665098999043,2.0464474960370045,3.919268637560137,2.072396233142572,3.9270521273302657,0
241.24800000000002,2.055086269013492,3.949666126988429,2.0062252497751754,3.91406460975853,2.034407839812321,3.9218577401871535,0
241.28,2.0358862695916544,3.949667165552774,2.0692255277107097,3.965882323188013,2.0368149149886587,3.9394681980312107,0
241.312,2.0166862701737043,3.9496682110120753,2.0095013864046525,3.9474064442839945,2.014369503572179,3.9426441234822764,0
241.344,1.99748627072226,3.9496692592418725,2.025677226675764,3.969030355753249,2.0073725928307278,3.9531992430460643,0
241.376,1.978286271202092,3.949670305938668,1.990253955465844,3.936635104180614,1.9890051379017328,3.946574211278455,0
241.40800000000002,1.959086271582391,3.9496713468969786,1.9472219938904773,3.942406391699435,1.9607718803138954,3.944907701951103,0
241.44,1.939886271838743,3.949672378280154,1.9543482978739117,4.014433727636505,1.9466824473541597,3.972718723396916,0
241.472,1.9206862719546907,3.9496733968674937,1.9072056164429414,3.9115828296030015,1.9193717150054423,3.9482649681319,0
241.50400000000002,1.9014862719227767,3.949674400261724,1.8446237195071242,3.952828339594402,1.8779525168213542,3.950090909037857,0
241.536,1.8822862717450153,3.9496753870434493,1.843430731544933,3.9449193605625332,1.85262380272549,3.9480228716638552,0
241.568,1.8630862714327565,3.949676356862606,1.8275702326243377,3.936690235189128,1.8310823746992306,3.943490389075351,0
241.6,1.8438862710059587,3.949677310461015,1.8734046351100042,3.98325494482125,1.8364912788773018,3.9593967742950755,0
241.632,1.8246862704919133,3.9496782496245673,1.8085792215653196,3.957024333593516,1.8138064559659184,3.958448353374916,0
241.66400000000002,1.8054862699235033,3.9496791770681168,1.8473371182029792,3.9837238499270153,1.8156987208739035,3.968559101800931,0
241.696,1.786286269337101,3.9496800962604914,1.7956341416532746,3.9507485528760617,1.7961528891986775,3.9614354288436937,0
241.728,1.7670862687702409,3.949681011200901,1.7625498558093955,3.9827100903522217,1.7711916758559714,3.9699458394350717,0
241.76,1.747886268259208,3.949681926161153,1.7452338822899074,3.979092130057274,1.749288558442649,3.973604903654274,0
241.792,1.7286862678367023,3.949682845410291,1.721509299029932,3.9513227016609687,1.726656854690872,3.9646925752880278,0
241.824,1.7094862675297238,3.9496837729394065,1.737596041888154,3.9363860508677218,1.719512529583402,3.9533705246016724,0
241.856,1.6902862673578198,3.949684712204371,1.6638283806528027,3.9760853537683154,1.6857188700251733,3.962457023761088,0
241.888,1.67108626733181,3.9496856659030635,1.6180383822356692,3.9626969304982915,1.6471266749238438,3.9625535635769173,0
241.92000000000002,1.6518862674530759,3.9496866358014695,1.6659722080296713,3.928231125572377,1.6431448881811517,3.948825175719887,0
241.952,1.6326862677134635,3.949687622619852,1.6184655074683418,3.9421257798967613,1.621753135911523,3.9461460148949854,0
241.984,1.61348626809581,3.9496886259863433,1.5905835506196928,3.973989519270423,1.5977653018107847,3.957284023589047,0
242.016,1.594286268575057,3.949689644460945,1.599621586283267,3.968001193003927,1.5869878156162143,3.9615715064090993,0
242.048,1.5750862691198804,3.9496906756283945,1.559010653783097,3.928487617216325,1.5642769508997572,3.948338572043406,0
242.08,1.5558862696947269,3.949691716253914,1.5372546819743291,3.919078686497525,1.5419480433466095,3.936635243136802,0
242.112,1.5366862702621216,3.949692762491798,1.5458867920479606,3.9373145789601818,1.5320035428442673,3.9369076042626903,0
242.144,1.517486270785094,3.9496938101334,1.5115345123945951,3.959804278966899,1.5122959306814603,3.9460668998137987,0
242.17600000000002,1.4982862712295653,3.9496948548785262,1.480665602762531,3.8885160735697606,1.4881237995307481,3.923047191318661,0
242.208,1.47908627156654,3.949695892612744,1.505202473990318,3.9300831428204637,1.4834352693311033,3.9258621879509206,0
242.24,1.4598862717739625,3.94969691967272,1.4322106393576286,3.953955175853499,1.4514254173578047,3.937099991252988,0
242.272,1.440686271838124,3.949697933082485,1.4339347411475396,3.936635104442414,1.432909146889285,3.9369146353679625,0
242.304,1.4214862717545311,3.949698930745383,1.4354590397768536,3.9156528417432335,1.4224091040593632,3.928410506643395,0
242.336,1.4022862715281847,3.949699911579332,1.448404425465425,3.9513859155116466,1.421287232636311,3.937601248641787,0
242.368,1.3830862711732534,3.949700875586662,1.430104827317601,3.919300848308356,1.4132942705228655,3.9302816571870056,0
242.4,1.363886270712166,3.9497018238540336,1.359711000930778,3.982798886578013,1.3803409626996561,3.9512891089810154,0
242.43200000000002,1.344686270174176,3.9497027584824287,1.3298037356680226,3.918547565825536,1.3486060719003086,3.938193044803824,0
242.464,1.3254862695934937,3.9497036824517298,1.294260708211095,3.9067466636187964,1.3153479264377168,3.9256150405986046,0
242.496,1.306286269007095,3.9497045994286157,1.3627757290221734,3.9702989841402094,1.3227990474844953,3.94348916391451,0
242.528,1.2870862684523519,3.9497055135301578,1.2813729919129475,3.9262887759207565,1.2947086252688915,3.936609554845932,0
242.56,1.2678862679646277,3.94970642905836,1.3494391890085062,3.9834830303631947,1.3050808507778862,3.9553594939955143,0
242.592,1.2486862675749948,3.9497073502227598,1.247175815488014,3.9396301560846885,1.2703988366753267,3.9490683129899633,0
242.624,1.2294862673082214,3.9497082808689745,1.2294058149757983,3.9404567977068155,1.2424816280092417,3.9456242683172604,0
242.656,1.2102862671811596,3.9497092242307024,1.2759387270971787,3.9505981490400566,1.244344467658561,3.9476143909244863,0
242.68800000000002,1.1910862672016418,3.9497101827211623,1.2002977265453896,3.912636060541259,1.2152057712279156,3.9336236389898027,0
242.72,1.1718862673679633,3.9497111577774318,1.1948201205281166,3.9543935955299907,1.1955315109631321,3.94193221210912,0
242.752,1.1526862676689853,3.9497121497677137,1.132146491436659,3.9011336919022033,1.158657503168195,3.9256134045347473,0
242.784,1.1334862680848534,3.9497131579675195,1.1385901069210649,3.9516887691421054,1.1391105446854797,3.936044159966127,0
242.816,1.114286268588287,3.949714180606307,1.1198159558174918,3.972415807743312,1.1198727091548388,3.9505934362343575,0
242.848,1.0950862691463523,3.949715214981567,1.096340324966678,3.9236773939045584,1.0989397554964464,3.939827642028979,0
242.88,1.0758862697226013,3.9497162576330127,1.0347370682188421,3.9501915195542563,1.0617386806024671,3.943973818975368,0
242.912,1.0566862702794346,3.9497173045656386,1.0228496339353177,3.9320628540440508,1.0346630619527157,3.939210059581799,0
242.94400000000002,1.0374862707805341,3.9497183515072747,1.044131030430658,3.9601744422428333,1.026930249360897,3.947596437258679,0
242.976,1.018286271193203,3.9497193941840307,0.989946326448429,3.967523055269016,1.0006166802126675,3.9555677046257163,0
243.008,0.9990862714904665,3.9497204285958714,0.9853396238951222,3.9783955562265234,0.9829858577020375,3.9646994587825173,0
243.04,0.9798862716527957,3.9497214512745558,0.9185699749367496,3.967836901424284,0.9456995046118479,3.9659550409402913,0
243.072,0.9606862716693515,3.9497224595073046,0.9279315148034987,3.9259089348823584,0.9270723087039141,3.9499371939757597,0
243.104,0.9414862715386683,3.9497234515117734,0.9896474854574515,3.9424593941806725,0.9405823794201976,3.9469466592680575,0
243.136,0.9222862712687401,3.949724426551041,0.953677336546818,3.970694861523886,0.9343003622851966,3.9564465151867836,0
243.168,0.903086270876504,3.949725384981199,0.9115967510403226,3.9788053249388238,0.9136989178011332,3.9653906046212306,0
243.20000000000002,0.8838862703867558,3.9497263282284627,0.9153305996697063,3.930254028744421,0.9028315905620635,3.951336531643549,0
243.232,0.8646862698305652,3.949727258697279,0.9093950078914415,3.966366589968452,0.8939369575070293,3.957349106033928,0
243.264,0.845486269243289,3.949728179615346,0.8593658878927222,4.01376455258474,0.8685885296743452,3.9799158316566725,0
243.296,0.8262862686623081,3.9497290948255412,0.8289134204697584,3.941107831470594,0.8411984860054893,3.9643931770425875,0
243.328,0.8070862681246282,3.9497300085381646,0.7908942053947069,3.9707913606342675,0.8095567737742118,3.966952997012532,0
243.36,0.7878862676644969,3.949730925059474,0.790745472046389,3.937401628921177,0.7905122530962871,3.955132999927633,0
243.392,0.7686862673111907,3.949731848514019,0.7923195352100617,3.94090069103358,0.7797151659552747,3.9494406324517657,0
243.424,0.7494862670871159,3.94973278257867,0.7514500094136257,3.946445794788712,0.7568891033524581,3.948243261327358,0
243.45600000000002,0.7302862670063476,3.9497337302454985,0.7563727724556896,3.9252128706824116,0.745162571008034,3.9390316782910046,0
243.488,0.7110862670737069,3.9497346936287987,0.7074764806457994,3.9280569536593495,0.7185681348779163,3.934642371763628,0
243.52,0.6918862672844384,3.949735673828694,0.6747829638092545,3.987609525731135,0.6895340664657454,3.955829826950434,0
243.552,0.672686267624512,3.9497366708601267,0.6665690756930379,3.9851964547874266,0.6688280701724663,3.9675770814673674,0
243.584,0.6534862680715314,3.949737683651814,0.6379183332964524,3.9261116218824714,0.6449441754383316,3.950991509674351,0
243.616,0.6342862685961889,3.9497387101152417,0.6369597613866177,3.9614097409902413,0.6302304098343058,3.95515942121799,0
243.648,0.6150862691641691,3.9497397472792515,0.6233193879372196,3.9693908012303316,0.6159460010924103,3.9608525970835915,0
243.68,0.5958862697383779,3.949740791481551,0.584230309441879,3.9003221066013967,0.5917397244492821,3.9366410271488026,0
243.71200000000002,0.5766862702813443,3.9497418386048007,0.5425865232357672,3.9177826946810375,0.560558443980958,3.9290983202159273,0
243.744,0.5574862707576421,3.9497428843420606,0.5448562401168527,3.9302306403013274,0.5427575624522462,3.9295518715115616,0
243.776,0.5382862711361702,3.9497439244744856,0.5619755001134171,3.907330655285465,0.5389247375333557,3.920664003080245,0
243.808,0.5190862713921474,3.949744955143363,0.5098745931995331,3.8890314172306457,0.5157846798160641,3.908011579522258,0
243.84,0.49988627150869436,3.949745973098952,0.49615695565364343,3.966939150518977,0.49641359016684783,3.9315832098191077,0
243.872,0.48068627147790655,3.94974697591008,0.44607753800944283,3.9290468980669355,0.4647591693191079,3.930569277098406,0
243.904,0.46148627130135006,3.949747962120971,0.49237502652183324,3.9752902419127345,0.46428551221488473,3.9484582446908734,0
243.936,0.4422862709899547,3.949748931345196,0.4603415611029763,3.9584309005465967,0.45118793178430383,3.952447878655458,0
243.96800000000002,0.42308627056331094,3.9497498842906773,0.36915176266012273,3.9426966640645724,0.40685346414837203,3.9485479553130967,0
244.0,0.40388627004841676,3.9497508227141265,0.368667176029657,3.934384932156131,0.3800589489142714,3.94288330092027,0
244.032,0.3846862694779527,3.9497517493078522,0.38294084505716713,3.924021993491604,0.3696917073845632,3.935339327190184,0
244.064,0.3654862688881916,3.949752667526228,0.33275954435619026,3.9229951700241372,0.34339884218620864,3.930402210294568,0
244.096,0.34628626831667464,3.9497535813630056,0.3709212333276811,3.950600054632486,0.34288779865577024,3.938481893298478,0
244.12800000000001,0.32708626779980043,3.9497544950938335,0.30407555756000093,3.9054261966338415,0.31584290223052874,3.925260161812723,0
244.16,0.30788626737047836,3.9497554130005725,0.35437380567094906,3.959546072360696,0.3197352636199669,3.9389750776131507,0
244.192,0.28868626705599953,3.9497563390951953,0.34523143508346554,3.998264852702207,0.3184137322189411,3.962691545836735,0
244.22400000000002,0.2694862668762638,3.949757276861061,0.29134775996138973,3.966221730575851,0.2960673433298871,3.964104186306205,0
244.256,0.2502862668424805,3.949758229028262,0.21222378606868395,3.9495784529620184,0.2510099204398325,3.958294469166151,0
244.288,0.2310862669564308,3.9497591973975132,0.2555408907696933,3.970301789161333,0.2413023085867079,3.963097983602511,0
244.32,0.21188626721034337,3.9497601827239643,0.21474073288093184,4.003216893583296,0.2191576783198477,3.9791461442297673,0
244.352,0.1926862675873935,3.94976118466841,0.1510602023221919,3.9290937994863886,0.18039868793673586,3.9591258124619095,0
244.38400000000001,0.17348626806279344,3.949762201819061,0.2081949787453182,3.975512201026681,0.17999720427656507,3.9656809821968926,0
244.416,0.15428626860540307,3.949763231782477,0.12455271934918145,3.9676511628064124,0.1462994103223648,3.966469675086257,0
244.448,0.13508626917975272,3.9497642713378025,0.11761687110861763,3.910361944136349,0.12330639465385745,3.944027207435898,0
244.48000000000002,0.11588626974834434,3.9497653166443643,0.14193758315976712,3.9377335003283194,0.11923887007331149,3.9415103508899363,0
244.512,0.09668627027407845,3.949766363489256,0.17118708628658497,3.9511930968114446,0.12849815657565994,3.9453840745045796,0
244.544,0.07748627072264844,3.949767407558949,0.07660656632600879,3.9708344314002115,0.09622152049264053,3.9555648389062497,0
244.576,0.058286271064746334,3.949768444717415,0.059916065429137695,3.9583105861723356,0.07017933848375105,3.9566637535333085,0
244.608,0.039086271277939774,3.949769471272837,0.053133560221491766,3.983886303788018,0.05184102719492475,3.967553381493897,0
244.64000000000001,0.019886271348102027,3.9497704842157004,-0.009332744054419011,3.9358573644976396,0.01585151871076007,3.9548755732591676,0
244.672,0.0006862712703075251,3.9497714814129163,-0.02071501896759199,3.9086269397651625,-0.010295096345544309,3.9363767082959678,0
244.704,-0.01851372895086191,3.94977246174545,-0.08042692075032577,3.978575540693193,-0.04986782609295001,3.953256819377892,0
244.73600000000002,-0.037713729301616275,3.9497734251805783,-0.08360869962356621,3.951294232321042,-0.07488417549117722,3.9524723528490764,0
244.768,-0.0569137297598414,3.9497743727741046,-0.04714558891747688,3.927606605634438,-0.07530874084809434,3.9425266135435284,0
244.8,-0.07611373029651311,3.9497753066023846,-0.10365247337262218,3.946449069212015,-0.09816623384462636,3.9440961483544763,0
244.832,-0.09531373087755143,3.9497762296285366,-0.09351599459559526,3.9088343371668595,-0.1078261381319511,3.9299919715163916,0
244.864,-0.11451373146600109,3.9497771455114585,-0.10658147017639162,3.9393458820541785,-0.11884827093676587,3.9337340809080166,0
244.89600000000002,-0.13371373202440057,3.94977805836996,-0.10133261615439121,3.943384362695664,-0.12336200901083888,3.9375947389435386,0
244.928,-0.1529137325171908,3.949778972517216,-0.14018315529217276,3.9589724604151098,-0.1416104675102653,3.9461463755913138,0
244.96,-0.1721137329130097,3.9497798921826597,-0.17860708615332813,3.9348218872916836,-0.1679291149541455,3.9416171334870214,0
244.99200000000002,-0.19131373318672343,3.949780821239251,-0.22325551046613265,3.9991613055319877,-0.2015796731452607,3.964635362761782,0
245.024,-0.210513733321062,3.9497817629537018,-0.28113015432860416,3.9283214671483937,-0.24491986560450205,3.9501103738318175,0
245.056,-0.22971373330774839,3.9497827197757687,-0.2733496744507422,3.9054099435323186,-0.26781178912842446,3.932230780931691,0
245.088,-0.24891373314804632,3.9497836931801995,-0.23605112610041185,3.997084785868714,-0.26662752390213285,3.9581729724369072,0
245.12,-0.2681137328526857,3.9497846835715342,-0.23295985445372036,3.9762717123158473,-0.2646804561071641,3.965413067970597,0
245.15200000000002,-0.2873137324411706,3.9497856902578996,-0.2712506166824247,3.9725964477999547,-0.27882852032117766,3.9682870286282963,0
245.184,-0.30651373194051384,3.9497867114954963,-0.26866129812833317,3.9733576565146818,-0.28628163142752827,3.970315896154423,0
245.216,-0.32571373138348203,3.9497877446009158,-0.3473026509273586,3.990343473085823,-0.32221003921062696,3.9783275489521257,0
245.24800000000002,-0.3449137308064678,3.949788786124057,-0.3634601411073926,3.9354541331840815,-0.35023007995230454,3.961178807966143,0
245.28,-0.3641137302471307,3.9497898320704934,-0.32607879415731544,3.9761295392944165,-0.35208956561722937,3.9671597265438274,0
245.312,-0.383313729741962,3.9497908781589697,-0.33663923801003487,3.9706530633388786,-0.3574294345573716,3.9685576854146714,0
245.344,-0.4025137293239329,3.9497919200974176,-0.49745230557088793,3.9651658807416506,-0.42495858294604105,3.9672015833071406,0
245.376,-0.4217137290203773,3.9497929538597067,-0.4318682639609611,3.9868733599249553,-0.439242455335639,3.9750709071093464,0
245.40800000000002,-0.4409137288512434,3.9497939759452816,-0.413419372623986,3.9655647385456096,-0.4404332222350692,3.9712690444419074,0
245.44,-0.4601137288278246,3.949794983604943,-0.459203626028242,3.9260095261867765,-0.45946138373694945,3.9531658322509853,0
245.472,-0.47931372895204527,3.949795975018209,-0.48616329200041286,3.9915963196056574,-0.48166214702748483,3.9685386120283477,0
245.50400000000002,-0.4985137292163463,3.9497969494108127,-0.5037947201892878,3.9219800852372915,-0.5020351762778763,3.949915775904887,0
245.536,-0.5177137296041727,3.949797907104757,-0.5446390907223132,3.9397858838383915,-0.5305967420417894,3.9458643841215966,0
245.568,-0.5369137300910339,3.949798849497682,-0.5401068766597559,3.9407592111284155,-0.5459207958755034,3.943822871726039,0
245.6,-0.5561137306460683,3.9497997789728725,-0.5248809307818589,3.982104325756246,-0.5490248498248634,3.9591360037372185,0
245.632,-0.5753137312340156,3.9498006987456966,-0.5838144858627581,3.906287085370373,-0.574460704227019,3.937996982638328,0
245.66400000000002,-0.5945137318174736,3.9498016126563704,-0.5988117221478245,3.967195614684508,-0.5957211113824025,3.9496769800720335,0
245.696,-0.6137137323592975,3.949802524922407,-0.6429096431172228,3.954989493260691,-0.6261165240633388,3.95180253095362,0
245.728,-0.632913732824991,3.9498034398667032,-0.6220150159936657,3.9671782846189925,-0.6359959208223119,3.957953381575989,0
245.76,-0.6521137331849339,3.9498043616387997,-0.6570790786619006,3.957960400904992,-0.655949183944719,3.957956744343768,0
245.792,-0.6713137334163038,3.9498052939472834,-0.6516373737305171,3.942714108232513,-0.6657444598452467,3.9518602527656466,0
245.824,-0.6905137335045629,3.949806239820591,-0.6722678873737896,3.923076023882249,-0.6798738308424332,3.94034713335369,0
245.856,-0.7097137334444105,3.9498072014116357,-0.6839798727758887,3.9400508661558473,-0.6930362476010923,3.9402292087371458,0
245.888,-0.7289137332401373,3.9498081798588625,-0.7355668217291799,3.9485928482832136,-0.721568477237086,3.9435752571322418,0
245.92000000000002,-0.7481137329053538,3.9498091752126987,-0.7041653815659398,3.9575450296127346,-0.7261272389528743,3.949163768542269,0
245.952,-0.7673137324621097,3.9498101864321455,-0.7396669868268955,3.9727180719912205,-0.7430631380862598,3.95858610107254,0
245.984,-0.786513731939463,3.949811211451744,-0.7912402525735973,3.9491336718743497,-0.773853983864579,3.954805747604508,0
246.016,-0.8057137313715924,3.9498122473146045,-0.8224440755118999,3.9439836187096295,-0.8048100205066078,3.9504775191897927,0
246.048,-0.8249137307955794,3.949813290362932,-0.8284612303446488,3.9668594843362257,-0.8257905044247744,3.9570309308759524,0
246.08,-0.8441137302490063,3.949814336473775,-0.8393513783409647,3.9961964723860004,-0.8427348539741983,3.972697772982955,0
246.112,-0.8633137297675291,3.949815381324798,-0.8640828785950013,3.9034235786196674,-0.8627940638056147,3.944988718013943,0
246.144,-0.8825137293825823,3.949816420672956,-0.8941501147180253,3.960910938877781,-0.8868564841539601,3.9513582239816643,0
246.17600000000002,-0.9017137291193632,3.9498174506280934,-0.8790998440463117,3.91220378839643,-0.8952738280946835,3.935697060119387,0
246.208,-0.9209137289952225,3.949818467903838,-0.8788782485390235,3.962829260214928,-0.9002355962566875,3.946550541649193,0
246.24,-0.9401137290185623,3.9498194700295985,-0.918807639602391,3.951206722456654,-0.919184413579768,3.9484136055252455,0
246.272,-0.9593137291883075,3.949820455509996,-0.9124662841665323,3.935877423941488,-0.9280171617998104,3.943399714087892,0
246.304,-0.9785137294939814,3.9498214239214375,-0.9409402579687971,3.978348664704897,-0.9447064002532493,3.957379865422514,0
246.336,-0.9977137299163791,3.9498223759395965,-0.9757083500812803,3.995629726492204,-0.9686271801707516,3.972680371729539,0
246.368,-1.0169137304287952,3.9498233132960108,-0.9790543087940363,3.9387383264139375,-0.9843180316067148,3.959104107766599,0
246.4,-1.03611373099873,3.9498242386665936,-1.0987059523816753,3.947845719559012,-1.0415931999036045,3.954601300920837,0
246.43200000000002,-1.0553137315899666,3.9498251554992305,-1.0426634117346176,3.9996547070857087,-1.0535412846230583,3.972623208456612,0
246.464,-1.0745137321648894,3.9498260677915686,-1.1040427905626478,3.960347967011243,-1.0852618869859683,3.9677136561561435,0
246.496,-1.0937137326869004,3.949826979833321,-1.042105274066836,3.941939889709346,-1.0795192418052992,3.9574046956889326,0
246.528,-1.1129137331227756,3.9498278959296984,-1.0677962723800631,3.9245847976634685,-1.0863500540219877,3.9442772869313973,0
246.56,-1.132113733444814,3.949828820123795,-1.138021804560443,3.9117123040219615,-1.1185387542238503,3.931251850788356,0
246.592,-1.1513137336326364,3.949829755935832,-1.1106769924656494,3.9792651488971047,-1.1269140495066603,3.9504577354235835,0
246.624,-1.1705137336745155,3.94983070613607,-1.1870768051060197,3.941637391214526,-1.1624991517320349,3.9469301727652413,0
246.656,-1.1897137335681456,3.9498316725660443,-1.26440002987436,3.953713632146306,-1.2147795029740913,3.949644141817203,0
246.68800000000002,-1.2089137333208029,3.949832656019649,-1.2553726952925588,3.9023222979896364,-1.2425367798860842,3.9307159998374006,0
246.72,-1.2281137329488785,3.949833656191753,-1.2130345736727786,4.014756547919916,-1.2422558973848652,3.9643328241888316,0
246.752,-1.2473137324768169,3.9498346716976673,-1.2789049732742523,3.9896558209531325,-1.2684355277242738,3.974462636277795,0
246.784,-1.266513731935529,3.949835700162226,-1.257062941805644,3.9876436111600904,-1.2754064933401144,3.9797356460423607,0
246.816,-1.2857137313603857,3.949836738372744,-1.295224281136713,3.9481904845183613,-1.294853608441803,3.967118205420685,0
246.848,-1.3049137307889234,3.949837782486006,-1.3284579446580225,3.9802845785277476,-1.319815342911236,3.972385380304993,0
246.88,-1.3241137302584163,3.949838828275948,-1.3393895176568438,3.954555034086294,-1.339165012792471,3.965253866481847,0
246.912,-1.3433137298034714,3.9498398714060787,-1.3450366430390104,3.9135839666198895,-1.353033664874273,3.9445865276551464,0
246.94400000000002,-1.362513729453804,3.949840907709068,-1.4181500614240719,4.0153271326033035,-1.3906002234777057,3.9728833848643954,0
246.976,-1.3817137292323345,3.949841933455488,-1.4429287457798663,3.9811511835360336,-1.4230516323825164,3.976191111711392,0
247.008,-1.4009137291537284,3.949842945594375,-1.4245101501493884,4.000822906065228,-1.4351550394737167,3.986044427521055,0
247.04,-1.4201137292234651,3.949843941950092,-1.3879882228000282,3.9369633886683224,-1.4278083127892314,3.966412599878443,0
247.072,-1.4393137294374962,3.949844921362792,-1.3983892491822998,3.9543960296595384,-1.4275606873319817,3.961606549314962,0
247.104,-1.4585137297825106,3.9498458837634125,-1.519691620146417,3.9558898526749546,-1.4759330604437704,3.959320438271911,0
247.136,-1.4777137302367866,3.9498468301783505,-1.4007432881590645,3.968224602558461,-1.4573771515163236,3.962882662789927,0
247.168,-1.4969137307715805,3.9498477626635027,-1.4294417339810785,3.947058681845828,-1.4577229844889896,3.9565536220751003,0
247.20000000000002,-1.5161137313529611,3.9498486841719065,-1.516442427889704,3.978874996851176,-1.4927307618362602,3.9654827186366326,0
247.232,-1.535313731943979,3.9498495983635062,-1.4938660827738273,3.9492323382005465,-1.504704890198377,3.958983110553172,0
247.264,-1.5545137325070342,3.9498505093692944,-1.5803486497220192,3.9476958767011845,-1.546482393994912,3.9544687611594824,0
247.296,-1.5737137330062918,3.9498514215250284,-1.5856768086066668,3.970524241801382,-1.5736801598265648,3.9608915002317318,0
247.328,-1.5929137334099925,3.9498523390916875,-1.6036661695546701,3.916949981926795,-1.5971945637045226,3.9433154448334102,0
247.36,-1.612113733692508,3.9498532659806886,-1.5740021592600892,3.9281304851488144,-1.599437601913132,3.937242020101321,0
247.392,-1.6313137338360075,3.9498542055015804,-1.6091836408595521,3.997436531156549,-1.6148560174776674,3.961320392527205,0
247.424,-1.6505137338316234,3.9498551601484886,-1.62688197069395,3.966151358426227,-1.6311863987496702,3.9632533568245014,0
247.45600000000002,-1.6697137336800363,3.94985613143909,-1.7181087199454712,3.905306946856061,-1.6774753272129663,3.9400753811392155,0
247.488,-1.6889137333914392,3.9498571198165062,-1.7213890208270288,3.9417701808509635,-1.7065608046430478,3.9407538994516704,0
247.52,-1.7081137329848821,3.9498581246204605,-1.6870397618799662,3.9036194003474054,-1.7102723875217816,3.925900707470643,0
247.552,-1.7273137324870365,3.949859144129568,-1.740905938302914,3.9487398996247256,-1.7340458078177754,3.9350369997365364,0
247.584,-1.7465137319304642,3.9498601756720544,-1.7150820549031716,3.9756429956523087,-1.7379803066351478,3.9512800192606354,0
247.616,-1.7657137313515057,3.94986121579778,-1.7618640971844763,3.9397901239099093,-1.7590538228378927,3.9466846856690836,0
247.648,-1.7849137307879248,3.9498622605004936,-1.7522915947695559,3.9515379290231594,-1.7678689315935157,3.9486266083675234,0
247.68,-1.8041137302764692,3.949863305476,-1.770469372884125,4.009191293558627,-1.7804291080928123,3.972853105972141,0
247.71200000000002,-1.8233137298505029,3.949864346399609,-1.8303713621709605,3.9781906987680027,-1.8119260097073644,3.9749887622694815,0
247.744,-1.8425137295378649,3.949865379204976,-1.8426266550232837,3.8799289630665776,-1.8357262678173905,3.936965455176289,0
247.776,-1.8617137293590889,3.9498664003463704,-1.8521289269589363,3.926833918704555,-1.853807331458129,3.9329134447660117,0
247.808,-1.880913729326097,3.949867407027441,-1.9208839939537314,3.9603092708630108,-1.8921579964410118,3.9438723696958453,0
247.84,-1.9001137294414454,3.9498683973817332,-1.8897295684827398,3.9223966357897555,-1.902706625242887,3.9352826602824753,0
247.872,-1.9193137296981688,3.949869370593297,-1.8984888848359793,3.9791352548481056,-1.9125395290658327,3.952824271926872,0
247.904,-1.938513730080229,3.9498703269495934,-1.9397146561756093,3.946414572778261,-1.9349295798959254,3.9502609564308173,0
247.936,-1.9577137305635415,3.949871267823272,-1.9304819259792791,3.9169720711759792,-1.9446705183158433,3.936945958135395,0
247.96800000000002,-1.9769137311175113,3.9498721955839673,-2.0517774702727567,3.945342249816551,-1.9990332990854807,3.940305024093576,0
248.0,-1.9961137317069872,3.9498731134457863,-2.0318339169604194,3.890588580336247,-2.023673546222512,3.920418991611607,0
248.032,-2.0153137322945085,3.949874025260298,-1.9952205993334875,3.8902051461029705,-2.0238123674540263,3.9083339966949904,0
248.064,-2.0345137328427065,3.9498749352683573,-2.038132139388459,3.939973976823554,-2.0410602762148735,3.9209905329412367,0
248.096,-2.053713733316706,3.9498758478267515,-2.0417306305397416,3.9875566440662813,-2.0528484179317315,3.947617525077281,0
248.12800000000001,-2.072913733686377,3.949876767127289,-2.0543016410155293,3.964094559254906,-2.0649497071518925,3.954208892283293,0
248.16,-2.0921137339282856,3.949877696926435,-2.1595226397056444,3.9172563633212842,-2.114298880159673,3.939428442062502,0
248.192,-2.111313734027219,3.949878640302933,-2.1354555149504413,3.953424814549894,-2.134281534061821,3.945027561725212,0
248.22400000000002,-2.1305137339771827,3.949879599459042,-2.1060389749707653,3.9508569623422023,-2.1345045104107463,3.947359902817505,0
248.256,-2.149713733781799,3.949880575578222,-2.1370176042090145,3.934728068288528,-2.1470297479148805,3.9423077602459156,0
248.288,-2.1689137334540796,3.949881568748456,-2.1563749824691922,3.980667169959387,-2.162287841720917,3.9576521253111325,0
248.32,-2.1881137330155864,3.949882577956181,-2.1629004433562073,3.9231134954524283,-2.1740528823588705,3.9438372833902813,0
248.352,-2.207313732495033,3.9498836011512295,-2.180650083523323,3.9586453199702007,-2.188211762808091,3.9497611152188132,0
248.38400000000001,-2.226513731926424,3.9498846353786363,-2.212045335033956,3.9844789080592298,-2.209265191681587,3.963648854592169,0
248.416,-2.2457137313468496,3.9498856769688206,-2.256020711164411,3.9547549553503414,-2.239487399457711,3.960091919712872,0
248.448,-2.264913730794086,3.9498867217739178,-2.2466381515785905,3.934780210136811,-2.2538677002890495,3.949967860651181,0
248.48000000000002,-2.28411373030416,3.9498877654350326,-2.2766718107764325,3.954418872142814,-2.274509344467133,3.9517488873397872,0
248.512,-2.303313729909029,3.9498888036632063,-2.2975783037104507,4.004904749412112,-2.2952569281478747,3.973011849126112,0
248.544,-2.322513729634536,3.9498898325159795,-2.2689368053958696,3.9291510904880336,-2.2962488790308893,3.9554681553647715,0
248.576,-2.3417137294987596,3.949890848651731,-2.3735611306067033,3.894538447761746,-2.338693779645519,3.931096873091228,0
248.608,-2.360913729510864,3.9498918495453763,-2.349029674181488,3.9278126033034484,-2.3543481374447452,3.9297837559284616,0
248.64000000000001,-2.380113729670524,3.949892833651513,-2.3872713831082573,3.901236584912447,-2.3790374356955315,3.918365467814067,0
248.672,-2.3993137299679494,3.949893800504467,-2.396852909882935,3.95201965808483,-2.3976836253563882,3.9318277139820887,0
248.704,-2.4185137303845137,3.9498947507487676,-2.415500387523484,3.9870138026856554,-2.416330330209574,3.953902710177611,0
248.73600000000002,-2.437713730893943,3.9498956860980536,-2.4064541122387366,3.9718779300536475,-2.423899843007953,3.961093350984917,0
248.768,-2.456913731463992,3.949896609225031,-2.453056816616322,3.9306121186330314,-2.4470826324382755,3.948901405038291,0
248.8,-2.4761137320585003,3.9498975235895455,-2.4486374713357,3.8842073363400154,-2.4592245679843683,3.923024321062415,0
248.832,-2.495313732639704,3.949898433215828,-2.5379496803257777,3.9349230143846117,-2.502234612908085,3.927784341000928,0
248.864,-2.5145137331706566,3.9498993424332483,-2.5512488706692396,3.931460872243012,-2.5333603159996114,3.929255497867938,0
248.89600000000002,-2.533713733617605,3.9499002555972766,-2.533410281378324,3.9192649928212,-2.5449003021379624,3.925259844520599,0
248.928,-2.5529137339521686,3.949901176808631,-2.477428136180519,3.93361331867337,-2.5294314357415493,3.928601789417269,0
248.96,-2.5721137341531786,3.94990210964871,-2.619142676687685,3.9248204996959775,-2.576835932106177,3.9270898371678604,0
248.99200000000002,-2.591313734208058,3.9499030569483824,-2.620166389693055,3.9306213924169406,-2.6056881151266413,3.9285030326069763,0
249.024,-2.6105137341136446,3.9499040206050426,-2.59852603667379,3.98188068486861,-2.6143432837307063,3.9498546772219045,0
249.056,-2.6297137338764087,3.9499050014597556,-2.644116077651875,3.952764843957346,-2.6377724012838555,3.951019337997591,0
249.088,-2.6489137335120394,3.9499059992424366,-2.652972653462261,3.976039482021133,-2.6553725021393912,3.9610279993898407,0
249.12,-2.668113733044432,3.949907012588631,-2.6897183766216295,3.971230099467385,-2.680630851916005,3.9651094516075753,0
249.15200000000002,-2.6873137325041396,3.9499080391268584,-2.6693527236627124,3.9377630744115106,-2.6876396005980387,3.954171519478087,0
249.184,-2.7065137319263965,3.9499090756309183,-2.7260614292532774,3.9209997723585897,-2.7145283320432347,3.94090344367398,0
249.216,-2.7257137313488355,3.949910118227385,-2.737700404814008,3.9361516415314908,-2.7353171611345353,3.9390033476080992,0
249.24800000000002,-2.744913730809059,3.949911162644945,-2.7912211206073656,3.975787030160673,-2.7691987449067,3.953717444504526,0
249.28,-2.764113730342219,3.9499122044895327,-2.748247744980751,4.002353494965202,-2.772338344919546,3.9731724850411387,0
249.312,-2.7833137299787603,3.9499132395275462,-2.803946887788134,3.921496493880172,-2.796501762050533,3.9525027030226325,0
249.344,-2.8025137297424734,3.9499142639588927,-2.7193272377096855,3.9204441339481333,-2.7771519522981816,3.939679881926568,0
249.376,-2.8217137296489807,3.949915274662265,-2.826143059455013,3.948163906999432,-2.8082683951454124,3.943074089078893,0
249.40800000000002,-2.8409137297047464,3.9499162693968164,-2.882461251054865,3.9242429790575004,-2.849465537494237,3.935542231888757,0
249.44,-2.86011372990667,3.9499172469472095,-2.8483058561268546,3.979359932856963,-2.860521664932869,3.9530698885577653,0
249.472,-2.879313730242288,3.9499182072026593,-2.923021899951206,3.9140011855947314,-2.8970417589262887,3.9374429735633116,0
249.50400000000002,-2.8985137306905733,3.949919151164823,-2.9113615106251447,3.9249190589928764,-2.914289659592346,3.9324339649300573,0
249.536,-2.917713731223268,3.9499200808839845,-2.9508306534165345,3.9153119498748654,-2.9404260571088723,3.9255857087814214,0
249.568,-2.9369137318066882,3.9499209993276003,-3.0059009397086816,3.931499430526692,-2.978136010135874,3.927951742177536,0
249.6,-2.956113732403866,3.9499219101896204,-2.9660715889083895,4.024998365069197,-2.9848302416320687,3.966770933336452,0
249.632,-2.9753137329769133,3.949922817652841,-2.9653395943354277,3.8765658598035464,-2.988553982700592,3.9306894458834445,0
249.66400000000002,-2.9945137334894474,3.949923726119564,-3.00511895201844,3.981846902355765,-3.006699970414786,3.9511529730470647,0
249.696,-3.0137137339089306,3.949924639927896,-2.9983390935219476,3.906733856869165,-3.0148756196444704,3.9333858762534204,0
249.728,-3.032913734208768,3.949925563071958,-3.040179595688261,3.91253819441404,-3.0365172100484727,3.9250473604573406,0
249.76000000000002,-3.052113734370034,3.949926498944036,-3.0382621529365466,3.9538991053799686,-3.04873518718977,3.93658862431907,0
249.792,-3.071313734382701,3.9499274501153057,-3.102808315535715,3.880134954938262,-3.0818844385137343,3.914007732525354,0
249.824,-3.090513734246302,3.9499284181692866,-3.092697470753263,3.950550979493991,-3.097729651394613,3.928625617800056,0
249.856,-3.1097137339699703,3.949929403598801,-3.114826440215689,3.9518046098402135,-3.1160883669075847,3.9378978114140635,0
249.888,-3.1289137335718538,3.9499304057731304,-3.107531950732122,3.9464896252665844,-3.1241858004214427,3.941335143178522,0
249.92000000000002,-3.1481137330779467,3.9499314229775453,-3.1405966155399976,3.9793762867809885,-3.1422701264524737,3.9565522147724272,0
249.952,-3.1673137325204084,3.949932452522728,-3.1264181146332217,3.9238055843159283,-3.147449321708047,3.9434541826611547,0
249.984,-3.186513731935487,3.9499334909171058,-3.152128597743703,3.95648463467599,-3.160841032105375,3.948666987059841,0
250.016,-3.2057137313611817,3.9499345340910494,-3.227660690691226,4.055803168050861,-3.199088895522719,3.9915220839416046,0
250.048,-3.2249137308347953,3.9499355776585543,-3.2372004635246983,3.940816390580604,-3.225853522706606,3.971240429283684,0
250.08,-3.244113730390543,3.9499366171995853,-3.276618783956332,3.946439610441637,-3.2576796271898316,3.9613207200537364,0
250.112,-3.263313730057365,3.949937648544921,-3.251828351562361,3.983867581831098,-3.2668591169225483,3.970340076388408,0
250.144,-3.28251372985708,3.9499386680451596,-3.369143431917084,3.9672022996791596,-3.3192928429045363,3.9690855687677375,0
250.17600000000002,-3.3017137298030037,3.949939672806543,-3.2607653466951483,3.902805526506837,-3.3074018444054873,3.9425741450356586,0
250.208,-3.3209137298991083,3.9499406608783802,-3.306319462960645,3.9665709299201883,-3.3184888918128115,3.952173441574849,0
250.24,-3.340113730139773,3.94994163137994,-3.319820198465221,3.9675246683453094,-3.3305414144595753,3.9583145042649157,0
250.272,-3.359313730510146,3.949942584558576,-3.388252384242322,3.9165069324742094,-3.3651458023589607,3.9415920375919336,0
250.304,-3.3785137309870863,3.949943521775258,-3.3714701529975217,3.961412134781098,-3.379195542601079,3.9495206298767767,0
250.336,-3.397713731540632,3.9499444454183457,-3.4479750815949055,3.9604043069913493,-3.418227358185609,3.9538746473584485,0
250.368,-3.4169137321359,3.94994535875107,-3.4428583479509864,3.9413906843437867,-3.439599754078952,3.9488816043130344,0
250.4,-3.4361137327353015,3.949946265702443,-3.41740463543031,3.9100320475088397,-3.44224170660676,3.933342321863999,0
250.43200000000002,-3.455313733300935,3.949947170614988,-3.4304263681761613,3.935914735849395,-3.4490355712217378,3.9343718285538327,0
250.464,-3.474513733797005,3.9499480779654514,-3.4298182736072325,3.934066502531162,-3.452868652162989,3.934250242722988,0
250.496,-3.493713734192116,3.9499489920764366,-3.507299249688878,3.9349066898311493,-3.486160891160126,3.9345133720636642,0
250.528,-3.512913734461291,3.949949916837489,-3.532357903221111,3.876529432186927,-3.5161596959709343,3.9113203545858553,0
250.56,-3.5321137345875835,3.9499508554536003,-3.531207480334179,3.9357236391078163,-3.5336988097022006,3.9210822363856868,0
250.592,-3.5513137345631773,3.9499518102373306,-3.552900592769375,3.9564227319685474,-3.5528995229145357,3.9352190130567104,0
250.624,-3.5705137343898996,3.9499527824580047,-3.555723063120637,3.970813205786214,-3.5655489389819097,3.9494572792868095,0
250.656,-3.5897137340791128,3.9499537722577585,-3.5960037689867885,3.9607916730294437,-3.5892508709682667,3.953991636183342,0
250.68800000000002,-3.6089137336509873,3.9499547786399516,-3.6381144086561514,3.9887793049707274,-3.6203162860273377,3.967907312253701,0
250.72,-3.6281137331332096,3.94995579953082,-3.619607388401796,3.947359603561532,-3.631552726960626,3.9596888447865974,0
250.752,-3.647313732559203,3.949956831910541,-3.627308903680293,3.898509145499554,-3.6413751976316955,3.9352175863462238,0
250.784,-3.666513731965985,3.9499578720054234,-3.667874890329538,3.9595572028320127,-3.66349507469387,3.9449540569416905,0
250.816,-3.6857137313917967,3.949958915528997,-3.700202096104248,3.9077867788363583,-3.6896978832410454,3.930087769703675,0
250.848,-3.7049137308736655,3.9499599579566307,-3.7129129538134196,3.931461190049227,-3.710503911453163,3.9306377591143136,0
250.88,-3.72411373044505,3.9499609948161116,-3.7146387647009327,3.993091886710257,-3.7236778527357295,3.9556200261237855,0
250.912,-3.7433137301337203,3.9499620219755847,-3.7314223854039676,3.9335578791246166,-3.7382956657868984,3.946795775755122,0
250.94400000000002,-3.7625137299600127,3.949963035910372,-3.7454166139993816,3.8972594666815117,-3.7526640450562723,3.9269818512536774,0
250.976,-3.781713729935551,3.9499640339315114,-3.805668801297924,3.975323323698574,-3.785385947537873,3.946319028884411,0
251.008,-3.8009137300625255,3.9499650143612826,-3.7564538219090475,3.9512603081899043,-3.7853330972718524,3.9482961182798784,0
251.04,-3.820113730333562,3.949965976644329,-3.7942232620964393,3.945420617346225,-3.800409163187739,3.9471464847984477,0
251.072,-3.8393137307321927,3.9499669213871056,-3.819044723634493,3.985567403098042,-3.8193833873529712,3.9625154091195247,0
251.104,-3.85851373123389,3.9499678503229245,-3.8571376923507996,3.9741169504240528,-3.8460051093390213,3.967156574279617,0
251.136,-3.877713731807608,3.949968766204636,-3.8431679639201213,3.92742867240418,-3.8563902511586594,3.951265955874125,0
251.168,-3.8969137324177248,3.9499696726315876,-3.9158296326718776,3.932159488840218,-3.8916860037513032,3.943623907591621,0
251.20000000000002,-3.916113733026279,3.9499705738217226,-3.9085432854184714,3.913705796672398,-3.909948916405561,3.9316572006742367,0
251.232,-3.9348356715770616,3.949971538892366,-3.961771387075928,3.945338333235201,-3.941888521003162,3.9371301412008552,0
251.264,-3.95296560635561,3.9499723739882113,-3.959143913776965,4.016634189670639,-3.9596418332234355,3.9689321893608343,0
251.296,-3.970508711876246,3.9499730733736804,-3.933592925740623,3.9479795031670775,-3.959725330594208,3.96055149377087,0
251.328,-3.987482299770053,3.949973680773981,-3.964722908809909,3.967132338236986,-3.971890594618798,3.9631841720456813,0
251.36,-4.003905622134968,3.949974227297224,-3.952830783288029,3.971665418720219,-3.9741070099373346,3.9665769836654343,0
251.392,-4.019797643917434,3.9499747340073825,-3.987886799334652,3.9810388393828355,-3.98914393775763,3.972362020693882,0
251.424,-4.035176572437614,3.9499752162859725,-4.059732941485286,3.9605521343486925,-4.026599424491697,3.967638350266112,0
251.45600000000002,-4.050059810365253,3.9499756856746364,-4.018207403900399,3.9482299396508873,-4.03216722607043,3.9598752653547002,0
251.488,-4.064464002572627,3.949976150649889,-4.115519989324604,3.9608393877641777,-4.074147183018967,3.9602611931595613,0
251.52,-4.078405096484691,3.9499766171121573,-4.057894665636928,3.9157390821873164,-4.076008467222451,3.9424526300317897,0
251.552,-4.091898397747708,3.949977088820373,-4.107993098945037,3.974846008189198,-4.096896942064467,3.955410266747915,0
251.584,-4.104958618276705,3.949977567808604,-4.104210501331909,3.9261560373555917,-4.107657916539944,3.9437088654915913,0
251.616,-4.117599917238123,3.9499780547735672,-4.1009004108171485,4.02855400724551,-4.1125397087849045,3.9776472178891256,0
251.648,-4.129835936132772,3.9499785494186366,-4.112217579199821,3.980415918004135,-4.119752938544596,3.9787549984518615,0
251.68,-4.141679829082653,3.9499790507465606,-4.110074050549587,3.9494059150749417,-4.122988533377219,3.9670156696989376,0
251.71200000000002,-4.153144289240014,3.9499795572996224,-4.15235479965448,3.9407114392373033,-4.141614787173776,3.9564942852182,0
251.744,-4.164241572056497,3.94998006735042,-4.205028980418488,3.9646508992057052,-4.173640094121945,3.959757240516356,0
251.776,-4.174983515999192,3.9499805790488582,-4.169001009571756,3.951544709629814,-4.1782310221217305,3.9564725387057917,0
251.808,-4.18538156117909,3.9499810905318684,-4.164111939649176,3.9784053956500807,-4.178823705628535,3.9652459917188208,0
251.84,-4.195446766261215,3.949981600002389,-4.196803295717151,3.946926466977757,-4.192056215692033,3.9579184906514393,0
251.872,-4.205189823949702,3.9499821057836044,-4.224329244084621,3.9322287035112438,-4.210812849139245,3.947642882202387,0
251.904,-4.214621075281104,3.949982606353698,-4.266004657793067,3.925337967962974,-4.238549927983058,3.9387212195763683,0
251.936,-4.223750522911877,3.9499831003655386,-4.265610482496102,3.9125599904463844,-4.254853425144752,3.9282570268522057,0
251.96800000000002,-4.23258784354865,3.949983586654962,-4.180863253632754,3.925664413365594,-4.2305613465017,3.927220275553049,0
252.0,-4.241142399640405,3.949984064240594,-4.21631204237118,3.9273347812658557,-4.229995938254822,3.9272663665238143,0
252.032,-4.249423250428413,3.949984532317584,-4.288504579284503,3.988459918317013,-4.258369460594899,3.951744070047533,0
252.064,-4.257439162431364,3.949984990247116,-4.249383065701253,3.9435758508075236,-4.259585976230376,3.948477058910375,0
252.096,-4.265198619428575,3.9499854375431704,-4.22022728425412,3.9202995833819045,-4.248499667522235,3.9372063387341187,0
252.12800000000001,-4.272709831992645,3.9499858738576705,-4.253655402195434,3.9562661310323777,-4.2550701478994295,3.9448305189714543,0
252.16,-4.279980746613784,3.949986298964899,-4.259403579878751,3.9513921142947193,-4.26116749191776,3.947455413581189,0
252.192,-4.287019054450787,3.9499867127458423,-4.275036253475196,3.951251949104984,-4.270939366206542,3.948974277376143,0
252.22400000000002,-4.2938321997378734,3.9499871151729615,-4.309388754634014,3.929348687960745,-4.29040835573281,3.941124284296746,0
252.256,-4.300427387871994,3.94998750629574,-4.294801080046432,3.967953256300728,-4.296123867223978,3.9518561089276187,0
252.288,-4.306811593201555,3.949987886227255,-4.3245481621231034,3.946736584949657,-4.311325379337131,3.9498085283861597,0
252.32,-4.312991566534557,3.949988255131922,-4.298851801109725,3.947395016439715,-4.310045165457309,3.948843345985057,0
252.352,-4.318973842381776,3.949988613214503,-4.314190591192905,3.9664778868365134,-4.315293897674664,3.9558973781609965,0
252.38400000000001,-4.3247647459487135,3.949988960710396,-4.347008604394379,4.001001378120093,-4.331455482589372,3.9739391875851,0
252.416,-4.330370399888491,3.9499892978772,-4.306287266521824,3.9936058720527434,-4.324752713040665,3.98180606457711,0
252.448,-4.335796730826576,3.9499896249874986,-4.292437803547186,3.9840631975941063,-4.315083637565918,3.982709114920689,0
252.48000000000002,-4.341049475667236,3.9499899423227935,-4.342346482880454,3.9135051113253523,-4.329141478460344,3.955027704722969,0
252.512,-4.346134187690694,3.9499902501685042,-4.326270046867463,3.907730506702343,-4.331044755890841,3.936109011032186,0
252.544,-4.351056242449305,3.9499905488099265,-4.273236714067409,3.913725312049268,-4.310875762758246,3.927155711406283,0
