# Blender 5.0.1
# www.blender.org
mtllib taraxacum.mtl
o taraxacum
v 3.551067 2.731256 -0.000461
v 3.511406 2.700786 -0.004981
v 3.551278 2.731054 -0.000466
v 3.514106 2.699200 -0.003173
v 3.545999 2.727000 0.002119
v 3.543287 2.724573 0.003513
v 3.540411 2.721872 0.004713
v 3.537487 2.719070 0.005464
v 3.534652 2.716360 0.005726
v 3.531732 2.713614 0.005718
v 3.528392 2.710671 0.005636
v 3.525303 2.708283 0.005107
v 3.521944 2.706153 0.003623
v 3.518983 2.704688 0.001338
v 3.514409 2.702535 -0.002730
v 3.518278 2.698694 -0.000374
v 3.522663 2.699524 0.002946
v 3.523408 2.704436 0.004009
v 3.529366 2.703223 0.007122
v 3.529264 2.709676 0.006115
v 3.534351 2.709332 0.008111
v 3.536093 2.714501 0.005210
v 3.540463 2.716182 0.006595
v 3.541447 2.720435 0.004490
v 3.544616 2.722198 0.004157
v 3.546697 2.725802 0.001950
v 3.550941 2.731501 -0.000372
v 3.510940 2.703296 -0.002701
v 3.512482 2.706232 0.000450
v 3.515156 2.708447 0.004564
v 3.520654 2.707863 0.004423
v 3.521482 2.712641 0.007892
v 3.527627 2.711649 0.006373
v 3.528812 2.716763 0.007978
v 3.533056 2.718192 0.005612
v 3.534725 2.721153 0.007218
v 3.539233 2.723194 0.004861
v 3.541116 2.726051 0.004786
v 3.545282 2.727635 0.002254
v 3.551692 2.730212 -0.000373
v 3.584507 2.695953 -0.000540
v 3.551841 2.730413 -0.000490
v 3.585914 2.699043 -0.000164
v 3.556893 2.726870 0.002238
v 3.559813 2.725097 0.003608
v 3.562967 2.723139 0.004789
v 3.566122 2.721002 0.005572
v 3.569078 2.718780 0.005929
v 3.572018 2.716398 0.006070
v 3.575187 2.713638 0.006217
v 3.577718 2.710915 0.006048
v 3.579853 2.707627 0.005198
v 3.581151 2.704386 0.003711
v 3.582938 2.699198 0.000977
v 3.586327 2.703670 0.000916
v 3.585607 2.708551 0.002722
v 3.581266 2.709178 0.004672
v 3.582109 2.715542 0.005326
v 3.576057 2.714639 0.006125
v 3.576009 2.719809 0.006289
v 3.570428 2.720032 0.004595
v 3.568522 2.724219 0.004953
v 3.564061 2.724095 0.003933
v 3.561899 2.726661 0.003176
v 3.557834 2.727526 0.001586
v 3.551509 2.730111 -0.000198
v 3.582794 2.696078 0.002198
v 3.580568 2.698227 0.005217
v 3.579028 2.701740 0.008555
v 3.578675 2.706609 0.006695
v 3.574958 2.708088 0.010662
v 3.574578 2.713122 0.007323
v 3.570102 2.714295 0.009664
v 3.567638 2.717191 0.006757
v 3.565040 2.718956 0.008412
v 3.561983 2.722042 0.005593
v 3.559085 2.723469 0.005709
v 3.556457 2.726230 0.002724
v 3.552448 2.731242 -0.000293
v 3.589143 2.726690 -0.006196
v 3.552438 2.731458 -0.000311
v 3.588618 2.729024 -0.004955
v 3.557505 2.731008 0.001268
v 3.560287 2.730964 0.002102
v 3.563288 2.730972 0.002771
v 3.566342 2.730985 0.003098
v 3.569273 2.730973 0.003070
v 3.572252 2.730921 0.002839
v 3.575554 2.730754 0.002535
v 3.578408 2.730398 0.001943
v 3.581223 2.729718 0.000660
v 3.583434 2.728852 -0.001165
v 3.586761 2.727426 -0.004374
v 3.586804 2.731597 -0.002888
v 3.584218 2.733593 -0.000335
v 3.581346 2.731413 0.000828
v 3.578958 2.735304 0.003085
v 3.575627 2.731761 0.002821
v 3.573195 2.734682 0.004311
v 3.569431 2.732685 0.002557
v 3.566302 2.734125 0.003740
v 3.563462 2.732264 0.002504
v 3.560837 2.732952 0.002410
v 3.557738 2.732001 0.001058
v 3.552394 2.731050 -0.000210
v 3.588228 2.725222 -0.004319
v 3.586066 2.724611 -0.001752
v 3.583727 2.725019 0.001485
v 3.581076 2.728177 0.001373
v 3.578366 2.726229 0.004310
v 3.575501 2.729872 0.003150
v 3.572320 2.727839 0.004732
v 3.569175 2.729162 0.003112
v 3.566846 2.728529 0.004536
v 3.563246 2.729662 0.002971
v 3.560759 2.729113 0.003143
v 3.557568 2.730304 0.001412
v 3.551761 2.731961 -0.000335
v 3.523911 2.758292 0.000798
v 3.551638 2.731781 -0.000288
v 3.523437 2.756232 0.002574
v 3.548558 2.735528 0.002202
v 3.546738 2.737422 0.003599
v 3.544661 2.739395 0.004904
v 3.542416 2.741361 0.005897
v 3.540152 2.743232 0.006517
v 3.537800 2.745144 0.006942
v 3.535239 2.747345 0.007334
v 3.533025 2.749381 0.007295
v 3.530777 2.751573 0.006492
v 3.528905 2.753476 0.004981
v 3.525988 2.756384 0.002228
v 3.524122 2.753252 0.004923
v 3.525906 2.750290 0.007389
v 3.529780 2.750322 0.007195
v 3.530226 2.745948 0.009999
v 3.534714 2.746620 0.007930
v 3.535468 2.742908 0.009698
v 3.538872 2.741916 0.006586
v 3.540894 2.738907 0.007457
v 3.543696 2.738449 0.005083
v 3.545296 2.736223 0.004621
v 3.547737 2.734865 0.002356
v 3.551942 2.732088 -0.000326
v 3.526129 2.759077 0.001935
v 3.529071 2.758461 0.003714
v 3.531814 2.756993 0.006401
v 3.532024 2.752783 0.006668
v 3.536283 2.752921 0.008270
v 3.536003 2.748078 0.007639
v 3.540184 2.747841 0.007821
v 3.541272 2.744615 0.005984
v 3.543944 2.743790 0.006631
v 3.545510 2.740431 0.004687
v 3.547801 2.739305 0.004131
v 3.548961 2.736144 0.002138
v 5.101579 3.262613 -0.000376
v 5.085172 3.299735 -0.003401
v 5.101379 3.262486 -0.000376
v 5.083442 3.297908 -0.001900
v 5.099266 3.267413 0.001803
v 5.097910 3.270010 0.002983
v 5.096366 3.272790 0.004013
v 5.094743 3.275629 0.004681
v 5.093163 3.278382 0.004950
v 5.091568 3.281212 0.005001
v 5.089896 3.284409 0.004996
v 5.088603 3.287304 0.004618
v 5.087543 3.290366 0.003460
v 5.086914 3.292990 0.001638
v 5.086017 3.297023 -0.001614
v 5.082297 3.294710 0.000382
v 5.082175 3.291084 0.003057
v 5.085918 3.289544 0.003812
v 5.083879 3.285075 0.006364
v 5.088954 3.283913 0.005407
v 5.087744 3.279967 0.007036
v 5.091412 3.277610 0.004573
v 5.091919 3.273840 0.005662
v 5.095031 3.272253 0.003864
v 5.095798 3.269420 0.003559
v 5.098184 3.267095 0.001693
v 5.101798 3.262664 -0.000310
v 5.087286 3.299607 -0.001610
v 5.089366 3.297812 0.000880
v 5.090681 3.295261 0.004166
v 5.089155 3.291047 0.004069
v 5.092829 3.289457 0.006775
v 5.090828 3.284819 0.005572
v 5.094657 3.282892 0.006761
v 5.094911 3.279285 0.004816
v 5.096953 3.277392 0.006053
v 5.097637 3.273461 0.004103
v 5.099519 3.271427 0.003981
v 5.099906 3.267853 0.001899
v 5.100639 3.262322 -0.000281
v 5.067341 3.243114 0.000361
v 5.100765 3.262167 -0.000380
v 5.069508 3.241408 0.000599
v 5.097060 3.258863 0.001911
v 5.095130 3.256901 0.003063
v 5.093007 3.254792 0.004065
v 5.090732 3.252718 0.004749
v 5.088420 3.250819 0.005089
v 5.085982 3.248965 0.005258
v 5.083201 3.247003 0.005440
v 5.080565 3.245538 0.005365
v 5.077548 3.244496 0.004750
v 5.074715 3.244107 0.003617
v 5.070230 3.243715 0.001517
v 5.073092 3.240184 0.001373
v 5.077110 3.239800 0.002729
v 5.078484 3.243087 0.004291
v 5.083342 3.241191 0.004682
v 5.083818 3.246125 0.005344
v 5.087899 3.245164 0.005363
v 5.089116 3.249521 0.003982
v 5.092786 3.250210 0.004178
v 5.093528 3.253750 0.003351
v 5.095949 3.254959 0.002680
v 5.097381 3.257999 0.001369
v 5.100598 3.262486 -0.000137
v 5.067829 3.244426 0.002575
v 5.070014 3.245749 0.004972
v 5.073148 3.246268 0.007598
v 5.077007 3.245614 0.005984
v 5.078974 3.248235 0.009162
v 5.082936 3.247577 0.006347
v 5.084774 3.250863 0.008213
v 5.087466 3.252256 0.005793
v 5.089393 3.253952 0.007093
v 5.092350 3.255775 0.004739
v 5.094036 3.257780 0.004800
v 5.096652 3.259328 0.002319
v 5.101305 3.261528 -0.000238
v 5.090506 3.233553 -0.004891
v 5.101476 3.261494 -0.000258
v 5.092471 3.233509 -0.003938
v 5.100177 3.257587 0.001035
v 5.099622 3.255402 0.001714
v 5.099063 3.253035 0.002258
v 5.098491 3.250627 0.002525
v 5.097914 3.248323 0.002506
v 5.097293 3.245989 0.002322
v 5.096517 3.243424 0.002082
v 5.095673 3.241249 0.001612
v 5.094566 3.239171 0.000590
v 5.093418 3.237607 -0.000867
v 5.091584 3.235277 -0.003434
v 5.094890 3.234431 -0.002321
v 5.097015 3.236070 -0.000299
v 5.095880 3.238746 0.000689
v 5.099451 3.239863 0.002430
v 5.097301 3.243170 0.002292
v 5.100101 3.244514 0.003432
v 5.099220 3.247870 0.002052
v 5.100983 3.250049 0.002976
v 5.100041 3.252650 0.002014
v 5.101087 3.254583 0.001921
v 5.100909 3.257212 0.000843
v 5.101166 3.261607 -0.000167
v 5.089568 3.234549 -0.003339
v 5.089561 3.236356 -0.001248
v 5.090403 3.238104 0.001363
v 5.093398 3.239581 0.001201
v 5.092452 3.242077 0.003621
v 5.095846 3.243633 0.002599
v 5.094895 3.246523 0.003923
v 5.096509 3.248749 0.002579
v 5.096492 3.250699 0.003745
v 5.098045 3.253320 0.002449
v 5.098097 3.255383 0.002598
v 5.099614 3.257673 0.001167
v 5.102003 3.261930 -0.000289
v 5.128124 3.278758 0.000029
v 5.101885 3.262062 -0.000247
v 5.126633 3.279521 0.001513
v 5.105482 3.263751 0.001685
v 5.107354 3.264811 0.002774
v 5.109336 3.266059 0.003787
v 5.111337 3.267442 0.004546
v 5.113260 3.268859 0.005006
v 5.115228 3.270339 0.005306
v 5.117463 3.271928 0.005574
v 5.119492 3.273278 0.005496
v 5.121634 3.274627 0.004795
v 5.123460 3.275740 0.003528
v 5.126253 3.277486 0.001231
v 5.124206 3.279548 0.003482
v 5.121585 3.278705 0.005546
v 5.120857 3.275651 0.005391
v 5.117390 3.276132 0.007759
v 5.117007 3.272479 0.006072
v 5.113978 3.272594 0.007586
v 5.112473 3.270121 0.005089
v 5.109734 3.269107 0.005862
v 5.108781 3.267000 0.003952
v 5.106710 3.266174 0.003627
v 5.105122 3.264524 0.001824
v 5.102067 3.261763 -0.000284
v 5.128337 3.276856 0.000935
v 5.127322 3.274652 0.002392
v 5.125695 3.272764 0.004603
v 5.122348 3.273412 0.004912
v 5.121668 3.270025 0.006210
v 5.117898 3.271184 0.005805
v 5.116908 3.267938 0.005961
v 5.114120 3.267714 0.004544
v 5.112969 3.265767 0.005088
v 5.109982 3.265192 0.003589
v 5.108642 3.263608 0.003165
v 5.105887 3.263315 0.001620
v -0.221555 -0.183307 -0.000396
v -0.185459 -0.210147 0.002058
v -0.221434 -0.183076 -0.000373
v -0.185075 -0.207461 0.003834
v -0.217180 -0.186699 0.002758
v -0.214714 -0.188478 0.004483
v -0.211943 -0.190329 0.006090
v -0.208999 -0.192191 0.007320
v -0.206068 -0.193990 0.008101
v -0.203041 -0.195851 0.008653
v -0.199734 -0.198025 0.009186
v -0.196880 -0.200109 0.009225
v -0.194014 -0.202473 0.008387
v -0.191669 -0.204642 0.006718
v -0.188049 -0.208010 0.003648
v -0.186128 -0.203778 0.006253
v -0.188454 -0.200243 0.008896
v -0.192977 -0.200801 0.008973
v -0.193914 -0.195410 0.011731
v -0.199182 -0.197039 0.009750
v -0.200454 -0.192593 0.011405
v -0.204750 -0.192290 0.007917
v -0.207460 -0.188942 0.008713
v -0.210936 -0.189085 0.006105
v -0.213131 -0.186767 0.005413
v -0.216303 -0.185804 0.002792
v -0.221748 -0.183476 -0.000356
v -0.187867 -0.211191 0.003653
v -0.191267 -0.210616 0.005878
v -0.194493 -0.208906 0.009038
v -0.195291 -0.204013 0.008840
v -0.200134 -0.204504 0.011055
v -0.200505 -0.198933 0.009693
v -0.205398 -0.199168 0.010199
v -0.207218 -0.195809 0.007739
v -0.210403 -0.195107 0.008596
v -0.212807 -0.191669 0.006032
v -0.215665 -0.190729 0.005421
v -0.217569 -0.187473 0.002792
v -0.220836 -0.182516 -0.000161
v -0.199652 -0.145903 0.004487
v -0.221021 -0.182434 -0.000303
v -0.202671 -0.145438 0.004248
v -0.219701 -0.177259 0.002542
v -0.219135 -0.174330 0.003958
v -0.218436 -0.171152 0.005231
v -0.217517 -0.167923 0.006184
v -0.216404 -0.164839 0.006783
v -0.215116 -0.161727 0.007220
v -0.213563 -0.158326 0.007719
v -0.211834 -0.155480 0.007955
v -0.209414 -0.152829 0.007698
v -0.206723 -0.150902 0.006900
v -0.202286 -0.148064 0.005319
v -0.206876 -0.146215 0.004399
v -0.211150 -0.148042 0.005181
v -0.210976 -0.151974 0.006927
v -0.216681 -0.152791 0.006393
v -0.214604 -0.157814 0.007441
v -0.219000 -0.159106 0.006707
v -0.217559 -0.163954 0.005354
v -0.220710 -0.166615 0.005016
v -0.219360 -0.170424 0.004280
v -0.220886 -0.172898 0.003246
v -0.220370 -0.176594 0.001827
v -0.220736 -0.182653 0.000016
v -0.199819 -0.147455 0.006930
v -0.201626 -0.149944 0.009291
v -0.204808 -0.152174 0.011681
v -0.208527 -0.153625 0.009226
v -0.209573 -0.157254 0.012583
v -0.213170 -0.158744 0.008800
v -0.213495 -0.162931 0.010801
v -0.214856 -0.165712 0.007828
v -0.216014 -0.168408 0.009066
v -0.217409 -0.171750 0.006156
v -0.217944 -0.174599 0.006107
v -0.219138 -0.177489 0.003092
v -0.221903 -0.182113 -0.000289
v -0.225825 -0.149224 -0.005867
v -0.222081 -0.182174 -0.000342
v -0.227891 -0.150259 -0.005155
v -0.223186 -0.177713 0.000965
v -0.223959 -0.175312 0.001619
v -0.224801 -0.172732 0.002111
v -0.225600 -0.170102 0.002301
v -0.226287 -0.167567 0.002187
v -0.226918 -0.164977 0.001898
v -0.227515 -0.162080 0.001555
v -0.227796 -0.159519 0.001004
v -0.227674 -0.156904 -0.000098
v -0.227155 -0.154756 -0.001626
v -0.226191 -0.151487 -0.004314
v -0.229991 -0.152479 -0.003717
v -0.231502 -0.155235 -0.001727
v -0.229168 -0.157209 -0.000242
v -0.232280 -0.160245 0.001158
v -0.228435 -0.162264 0.001633
v -0.230583 -0.165093 0.002524
v -0.227687 -0.167836 0.001438
v -0.228361 -0.170904 0.002333
v -0.225891 -0.172890 0.001652
v -0.225828 -0.175321 0.001535
v -0.224047 -0.177748 0.000603
v -0.221742 -0.182115 -0.000182
v -0.224686 -0.149690 -0.003936
v -0.224093 -0.151449 -0.001504
v -0.224435 -0.153620 0.001349
v -0.226456 -0.156669 0.000796
v -0.224662 -0.158587 0.003798
v -0.226861 -0.161922 0.002248
v -0.224649 -0.164205 0.004087
v -0.224737 -0.167215 0.002535
v -0.223888 -0.169096 0.003969
v -0.223715 -0.172456 0.002512
v -0.222684 -0.174474 0.002835
v -0.222629 -0.177491 0.001209
v -0.222341 -0.182880 -0.000427
v -0.238164 -0.213307 -0.003032
v -0.222166 -0.182943 -0.000352
v -0.236612 -0.213248 -0.001104
v -0.225031 -0.186547 0.001300
v -0.226440 -0.188598 0.002265
v -0.227839 -0.190889 0.003143
v -0.229136 -0.193318 0.003753
v -0.230286 -0.195734 0.004052
v -0.231415 -0.198234 0.004175
v -0.232733 -0.200984 0.004226
v -0.233920 -0.203387 0.003916
v -0.235100 -0.205845 0.002906
v -0.236003 -0.207898 0.001311
v -0.237293 -0.211076 -0.001515
v -0.234656 -0.211975 0.001450
v -0.233000 -0.209758 0.004068
v -0.233922 -0.206416 0.003769
v -0.230808 -0.205019 0.006968
v -0.232096 -0.201272 0.004890
v -0.229437 -0.199752 0.007055
v -0.228876 -0.196524 0.004377
v -0.226961 -0.194065 0.005592
v -0.226836 -0.191497 0.003492
v -0.225254 -0.189570 0.003413
v -0.224299 -0.187098 0.001574
v -0.222493 -0.182754 -0.000447
v -0.239557 -0.211598 -0.002235
v -0.240047 -0.208936 -0.000657
v -0.239924 -0.206255 0.001871
v -0.236454 -0.205063 0.002816
v -0.237868 -0.201442 0.004068
v -0.233589 -0.200506 0.004346
v -0.234422 -0.196839 0.004415
v -0.231634 -0.195093 0.003312
v -0.231687 -0.192596 0.003938
v -0.228882 -0.190402 0.002749
v -0.228382 -0.188142 0.002379
v -0.225638 -0.186346 0.001126
v 7.331316 -0.232496 -0.000391
v 7.320465 -0.278353 -0.000437
v 7.331589 -0.232519 -0.000396
v 7.323379 -0.277759 0.001196
v 7.330160 -0.238352 0.002576
v 7.329631 -0.241592 0.004186
v 7.329144 -0.245145 0.005641
v 7.328678 -0.248837 0.006686
v 7.328221 -0.252451 0.007262
v 7.327721 -0.256164 0.007594
v 7.327032 -0.260274 0.007892
v 7.326195 -0.263871 0.007724
v 7.325004 -0.267522 0.006663
v 7.323703 -0.270523 0.004789
v 7.321627 -0.275124 0.001385
v 7.326731 -0.275431 0.003603
v 7.329448 -0.271963 0.006402
v 7.327088 -0.267872 0.007047
v 7.332160 -0.264977 0.009688
v 7.328259 -0.260442 0.008351
v 7.332176 -0.257524 0.009946
v 7.330367 -0.252994 0.006812
v 7.332561 -0.249082 0.007751
v 7.330747 -0.245595 0.005462
v 7.332009 -0.242477 0.004860
v 7.331378 -0.238823 0.002453
v 7.331079 -0.232385 -0.000317
v 7.318651 -0.276615 0.001564
v 7.318052 -0.273309 0.004237
v 7.318708 -0.269779 0.007790
v 7.323056 -0.266974 0.007378
v 7.320848 -0.262728 0.010275
v 7.325901 -0.259954 0.008564
v 7.323743 -0.255411 0.009678
v 7.325974 -0.252072 0.007133
v 7.325444 -0.248806 0.008354
v 7.327504 -0.244868 0.005765
v 7.327183 -0.241692 0.005408
v 7.329263 -0.238302 0.002704
v 7.332389 -0.232877 -0.000280
v 7.376562 -0.238398 -0.000191
v 7.332378 -0.232653 -0.000411
v 7.375759 -0.235296 -0.000112
v 7.338168 -0.232015 0.002069
v 7.341351 -0.231464 0.003292
v 7.344812 -0.230925 0.004336
v 7.348379 -0.230549 0.005019
v 7.351848 -0.230389 0.005321
v 7.355399 -0.230371 0.005432
v 7.359342 -0.230493 0.005559
v 7.362795 -0.230991 0.005426
v 7.366292 -0.232188 0.004713
v 7.369148 -0.233900 0.003451
v 7.373507 -0.236840 0.001115
v 7.373325 -0.231605 0.000585
v 7.369920 -0.228336 0.002011
v 7.366399 -0.230275 0.004043
v 7.363248 -0.225108 0.004210
v 7.359382 -0.229262 0.005361
v 7.356286 -0.225527 0.005195
v 7.352082 -0.228798 0.003919
v 7.348218 -0.226854 0.004102
v 7.345038 -0.229660 0.003413
v 7.341941 -0.229136 0.002671
v 7.338461 -0.231040 0.001364
v 7.332317 -0.233044 -0.000100
v 7.375256 -0.239085 0.002460
v 7.372379 -0.238583 0.005274
v 7.369195 -0.236660 0.008264
v 7.366045 -0.233495 0.006243
v 7.362485 -0.234277 0.010072
v 7.359210 -0.231132 0.006660
v 7.355269 -0.232722 0.009032
v 7.351746 -0.232320 0.006277
v 7.348818 -0.232430 0.007863
v 7.344750 -0.232233 0.005212
v 7.341796 -0.232896 0.005399
v 7.338232 -0.232695 0.002588
v 7.332330 -0.231678 -0.000313
v 7.361705 -0.213851 -0.007657
v 7.332195 -0.231528 -0.000342
v 7.359947 -0.212362 -0.006612
v 7.336158 -0.228735 0.000869
v 7.338213 -0.227057 0.001491
v 7.340397 -0.225225 0.001943
v 7.342614 -0.223388 0.002073
v 7.344755 -0.221672 0.001879
v 7.346952 -0.219973 0.001495
v 7.349453 -0.218174 0.001031
v 7.351738 -0.216800 0.000336
v 7.354183 -0.215743 -0.000982
v 7.356296 -0.215223 -0.002761
v 7.359545 -0.214567 -0.005863
v 7.357114 -0.211391 -0.004737
v 7.354063 -0.211251 -0.002326
v 7.353270 -0.214427 -0.000938
v 7.349240 -0.212821 0.001066
v 7.348912 -0.217377 0.001232
v 7.345420 -0.216566 0.002582
v 7.343853 -0.220381 0.001284
v 7.340729 -0.221080 0.002480
v 7.339757 -0.224209 0.001604
v 7.337439 -0.225265 0.001624
v 7.335739 -0.227895 0.000598
v 7.332405 -0.231842 -0.000220
v 7.361918 -0.215297 -0.005758
v 7.360721 -0.216796 -0.003197
v 7.358793 -0.217605 -0.000063
v 7.354993 -0.216887 -0.000212
v 7.354189 -0.219648 0.002810
v 7.349941 -0.218793 0.001664
v 7.348837 -0.222009 0.003452
v 7.345756 -0.223040 0.002037
v 7.344443 -0.224751 0.003541
v 7.341143 -0.226184 0.002215
v 7.339659 -0.228033 0.002553
v 7.336621 -0.229197 0.001044
v 7.331403 -0.231565 -0.000357
v 7.295546 -0.228787 0.000664
v 7.331421 -0.231764 -0.000296
v 7.296430 -0.230410 0.002479
v 7.326973 -0.230651 0.001975
v 7.324535 -0.230232 0.003268
v 7.321861 -0.229915 0.004484
v 7.319068 -0.229728 0.005419
v 7.316316 -0.229653 0.006012
v 7.313474 -0.229617 0.006425
v 7.310308 -0.229497 0.006802
v 7.307491 -0.229329 0.006767
v 7.304552 -0.229131 0.006008
v 7.302054 -0.228983 0.004585
v 7.298194 -0.228825 0.001999
v 7.298705 -0.231969 0.004821
v 7.301771 -0.232857 0.007207
v 7.304571 -0.230567 0.006800
v 7.307501 -0.233239 0.009668
v 7.310359 -0.230281 0.007434
v 7.313116 -0.232379 0.009274
v 7.316164 -0.231357 0.006232
v 7.319422 -0.232274 0.007117
v 7.321720 -0.231155 0.004766
v 7.324201 -0.231866 0.004380
v 7.326770 -0.231603 0.002208
v 7.331460 -0.231366 -0.000368
v 7.296701 -0.226814 0.001550
v 7.299217 -0.225376 0.003082
v 7.302097 -0.224597 0.005526
v 7.304744 -0.227504 0.006026
v 7.307771 -0.224758 0.007269
v 7.310432 -0.228489 0.006998
v 7.313617 -0.226182 0.006942
v 7.316309 -0.228035 0.005363
v 7.318746 -0.227004 0.005865
v 7.321865 -0.228681 0.004168
v 7.324196 -0.228194 0.003587
v 7.326902 -0.229972 0.001854
v 0.935170 2.513074 -0.000355
v 0.981572 2.521490 -0.000037
v 0.935082 2.513333 -0.000377
v 0.979832 2.524016 0.001417
v 0.940948 2.514537 0.002641
v 0.944102 2.515446 0.004260
v 0.947528 2.516509 0.005720
v 0.951081 2.517622 0.006767
v 0.954568 2.518685 0.007346
v 0.958168 2.519732 0.007684
v 0.962208 2.520764 0.007997
v 0.965845 2.521427 0.007857
v 0.969690 2.521734 0.006846
v 0.972997 2.521633 0.005035
v 0.978111 2.521370 0.001733
v 0.976311 2.526297 0.003629
v 0.971991 2.527564 0.006278
v 0.969170 2.523805 0.007097
v 0.964438 2.527447 0.009439
v 0.961862 2.521982 0.008378
v 0.957590 2.524495 0.009746
v 0.954216 2.520839 0.006760
v 0.949734 2.521338 0.007587
v 0.947303 2.518146 0.005438
v 0.943950 2.518017 0.004779
v 0.940896 2.515833 0.002439
v 0.935161 2.512818 -0.000265
v 0.980665 2.519253 0.002087
v 0.977822 2.517542 0.004817
v 0.974256 2.516943 0.008349
v 0.969952 2.519775 0.007685
v 0.966886 2.516228 0.010745
v 0.962354 2.519640 0.008740
v 0.959028 2.515915 0.010018
v 0.955122 2.516468 0.007360
v 0.952314 2.514749 0.008634
v 0.947927 2.514904 0.005947
v 0.945149 2.513318 0.005632
v 0.941258 2.513704 0.002825
v 0.935088 2.514216 -0.000313
v 0.922492 2.556863 -0.003012
v 0.934890 2.514109 -0.000442
v 0.919966 2.554892 -0.002862
v 0.931944 2.519301 0.001679
v 0.930143 2.522067 0.002706
v 0.928245 2.525082 0.003537
v 0.926462 2.528238 0.004000
v 0.924922 2.531367 0.004087
v 0.923484 2.534616 0.003977
v 0.922017 2.538281 0.003857
v 0.921096 2.541634 0.003505
v 0.920810 2.545271 0.002568
v 0.921262 2.548495 0.001117
v 0.922260 2.553521 -0.001507
v 0.917540 2.551228 -0.001989
v 0.915876 2.546889 -0.000331
v 0.919025 2.544564 0.001905
v 0.915541 2.539622 0.002302
v 0.920876 2.537814 0.003665
v 0.918691 2.533475 0.003717
v 0.923396 2.530860 0.002683
v 0.923154 2.526556 0.003119
v 0.927011 2.524727 0.002610
v 0.927784 2.521639 0.002065
v 0.930945 2.519137 0.000964
v 0.935267 2.514227 -0.000130
v 0.923595 2.556101 -0.000288
v 0.924232 2.553435 0.002706
v 0.923685 2.549931 0.005904
v 0.922078 2.545659 0.004102
v 0.924147 2.542943 0.008143
v 0.922636 2.538483 0.004960
v 0.925625 2.535653 0.007564
v 0.926717 2.532103 0.005034
v 0.927959 2.529562 0.006800
v 0.929454 2.525601 0.004407
v 0.931239 2.523174 0.004773
v 0.932532 2.519663 0.002189
v 0.934013 2.513680 -0.000334
v 0.906055 2.532995 -0.009377
v 0.933930 2.513494 -0.000354
v 0.905373 2.530853 -0.008214
v 0.929761 2.516077 0.000628
v 0.927389 2.517324 0.001133
v 0.924827 2.518617 0.001461
v 0.922253 2.519919 0.001465
v 0.919827 2.521180 0.001150
v 0.917397 2.522489 0.000641
v 0.914756 2.524031 0.000034
v 0.912595 2.525531 -0.000793
v 0.910672 2.527266 -0.002255
v 0.909384 2.528886 -0.004160
v 0.907542 2.531412 -0.007456
v 0.905579 2.527984 -0.006158
v 0.906626 2.525279 -0.003559
v 0.909830 2.525907 -0.002145
v 0.909930 2.521695 0.000119
v 0.914237 2.523228 0.000273
v 0.914864 2.519787 0.001845
v 0.919014 2.519802 0.000620
v 0.920882 2.517294 0.002004
v 0.924157 2.517604 0.001169
v 0.926052 2.515905 0.001326
v 0.929164 2.515341 0.000389
v 0.934132 2.513820 -0.000247
v 0.907260 2.533882 -0.007504
v 0.909067 2.533539 -0.004881
v 0.910521 2.532286 -0.001637
v 0.911383 2.528511 -0.001544
v 0.914181 2.529062 0.001505
v 0.915117 2.524762 0.000631
v 0.918474 2.525146 0.002464
v 0.920678 2.522653 0.001235
v 0.922744 2.522227 0.002808
v 0.925403 2.519699 0.001679
v 0.927686 2.519101 0.002096
v 0.929996 2.516696 0.000771
v 0.934280 2.512784 -0.000320
v 0.946048 2.478912 0.002951
v 0.934455 2.512884 -0.000261
v 0.947150 2.480479 0.004698
v 0.935170 2.508503 0.002292
v 0.935736 2.506181 0.003738
v 0.936491 2.503679 0.005121
v 0.937419 2.501104 0.006230
v 0.938439 2.498590 0.006994
v 0.939534 2.495998 0.007584
v 0.940683 2.493076 0.008158
v 0.941656 2.490427 0.008299
v 0.942663 2.487613 0.007726
v 0.943552 2.485182 0.006462
v 0.945000 2.481431 0.004120
v 0.947627 2.483326 0.006885
v 0.947170 2.486629 0.009071
v 0.943958 2.488252 0.008507
v 0.945184 2.492174 0.011170
v 0.941371 2.493473 0.008781
v 0.942159 2.496946 0.010433
v 0.940059 2.499145 0.007212
v 0.939581 2.502548 0.007886
v 0.937679 2.504063 0.005403
v 0.937347 2.506595 0.004858
v 0.936120 2.508711 0.002530
v 0.934075 2.512756 -0.000332
v 0.943760 2.479233 0.003778
v 0.941407 2.481052 0.005161
v 0.939495 2.483523 0.007429
v 0.941094 2.487139 0.007743
v 0.937342 2.488885 0.008815
v 0.939706 2.492797 0.008353
v 0.936317 2.494786 0.008114
v 0.936970 2.497897 0.006357
v 0.935041 2.499746 0.006714
v 0.935364 2.503170 0.004813
v 0.933996 2.505075 0.004091
v 0.934578 2.508159 0.002179
v 4.592044 0.902618 -0.000493
v 4.545047 0.907087 -0.007989
v 4.592058 0.902340 -0.000485
v 4.545771 0.904304 -0.006099
v 4.585611 0.903066 0.001541
v 4.582071 0.903202 0.002641
v 4.578250 0.903246 0.003542
v 4.574358 0.903234 0.004012
v 4.570617 0.903208 0.004025
v 4.566810 0.903202 0.003775
v 4.562588 0.903329 0.003422
v 4.558929 0.903659 0.002671
v 4.555308 0.904305 0.000996
v 4.552445 0.905123 -0.001402
v 4.548127 0.906439 -0.005617
v 4.548156 0.901353 -0.003149
v 4.551528 0.899211 0.000326
v 4.555179 0.902178 0.001447
v 4.558319 0.897587 0.004814
v 4.562514 0.902090 0.003928
v 4.565686 0.898624 0.006183
v 4.570433 0.900961 0.003616
v 4.574465 0.899341 0.005264
v 4.578044 0.901567 0.003387
v 4.581403 0.900715 0.003320
v 4.585324 0.901773 0.001417
v 4.592111 0.902873 -0.000415
v 4.546222 0.909224 -0.005829
v 4.549011 0.910386 -0.002693
v 4.552054 0.910350 0.001430
v 4.555483 0.906363 0.001683
v 4.558959 0.909280 0.005091
v 4.562652 0.904534 0.004079
v 4.566706 0.907377 0.005748
v 4.570714 0.905513 0.003824
v 4.573700 0.906546 0.005503
v 4.578289 0.904936 0.003613
v 4.581456 0.905690 0.003711
v 4.585521 0.903978 0.001626
v 4.591791 0.901491 -0.000377
v 4.592166 0.856372 0.001411
v 4.592031 0.901528 -0.000475
v 4.595129 0.857616 0.001906
v 4.593050 0.895895 0.002434
v 4.593831 0.892821 0.003923
v 4.594665 0.889459 0.005247
v 4.595406 0.885956 0.006191
v 4.595980 0.882507 0.006715
v 4.596453 0.878948 0.007032
v 4.596837 0.874977 0.007366
v 4.596822 0.871435 0.007355
v 4.596208 0.867731 0.006662
v 4.595083 0.864578 0.005306
v 4.593104 0.859705 0.002777
v 4.598364 0.860602 0.003016
v 4.600937 0.864530 0.004736
v 4.598227 0.867867 0.006283
v 4.602916 0.871760 0.007039
v 4.598096 0.875102 0.007353
v 4.601421 0.878728 0.007566
v 4.597810 0.882443 0.005561
v 4.599199 0.886602 0.005814
v 4.596096 0.889376 0.004524
v 4.596319 0.892532 0.003682
v 4.594168 0.895712 0.001891
v 4.591587 0.901547 -0.000225
v 4.590898 0.857683 0.003889
v 4.590577 0.860744 0.006620
v 4.591599 0.864319 0.009719
v 4.594639 0.867852 0.007987
v 4.592794 0.871455 0.011502
v 4.596013 0.875060 0.008366
v 4.593541 0.878880 0.010280
v 4.593900 0.882374 0.007379
v 4.593154 0.885355 0.008784
v 4.593221 0.889370 0.005926
v 4.592140 0.892250 0.005846
v 4.592302 0.895754 0.002857
v 4.592979 0.901717 -0.000234
v 4.615737 0.874455 -0.003259
v 4.593114 0.901873 -0.000249
v 4.616821 0.876466 -0.002091
v 4.596228 0.898329 0.001607
v 4.598072 0.896523 0.002597
v 4.600112 0.894604 0.003447
v 4.602212 0.892640 0.003977
v 4.604232 0.890724 0.004161
v 4.606272 0.888741 0.004155
v 4.608464 0.886465 0.004101
v 4.610241 0.884339 0.003740
v 4.611821 0.881985 0.002716
v 4.612895 0.879871 0.001132
v 4.614460 0.876588 -0.001692
v 4.617118 0.879515 -0.000229
v 4.616476 0.882685 0.002032
v 4.613000 0.883087 0.002904
v 4.613748 0.887431 0.004921
v 4.609153 0.887128 0.004390
v 4.609285 0.890797 0.005664
v 4.605487 0.891789 0.003705
v 4.604191 0.894871 0.004621
v 4.601090 0.895376 0.003222
v 4.599729 0.897557 0.002953
v 4.597049 0.898858 0.001436
v 4.592812 0.901622 -0.000161
v 4.614035 0.874108 -0.001561
v 4.611988 0.875193 0.000714
v 4.610441 0.877129 0.003622
v 4.610673 0.881039 0.003363
v 4.607353 0.881569 0.005933
v 4.607815 0.885912 0.004670
v 4.604196 0.886635 0.005920
v 4.602982 0.889533 0.004172
v 4.600873 0.890666 0.005349
v 4.599217 0.893730 0.003619
v 4.597130 0.894973 0.003597
v 4.595804 0.897805 0.001740
v 4.592975 0.902661 -0.000315
v 4.590808 0.939088 -0.000925
v 4.592770 0.902618 -0.000282
v 4.589031 0.938039 0.000702
v 4.592931 0.907322 0.001905
v 4.592823 0.909876 0.003123
v 4.592594 0.912649 0.004236
v 4.592262 0.915513 0.005041
v 4.591879 0.918308 0.005490
v 4.591473 0.921182 0.005747
v 4.591113 0.924390 0.005961
v 4.590910 0.927241 0.005790
v 4.590834 0.930192 0.004892
v 4.590870 0.932669 0.003346
v 4.590915 0.936472 0.000559
v 4.587420 0.935621 0.002946
v 4.586576 0.932506 0.005379
v 4.589286 0.930001 0.005472
v 4.586576 0.926789 0.008114
v 4.590241 0.924253 0.006480
v 4.588237 0.921258 0.008168
v 4.590132 0.918231 0.005447
v 4.589517 0.914863 0.006383
v 4.591299 0.912627 0.004325
v 4.590982 0.910023 0.003975
v 4.591922 0.907401 0.001984
v 4.593182 0.902632 -0.000292
v 4.592784 0.938237 0.000323
v 4.594309 0.935968 0.002215
v 4.595087 0.933274 0.004944
v 4.592473 0.930228 0.005163
v 4.595410 0.927618 0.006990
v 4.592099 0.924415 0.006314
v 4.594824 0.921538 0.006783
v 4.593586 0.918518 0.005080
v 4.594856 0.916234 0.005875
v 4.593868 0.912806 0.004103
v 4.594753 0.910513 0.003727
v 4.593615 0.907484 0.001880
v 1.915633 2.061419 -0.000462
v 1.872500 2.042773 -0.003124
v 1.915776 2.061187 -0.000442
v 1.874560 2.040886 -0.001207
v 1.910011 2.059016 0.002174
v 1.906969 2.057597 0.003611
v 1.903714 2.055949 0.004888
v 1.900394 2.054179 0.005754
v 1.897182 2.052422 0.006157
v 1.893884 2.050628 0.006311
v 1.890161 2.048747 0.006399
v 1.886799 2.047264 0.006029
v 1.883261 2.045984 0.004735
v 1.880246 2.045134 0.002647
v 1.875620 2.043867 -0.001092
v 1.878204 2.039724 0.001581
v 1.882352 2.039769 0.004737
v 1.884180 2.044129 0.005300
v 1.889274 2.041942 0.008501
v 1.890713 2.047691 0.006965
v 1.895231 2.046383 0.009018
v 1.898053 2.050358 0.005893
v 1.902403 2.050985 0.007167
v 1.904316 2.054389 0.004845
v 1.907608 2.055204 0.004473
v 1.910363 2.057755 0.002149
v 1.915576 2.061678 -0.000407
v 1.872653 2.045368 -0.001245
v 1.874722 2.047963 0.001471
v 1.877639 2.049735 0.005186
v 1.882489 2.047907 0.005282
v 1.884342 2.052360 0.008102
v 1.889692 2.049879 0.006972
v 1.891963 2.054372 0.008035
v 1.896168 2.054438 0.005832
v 1.898368 2.056875 0.007109
v 1.902956 2.057433 0.004866
v 1.905339 2.059561 0.004593
v 1.909511 2.059770 0.002219
v 1.915953 2.060339 -0.000265
v 1.937624 2.021728 0.003773
v 1.916136 2.060474 -0.000388
v 1.939628 2.024223 0.003884
v 1.919860 2.056360 0.002642
v 1.922080 2.054209 0.004174
v 1.924469 2.051819 0.005556
v 1.926820 2.049227 0.006582
v 1.928973 2.046565 0.007213
v 1.931077 2.043742 0.007657
v 1.933298 2.040524 0.008148
v 1.934952 2.037457 0.008322
v 1.936118 2.033908 0.007900
v 1.936540 2.030535 0.006853
v 1.936957 2.025171 0.004839
v 1.941087 2.028407 0.004478
v 1.941573 2.033155 0.005689
v 1.937769 2.034926 0.007311
v 1.940032 2.040534 0.007361
v 1.934324 2.041214 0.007998
v 1.935500 2.045906 0.007673
v 1.930503 2.047250 0.005897
v 1.929762 2.051508 0.005784
v 1.925694 2.052342 0.004704
v 1.924344 2.055090 0.003694
v 1.920874 2.056668 0.002003
v 1.915761 2.060308 -0.000098
v 1.936080 2.022507 0.006261
v 1.934546 2.025261 0.008806
v 1.933954 2.029116 0.011545
v 1.934797 2.033412 0.009352
v 1.931747 2.036001 0.012796
v 1.932616 2.040308 0.009207
v 1.928815 2.042642 0.011139
v 1.927286 2.045549 0.008085
v 1.925335 2.047911 0.009383
v 1.923311 2.051137 0.006375
v 1.921019 2.053115 0.006260
v 1.919310 2.055931 0.003139
v 1.916881 2.061099 -0.000261
v 1.949129 2.047827 -0.004183
v 1.916923 2.061295 -0.000298
v 1.949196 2.050177 -0.003258
v 1.921400 2.059856 0.001375
v 1.923906 2.059245 0.002245
v 1.926625 2.058615 0.002962
v 1.929396 2.057944 0.003363
v 1.932052 2.057244 0.003431
v 1.934743 2.056477 0.003315
v 1.937700 2.055523 0.003151
v 1.940209 2.054477 0.002722
v 1.942611 2.053080 0.001678
v 1.944425 2.051603 0.000127
v 1.947130 2.049226 -0.002628
v 1.948143 2.053123 -0.001626
v 1.946249 2.055778 0.000488
v 1.943121 2.054597 0.001682
v 1.941858 2.058885 0.003352
v 1.938002 2.056443 0.003327
v 1.936475 2.059793 0.004370
v 1.932602 2.058702 0.002800
v 1.930096 2.060849 0.003671
v 1.927090 2.059715 0.002601
v 1.924873 2.060941 0.002367
v 1.921847 2.060677 0.001095
v 1.916786 2.060947 -0.000167
v 1.947939 2.046899 -0.002327
v 1.945816 2.047103 0.000054
v 1.943766 2.048333 0.002959
v 1.942109 2.051793 0.002480
v 1.939169 2.050955 0.005311
v 1.937440 2.054800 0.003804
v 1.934062 2.053864 0.005365
v 1.931535 2.055637 0.003634
v 1.929262 2.055749 0.004946
v 1.926276 2.057462 0.003269
v 1.923890 2.057566 0.003401
v 1.921289 2.059220 0.001577
v 1.916427 2.061905 -0.000388
v 1.897378 2.092293 -0.002639
v 1.916273 2.061776 -0.000332
v 1.896449 2.090718 -0.000808
v 1.914346 2.066120 0.001546
v 1.913132 2.068390 0.002617
v 1.911704 2.070784 0.003586
v 1.910125 2.073179 0.004259
v 1.908509 2.075458 0.004594
v 1.906824 2.077775 0.004739
v 1.905019 2.080399 0.004821
v 1.903491 2.082750 0.004527
v 1.901977 2.085177 0.003505
v 1.900739 2.087185 0.001862
v 1.898801 2.090225 -0.001064
v 1.896348 2.088097 0.001678
v 1.897249 2.085247 0.004305
v 1.900771 2.084349 0.004244
v 1.900122 2.080571 0.007275
v 1.904367 2.079926 0.005426
v 1.904161 2.076571 0.007440
v 1.907036 2.074577 0.004738
v 1.908154 2.071473 0.005891
v 1.910605 2.070173 0.003809
v 1.911533 2.067745 0.003634
v 1.913444 2.065728 0.001725
v 1.916621 2.061978 -0.000386
v 1.899567 2.092593 -0.001581
v 1.902076 2.091521 0.000227
v 1.904197 2.089815 0.002954
v 1.903391 2.085993 0.003597
v 1.907275 2.085276 0.005212
v 1.905882 2.080911 0.005062
v 1.909617 2.079735 0.005385
v 1.909855 2.076392 0.004004
v 1.912079 2.075084 0.004768
v 1.912721 2.071498 0.003315
v 1.914537 2.069892 0.002973
v 1.914858 2.066574 0.001443
v 4.168845 2.756533 -0.000437
v 4.122144 2.738584 -0.001531
v 4.168989 2.756280 -0.000436
v 4.124364 2.736399 0.000278
v 4.162939 2.754065 0.002585
v 4.159738 2.752602 0.004225
v 4.156291 2.750914 0.005697
v 4.152748 2.749120 0.006731
v 4.149290 2.747361 0.007269
v 4.145725 2.745579 0.007545
v 4.141701 2.743724 0.007775
v 4.138051 2.742302 0.007515
v 4.134165 2.741151 0.006298
v 4.130806 2.740479 0.004227
v 4.125621 2.739515 0.000486
v 4.128347 2.734874 0.002949
v 4.132939 2.734592 0.006041
v 4.135096 2.739117 0.006746
v 4.140599 2.736426 0.009713
v 4.142276 2.742551 0.008287
v 4.147136 2.740877 0.010118
v 4.150110 2.745150 0.006830
v 4.154828 2.745577 0.007944
v 4.156861 2.749236 0.005535
v 4.160367 2.749992 0.004978
v 4.163258 2.752714 0.002473
v 4.168799 2.756807 -0.000361
v 4.122529 2.741233 0.000584
v 4.124996 2.743761 0.003466
v 4.128388 2.745330 0.007314
v 4.133461 2.743193 0.007023
v 4.135785 2.747697 0.010123
v 4.141286 2.744914 0.008468
v 4.143949 2.749536 0.009682
v 4.148280 2.749557 0.007089
v 4.150794 2.751989 0.008430
v 4.155550 2.752519 0.005796
v 4.158151 2.754699 0.005466
v 4.162442 2.754882 0.002702
v 4.169151 2.755364 -0.000302
v 4.190746 2.713322 0.000681
v 4.169343 2.755507 -0.000437
v 4.192984 2.715885 0.000801
v 4.173301 2.750833 0.002336
v 4.175657 2.748382 0.003715
v 4.178173 2.745678 0.004910
v 4.180618 2.742781 0.005721
v 4.182827 2.739838 0.006122
v 4.184966 2.736736 0.006319
v 4.187215 2.733207 0.006540
v 4.188849 2.729878 0.006466
v 4.189911 2.726089 0.005767
v 4.190154 2.722548 0.004460
v 4.190248 2.716946 0.002027
v 4.194744 2.720236 0.001552
v 4.195534 2.725191 0.003046
v 4.191671 2.727135 0.005092
v 4.194311 2.732994 0.005288
v 4.188324 2.733907 0.006352
v 4.189750 2.738858 0.006172
v 4.184401 2.740574 0.004667
v 4.183787 2.745128 0.004809
v 4.179442 2.746230 0.003957
v 4.178067 2.749254 0.003110
v 4.174351 2.751154 0.001612
v 4.168956 2.755329 -0.000115
v 4.189290 2.714078 0.003453
v 4.187932 2.716926 0.006386
v 4.187632 2.720895 0.009523
v 4.188577 2.725536 0.007363
v 4.185657 2.728222 0.011334
v 4.186546 2.732948 0.007694
v 4.182729 2.735472 0.010096
v 4.181047 2.738780 0.007100
v 4.179155 2.741294 0.008716
v 4.176965 2.744957 0.005816
v 4.174610 2.747152 0.005936
v 4.172729 2.750374 0.002876
v 4.170167 2.756134 -0.000317
v 4.203578 2.740988 -0.007146
v 4.170218 2.756342 -0.000348
v 4.203803 2.743430 -0.006050
v 4.175006 2.754550 0.001075
v 4.177691 2.753757 0.001811
v 4.180592 2.752943 0.002371
v 4.183527 2.752100 0.002590
v 4.186318 2.751249 0.002462
v 4.189133 2.750336 0.002133
v 4.192220 2.749216 0.001728
v 4.194811 2.748030 0.001065
v 4.197237 2.746508 -0.000261
v 4.199006 2.744951 -0.002093
v 4.201609 2.742468 -0.005303
v 4.202909 2.746512 -0.004105
v 4.201139 2.749291 -0.001611
v 4.197843 2.748097 -0.000212
v 4.196784 2.752610 0.001854
v 4.192590 2.750171 0.001943
v 4.191174 2.753731 0.003312
v 4.186926 2.752809 0.001833
v 4.184411 2.755140 0.003020
v 4.181110 2.754111 0.002014
v 4.178796 2.755512 0.001966
v 4.175499 2.755418 0.000792
v 4.170066 2.755971 -0.000219
v 4.202387 2.739951 -0.005151
v 4.200286 2.740125 -0.002485
v 4.198339 2.741358 0.000784
v 4.196698 2.745119 0.000554
v 4.193714 2.744196 0.003696
v 4.191952 2.748424 0.002400
v 4.188424 2.747481 0.004218
v 4.185714 2.749553 0.002628
v 4.183387 2.749692 0.004166
v 4.180191 2.751718 0.002659
v 4.177672 2.751914 0.002952
v 4.174874 2.753868 0.001263
v 4.169713 2.757014 -0.000383
v 4.150659 2.790131 -0.000049
v 4.169548 2.756879 -0.000320
v 4.149716 2.788399 0.001869
v 4.167799 2.761466 0.002011
v 4.166673 2.763866 0.003336
v 4.165318 2.766411 0.004573
v 4.163785 2.768980 0.005506
v 4.162187 2.771444 0.006076
v 4.160506 2.773962 0.006452
v 4.158707 2.776812 0.006784
v 4.157169 2.779383 0.006686
v 4.155604 2.782072 0.005819
v 4.154277 2.784340 0.004256
v 4.152174 2.787797 0.001427
v 4.149647 2.785490 0.004379
v 4.150640 2.782290 0.006964
v 4.154334 2.781203 0.006635
v 4.153667 2.777058 0.009698
v 4.158031 2.776304 0.007442
v 4.157793 2.772645 0.009420
v 4.160596 2.770559 0.006276
v 4.161718 2.767160 0.007272
v 4.164138 2.765795 0.004847
v 4.165010 2.763190 0.004481
v 4.166837 2.761076 0.002236
v 4.169922 2.757083 -0.000389
v 4.153057 2.790307 0.000952
v 4.155781 2.788975 0.002659
v 4.158123 2.786937 0.005332
v 4.157144 2.782878 0.005870
v 4.161330 2.781879 0.007306
v 4.159658 2.777309 0.007012
v 4.163590 2.775898 0.007064
v 4.163619 2.772413 0.005415
v 4.165967 2.770898 0.006021
v 4.166410 2.767144 0.004259
v 4.168248 2.765386 0.003703
v 4.168355 2.761934 0.001892
v 0.622387 -0.555342 -0.000473
v 0.571623 -0.542368 0.000800
v 0.622357 -0.555645 -0.000449
v 0.572324 -0.545444 0.002869
v 0.616063 -0.553643 0.003002
v 0.612560 -0.552829 0.004901
v 0.608700 -0.552069 0.006650
v 0.604664 -0.551372 0.007953
v 0.600688 -0.550733 0.008735
v 0.596589 -0.550068 0.009247
v 0.592051 -0.549189 0.009725
v 0.588060 -0.548203 0.009644
v 0.583967 -0.546913 0.008543
v 0.580552 -0.545597 0.006497
v 0.575290 -0.543541 0.002763
v 0.574988 -0.548966 0.005748
v 0.578948 -0.551769 0.008935
v 0.583565 -0.549176 0.009196
v 0.586843 -0.554590 0.012476
v 0.591870 -0.550498 0.010365
v 0.595135 -0.554739 0.012370
v 0.600026 -0.553143 0.008482
v 0.604387 -0.555561 0.009535
v 0.608165 -0.553854 0.006637
v 0.611575 -0.555377 0.005933
v 0.615513 -0.554994 0.003014
v 0.622519 -0.555075 -0.000420
v 0.573692 -0.540196 0.002740
v 0.577518 -0.539335 0.005463
v 0.581622 -0.539781 0.009274
v 0.584645 -0.544696 0.009109
v 0.589556 -0.542051 0.011867
v 0.592462 -0.547875 0.010337
v 0.597604 -0.545470 0.011112
v 0.601138 -0.548265 0.008346
v 0.604841 -0.547624 0.009471
v 0.609041 -0.550246 0.006606
v 0.612554 -0.549993 0.006012
v 0.616140 -0.552638 0.003052
v 0.621953 -0.556512 -0.000221
v 0.615113 -0.605310 0.004618
v 0.622194 -0.556518 -0.000379
v 0.618576 -0.604478 0.004461
v 0.622945 -0.562696 0.002914
v 0.623572 -0.566111 0.004559
v 0.624172 -0.569851 0.006034
v 0.624569 -0.573741 0.007130
v 0.624708 -0.577556 0.007805
v 0.624676 -0.581478 0.008284
v 0.624485 -0.585829 0.008828
v 0.623868 -0.589658 0.009055
v 0.622443 -0.593577 0.008682
v 0.620427 -0.596830 0.007663
v 0.616964 -0.601828 0.005673
v 0.622753 -0.601789 0.004792
v 0.626517 -0.597945 0.005854
v 0.624530 -0.593802 0.007851
v 0.630329 -0.590404 0.007445
v 0.625840 -0.585920 0.008548
v 0.630030 -0.582586 0.007856
v 0.626395 -0.577989 0.006193
v 0.628626 -0.573732 0.005904
v 0.625524 -0.570220 0.004969
v 0.626114 -0.566875 0.003809
v 0.623985 -0.563111 0.002113
v 0.621778 -0.556410 -0.000020
v 0.614515 -0.603585 0.007455
v 0.615272 -0.600128 0.010253
v 0.617622 -0.596344 0.013139
v 0.621079 -0.593122 0.010419
v 0.620476 -0.588781 0.014337
v 0.623836 -0.585560 0.010067
v 0.622263 -0.580926 0.012377
v 0.622616 -0.577307 0.008953
v 0.622627 -0.573904 0.010419
v 0.622767 -0.569667 0.007066
v 0.622088 -0.566363 0.007010
v 0.622216 -0.562701 0.003531
v 0.623284 -0.556475 -0.000327
v 0.642212 -0.590115 -0.006432
v 0.623451 -0.556331 -0.000381
v 0.643951 -0.588095 -0.005533
v 0.626555 -0.560658 0.001212
v 0.628419 -0.562908 0.002019
v 0.630444 -0.565319 0.002642
v 0.632456 -0.567800 0.002912
v 0.634317 -0.570227 0.002823
v 0.636148 -0.572734 0.002530
v 0.638080 -0.575589 0.002173
v 0.639532 -0.578218 0.001562
v 0.640595 -0.581078 0.000294
v 0.641042 -0.583607 -0.001488
v 0.641549 -0.587529 -0.004628
v 0.645178 -0.584791 -0.003794
v 0.645513 -0.581174 -0.001441
v 0.642074 -0.580090 0.000181
v 0.644032 -0.575461 0.001909
v 0.638986 -0.574986 0.002299
v 0.640017 -0.571000 0.003398
v 0.635733 -0.569314 0.002005
v 0.635072 -0.565720 0.003050
v 0.631565 -0.564665 0.002148
v 0.630431 -0.562074 0.001993
v 0.627480 -0.560238 0.000825
v 0.623106 -0.556545 -0.000208
v 0.640707 -0.590131 -0.004235
v 0.639199 -0.588518 -0.001442
v 0.638502 -0.586054 0.001873
v 0.639354 -0.581875 0.001288
v 0.636464 -0.580625 0.004696
v 0.637420 -0.576052 0.002955
v 0.633963 -0.574584 0.004992
v 0.632790 -0.571291 0.003170
v 0.630992 -0.569651 0.004792
v 0.629382 -0.566098 0.003068
v 0.627370 -0.564382 0.003390
v 0.626044 -0.561144 0.001476
v 0.623422 -0.555455 -0.000476
v 0.627141 -0.515698 -0.003104
v 0.623204 -0.555465 -0.000395
v 0.625423 -0.516462 -0.000921
v 0.624635 -0.550335 0.001611
v 0.625210 -0.547515 0.002774
v 0.625672 -0.544438 0.003833
v 0.625975 -0.541256 0.004576
v 0.626135 -0.538150 0.004951
v 0.626244 -0.534961 0.005120
v 0.626449 -0.531421 0.005212
v 0.626679 -0.528307 0.004880
v 0.626904 -0.525133 0.003734
v 0.627032 -0.522511 0.001901
v 0.627129 -0.518498 -0.001358
v 0.623781 -0.518716 0.001982
v 0.622876 -0.521854 0.004977
v 0.625352 -0.525044 0.004689
v 0.622493 -0.527947 0.008297
v 0.625610 -0.531397 0.005958
v 0.623336 -0.534222 0.008382
v 0.624257 -0.537923 0.005269
v 0.623234 -0.541425 0.006624
v 0.624312 -0.544228 0.004196
v 0.623461 -0.546999 0.004057
v 0.623594 -0.550067 0.001898
v 0.623642 -0.555524 -0.000491
v 0.629362 -0.516931 -0.002111
v 0.631002 -0.519595 -0.000239
v 0.631954 -0.522557 0.002715
v 0.628709 -0.525378 0.003688
v 0.631778 -0.528664 0.005224
v 0.627576 -0.531559 0.005388
v 0.630085 -0.535141 0.005525
v 0.627897 -0.538241 0.004147
v 0.629030 -0.540912 0.004894
v 0.627025 -0.544500 0.003419
v 0.627497 -0.547151 0.002985
v 0.625384 -0.550283 0.001434
v 1.445954 3.278363 -0.000488
v 1.435502 3.229572 -0.005538
v 1.446245 3.278345 -0.000481
v 1.438506 3.230096 -0.003606
v 1.444721 3.271845 0.002026
v 1.444158 3.268244 0.003389
v 1.443654 3.264327 0.004560
v 1.443196 3.260303 0.005284
v 1.442768 3.256408 0.005519
v 1.442307 3.252432 0.005484
v 1.441657 3.248034 0.005366
v 1.440860 3.244224 0.004797
v 1.439731 3.240437 0.003259
v 1.438509 3.237416 0.000919
v 1.436573 3.232836 -0.003237
v 1.441899 3.232391 -0.000664
v 1.444572 3.235842 0.002772
v 1.441936 3.240068 0.003735
v 1.447133 3.242973 0.007066
v 1.442944 3.247835 0.005897
v 1.446962 3.250844 0.008064
v 1.445083 3.255919 0.005098
v 1.447278 3.260013 0.006581
v 1.445378 3.263898 0.004407
v 1.446674 3.267285 0.004135
v 1.446032 3.271381 0.001911
v 1.445697 3.278470 -0.000410
v 1.433437 3.231182 -0.003341
v 1.432594 3.234411 -0.000219
v 1.433038 3.237815 0.003919
v 1.437613 3.240910 0.003972
v 1.435028 3.245083 0.007342
v 1.440415 3.248286 0.006052
v 1.437962 3.252950 0.007565
v 1.440376 3.256780 0.005307
v 1.439677 3.260111 0.006891
v 1.441898 3.264577 0.004636
v 1.441499 3.267971 0.004551
v 1.443761 3.271868 0.002122
v 1.447099 3.277969 -0.000354
v 1.494178 3.272951 0.001408
v 1.447088 3.278219 -0.000471
v 1.493248 3.276215 0.001753
v 1.453109 3.278761 0.002505
v 1.456420 3.279286 0.004012
v 1.460037 3.279820 0.005343
v 1.463786 3.280219 0.006281
v 1.467456 3.280426 0.006789
v 1.471225 3.280501 0.007086
v 1.475412 3.280435 0.007405
v 1.479102 3.279986 0.007388
v 1.482881 3.278853 0.006691
v 1.486017 3.277218 0.005331
v 1.490831 3.274415 0.002790
v 1.490540 3.280011 0.002729
v 1.486776 3.283270 0.004386
v 1.482981 3.280948 0.006174
v 1.479503 3.286347 0.006695
v 1.475435 3.281759 0.007317
v 1.472064 3.285674 0.007350
v 1.467734 3.282254 0.005472
v 1.463572 3.284222 0.005661
v 1.460292 3.281256 0.004500
v 1.457022 3.281824 0.003611
v 1.453431 3.279870 0.001869
v 1.447017 3.277773 -0.000182
v 1.492679 3.271937 0.004082
v 1.489474 3.272138 0.006967
v 1.485902 3.273821 0.010161
v 1.482575 3.277314 0.008172
v 1.478626 3.276042 0.011972
v 1.475234 3.279646 0.008502
v 1.470969 3.277654 0.010661
v 1.467346 3.278283 0.007608
v 1.464161 3.277955 0.009130
v 1.459960 3.278347 0.006140
v 1.456826 3.277570 0.006126
v 1.453168 3.277991 0.002992
v 1.447009 3.279242 -0.000275
v 1.478166 3.299411 -0.004850
v 1.446863 3.279401 -0.000298
v 1.476213 3.300853 -0.003687
v 1.450952 3.282316 0.001454
v 1.453068 3.284072 0.002378
v 1.455324 3.286011 0.003144
v 1.457631 3.287987 0.003570
v 1.459876 3.289865 0.003639
v 1.462190 3.291744 0.003507
v 1.464829 3.293744 0.003316
v 1.467259 3.295312 0.002828
v 1.469895 3.296608 0.001657
v 1.472214 3.297374 -0.000070
v 1.475801 3.298435 -0.003128
v 1.473089 3.301644 -0.001748
v 1.469727 3.301497 0.000665
v 1.468892 3.297981 0.001786
v 1.464474 3.299408 0.003863
v 1.464225 3.294559 0.003579
v 1.460429 3.295219 0.004913
v 1.458915 3.291275 0.003089
v 1.455554 3.290356 0.004131
v 1.454636 3.287109 0.002852
v 1.452196 3.285944 0.002655
v 1.450500 3.283225 0.001227
v 1.447088 3.279060 -0.000189
v 1.478336 3.297697 -0.002970
v 1.476975 3.295834 -0.000464
v 1.474795 3.294632 0.002679
v 1.470746 3.295336 0.002401
v 1.469812 3.292097 0.005292
v 1.465331 3.293035 0.003950
v 1.464148 3.289431 0.005476
v 1.460965 3.288419 0.003723
v 1.459538 3.286433 0.005083
v 1.456127 3.284983 0.003376
v 1.454577 3.282962 0.003479
v 1.451447 3.281819 0.001617
v 1.446024 3.279348 -0.000357
v 1.407794 3.281509 -0.000795
v 1.446045 3.279131 -0.000310
v 1.408685 3.279628 0.001013
v 1.441182 3.280003 0.001980
v 1.438518 3.280273 0.003268
v 1.435610 3.280440 0.004453
v 1.432592 3.280492 0.005321
v 1.429636 3.280462 0.005819
v 1.426594 3.280405 0.006118
v 1.423209 3.280435 0.006371
v 1.420212 3.280563 0.006209
v 1.417120 3.280791 0.005279
v 1.414529 3.281040 0.003662
v 1.410546 3.281388 0.000747
v 1.411028 3.277789 0.003454
v 1.414193 3.276672 0.006047
v 1.417135 3.279192 0.005979
v 1.420175 3.276135 0.008901
v 1.423250 3.279542 0.006966
v 1.426142 3.277191 0.008848
v 1.429503 3.278632 0.005878
v 1.432947 3.277635 0.006889
v 1.435476 3.279095 0.004623
v 1.438148 3.278427 0.004270
v 1.440976 3.278968 0.002124
v 1.446080 3.279562 -0.000346
v 1.408934 3.283535 0.000393
v 1.411500 3.284955 0.002280
v 1.414426 3.285596 0.005087
v 1.417284 3.282516 0.005465
v 1.420378 3.285362 0.007200
v 1.423307 3.281486 0.006682
v 1.426641 3.283997 0.007006
v 1.429622 3.282239 0.005289
v 1.432164 3.283329 0.006043
v 1.435600 3.281777 0.004238
v 1.438095 3.282395 0.003787
v 1.441096 3.280733 0.001914
v 1.440962 3.543468 -0.000414
v 1.485313 3.546151 -0.000630
v 1.440908 3.543720 -0.000394
v 1.484000 3.548466 0.001144
v 1.446589 3.543759 0.002370
v 1.449673 3.544022 0.003889
v 1.453026 3.544420 0.005273
v 1.456495 3.544912 0.006275
v 1.459888 3.545431 0.006836
v 1.463380 3.545959 0.007166
v 1.467280 3.546428 0.007455
v 1.470754 3.546665 0.007285
v 1.474364 3.546677 0.006247
v 1.477410 3.546484 0.004426
v 1.482098 3.546161 0.001127
v 1.481009 3.550639 0.003653
v 1.477165 3.551899 0.006456
v 1.474118 3.548612 0.006792
v 1.470150 3.552156 0.009659
v 1.467103 3.547537 0.007994
v 1.463419 3.550128 0.009779
v 1.459792 3.547546 0.006607
v 1.455673 3.548376 0.007612
v 1.452996 3.546000 0.005250
v 1.449833 3.546341 0.004741
v 1.446683 3.544992 0.002366
v 1.440926 3.543219 -0.000366
v 1.484253 3.543875 0.001065
v 1.481455 3.542208 0.003468
v 1.478121 3.541532 0.006802
v 1.474405 3.544715 0.006742
v 1.471195 3.541328 0.009202
v 1.467304 3.545266 0.007983
v 1.463798 3.541998 0.008768
v 1.460155 3.543319 0.006516
v 1.457360 3.541851 0.007562
v 1.453222 3.542860 0.005243
v 1.450439 3.541742 0.004828
v 1.446789 3.542928 0.002412
v 1.441015 3.544527 -0.000211
v 1.434010 3.585722 0.003756
v 1.440815 3.544468 -0.000338
v 1.431428 3.584152 0.003710
v 1.438690 3.549283 0.002476
v 1.437339 3.551889 0.003888
v 1.435922 3.554763 0.005157
v 1.434620 3.557808 0.006098
v 1.433536 3.560856 0.006677
v 1.432557 3.564034 0.007086
v 1.431598 3.567600 0.007546
v 1.431109 3.570851 0.007725
v 1.431235 3.574381 0.007376
v 1.431994 3.577522 0.006464
v 1.433445 3.582439 0.004694
v 1.428762 3.580903 0.004095
v 1.426748 3.576832 0.005086
v 1.429472 3.574016 0.006725
v 1.425663 3.569769 0.006525
v 1.430474 3.567319 0.007342
v 1.427940 3.563538 0.006859
v 1.432024 3.560757 0.005355
v 1.431319 3.556741 0.005162
v 1.434710 3.554703 0.004289
v 1.435071 3.551842 0.003318
v 1.437723 3.549344 0.001824
v 1.441188 3.544491 -0.000045
v 1.435009 3.584504 0.006144
v 1.435362 3.581537 0.008531
v 1.434516 3.577894 0.011033
v 1.432495 3.574379 0.008813
v 1.434202 3.571059 0.012115
v 1.432221 3.567559 0.008578
v 1.434747 3.564241 0.010493
v 1.435316 3.561205 0.007597
v 1.436225 3.558465 0.008837
v 1.437127 3.554986 0.005996
v 1.438530 3.552494 0.005928
v 1.439291 3.549480 0.002980
v 1.439948 3.544152 -0.000267
v 1.415813 3.566362 -0.004934
v 1.439850 3.543992 -0.000308
v 1.414955 3.564287 -0.004130
v 1.436263 3.546692 0.001123
v 1.434196 3.548030 0.001856
v 1.431953 3.549457 0.002437
v 1.429693 3.550941 0.002719
v 1.427560 3.552417 0.002692
v 1.425427 3.553965 0.002492
v 1.423119 3.555766 0.002242
v 1.421252 3.557508 0.001763
v 1.419622 3.559533 0.000717
v 1.418563 3.561446 -0.000780
v 1.417062 3.564459 -0.003424
v 1.414863 3.561315 -0.002628
v 1.415587 3.558324 -0.000629
v 1.418682 3.558352 0.000658
v 1.418344 3.554120 0.002168
v 1.422548 3.555045 0.002370
v 1.422776 3.551569 0.003325
v 1.426634 3.551307 0.002034
v 1.428124 3.548585 0.002901
v 1.431205 3.548635 0.002047
v 1.432788 3.546836 0.001885
v 1.435616 3.546111 0.000818
v 1.440077 3.544255 -0.000170
v 1.417077 3.566780 -0.003110
v 1.418779 3.565887 -0.000783
v 1.420061 3.564102 0.002006
v 1.420442 3.560504 0.001529
v 1.423180 3.560268 0.004343
v 1.423551 3.556317 0.002888
v 1.426770 3.556041 0.004525
v 1.428525 3.553674 0.002949
v 1.430440 3.552827 0.004277
v 1.432618 3.550364 0.002772
v 1.434693 3.549502 0.002992
v 1.436555 3.547218 0.001335
v 1.440098 3.543292 -0.000390
v 1.447332 3.510218 -0.002555
v 1.440273 3.543356 -0.000327
v 1.448574 3.511295 -0.000748
v 1.440496 3.538859 0.001405
v 1.440791 3.536441 0.002402
v 1.441241 3.533846 0.003309
v 1.441839 3.531204 0.003944
v 1.442523 3.528657 0.004263
v 1.443266 3.526057 0.004407
v 1.444020 3.523147 0.004487
v 1.444633 3.520571 0.004209
v 1.445246 3.517942 0.003241
v 1.445777 3.515780 0.001689
v 1.446660 3.512493 -0.001073
v 1.449385 3.513559 0.001671
v 1.449376 3.516348 0.004189
v 1.446544 3.518280 0.004010
v 1.448187 3.521388 0.006998
v 1.444721 3.523349 0.005097
v 1.445883 3.526236 0.007096
v 1.444105 3.528963 0.004485
v 1.444057 3.532064 0.005610
v 1.442401 3.534031 0.003582
v 1.442367 3.536487 0.003445
v 1.441413 3.538914 0.001621
v 1.439902 3.543290 -0.000398
v 1.445245 3.510645 -0.001657
v 1.443278 3.512383 -0.000026
v 1.441814 3.514548 0.002503
v 1.443725 3.517672 0.003247
v 1.440435 3.519541 0.004629
v 1.443079 3.522967 0.004664
v 1.440130 3.525210 0.004847
v 1.441059 3.528269 0.003626
v 1.439471 3.530137 0.004290
v 1.440124 3.533543 0.002992
v 1.439046 3.535557 0.002639
v 1.439901 3.538622 0.001273
v -0.909709 1.051327 -0.000591
v -0.890045 1.103572 -0.007138
v -0.910027 1.051398 -0.000563
v -0.893326 1.103499 -0.004771
v -0.907047 1.058314 0.002113
v -0.905709 1.062195 0.003585
v -0.904394 1.066437 0.004846
v -0.903142 1.070807 0.005608
v -0.901978 1.075044 0.005828
v -0.900782 1.079367 0.005742
v -0.899311 1.084124 0.005548
v -0.897808 1.088209 0.004843
v -0.896007 1.092216 0.003031
v -0.894292 1.095365 0.000319
v -0.891640 1.100128 -0.004479
v -0.897274 1.101527 -0.001241
v -0.900595 1.098146 0.002797
v -0.898348 1.093003 0.003712
v -0.904370 1.090665 0.007802
v -0.900661 1.084564 0.006229
v -0.905478 1.081914 0.008937
v -0.904480 1.075990 0.005511
v -0.907515 1.071827 0.007335
v -0.906235 1.067211 0.004789
v -0.908273 1.063688 0.004586
v -0.908423 1.059056 0.002071
v -0.909438 1.051165 -0.000520
v -0.887894 1.101417 -0.004814
v -0.887311 1.097676 -0.001366
v -0.888113 1.093956 0.003305
v -0.893701 1.091321 0.003687
v -0.891339 1.086231 0.007298
v -0.897935 1.083626 0.006233
v -0.895929 1.078027 0.007777
v -0.899413 1.074220 0.005430
v -0.899112 1.070400 0.007167
v -0.902492 1.065855 0.004812
v -0.902645 1.062029 0.004704
v -0.905983 1.058122 0.002155
v -0.910897 1.051961 -0.000364
v -0.961937 1.065658 0.004777
v -0.910936 1.051684 -0.000495
v -0.961451 1.061881 0.005112
v -0.917482 1.052106 0.003244
v -0.921131 1.052089 0.005156
v -0.925131 1.052114 0.006892
v -0.929281 1.052316 0.008197
v -0.933337 1.052719 0.009014
v -0.937495 1.053287 0.009602
v -0.942090 1.054083 0.010243
v -0.946091 1.055219 0.010471
v -0.950118 1.057132 0.009944
v -0.953393 1.059495 0.008628
v -0.958398 1.063449 0.006101
v -0.959051 1.057203 0.006035
v -0.955343 1.052932 0.007646
v -0.950627 1.054834 0.009380
v -0.947683 1.048250 0.009748
v -0.942351 1.052621 0.010151
v -0.939302 1.047703 0.009974
v -0.934050 1.050753 0.007567
v -0.929779 1.047851 0.007505
v -0.925718 1.050574 0.005972
v -0.922264 1.049385 0.004758
v -0.918074 1.050939 0.002558
v -0.910761 1.052163 -0.000179
v -0.959924 1.066504 0.007662
v -0.956222 1.065707 0.010673
v -0.952350 1.063204 0.014010
v -0.949413 1.058774 0.011573
v -0.944572 1.059473 0.015551
v -0.941683 1.054918 0.011454
v -0.936478 1.056371 0.013573
v -0.932790 1.055067 0.009915
v -0.929110 1.054869 0.011400
v -0.924736 1.053727 0.007773
v -0.921140 1.054045 0.007541
v -0.917381 1.052966 0.003789
v -0.911013 1.050536 -0.000277
v -0.949248 1.033631 -0.003205
v -0.910881 1.050335 -0.000313
v -0.947261 1.031689 -0.002031
v -0.915786 1.047803 0.001936
v -0.918366 1.046220 0.003120
v -0.921144 1.044459 0.004137
v -0.924007 1.042668 0.004778
v -0.926808 1.040976 0.005014
v -0.929701 1.039297 0.005031
v -0.932976 1.037542 0.005003
v -0.935966 1.036230 0.004628
v -0.939183 1.035259 0.003502
v -0.941995 1.034824 0.001730
v -0.946350 1.034291 -0.001444
v -0.943815 1.030259 -0.000071
v -0.939911 1.029824 0.002400
v -0.938303 1.033565 0.003584
v -0.933528 1.031205 0.005613
v -0.932432 1.036533 0.005260
v -0.928261 1.035136 0.006497
v -0.926028 1.039253 0.004339
v -0.922084 1.039681 0.005274
v -0.920593 1.043126 0.003767
v -0.917708 1.043994 0.003377
v -0.915459 1.046721 0.001655
v -0.911063 1.050750 -0.000176
v -0.949012 1.035546 -0.001098
v -0.947017 1.037356 0.001606
v -0.944187 1.038289 0.004969
v -0.939853 1.036810 0.004387
v -0.938064 1.040215 0.007545
v -0.933365 1.038409 0.005743
v -0.931330 1.042184 0.007356
v -0.927756 1.042765 0.005176
v -0.925742 1.044708 0.006593
v -0.921837 1.045735 0.004446
v -0.919767 1.047703 0.004449
v -0.916236 1.048439 0.002150
v -0.909948 1.050248 -0.000436
v -0.868103 1.041238 -0.003507
v -0.909930 1.050491 -0.000383
v -0.868640 1.043463 -0.001432
v -0.904552 1.048669 0.001853
v -0.901568 1.047900 0.003114
v -0.898303 1.047205 0.004243
v -0.894919 1.046618 0.005011
v -0.891613 1.046137 0.005368
v -0.888221 1.045670 0.005496
v -0.884468 1.045049 0.005549
v -0.881189 1.044390 0.005165
v -0.877874 1.043608 0.003916
v -0.875164 1.042894 0.001933
v -0.871020 1.041839 -0.001596
v -0.870746 1.045889 0.001450
v -0.873875 1.047656 0.004561
v -0.877567 1.045377 0.004694
v -0.880199 1.049268 0.008157
v -0.884319 1.046041 0.006214
v -0.886980 1.049133 0.008506
v -0.891146 1.048139 0.005418
v -0.894710 1.049832 0.006777
v -0.897911 1.048669 0.004420
v -0.900772 1.049874 0.004203
v -0.904136 1.049779 0.001996
v -0.910046 1.050022 -0.000418
v -0.869633 1.039185 -0.002093
v -0.872589 1.038044 0.000197
v -0.875743 1.037823 0.003538
v -0.878343 1.041725 0.004143
v -0.882138 1.039099 0.006304
v -0.884738 1.043901 0.005908
v -0.888835 1.041696 0.006506
v -0.891941 1.044170 0.004780
v -0.894888 1.043399 0.005800
v -0.898539 1.045723 0.004008
v -0.901433 1.045474 0.003674
v -0.904588 1.047847 0.001777
v 1.769568 3.206601 -0.000388
v 1.769480 3.165469 -0.003901
v 1.769805 3.206636 -0.000386
v 1.771832 3.166432 -0.002362
v 1.769727 3.201175 0.001765
v 1.769910 3.198197 0.002930
v 1.770192 3.194973 0.003941
v 1.770525 3.191665 0.004583
v 1.770852 3.188459 0.004822
v 1.771165 3.185179 0.004840
v 1.771397 3.181527 0.004796
v 1.771403 3.178315 0.004377
v 1.771126 3.175054 0.003167
v 1.770632 3.172382 0.001289
v 1.769810 3.168310 -0.002056
v 1.774205 3.168899 -0.000014
v 1.775806 3.172180 0.002739
v 1.772970 3.175142 0.003529
v 1.776695 3.178415 0.006164
v 1.772473 3.181594 0.005216
v 1.775217 3.184734 0.006910
v 1.772795 3.188457 0.004446
v 1.773876 3.192149 0.005593
v 1.771652 3.194921 0.003793
v 1.772109 3.197867 0.003516
v 1.770861 3.201025 0.001655
v 1.769343 3.206643 -0.000321
v 1.767569 3.166439 -0.002079
v 1.766374 3.168933 0.000471
v 1.766198 3.171802 0.003835
v 1.769349 3.175080 0.003780
v 1.766593 3.178038 0.006550
v 1.770362 3.181525 0.005377
v 1.767604 3.184877 0.006612
v 1.768861 3.188345 0.004680
v 1.767745 3.190927 0.005960
v 1.768737 3.194874 0.004027
v 1.767832 3.197536 0.003929
v 1.768951 3.201030 0.001858
v 1.770559 3.206482 -0.000290
v 1.809335 3.210550 0.000509
v 1.770506 3.206679 -0.000389
v 1.808030 3.213022 0.000774
v 1.775295 3.208188 0.001965
v 1.777889 3.209198 0.003151
v 1.780724 3.210267 0.004187
v 1.783686 3.211244 0.004899
v 1.786610 3.212047 0.005260
v 1.789634 3.212758 0.005448
v 1.793019 3.213428 0.005649
v 1.796066 3.213701 0.005584
v 1.799294 3.213429 0.004966
v 1.802082 3.212633 0.003816
v 1.806407 3.211171 0.001681
v 1.805210 3.215625 0.001580
v 1.801641 3.217623 0.002967
v 1.799008 3.215126 0.004518
v 1.795286 3.218881 0.004945
v 1.792809 3.214497 0.005563
v 1.789423 3.217070 0.005601
v 1.786503 3.213549 0.004154
v 1.782817 3.214421 0.004352
v 1.780672 3.211455 0.003475
v 1.777932 3.211340 0.002786
v 1.775356 3.209128 0.001426
v 1.770528 3.206312 -0.000146
v 1.808336 3.209511 0.002742
v 1.805758 3.209160 0.005162
v 1.802633 3.209942 0.007826
v 1.799331 3.212157 0.006204
v 1.796419 3.210503 0.009402
v 1.793026 3.212777 0.006562
v 1.789962 3.210469 0.008422
v 1.786900 3.210314 0.005957
v 1.784412 3.209522 0.007260
v 1.780926 3.209078 0.004859
v 1.778537 3.207914 0.004901
v 1.775481 3.207585 0.002372
v 1.770269 3.207492 -0.000237
v 1.791821 3.229017 -0.004666
v 1.770123 3.207594 -0.000255
v 1.790015 3.229857 -0.003695
v 1.772935 3.210666 0.001097
v 1.774348 3.212454 0.001808
v 1.775840 3.214412 0.002386
v 1.777362 3.216404 0.002682
v 1.778847 3.218302 0.002687
v 1.780385 3.220211 0.002525
v 1.782162 3.222270 0.002308
v 1.783842 3.223944 0.001855
v 1.785727 3.225425 0.000839
v 1.787440 3.226417 -0.000624
v 1.790107 3.227848 -0.003205
v 1.787389 3.229983 -0.002061
v 1.784738 3.229318 -0.000023
v 1.784685 3.226359 0.000947
v 1.780910 3.226776 0.002708
v 1.781539 3.222826 0.002526
v 1.778387 3.222723 0.003673
v 1.777824 3.219265 0.002235
v 1.775290 3.217962 0.003151
v 1.775093 3.215174 0.002144
v 1.773327 3.213815 0.002030
v 1.772412 3.211317 0.000908
v 1.770364 3.207361 -0.000165
v 1.792275 3.227691 -0.003105
v 1.791532 3.225990 -0.001004
v 1.790023 3.224689 0.001627
v 1.786640 3.224556 0.001452
v 1.786481 3.221827 0.003877
v 1.782696 3.221795 0.002830
v 1.782382 3.218710 0.004139
v 1.779973 3.217327 0.002754
v 1.779183 3.215500 0.003915
v 1.776665 3.213725 0.002574
v 1.775766 3.211834 0.002703
v 1.773421 3.210353 0.001229
v 1.769456 3.207407 -0.000291
v 1.738309 3.202576 -0.000104
v 1.769511 3.207237 -0.000250
v 1.739373 3.201238 0.001389
v 1.765475 3.207133 0.001698
v 1.763301 3.206910 0.002795
v 1.760947 3.206559 0.003811
v 1.758520 3.206094 0.004570
v 1.756152 3.205568 0.005025
v 1.753717 3.205004 0.005317
v 1.750990 3.204451 0.005575
v 1.748554 3.204037 0.005485
v 1.746015 3.203677 0.004763
v 1.743867 3.203412 0.003469
v 1.740565 3.202971 0.001126
v 1.741605 3.200191 0.003382
v 1.744377 3.199870 0.005479
v 1.746311 3.202402 0.005355
v 1.749319 3.200501 0.007745
v 1.751184 3.203747 0.006073
v 1.753940 3.202375 0.007602
v 1.756361 3.204074 0.005094
v 1.759316 3.203876 0.005884
v 1.761072 3.205456 0.003967
v 1.763333 3.205373 0.003643
v 1.765490 3.206266 0.001830
v 1.769465 3.207589 -0.000284
v 1.738893 3.204417 0.000836
v 1.740739 3.206026 0.002337
v 1.743019 3.207079 0.004597
v 1.745853 3.205097 0.004897
v 1.747875 3.207940 0.006250
v 1.750893 3.205317 0.005819
v 1.753148 3.207915 0.006011
v 1.755828 3.206990 0.004571
v 1.757696 3.208313 0.005142
v 1.760706 3.207632 0.003622
v 1.762602 3.208551 0.003207
v 1.765280 3.207705 0.001638
v 6.659579 0.458910 -0.000355
v 6.700978 0.435369 0.000329
v 6.659678 0.459168 -0.000377
v 6.701255 0.438455 0.001796
v 6.664978 0.456303 0.002717
v 6.667997 0.454966 0.004378
v 6.671328 0.453571 0.005881
v 6.674794 0.452134 0.006969
v 6.678179 0.450698 0.007583
v 6.681644 0.449178 0.007954
v 6.685440 0.447361 0.008303
v 6.688688 0.445518 0.008190
v 6.691875 0.443264 0.007198
v 6.694386 0.441040 0.005392
v 6.698205 0.437520 0.002091
v 6.699986 0.442506 0.004015
v 6.697439 0.446289 0.006666
v 6.692811 0.445205 0.007457
v 6.691485 0.451096 0.009805
v 6.685957 0.448528 0.008691
v 6.684265 0.453245 0.010054
v 6.679307 0.452595 0.006998
v 6.676150 0.455886 0.007804
v 6.672217 0.454985 0.005603
v 6.669541 0.457057 0.004913
v 6.665779 0.457341 0.002519
v 6.659405 0.458717 -0.000266
v 6.698809 0.434226 0.002457
v 6.695476 0.434745 0.005187
v 6.692295 0.436595 0.008726
v 6.690802 0.441577 0.008039
v 6.686103 0.440819 0.011091
v 6.684819 0.446396 0.009050
v 6.679818 0.445666 0.010300
v 6.677172 0.448622 0.007591
v 6.673872 0.449111 0.008851
v 6.670596 0.452070 0.006107
v 6.667419 0.452640 0.005763
v 6.664678 0.455457 0.002902
v 6.660255 0.459848 -0.000309
v 6.678146 0.501047 -0.002935
v 6.660033 0.459893 -0.000440
v 6.674911 0.501157 -0.002810
v 6.661097 0.465827 0.001703
v 6.661485 0.469138 0.002740
v 6.661961 0.472704 0.003579
v 6.662620 0.476304 0.004048
v 6.663454 0.479726 0.004139
v 6.664445 0.483176 0.004032
v 6.665684 0.486966 0.003917
v 6.667145 0.490160 0.003570
v 6.669288 0.493162 0.002637
v 6.671739 0.495366 0.001189
v 6.675789 0.498610 -0.001431
v 6.670651 0.499891 -0.001962
v 6.666537 0.497608 -0.000318
v 6.667452 0.493770 0.001952
v 6.661548 0.492198 0.002307
v 6.664498 0.487343 0.003713
v 6.659995 0.485397 0.003731
v 6.661954 0.480322 0.002708
v 6.658975 0.477144 0.003128
v 6.660783 0.473228 0.002633
v 6.659385 0.470333 0.002074
v 6.660223 0.466346 0.000973
v 6.660399 0.459740 -0.000122
v 6.678485 0.499746 -0.000180
v 6.677227 0.497271 0.002837
v 6.674506 0.494913 0.006047
v 6.670509 0.492643 0.004198
v 6.670319 0.489202 0.008281
v 6.666285 0.486722 0.005036
v 6.666747 0.482596 0.007674
v 6.665313 0.479135 0.005112
v 6.664614 0.476364 0.006892
v 6.663226 0.472324 0.004469
v 6.663034 0.469287 0.004840
v 6.661783 0.465726 0.002224
v 6.659074 0.460129 -0.000340
v 6.650002 0.493196 -0.009584
v 6.658890 0.460039 -0.000362
v 6.648076 0.491980 -0.008424
v 6.657326 0.464741 0.000613
v 6.656291 0.467246 0.001111
v 6.655141 0.469907 0.001430
v 6.653991 0.472583 0.001421
v 6.652930 0.475132 0.001092
v 6.651900 0.477720 0.000567
v 6.650858 0.480625 -0.000058
v 6.650162 0.483186 -0.000902
v 6.649809 0.485774 -0.002384
v 6.649876 0.487862 -0.004310
v 6.650113 0.491009 -0.007641
v 6.646359 0.489626 -0.006358
v 6.645397 0.486855 -0.003738
v 6.648274 0.485267 -0.002285
v 6.645606 0.481941 -0.000017
v 6.649933 0.480339 0.000177
v 6.648178 0.477269 0.001753
v 6.651412 0.474590 0.000545
v 6.651224 0.471438 0.001945
v 6.653968 0.469556 0.001126
v 6.654335 0.467013 0.001291
v 6.656388 0.464558 0.000363
v 6.659256 0.460160 -0.000251
v 6.651495 0.493105 -0.007680
v 6.652650 0.491672 -0.005020
v 6.652939 0.489763 -0.001739
v 6.651161 0.486279 -0.001656
v 6.653660 0.484896 0.001446
v 6.651607 0.480958 0.000551
v 6.654441 0.479082 0.002428
v 6.654544 0.475722 0.001191
v 6.655855 0.474054 0.002792
v 6.656287 0.470373 0.001659
v 6.657665 0.468431 0.002094
v 6.657907 0.465069 0.000761
v 6.658701 0.459261 -0.000328
v 6.645847 0.425397 0.002909
v 6.658901 0.459226 -0.000267
v 6.647702 0.425900 0.004688
v 6.656595 0.455371 0.002297
v 6.655518 0.453207 0.003751
v 6.654470 0.450781 0.005142
v 6.653512 0.448186 0.006257
v 6.652668 0.445578 0.007026
v 6.651832 0.442861 0.007618
v 6.650824 0.439854 0.008193
v 6.649861 0.437171 0.008330
v 6.648823 0.434337 0.007746
v 6.647947 0.431877 0.006465
v 6.646658 0.428030 0.004094
v 6.649898 0.427799 0.006913
v 6.651667 0.430657 0.009132
v 6.650234 0.433995 0.008546
v 6.653703 0.436242 0.011262
v 6.651609 0.439716 0.008828
v 6.654456 0.441899 0.010518
v 6.654280 0.444959 0.007259
v 6.656109 0.447906 0.007952
v 6.655638 0.450309 0.005437
v 6.657025 0.452485 0.004896
v 6.657465 0.454917 0.002546
v 6.658524 0.459373 -0.000342
v 6.644276 0.427130 0.003730
v 6.643620 0.430065 0.005118
v 6.643721 0.433221 0.007405
v 6.647300 0.434987 0.007750
v 6.645515 0.438772 0.008814
v 6.649885 0.440271 0.008381
v 6.648550 0.444007 0.008125
v 6.651086 0.445992 0.006369
v 6.650786 0.448675 0.006724
v 6.653270 0.451116 0.004822
v 6.653450 0.453477 0.004091
v 6.655915 0.455488 0.002178
v 1.994872 -0.578669 -0.000330
v 1.979747 -0.540897 0.000615
v 1.994668 -0.578788 -0.000332
v 1.978010 -0.542791 0.002021
v 1.992824 -0.574008 0.002358
v 1.991613 -0.571484 0.003818
v 1.990214 -0.568757 0.005153
v 1.988724 -0.565936 0.006135
v 1.987260 -0.563166 0.006711
v 1.985773 -0.560301 0.007079
v 1.984222 -0.557062 0.007426
v 1.983023 -0.554103 0.007358
v 1.982034 -0.550916 0.006519
v 1.981432 -0.548120 0.004964
v 1.980559 -0.543784 0.002120
v 1.976837 -0.546141 0.004059
v 1.976684 -0.549986 0.006406
v 1.980394 -0.551712 0.006865
v 1.978291 -0.556321 0.009097
v 1.983279 -0.557561 0.007830
v 1.981987 -0.561595 0.009154
v 1.985468 -0.563843 0.006342
v 1.985877 -0.567710 0.007072
v 1.988855 -0.569233 0.005013
v 1.989504 -0.572052 0.004428
v 1.991729 -0.574278 0.002266
v 1.995096 -0.578631 -0.000269
v 1.981923 -0.541255 0.002299
v 1.984030 -0.543335 0.004531
v 1.985375 -0.546212 0.007522
v 1.983692 -0.550347 0.007118
v 1.987406 -0.552295 0.009518
v 1.985190 -0.556737 0.007995
v 1.988988 -0.558890 0.008848
v 1.989033 -0.562314 0.006584
v 1.991049 -0.564377 0.007564
v 1.991512 -0.568139 0.005248
v 1.993311 -0.570216 0.004868
v 1.993484 -0.573600 0.002465
v 1.993926 -0.578935 -0.000222
v 1.959990 -0.596999 0.000120
v 1.994043 -0.579085 -0.000340
v 1.962099 -0.598791 0.000116
v 1.990310 -0.582455 0.001805
v 1.988355 -0.584446 0.002859
v 1.986194 -0.586565 0.003760
v 1.983873 -0.588614 0.004353
v 1.981507 -0.590457 0.004621
v 1.979010 -0.592237 0.004728
v 1.976168 -0.594113 0.004853
v 1.973479 -0.595476 0.004760
v 1.970403 -0.596357 0.004182
v 1.967516 -0.596548 0.003140
v 1.962941 -0.596601 0.001203
v 1.965663 -0.600198 0.000628
v 1.969714 -0.600837 0.001775
v 1.971268 -0.597750 0.003562
v 1.976064 -0.599835 0.003580
v 1.976748 -0.594999 0.004654
v 1.980788 -0.596094 0.004418
v 1.982111 -0.591674 0.003376
v 1.985809 -0.591128 0.003478
v 1.986649 -0.587555 0.002936
v 1.989085 -0.586373 0.002273
v 1.990577 -0.583278 0.001176
v 1.993897 -0.578784 -0.000063
v 1.960611 -0.595907 0.002419
v 1.962936 -0.594878 0.004829
v 1.966186 -0.594701 0.007357
v 1.969952 -0.595337 0.005532
v 1.972137 -0.593078 0.008843
v 1.975960 -0.593614 0.005817
v 1.977989 -0.590571 0.007887
v 1.980635 -0.589058 0.005489
v 1.982672 -0.587551 0.006851
v 1.985602 -0.585624 0.004545
v 1.987361 -0.583691 0.004711
v 1.989935 -0.582015 0.002269
v 1.994563 -0.579752 -0.000277
v 1.982564 -0.606821 -0.006920
v 1.994733 -0.579790 -0.000306
v 1.984561 -0.607016 -0.006057
v 1.993341 -0.583751 0.000690
v 1.992732 -0.585968 0.001197
v 1.992108 -0.588355 0.001553
v 1.991457 -0.590756 0.001631
v 1.990795 -0.593029 0.001433
v 1.990081 -0.595314 0.001070
v 1.989202 -0.597820 0.000638
v 1.988260 -0.599915 0.000015
v 1.987039 -0.601855 -0.001140
v 1.985778 -0.603244 -0.002680
v 1.983761 -0.605271 -0.005362
v 1.987073 -0.606324 -0.004468
v 1.989335 -0.604945 -0.002400
v 1.988338 -0.602331 -0.001133
v 1.992013 -0.601494 0.000548
v 1.989984 -0.598118 0.000792
v 1.992874 -0.596976 0.001928
v 1.992065 -0.593482 0.000887
v 1.993942 -0.591455 0.001925
v 1.993060 -0.588749 0.001235
v 1.994173 -0.586851 0.001269
v 1.994050 -0.584132 0.000436
v 1.994431 -0.579675 -0.000193
v 1.981725 -0.605938 -0.005248
v 1.981865 -0.604325 -0.003007
v 1.982872 -0.602847 -0.000290
v 1.985911 -0.601463 -0.000446
v 1.985152 -0.599163 0.002221
v 1.988560 -0.597636 0.001199
v 1.987769 -0.594846 0.002811
v 1.989411 -0.592564 0.001602
v 1.989511 -0.590727 0.002935
v 1.991109 -0.588053 0.001811
v 1.991243 -0.586016 0.002139
v 1.992787 -0.583659 0.000853
v 1.995273 -0.579370 -0.000321
v 2.021993 -0.563522 0.000384
v 1.995163 -0.579239 -0.000263
v 2.020590 -0.562845 0.001990
v 1.998892 -0.577851 0.001658
v 2.000842 -0.576956 0.002757
v 2.002907 -0.575870 0.003791
v 2.004986 -0.574629 0.004585
v 2.006977 -0.573323 0.005087
v 2.009008 -0.571943 0.005434
v 2.011309 -0.570460 0.005747
v 2.013382 -0.569177 0.005703
v 2.015543 -0.567844 0.005034
v 2.017359 -0.566683 0.003795
v 2.020124 -0.564833 0.001546
v 2.018244 -0.562913 0.004054
v 2.015675 -0.563850 0.006143
v 2.014829 -0.566852 0.005750
v 2.011477 -0.566469 0.008295
v 2.010893 -0.569941 0.006310
v 2.007932 -0.569861 0.007954
v 2.006241 -0.572048 0.005314
v 2.003498 -0.573035 0.006109
v 2.002394 -0.574929 0.004062
v 2.000283 -0.575654 0.003753
v 1.998566 -0.577081 0.001879
v 1.995332 -0.579539 -0.000334
v 2.022171 -0.565504 0.001109
v 2.021132 -0.567794 0.002407
v 2.019523 -0.569816 0.004510
v 2.016217 -0.569088 0.005014
v 2.015462 -0.572552 0.006036
v 2.011725 -0.571236 0.005893
v 2.010622 -0.574448 0.005804
v 2.007775 -0.574451 0.004491
v 2.006574 -0.576399 0.004909
v 2.003512 -0.576738 0.003491
v 2.002099 -0.578231 0.002986
v 1.999278 -0.578293 0.001538
v 2.238368 1.037089 -0.000454
v 2.247383 0.994033 -0.006247
v 2.238610 1.037178 -0.000443
v 2.249609 0.995473 -0.004465
v 2.239675 1.031303 0.001595
v 2.240492 1.028148 0.002706
v 2.241472 1.024765 0.003641
v 2.242531 1.021326 0.004180
v 2.243574 1.018015 0.004290
v 2.244622 1.014634 0.004159
v 2.245667 1.010848 0.003941
v 2.246388 1.007497 0.003335
v 2.246842 1.004076 0.001865
v 2.246953 1.001264 -0.000298
v 2.247062 0.996990 -0.004116
v 2.251508 0.998454 -0.001742
v 2.252406 1.002099 0.001429
v 2.248754 1.004550 0.002323
v 2.251890 1.008657 0.005441
v 2.246774 1.011131 0.004433
v 2.248931 1.014935 0.006500
v 2.245626 1.018457 0.003954
v 2.245926 1.022509 0.005404
v 2.243021 1.025038 0.003531
v 2.242864 1.028248 0.003395
v 2.240902 1.031398 0.001509
v 2.238121 1.037081 -0.000388
v 2.245116 0.994536 -0.004310
v 2.243251 0.996756 -0.001493
v 2.242356 0.999548 0.002252
v 2.244952 1.003683 0.002463
v 2.241337 1.006039 0.005485
v 2.244565 1.010589 0.004528
v 2.240900 1.013443 0.005922
v 2.241507 1.017468 0.004063
v 2.239737 1.019868 0.005524
v 2.239961 1.024340 0.003678
v 2.238427 1.026945 0.003673
v 2.238888 1.030976 0.001660
v 2.239434 1.037175 -0.000321
v 2.279311 1.049856 0.002084
v 2.239338 1.037376 -0.000419
v 2.277390 1.052155 0.002445
v 2.243988 1.039876 0.002347
v 2.246466 1.041438 0.003760
v 2.249190 1.043121 0.005022
v 2.252073 1.044754 0.005937
v 2.254964 1.046215 0.006466
v 2.257985 1.047612 0.006807
v 2.261394 1.049043 0.007174
v 2.264541 1.049996 0.007223
v 2.268010 1.050448 0.006659
v 2.271146 1.050283 0.005483
v 2.276067 1.049807 0.003271
v 2.273833 1.054232 0.003339
v 2.269607 1.055477 0.004801
v 2.267349 1.052194 0.006251
v 2.262600 1.055306 0.006764
v 2.260941 1.050125 0.007126
v 2.256814 1.052089 0.007176
v 2.254549 1.047832 0.005349
v 2.250476 1.047934 0.005476
v 2.248891 1.044398 0.004315
v 2.246051 1.043718 0.003475
v 2.243859 1.040906 0.001817
v 2.239436 1.036982 -0.000176
v 2.278435 1.048424 0.004395
v 2.275742 1.047359 0.006885
v 2.272219 1.047353 0.009674
v 2.268299 1.049051 0.007927
v 2.265521 1.046502 0.011176
v 2.261522 1.048309 0.008121
v 2.258761 1.045113 0.009898
v 2.255633 1.044419 0.007139
v 2.253158 1.042973 0.008412
v 2.249646 1.041878 0.005692
v 2.247388 1.040132 0.005597
v 2.244306 1.039260 0.002761
v 2.238907 1.038170 -0.000224
v 2.256962 1.065734 -0.003172
v 2.238732 1.038247 -0.000244
v 2.254855 1.066170 -0.002151
v 2.240983 1.042013 0.001455
v 2.242059 1.044162 0.002356
v 2.243186 1.046512 0.003123
v 2.244343 1.048922 0.003592
v 2.245488 1.051240 0.003742
v 2.246691 1.053590 0.003715
v 2.248114 1.056154 0.003646
v 2.249526 1.058304 0.003300
v 2.251208 1.060327 0.002348
v 2.252827 1.061824 0.000886
v 2.255380 1.064051 -0.001721
v 2.252026 1.065640 -0.000482
v 2.249335 1.064251 0.001579
v 2.249904 1.061076 0.002473
v 2.245799 1.060595 0.004252
v 2.247332 1.056591 0.003885
v 2.244011 1.055732 0.005001
v 2.244212 1.052054 0.003268
v 2.241810 1.050082 0.004100
v 2.242239 1.047164 0.002875
v 2.240682 1.045357 0.002625
v 2.240294 1.042594 0.001266
v 2.239034 1.038049 -0.000151
v 2.257693 1.064354 -0.001546
v 2.257234 1.062288 0.000600
v 2.255869 1.060446 0.003306
v 2.252343 1.059579 0.002994
v 2.252717 1.056542 0.005457
v 2.248768 1.055742 0.004200
v 2.249083 1.052359 0.005443
v 2.246885 1.050457 0.003805
v 2.246426 1.048301 0.004933
v 2.244200 1.045960 0.003321
v 2.243666 1.043770 0.003334
v 2.241560 1.041783 0.001598
v 2.238071 1.037907 -0.000315
v 2.206364 1.026032 -0.001434
v 2.238165 1.037738 -0.000278
v 2.207740 1.024775 0.000140
v 2.233897 1.036641 0.001668
v 2.231632 1.035873 0.002758
v 2.229208 1.034935 0.003750
v 2.226739 1.033876 0.004457
v 2.224352 1.032782 0.004837
v 2.221908 1.031643 0.005037
v 2.219155 1.030452 0.005192
v 2.216685 1.029491 0.004991
v 2.214110 1.028600 0.004110
v 2.211940 1.027925 0.002634
v 2.208620 1.026870 -0.000017
v 2.210270 1.024052 0.002304
v 2.213206 1.024202 0.004635
v 2.214688 1.027292 0.004693
v 2.218212 1.025817 0.007269
v 2.219502 1.029727 0.005699
v 2.222664 1.028802 0.007368
v 2.224898 1.031253 0.004844
v 2.228031 1.031645 0.005785
v 2.229578 1.033795 0.003867
v 2.231982 1.034217 0.003594
v 2.234099 1.035726 0.001767
v 2.238041 1.038099 -0.000299
v 2.206552 1.028042 -0.000315
v 2.208104 1.030052 0.001439
v 2.210217 1.031532 0.003995
v 2.213626 1.030049 0.004318
v 2.215097 1.033404 0.005980
v 2.218856 1.031328 0.005493
v 2.220655 1.034540 0.005905
v 2.223711 1.034231 0.004408
v 2.225372 1.035997 0.005151
v 2.228724 1.036020 0.003590
v 2.230527 1.037423 0.003256
v 2.233567 1.037203 0.001624
v 1.709488 1.784530 -0.000448
v 1.700793 1.733239 0.000397
v 1.709791 1.784524 -0.000439
v 1.703876 1.734149 0.002320
v 1.708481 1.778079 0.002949
v 1.708047 1.774517 0.004799
v 1.707689 1.770609 0.006490
v 1.707385 1.766539 0.007734
v 1.707109 1.762541 0.008459
v 1.706804 1.758424 0.008916
v 1.706322 1.753856 0.009339
v 1.705663 1.749829 0.009225
v 1.704664 1.745693 0.008110
v 1.703540 1.742242 0.006074
v 1.701752 1.736930 0.002362
v 1.707279 1.737022 0.005065
v 1.709884 1.741115 0.008175
v 1.706964 1.745469 0.008645
v 1.712208 1.749097 0.011714
v 1.707661 1.753773 0.009910
v 1.711686 1.757313 0.011767
v 1.709532 1.762085 0.008084
v 1.711622 1.766578 0.009104
v 1.709495 1.770224 0.006385
v 1.710693 1.773732 0.005685
v 1.709861 1.777644 0.002887
v 1.709216 1.784637 -0.000381
v 1.698573 1.735079 0.002462
v 1.697545 1.738750 0.005278
v 1.697839 1.742785 0.009118
v 1.702446 1.746176 0.008787
v 1.699569 1.750775 0.011742
v 1.705020 1.754146 0.010015
v 1.702268 1.759025 0.010997
v 1.704615 1.762792 0.008196
v 1.703739 1.766386 0.009415
v 1.705858 1.770800 0.006538
v 1.705298 1.774264 0.006031
v 1.707484 1.778073 0.003046
v 1.710691 1.784190 -0.000262
v 1.759697 1.781297 0.002150
v 1.710670 1.784432 -0.000413
v 1.758590 1.784658 0.002102
v 1.716872 1.785621 0.002582
v 1.720275 1.786492 0.004067
v 1.723994 1.787364 0.005370
v 1.727859 1.788054 0.006285
v 1.731650 1.788489 0.006781
v 1.735552 1.788768 0.007075
v 1.739894 1.788922 0.007410
v 1.743737 1.788619 0.007446
v 1.747707 1.787532 0.006867
v 1.751035 1.785817 0.005666
v 1.756158 1.782828 0.003394
v 1.755614 1.788567 0.002638
v 1.751563 1.791961 0.003944
v 1.747723 1.789628 0.006074
v 1.743880 1.795097 0.005944
v 1.739861 1.790275 0.007155
v 1.736197 1.794161 0.006706
v 1.731866 1.790220 0.005197
v 1.727466 1.792087 0.005151
v 1.724200 1.788749 0.004324
v 1.720791 1.789081 0.003339
v 1.717162 1.786697 0.001789
v 1.710614 1.784006 -0.000061
v 1.758175 1.780519 0.005031
v 1.754831 1.780943 0.007979
v 1.751040 1.782915 0.011062
v 1.747450 1.786118 0.008582
v 1.743394 1.785106 0.012656
v 1.739739 1.788238 0.008637
v 1.735394 1.786270 0.011110
v 1.731626 1.786381 0.007889
v 1.728332 1.786093 0.009499
v 1.723974 1.785943 0.006374
v 1.720760 1.785005 0.006457
v 1.716965 1.784891 0.003178
v 1.710543 1.785506 -0.000338
v 1.741983 1.807053 -0.007563
v 1.710385 1.785660 -0.000382
v 1.739891 1.808595 -0.006543
v 1.714488 1.789055 0.001060
v 1.716601 1.791069 0.001794
v 1.718851 1.793257 0.002341
v 1.721155 1.795443 0.002534
v 1.723400 1.797483 0.002371
v 1.725718 1.799501 0.002002
v 1.728367 1.801650 0.001556
v 1.730819 1.803309 0.000858
v 1.733502 1.804613 -0.000510
v 1.735880 1.805289 -0.002385
v 1.739566 1.806159 -0.005668
v 1.736609 1.809513 -0.004643
v 1.733119 1.809514 -0.002137
v 1.732401 1.805998 -0.000547
v 1.727751 1.807531 0.001418
v 1.727704 1.802495 0.001726
v 1.723735 1.803174 0.003020
v 1.722345 1.798823 0.001631
v 1.718896 1.797861 0.002820
v 1.718092 1.794321 0.001904
v 1.715614 1.792991 0.001847
v 1.713981 1.789943 0.000714
v 1.710632 1.785333 -0.000227
v 1.742224 1.805529 -0.005415
v 1.740883 1.803863 -0.002602
v 1.738661 1.802920 0.000784
v 1.734435 1.803433 0.000414
v 1.733594 1.800418 0.003792
v 1.728915 1.801021 0.002296
v 1.727838 1.797450 0.004314
v 1.724591 1.796053 0.002636
v 1.723191 1.794115 0.004284
v 1.719727 1.792263 0.002706
v 1.718207 1.790128 0.003064
v 1.715022 1.788585 0.001290
v 1.709517 1.785562 -0.000436
v 1.669801 1.786065 -0.001135
v 1.709548 1.785346 -0.000360
v 1.670798 1.784392 0.000960
v 1.704459 1.786314 0.001893
v 1.701680 1.786636 0.003187
v 1.698653 1.786826 0.004388
v 1.695519 1.786856 0.005278
v 1.692454 1.786757 0.005797
v 1.689303 1.786604 0.006113
v 1.685791 1.786518 0.006371
v 1.682680 1.786499 0.006190
v 1.679470 1.786484 0.005205
v 1.676782 1.786427 0.003511
v 1.672652 1.786251 0.000467
v 1.673295 1.782903 0.003701
v 1.676612 1.782213 0.006508
v 1.679552 1.784926 0.006124
v 1.682821 1.782274 0.009511
v 1.685870 1.785675 0.007095
v 1.688960 1.783614 0.009323
v 1.692396 1.784876 0.006084
v 1.696003 1.784125 0.007246
v 1.698572 1.785458 0.004731
v 1.701372 1.784843 0.004448
v 1.704291 1.785257 0.002169
v 1.709566 1.785785 -0.000450
v 1.670889 1.788346 -0.000163
v 1.673479 1.790153 0.001603
v 1.676471 1.791287 0.004414
v 1.679565 1.788290 0.005184
v 1.682640 1.791567 0.006616
v 1.685846 1.787642 0.006562
v 1.689191 1.790412 0.006583
v 1.692365 1.788520 0.005030
v 1.694949 1.789845 0.005670
v 1.698586 1.788176 0.004002
v 1.701147 1.788864 0.003459
v 1.704339 1.787053 0.001735
v -0.612268 1.906502 -0.000387
v -0.651158 1.926166 -0.003841
v -0.612347 1.906260 -0.000397
v -0.651379 1.923417 -0.002326
v -0.617517 1.908819 0.001917
v -0.620444 1.910002 0.003160
v -0.623647 1.911213 0.004237
v -0.626949 1.912433 0.004922
v -0.630145 1.913626 0.005180
v -0.633402 1.914879 0.005205
v -0.636972 1.916386 0.005171
v -0.640013 1.917916 0.004748
v -0.642955 1.919771 0.003500
v -0.645226 1.921582 0.001553
v -0.648648 1.924431 -0.001922
v -0.650195 1.919902 0.000034
v -0.647882 1.916716 0.002853
v -0.643748 1.917968 0.003799
v -0.642443 1.912780 0.006396
v -0.637423 1.915317 0.005566
v -0.635767 1.911162 0.007212
v -0.631059 1.911804 0.004693
v -0.628087 1.908987 0.005834
v -0.624383 1.909862 0.004014
v -0.621803 1.908050 0.003682
v -0.618193 1.907822 0.001750
v -0.612123 1.906691 -0.000306
v -0.649363 1.927437 -0.001832
v -0.646473 1.927279 0.000904
v -0.643720 1.925943 0.004454
v -0.642100 1.921414 0.004231
v -0.638036 1.922505 0.007268
v -0.636494 1.917342 0.005833
v -0.632034 1.918315 0.007245
v -0.629311 1.915572 0.005121
v -0.626357 1.915352 0.006510
v -0.623055 1.912634 0.004395
v -0.620104 1.912238 0.004316
v -0.617290 1.909618 0.002052
v -0.612850 1.905615 -0.000329
v -0.627313 1.866946 -0.001282
v -0.612636 1.905577 -0.000432
v -0.624358 1.867003 -0.000958
v -0.613502 1.900227 0.001830
v -0.613787 1.897242 0.002959
v -0.614128 1.894007 0.003919
v -0.614611 1.890711 0.004531
v -0.615236 1.887548 0.004774
v -0.615992 1.884340 0.004830
v -0.616958 1.880810 0.004883
v -0.618138 1.877800 0.004674
v -0.619910 1.874899 0.003874
v -0.621964 1.872684 0.002535
v -0.625359 1.869374 0.000088
v -0.620572 1.868408 0.000007
v -0.617014 1.870783 0.001625
v -0.618161 1.874388 0.003402
v -0.612851 1.876119 0.004000
v -0.615845 1.880507 0.004795
v -0.611809 1.882496 0.004974
v -0.613746 1.886987 0.003599
v -0.611182 1.890056 0.003972
v -0.612967 1.893527 0.003161
v -0.611772 1.896205 0.002558
v -0.612633 1.899749 0.001251
v -0.612999 1.905718 -0.000174
v -0.627860 1.868285 0.001132
v -0.627011 1.870786 0.003812
v -0.624834 1.873259 0.006769
v -0.621152 1.875411 0.005190
v -0.621391 1.878809 0.008717
v -0.617592 1.881071 0.005853
v -0.618361 1.884980 0.007976
v -0.617025 1.888060 0.005509
v -0.616620 1.890733 0.007007
v -0.615360 1.894349 0.004628
v -0.615336 1.897158 0.004790
v -0.614168 1.900318 0.002256
v -0.611757 1.905411 -0.000265
v -0.601466 1.875033 -0.006073
v -0.611591 1.905500 -0.000279
v -0.599832 1.876303 -0.004967
v -0.610027 1.901329 0.001004
v -0.609009 1.899115 0.001681
v -0.607867 1.896753 0.002211
v -0.606702 1.894358 0.002442
v -0.605604 1.892055 0.002367
v -0.604519 1.889705 0.002114
v -0.603403 1.887058 0.001790
v -0.602604 1.884697 0.001223
v -0.602075 1.882258 0.000053
v -0.601922 1.880231 -0.001579
v -0.601786 1.877144 -0.004441
v -0.598497 1.878659 -0.003119
v -0.597906 1.881393 -0.000838
v -0.600699 1.882799 0.000209
v -0.598548 1.886099 0.002242
v -0.602585 1.887376 0.002045
v -0.601212 1.890359 0.003404
v -0.604203 1.892589 0.001930
v -0.604254 1.895564 0.003024
v -0.606789 1.897110 0.001985
v -0.607242 1.899429 0.001953
v -0.609160 1.901525 0.000824
v -0.611927 1.905379 -0.000193
v -0.602960 1.875160 -0.004433
v -0.604253 1.876576 -0.002166
v -0.604813 1.878504 0.000695
v -0.603338 1.881777 0.000665
v -0.605886 1.883111 0.003255
v -0.604114 1.886755 0.002320
v -0.606908 1.888451 0.003739
v -0.607061 1.891447 0.002393
v -0.608436 1.893007 0.003668
v -0.608910 1.896287 0.002377
v -0.610281 1.898026 0.002566
v -0.610555 1.901011 0.001123
v -0.611452 1.906222 -0.000285
v -0.601329 1.937985 0.001368
v -0.611640 1.906249 -0.000243
v -0.603121 1.937545 0.002908
v -0.609863 1.910034 0.002003
v -0.609064 1.912150 0.003264
v -0.608299 1.914500 0.004450
v -0.607605 1.916984 0.005367
v -0.606992 1.919454 0.005959
v -0.606382 1.922013 0.006383
v -0.605623 1.924845 0.006784
v -0.604864 1.927351 0.006803
v -0.603995 1.929957 0.006157
v -0.603213 1.932172 0.004888
v -0.602038 1.935609 0.002563
v -0.605196 1.935838 0.004920
v -0.606841 1.933274 0.007014
v -0.605352 1.930253 0.006778
v -0.608610 1.928198 0.009181
v -0.606389 1.924972 0.007306
v -0.609013 1.922944 0.008807
v -0.608509 1.919960 0.006032
v -0.610103 1.917221 0.006734
v -0.609406 1.914895 0.004616
v -0.610548 1.912808 0.004170
v -0.610693 1.910424 0.002147
v -0.611285 1.906128 -0.000279
v -0.599873 1.936521 0.002325
v -0.599242 1.933949 0.003818
v -0.599353 1.931193 0.006098
v -0.602575 1.929433 0.006297
v -0.600855 1.926116 0.007618
v -0.604759 1.924518 0.007041
v -0.603365 1.921146 0.007125
v -0.605486 1.919109 0.005484
v -0.605122 1.916690 0.005995
v -0.607167 1.914229 0.004253
v -0.607184 1.912018 0.003722
v -0.609228 1.909951 0.001945
v 2.836875 -0.544515 -0.000369
v 2.856844 -0.580469 0.001179
v 2.837063 -0.544368 -0.000348
v 2.858192 -0.578399 0.002815
v 2.839271 -0.549024 0.002427
v 2.840670 -0.551453 0.003956
v 2.842296 -0.554057 0.005372
v 2.844058 -0.556730 0.006441
v 2.845828 -0.559340 0.007101
v 2.847652 -0.562034 0.007550
v 2.849593 -0.565095 0.007975
v 2.851185 -0.567904 0.007956
v 2.852672 -0.570940 0.007133
v 2.853791 -0.573607 0.005561
v 2.855508 -0.577735 0.002682
v 2.858725 -0.574967 0.005066
v 2.858145 -0.571181 0.007537
v 2.854171 -0.569945 0.007667
v 2.855447 -0.565139 0.010238
v 2.850429 -0.564489 0.008490
v 2.851059 -0.560329 0.010051
v 2.847563 -0.558418 0.006927
v 2.846575 -0.554621 0.007715
v 2.843603 -0.553400 0.005381
v 2.842641 -0.550636 0.004796
v 2.840338 -0.548609 0.002452
v 2.836651 -0.544583 -0.000331
v 2.854462 -0.580452 0.002661
v 2.851870 -0.578722 0.004745
v 2.849859 -0.576123 0.007689
v 2.851034 -0.571747 0.007554
v 2.846838 -0.570361 0.009641
v 2.848614 -0.565567 0.008442
v 2.844457 -0.563928 0.008970
v 2.844182 -0.560417 0.006773
v 2.841804 -0.558644 0.007605
v 2.841072 -0.554846 0.005321
v 2.839041 -0.552981 0.004809
v 2.838655 -0.549522 0.002458
v 2.837773 -0.544130 -0.000159
v 2.869233 -0.521678 0.004057
v 2.837648 -0.543990 -0.000285
v 2.866893 -0.520152 0.003884
v 2.840723 -0.540214 0.002333
v 2.842310 -0.538006 0.003639
v 2.844100 -0.535638 0.004815
v 2.846090 -0.533308 0.005697
v 2.848183 -0.531167 0.006251
v 2.850430 -0.529066 0.006654
v 2.853009 -0.526825 0.007113
v 2.855522 -0.525110 0.007324
v 2.858531 -0.523810 0.007076
v 2.861488 -0.523209 0.006323
v 2.866235 -0.522497 0.004838
v 2.863101 -0.519219 0.004074
v 2.858863 -0.519142 0.004835
v 2.857545 -0.522502 0.006399
v 2.852483 -0.521029 0.005985
v 2.852332 -0.526004 0.006877
v 2.848179 -0.525417 0.006258
v 2.847541 -0.529978 0.004967
v 2.843913 -0.531004 0.004683
v 2.843596 -0.534673 0.003965
v 2.841385 -0.536147 0.003023
v 2.840410 -0.539399 0.001693
v 2.837806 -0.544284 0.000001
v 2.868534 -0.522938 0.006280
v 2.866115 -0.524359 0.008444
v 2.862650 -0.525047 0.010655
v 2.858984 -0.524826 0.008454
v 2.856781 -0.527494 0.011509
v 2.853188 -0.527335 0.008092
v 2.851362 -0.530723 0.009894
v 2.849153 -0.532490 0.007177
v 2.847186 -0.534313 0.008305
v 2.844739 -0.536534 0.005642
v 2.843221 -0.538705 0.005584
v 2.841110 -0.540624 0.002826
v 2.837035 -0.543391 -0.000258
v 2.846096 -0.514468 -0.005062
v 2.836864 -0.543374 -0.000304
v 2.843993 -0.514562 -0.004391
v 2.837636 -0.539261 0.000937
v 2.837903 -0.536980 0.001562
v 2.838177 -0.534521 0.002043
v 2.838504 -0.532034 0.002246
v 2.838885 -0.529663 0.002169
v 2.839332 -0.527266 0.001933
v 2.839922 -0.524625 0.001648
v 2.840647 -0.522381 0.001168
v 2.841722 -0.520237 0.000178
v 2.842947 -0.518625 -0.001210
v 2.844954 -0.516234 -0.003654
v 2.841423 -0.515637 -0.003063
v 2.839147 -0.517387 -0.001245
v 2.840362 -0.519927 0.000065
v 2.836642 -0.521301 0.001365
v 2.839087 -0.524433 0.001731
v 2.836243 -0.525992 0.002554
v 2.837611 -0.529351 0.001503
v 2.835904 -0.531663 0.002308
v 2.837206 -0.534236 0.001637
v 2.836342 -0.536283 0.001511
v 2.836903 -0.538962 0.000618
v 2.837170 -0.543455 -0.000162
v 2.846887 -0.515308 -0.003317
v 2.846742 -0.517026 -0.001117
v 2.845668 -0.518739 0.001478
v 2.842833 -0.520511 0.000980
v 2.843633 -0.522819 0.003683
v 2.840532 -0.524749 0.002273
v 2.841532 -0.527504 0.003906
v 2.840311 -0.529958 0.002468
v 2.840324 -0.531861 0.003753
v 2.839189 -0.534705 0.002396
v 2.839291 -0.536777 0.002662
v 2.838185 -0.539289 0.001154
v 2.836381 -0.543863 -0.000384
v 2.811731 -0.563207 -0.002763
v 2.836503 -0.543982 -0.000318
v 2.813065 -0.563765 -0.001022
v 2.832778 -0.545925 0.001205
v 2.830843 -0.547114 0.002091
v 2.828825 -0.548506 0.002896
v 2.826836 -0.550047 0.003454
v 2.824972 -0.551630 0.003726
v 2.823093 -0.553288 0.003836
v 2.820961 -0.555081 0.003881
v 2.819066 -0.556631 0.003596
v 2.817148 -0.558221 0.002673
v 2.815609 -0.559571 0.001214
v 2.813312 -0.561696 -0.001373
v 2.815197 -0.563473 0.001292
v 2.817435 -0.562282 0.003677
v 2.817923 -0.559150 0.003441
v 2.821072 -0.559198 0.006330
v 2.821390 -0.555569 0.004477
v 2.824196 -0.555331 0.006428
v 2.825852 -0.552822 0.003997
v 2.828383 -0.551510 0.005098
v 2.829433 -0.549393 0.003197
v 2.831475 -0.548384 0.003117
v 2.833183 -0.546663 0.001441
v 2.836302 -0.543701 -0.000399
v 2.811223 -0.561271 -0.002003
v 2.811833 -0.558890 -0.000535
v 2.812969 -0.556735 0.001792
v 2.816315 -0.557059 0.002615
v 2.816513 -0.553529 0.003805
v 2.820430 -0.554362 0.004006
v 2.821117 -0.550998 0.004106
v 2.824085 -0.550579 0.003073
v 2.824987 -0.548488 0.003663
v 2.828136 -0.547703 0.002554
v 2.829399 -0.546005 0.002226
v 2.832347 -0.545527 0.001056
v 3.042452 -0.444934 -0.000410
v 2.998294 -0.454440 0.000254
v 3.042545 -0.445179 -0.000391
v 3.000003 -0.456557 0.002035
v 3.036896 -0.446076 0.002531
v 3.033866 -0.446806 0.004137
v 3.030585 -0.447715 0.005611
v 3.027194 -0.448736 0.006699
v 3.023875 -0.449776 0.007338
v 3.020454 -0.450841 0.007743
v 3.016612 -0.451910 0.008115
v 3.013155 -0.452683 0.008012
v 3.009509 -0.453253 0.007028
v 3.006383 -0.453537 0.005237
v 3.001560 -0.453948 0.001976
v 3.003391 -0.458269 0.004531
v 3.007500 -0.458931 0.007307
v 3.010064 -0.455158 0.007581
v 3.014651 -0.458097 0.010424
v 3.016971 -0.452994 0.008662
v 3.021105 -0.455024 0.010409
v 3.024293 -0.451888 0.007108
v 3.028579 -0.452085 0.008049
v 3.030858 -0.449297 0.005590
v 3.034079 -0.449157 0.005011
v 3.036990 -0.447329 0.002532
v 3.042451 -0.444678 -0.000363
v 2.999042 -0.451982 0.001951
v 3.001644 -0.449865 0.004335
v 3.004954 -0.448657 0.007657
v 3.009176 -0.451286 0.007528
v 3.011929 -0.447376 0.009958
v 3.016420 -0.450743 0.008651
v 3.019457 -0.446917 0.009373
v 3.023276 -0.447696 0.007013
v 3.025880 -0.445787 0.008019
v 3.030148 -0.446177 0.005582
v 3.032765 -0.444628 0.005103
v 3.036568 -0.445272 0.002577
v 3.042565 -0.446005 -0.000201
v 3.056008 -0.486312 0.003776
v 3.042754 -0.445916 -0.000334
v 3.058360 -0.484338 0.003674
v 3.045684 -0.450415 0.002494
v 3.047469 -0.452819 0.003908
v 3.049359 -0.455484 0.005175
v 3.051152 -0.458340 0.006113
v 3.052721 -0.461234 0.006685
v 3.054200 -0.464275 0.007088
v 3.055721 -0.467709 0.007543
v 3.056715 -0.470901 0.007722
v 3.057124 -0.474470 0.007377
v 3.056826 -0.477748 0.006472
v 3.056090 -0.482922 0.004711
v 3.060547 -0.480661 0.004006
v 3.061965 -0.476256 0.004966
v 3.058826 -0.473836 0.006680
v 3.061998 -0.468983 0.006392
v 3.056803 -0.467256 0.007314
v 3.058759 -0.463069 0.006765
v 3.054200 -0.460909 0.005311
v 3.054287 -0.456765 0.005094
v 3.050551 -0.455242 0.004269
v 3.049729 -0.452427 0.003283
v 3.046652 -0.450331 0.001812
v 3.042389 -0.445995 -0.000029
v 3.054863 -0.485229 0.006220
v 3.054099 -0.482290 0.008648
v 3.054437 -0.478486 0.011167
v 3.055885 -0.474655 0.008863
v 3.053724 -0.471563 0.012246
v 3.055108 -0.467759 0.008605
v 3.052097 -0.464803 0.010595
v 3.051003 -0.461853 0.007657
v 3.049694 -0.459233 0.008929
v 3.048198 -0.455889 0.006052
v 3.046404 -0.453600 0.006007
v 3.045120 -0.450703 0.003019
v 3.043578 -0.445464 -0.000279
v 3.071152 -0.464104 -0.005458
v 3.043652 -0.445289 -0.000324
v 3.071711 -0.461883 -0.004661
v 3.047698 -0.447444 0.001066
v 3.049996 -0.448469 0.001772
v 3.052480 -0.449556 0.002322
v 3.054983 -0.450698 0.002566
v 3.057353 -0.451854 0.002500
v 3.059731 -0.453084 0.002257
v 3.062321 -0.454541 0.001960
v 3.064456 -0.456007 0.001440
v 3.066384 -0.457797 0.000349
v 3.067713 -0.459565 -0.001190
v 3.069634 -0.462376 -0.003902
v 3.071375 -0.458874 -0.003142
v 3.070227 -0.455970 -0.001101
v 3.067146 -0.456466 0.000268
v 3.066865 -0.452154 0.001787
v 3.062787 -0.453728 0.002079
v 3.062042 -0.450264 0.003046
v 3.058100 -0.450601 0.001811
v 3.056201 -0.448089 0.002715
v 3.053097 -0.448617 0.001908
v 3.051227 -0.447052 0.001771
v 3.048253 -0.446763 0.000742
v 3.043467 -0.445587 -0.000179
v 3.069981 -0.464709 -0.003577
v 3.068179 -0.464062 -0.001180
v 3.066670 -0.462450 0.001677
v 3.065725 -0.458895 0.001192
v 3.062991 -0.459064 0.004106
v 3.061984 -0.455157 0.002627
v 3.058738 -0.455366 0.004355
v 3.056581 -0.453265 0.002782
v 3.054553 -0.452701 0.004168
v 3.051957 -0.450567 0.002677
v 3.049743 -0.450019 0.002940
v 3.047489 -0.448017 0.001288
v 3.043294 -0.444624 -0.000403
v 3.030902 -0.412505 -0.002527
v 3.043128 -0.444715 -0.000336
v 3.029855 -0.413769 -0.000664
v 3.042247 -0.440221 0.001420
v 3.041599 -0.437831 0.002435
v 3.040765 -0.435288 0.003360
v 3.039771 -0.432721 0.004012
v 3.038698 -0.430265 0.004346
v 3.037555 -0.427765 0.004501
v 3.036352 -0.424955 0.004591
v 3.035335 -0.422463 0.004315
v 3.034297 -0.419919 0.003339
v 3.033401 -0.417836 0.001767
v 3.031956 -0.414681 -0.001030
v 3.029434 -0.416157 0.001816
v 3.029921 -0.418946 0.004381
v 3.033059 -0.420454 0.004147
v 3.031943 -0.423815 0.007223
v 3.035691 -0.425263 0.005226
v 3.035005 -0.428333 0.007287
v 3.037160 -0.430814 0.004602
v 3.037707 -0.433918 0.005752
v 3.039633 -0.435650 0.003661
v 3.040042 -0.438114 0.003526
v 3.041338 -0.440416 0.001658
v 3.043490 -0.444592 -0.000415
v 3.033083 -0.412609 -0.001654
v 3.035358 -0.414046 -0.000033
v 3.037210 -0.415985 0.002514
v 3.035784 -0.419414 0.003314
v 3.039404 -0.420780 0.004658
v 3.037274 -0.424630 0.004753
v 3.040585 -0.426430 0.004884
v 3.040098 -0.429653 0.003668
v 3.041993 -0.431283 0.004315
v 3.041835 -0.434813 0.003016
v 3.043221 -0.436673 0.002639
v 3.042806 -0.439892 0.001274
v 9.304331 0.905748 -0.000454
v 9.337890 0.937810 -0.003522
v 9.304118 0.905914 -0.000438
v 9.335321 0.938886 -0.001662
v 9.308698 0.909958 0.002094
v 9.311021 0.912347 0.003481
v 9.313463 0.915017 0.004705
v 9.315925 0.917816 0.005521
v 9.318295 0.920556 0.005880
v 9.320731 0.923355 0.005990
v 9.323533 0.926381 0.006035
v 9.326139 0.928904 0.005634
v 9.328983 0.931283 0.004325
v 9.331495 0.933068 0.002239
v 9.335365 0.935762 -0.001487
v 9.331531 0.938761 0.001077
v 9.327687 0.937352 0.004203
v 9.327491 0.932695 0.004848
v 9.322002 0.933029 0.007977
v 9.322655 0.927180 0.006574
v 9.318009 0.926875 0.008585
v 9.316779 0.922163 0.005579
v 9.312958 0.920109 0.006858
v 9.312368 0.916255 0.004633
v 9.309601 0.914359 0.004287
v 9.307938 0.911004 0.002046
v 9.304472 0.905528 -0.000394
v 9.338631 0.935390 -0.001614
v 9.337592 0.932326 0.001124
v 9.335480 0.929751 0.004835
v 9.330358 0.929778 0.004902
v 9.330158 0.925068 0.007778
v 9.324354 0.925504 0.006622
v 9.323791 0.920581 0.007764
v 9.319929 0.919031 0.005596
v 9.318722 0.916041 0.006909
v 9.314675 0.913903 0.004712
v 9.313201 0.911106 0.004487
v 9.309422 0.909432 0.002153
v 9.303661 0.906641 -0.000279
v 9.270278 0.935024 0.002990
v 9.303539 0.906451 -0.000398
v 9.269279 0.932027 0.003152
v 9.298657 0.909038 0.002521
v 9.295853 0.910295 0.003997
v 9.292809 0.911713 0.005319
v 9.289734 0.913324 0.006286
v 9.286820 0.915061 0.006861
v 9.283897 0.916961 0.007248
v 9.280729 0.919187 0.007675
v 9.278142 0.921461 0.007789
v 9.275843 0.924339 0.007304
v 9.274296 0.927298 0.006205
v 9.272075 0.932085 0.004110
v 9.269364 0.927660 0.003823
v 9.270540 0.923118 0.005114
v 9.274666 0.922817 0.006745
v 9.274499 0.916845 0.006908
v 9.280017 0.918191 0.007541
v 9.280544 0.913434 0.007314
v 9.285645 0.913876 0.005577
v 9.287798 0.910185 0.005548
v 9.291860 0.910791 0.004490
v 9.294060 0.908691 0.003544
v 9.297828 0.908392 0.001898
v 9.303828 0.906740 -0.000115
v 9.271963 0.934881 0.005461
v 9.274319 0.932907 0.008027
v 9.276179 0.929592 0.010809
v 9.276887 0.925281 0.008727
v 9.280586 0.923998 0.012175
v 9.281282 0.919642 0.008716
v 9.285596 0.918824 0.010664
v 9.288029 0.916600 0.007701
v 9.290643 0.915108 0.009026
v 9.293643 0.912759 0.006113
v 9.296448 0.911714 0.006035
v 9.299017 0.909634 0.003004
v 9.303063 0.905618 -0.000259
v 9.268641 0.906740 -0.004341
v 9.303092 0.905422 -0.000291
v 9.269382 0.904558 -0.003380
v 9.298440 0.905246 0.001341
v 9.295904 0.904966 0.002192
v 9.293163 0.904627 0.002894
v 9.290364 0.904303 0.003281
v 9.287663 0.904039 0.003339
v 9.284906 0.903821 0.003214
v 9.281838 0.903683 0.003038
v 9.279157 0.903781 0.002598
v 9.276456 0.904229 0.001543
v 9.274276 0.904944 -0.000016
v 9.270966 0.906163 -0.002780
v 9.271363 0.902222 -0.001712
v 9.274020 0.900455 0.000427
v 9.276505 0.902649 0.001578
v 9.279142 0.899143 0.003310
v 9.281874 0.902731 0.003231
v 9.284436 0.900174 0.004324
v 9.287657 0.902487 0.002745
v 9.290713 0.901377 0.003643
v 9.293114 0.903442 0.002558
v 9.295590 0.903065 0.002348
v 9.298309 0.904326 0.001081
v 9.303099 0.905794 -0.000170
v 9.269414 0.908045 -0.002527
v 9.271440 0.908632 -0.000174
v 9.273746 0.908252 0.002717
v 9.276474 0.905609 0.002309
v 9.278894 0.907451 0.005085
v 9.281828 0.904456 0.003668
v 9.284626 0.906514 0.005187
v 9.287587 0.905709 0.003507
v 9.289724 0.906412 0.004802
v 9.293089 0.905821 0.003173
v 9.295335 0.906548 0.003302
v 9.298323 0.905877 0.001527
v 9.303761 0.905025 -0.000370
v 9.331877 0.883390 -0.002030
v 9.303860 0.905199 -0.000317
v 9.332187 0.885204 -0.000254
v 9.307130 0.901874 0.001621
v 9.309030 0.900209 0.002721
v 9.311171 0.898502 0.003723
v 9.313455 0.896839 0.004433
v 9.315734 0.895291 0.004805
v 9.318091 0.893727 0.004991
v 9.320666 0.891920 0.005121
v 9.322892 0.890262 0.004874
v 9.325136 0.888516 0.003909
v 9.326982 0.887051 0.002323
v 9.329839 0.884846 -0.000512
v 9.331365 0.887713 0.002151
v 9.329535 0.890093 0.004693
v 9.325964 0.889711 0.004621
v 9.325250 0.893492 0.007541
v 9.321105 0.892594 0.005708
v 9.320130 0.895810 0.007632
v 9.316794 0.896617 0.004928
v 9.314686 0.899129 0.006009
v 9.311978 0.899450 0.003930
v 9.310284 0.901377 0.003711
v 9.307830 0.902551 0.001788
v 9.303607 0.904891 -0.000366
v 9.329947 0.882380 -0.000975
v 9.327244 0.882543 0.000795
v 9.324677 0.883445 0.003459
v 9.324105 0.887275 0.004018
v 9.320252 0.886633 0.005607
v 9.320042 0.891153 0.005370
v 9.316175 0.890963 0.005673
v 9.314812 0.893952 0.004243
v 9.312298 0.894412 0.004976
v 9.310476 0.897485 0.003471
v 9.308243 0.898341 0.003105
v 9.306812 0.901275 0.001528
v 7.003151 0.998426 -0.000425
v 6.962374 0.976112 0.000023
v 7.003314 0.998211 -0.000405
v 6.964672 0.974520 0.001862
v 6.997991 0.995664 0.002572
v 6.995209 0.994053 0.004208
v 6.992232 0.992191 0.005707
v 6.989181 0.990188 0.006808
v 6.986209 0.988188 0.007448
v 6.983145 0.986135 0.007846
v 6.979666 0.983954 0.008208
v 6.976483 0.982179 0.008083
v 6.973058 0.980551 0.007052
v 6.970066 0.979360 0.005192
v 6.965444 0.977549 0.001812
v 6.968503 0.973817 0.004446
v 6.972738 0.974361 0.007323
v 6.974161 0.978834 0.007622
v 6.979533 0.977271 0.010568
v 6.980336 0.982988 0.008772
v 6.985000 0.982192 0.010588
v 6.987241 0.986228 0.007210
v 6.991522 0.987287 0.008201
v 6.992964 0.990710 0.005685
v 6.996103 0.991794 0.005106
v 6.998451 0.994455 0.002572
v 7.003074 0.998678 -0.000376
v 6.962384 0.978751 0.001775
v 6.964319 0.981596 0.004244
v 6.967216 0.983749 0.007680
v 6.972151 0.982393 0.007567
v 6.973710 0.987050 0.010086
v 6.979132 0.985048 0.008759
v 6.981004 0.989710 0.009522
v 6.985011 0.990065 0.007113
v 6.987015 0.992709 0.008163
v 6.991351 0.993580 0.005676
v 6.993480 0.995876 0.005198
v 6.997432 0.996362 0.002618
v 7.003575 0.997401 -0.000210
v 7.028624 0.961570 0.003908
v 7.003736 0.997546 -0.000346
v 7.030367 0.964206 0.003817
v 7.007931 0.993959 0.002574
v 7.010390 0.992106 0.004036
v 7.013029 0.990028 0.005347
v 7.015630 0.987734 0.006317
v 7.018023 0.985337 0.006911
v 7.020371 0.982770 0.007330
v 7.022875 0.979827 0.007803
v 7.024790 0.976969 0.007989
v 7.026240 0.973569 0.007632
v 7.026910 0.970251 0.006695
v 7.027708 0.964936 0.004875
v 7.031446 0.968473 0.004174
v 7.031550 0.973231 0.005174
v 7.027737 0.974695 0.006923
v 7.029445 0.980411 0.006649
v 7.023811 0.980591 0.007573
v 7.024516 0.985295 0.007022
v 7.019392 0.986094 0.005505
v 7.018266 0.990208 0.005286
v 7.014138 0.990618 0.004420
v 7.012507 0.993157 0.003404
v 7.008864 0.994327 0.001877
v 7.003398 0.997360 -0.000034
v 7.027167 0.962296 0.006418
v 7.025541 0.964966 0.008916
v 7.024748 0.968811 0.011513
v 7.025065 0.973020 0.009154
v 7.022012 0.975429 0.012628
v 7.022280 0.979595 0.008892
v 7.018435 0.981624 0.010927
v 7.016505 0.984221 0.007902
v 7.014440 0.986419 0.009207
v 7.011998 0.989287 0.006243
v 7.009558 0.991019 0.006189
v 7.007456 0.993508 0.003111
v 7.004416 0.998232 -0.000285
v 7.037100 0.987935 -0.005492
v 7.004438 0.998427 -0.000331
v 7.036997 0.990287 -0.004667
v 7.009054 0.997482 0.001117
v 7.011618 0.997143 0.001855
v 7.014384 0.996797 0.002432
v 7.017187 0.996403 0.002695
v 7.019863 0.995957 0.002638
v 7.022570 0.995441 0.002399
v 7.025553 0.994763 0.002106
v 7.028091 0.993944 0.001579
v 7.030523 0.992745 0.000465
v 7.032359 0.991395 -0.001114
v 7.035089 0.989192 -0.003897
v 7.035778 0.993154 -0.003103
v 7.033785 0.995677 -0.001006
v 7.030885 0.994282 0.000387
v 7.029337 0.998450 0.001953
v 7.025774 0.995701 0.002230
v 7.024021 0.998897 0.003226
v 7.020236 0.997414 0.001934
v 7.017623 0.999333 0.002858
v 7.014719 0.997905 0.002011
v 7.012417 0.998901 0.001862
v 7.009404 0.998318 0.000788
v 7.004342 0.998078 -0.000182
v 7.036114 0.986990 -0.003564
v 7.034135 0.987095 -0.001106
v 7.032162 0.988236 0.001828
v 7.030190 0.991467 0.001328
v 7.027530 0.990493 0.004312
v 7.025398 0.994055 0.002789
v 7.022250 0.992894 0.004550
v 7.019514 0.994339 0.002923
v 7.017341 0.994297 0.004340
v 7.014163 0.995645 0.002794
v 7.011817 0.995537 0.003054
v 7.009015 0.996855 0.001344
v 7.003890 0.998978 -0.000414
v 6.982268 1.027037 -0.002629
v 7.003754 0.998839 -0.000345
v 6.981596 1.025478 -0.000718
v 7.001560 1.003010 0.001462
v 7.000216 1.005175 0.002505
v 6.998644 1.007438 0.003456
v 6.996908 1.009676 0.004125
v 6.995129 1.011784 0.004465
v 6.993268 1.013915 0.004621
v 6.991258 1.016334 0.004711
v 6.989526 1.018496 0.004425
v 6.987762 1.020703 0.003417
v 6.986275 1.022500 0.001797
v 6.983938 1.025195 -0.001085
v 6.981870 1.022993 0.001830
v 6.983155 1.020378 0.004469
v 6.986693 1.019811 0.004242
v 6.986563 1.016161 0.007398
v 6.990693 1.015835 0.005361
v 6.990906 1.012600 0.007475
v 6.993771 1.010791 0.004721
v 6.995214 1.007887 0.005903
v 6.997632 1.006747 0.003760
v 6.998758 1.004437 0.003620
v 7.000720 1.002551 0.001702
v 7.004074 0.999067 -0.000425
v 6.984445 1.027570 -0.001719
v 6.987103 1.026815 -0.000041
v 6.989486 1.025439 0.002587
v 6.989080 1.021637 0.003400
v 6.993045 1.021346 0.004799
v 6.992071 1.016925 0.004882
v 6.995864 1.016119 0.005033
v 6.996334 1.012799 0.003776
v 6.998677 1.011745 0.004449
v 6.999562 1.008220 0.003107
v 7.001476 1.006792 0.002725
v 7.002015 1.003499 0.001315
v 4.915411 -0.196106 -0.000387
v 4.942798 -0.161968 -0.003659
v 4.915190 -0.195978 -0.000396
v 4.940141 -0.161187 -0.002139
v 4.918771 -0.191440 0.001952
v 4.920537 -0.188816 0.003215
v 4.922390 -0.185925 0.004311
v 4.924272 -0.182938 0.005016
v 4.926106 -0.180046 0.005291
v 4.928012 -0.177107 0.005332
v 4.930233 -0.173913 0.005316
v 4.932367 -0.171241 0.004906
v 4.934803 -0.168730 0.003669
v 4.937056 -0.166867 0.001726
v 4.940570 -0.164081 -0.001745
v 4.936439 -0.161631 0.000222
v 4.932824 -0.163254 0.003038
v 4.933195 -0.167579 0.003971
v 4.927824 -0.167796 0.006567
v 4.929276 -0.173250 0.005713
v 4.924848 -0.174022 0.007355
v 4.924507 -0.178769 0.004804
v 4.921122 -0.181108 0.005933
v 4.921216 -0.184921 0.004090
v 4.918901 -0.187077 0.003743
v 4.917932 -0.190568 0.001787
v 4.915566 -0.196288 -0.000306
v 4.943671 -0.164003 -0.001648
v 4.942911 -0.166821 0.001085
v 4.941022 -0.169263 0.004635
v 4.936238 -0.169914 0.004399
v 4.936461 -0.174145 0.007431
v 4.931071 -0.174583 0.005978
v 4.931100 -0.179173 0.007376
v 4.927845 -0.181269 0.005229
v 4.927014 -0.184131 0.006610
v 4.923663 -0.186801 0.004469
v 4.922662 -0.189618 0.004376
v 4.919509 -0.191829 0.002088
v 4.914660 -0.195350 -0.000326
v 4.879677 -0.173119 -0.001252
v 4.914578 -0.195552 -0.000431
v 4.879120 -0.176035 -0.000940
v 4.909499 -0.193601 0.001839
v 4.906623 -0.192707 0.002971
v 4.903515 -0.191705 0.003934
v 4.900376 -0.190550 0.004547
v 4.897398 -0.189281 0.004791
v 4.894404 -0.187874 0.004848
v 4.891136 -0.186192 0.004903
v 4.888424 -0.184408 0.004695
v 4.885944 -0.182062 0.003897
v 4.884197 -0.179580 0.002560
v 4.881654 -0.175548 0.000117
v 4.879713 -0.180050 0.000013
v 4.881305 -0.184044 0.001623
v 4.885080 -0.183673 0.003415
v 4.885678 -0.189250 0.003993
v 4.890608 -0.187223 0.004809
v 4.891725 -0.191601 0.004972
v 4.896541 -0.190624 0.003604
v 4.899023 -0.193780 0.003970
v 4.902803 -0.192743 0.003167
v 4.905188 -0.194470 0.002559
v 4.908850 -0.194354 0.001253
v 4.914792 -0.195226 -0.000170
v 4.881101 -0.172870 0.001175
v 4.883377 -0.174234 0.003865
v 4.885349 -0.176898 0.006825
v 4.886702 -0.180955 0.005225
v 4.890083 -0.181439 0.008770
v 4.891523 -0.185628 0.005879
v 4.895518 -0.185693 0.008018
v 4.898272 -0.187633 0.005538
v 4.900810 -0.188592 0.007042
v 4.904105 -0.190569 0.004651
v 4.906859 -0.191176 0.004816
v 4.909725 -0.192968 0.002270
v 4.914232 -0.196382 -0.000268
v 4.882268 -0.200165 -0.006173
v 4.914286 -0.196564 -0.000282
v 4.883175 -0.202039 -0.005070
v 4.909862 -0.197240 0.000994
v 4.907475 -0.197783 0.001668
v 4.904917 -0.198418 0.002192
v 4.902322 -0.199066 0.002417
v 4.899833 -0.199667 0.002335
v 4.897299 -0.200244 0.002074
v 4.894469 -0.200790 0.001741
v 4.891985 -0.201083 0.001166
v 4.889481 -0.201092 -0.000014
v 4.887462 -0.200815 -0.001655
v 4.884406 -0.200295 -0.004531
v 4.885209 -0.203846 -0.003218
v 4.887768 -0.205004 -0.000928
v 4.889727 -0.202556 0.000137
v 4.892519 -0.205363 0.002171
v 4.894611 -0.201661 0.001994
v 4.897254 -0.203634 0.003354
v 4.900067 -0.201152 0.001889
v 4.902997 -0.201724 0.002991
v 4.905045 -0.199550 0.001961
v 4.907417 -0.199586 0.001934
v 4.909875 -0.198131 0.000810
v 4.914237 -0.196208 -0.000194
v 4.882701 -0.198731 -0.004520
v 4.884355 -0.197765 -0.002236
v 4.886360 -0.197627 0.000640
v 4.889269 -0.199754 0.000606
v 4.891103 -0.197539 0.003219
v 4.894317 -0.200032 0.002276
v 4.896561 -0.197645 0.003715
v 4.899537 -0.198110 0.002367
v 4.901352 -0.197088 0.003655
v 4.904675 -0.197297 0.002364
v 4.906667 -0.196313 0.002561
v 4.909659 -0.196656 0.001117
v 4.914967 -0.196849 -0.000288
v 4.944065 -0.213388 0.001354
v 4.915032 -0.196670 -0.000246
v 4.944001 -0.211543 0.002907
v 4.918377 -0.199211 0.002005
v 4.920288 -0.200440 0.003269
v 4.922435 -0.201683 0.004458
v 4.924730 -0.202884 0.005378
v 4.927028 -0.204001 0.005972
v 4.929414 -0.205134 0.006397
v 4.932038 -0.206468 0.006799
v 4.934342 -0.207734 0.006816
v 4.936722 -0.209125 0.006167
v 4.938739 -0.210347 0.004891
v 4.941875 -0.212204 0.002555
v 4.942751 -0.209159 0.004935
v 4.940570 -0.207021 0.007043
v 4.937294 -0.207855 0.006796
v 4.935946 -0.204240 0.009222
v 4.932321 -0.205744 0.007327
v 4.930871 -0.202753 0.008843
v 4.927839 -0.202617 0.006052
v 4.925478 -0.200486 0.006762
v 4.923053 -0.200679 0.004630
v 4.921240 -0.199123 0.004186
v 4.918931 -0.198477 0.002154
v 4.914839 -0.196994 -0.000283
v 4.942323 -0.214518 0.002306
v 4.939662 -0.214611 0.003800
v 4.936975 -0.213940 0.006087
v 4.935914 -0.210411 0.006300
v 4.932296 -0.211419 0.007616
v 4.931537 -0.207249 0.007053
v 4.927936 -0.207920 0.007127
v 4.926377 -0.205408 0.005488
v 4.923925 -0.205265 0.005997
v 4.921935 -0.202739 0.004256
v 4.919767 -0.202261 0.003720
v 4.918164 -0.199818 0.001944
v 1.683448 2.779094 -0.000467
v 1.629049 2.786005 -0.003657
v 1.683457 2.778775 -0.000483
v 1.629985 2.782635 -0.001811
v 1.676316 2.779586 0.002574
v 1.672385 2.779732 0.004216
v 1.668109 2.779797 0.005654
v 1.663705 2.779837 0.006602
v 1.659426 2.779896 0.007011
v 1.655044 2.780003 0.007130
v 1.650183 2.780281 0.007186
v 1.645929 2.780814 0.006745
v 1.641634 2.781788 0.005273
v 1.638135 2.783002 0.002909
v 1.632798 2.784982 -0.001331
v 1.632926 2.778939 0.001052
v 1.637076 2.776102 0.004479
v 1.641464 2.779314 0.005622
v 1.645259 2.773686 0.008742
v 1.650110 2.778820 0.007666
v 1.653862 2.774576 0.009610
v 1.659101 2.777362 0.006375
v 1.663833 2.775265 0.007690
v 1.667803 2.777891 0.005357
v 1.671612 2.776840 0.004852
v 1.675932 2.778123 0.002354
v 1.683542 2.779379 -0.000364
v 1.630687 2.788237 -0.001136
v 1.634241 2.789227 0.002245
v 1.638150 2.788754 0.006623
v 1.641971 2.784081 0.006212
v 1.646395 2.787042 0.009979
v 1.650362 2.781604 0.008030
v 1.655264 2.784616 0.009745
v 1.659590 2.782551 0.006966
v 1.663214 2.783517 0.008653
v 1.668215 2.781726 0.005874
v 1.671872 2.782504 0.005713
v 1.676251 2.780626 0.002758
v 1.683135 2.777799 -0.000403
v 1.682302 2.725948 -0.002214
v 1.683401 2.777845 -0.000538
v 1.685783 2.727258 -0.001859
v 1.684688 2.771114 0.002198
v 1.685638 2.767444 0.003554
v 1.686622 2.763457 0.004693
v 1.687455 2.759344 0.005395
v 1.688056 2.755333 0.005641
v 1.688515 2.751217 0.005652
v 1.688862 2.746630 0.005657
v 1.688730 2.742573 0.005347
v 1.687836 2.738405 0.004309
v 1.686307 2.734938 0.002613
v 1.683624 2.729625 -0.000474
v 1.689695 2.730504 -0.000684
v 1.692944 2.734792 0.001338
v 1.690111 2.738545 0.003673
v 1.695679 2.742826 0.004367
v 1.690305 2.746744 0.005519
v 1.694247 2.750798 0.005716
v 1.690027 2.755316 0.004125
v 1.691775 2.760025 0.004617
v 1.688180 2.763390 0.003709
v 1.688449 2.767074 0.002991
v 1.685904 2.770924 0.001444
v 1.682919 2.777855 -0.000204
v 1.681151 2.727265 0.000859
v 1.681166 2.730542 0.004267
v 1.682773 2.734342 0.007998
v 1.686184 2.738467 0.005996
v 1.684554 2.742333 0.010508
v 1.688025 2.746658 0.006892
v 1.685520 2.750927 0.009661
v 1.685740 2.755173 0.006608
v 1.685130 2.758484 0.008543
v 1.685037 2.763331 0.005614
v 1.683885 2.766664 0.005880
v 1.683872 2.770934 0.002747
v 1.684516 2.778017 -0.000348
v 1.709361 2.746499 -0.008517
v 1.684674 2.778193 -0.000366
v 1.710787 2.748675 -0.007130
v 1.688316 2.773897 0.001122
v 1.690470 2.771697 0.001904
v 1.692831 2.769375 0.002496
v 1.695225 2.767029 0.002711
v 1.697494 2.764769 0.002545
v 1.699763 2.762449 0.002154
v 1.702191 2.759793 0.001667
v 1.704119 2.757345 0.000887
v 1.705745 2.754699 -0.000648
v 1.706740 2.752390 -0.002747
v 1.708132 2.748837 -0.006414
v 1.711418 2.751998 -0.004779
v 1.711021 2.755448 -0.001862
v 1.707148 2.755918 -0.000465
v 1.708353 2.760700 0.002124
v 1.703032 2.760510 0.001980
v 1.703432 2.764600 0.003729
v 1.698917 2.765998 0.001982
v 1.697628 2.769480 0.003424
v 1.693951 2.770256 0.002200
v 1.692436 2.772811 0.002222
v 1.689254 2.774498 0.000885
v 1.684329 2.777906 -0.000255
v 1.707579 2.745994 -0.006428
v 1.705509 2.747089 -0.003524
v 1.704104 2.749091 0.000123
v 1.704468 2.753588 0.000133
v 1.700954 2.754051 0.003463
v 1.701491 2.759126 0.002339
v 1.697504 2.759933 0.004210
v 1.696027 2.763433 0.002590
v 1.693773 2.764680 0.004252
v 1.691797 2.768382 0.002713
v 1.689447 2.769858 0.003014
v 1.687828 2.773296 0.001275
v 1.684533 2.779106 -0.000360
v 1.683160 2.820941 0.002252
v 1.684301 2.779058 -0.000304
v 1.681263 2.819641 0.004209
v 1.684864 2.784253 0.002572
v 1.684948 2.787075 0.004189
v 1.684891 2.790161 0.005718
v 1.684687 2.793379 0.006913
v 1.684386 2.796552 0.007702
v 1.684040 2.799832 0.008281
v 1.683753 2.803497 0.008835
v 1.683595 2.806783 0.008902
v 1.683509 2.810243 0.008135
v 1.683469 2.813214 0.006576
v 1.683352 2.817813 0.003712
v 1.679576 2.816715 0.006735
v 1.678763 2.812955 0.009338
v 1.681793 2.810011 0.008945
v 1.678864 2.806168 0.011977
v 1.682806 2.803316 0.009508
v 1.680593 2.799787 0.011395
v 1.682380 2.796510 0.007832
v 1.681665 2.792584 0.008681
v 1.683419 2.790159 0.005955
v 1.682936 2.787214 0.005369
v 1.683721 2.784362 0.002776
v 1.684772 2.779065 -0.000358
v 1.685523 2.819809 0.003394
v 1.687392 2.817008 0.005200
v 1.688478 2.813666 0.008004
v 1.685413 2.810221 0.008273
v 1.688880 2.807001 0.009826
v 1.684919 2.803470 0.009136
v 1.687993 2.800068 0.009139
v 1.686302 2.796787 0.007071
v 1.687765 2.794070 0.007651
v 1.686341 2.790322 0.005444
v 1.687240 2.787705 0.004727
v 1.685649 2.784424 0.002485
v 3.133686 0.456088 -0.000478
v 3.145175 0.502862 -0.007656
v 3.133404 0.456113 -0.000481
v 3.142195 0.502527 -0.005840
v 3.134978 0.462511 0.001649
v 3.135577 0.466061 0.002795
v 3.136133 0.469908 0.003737
v 3.136658 0.473835 0.004239
v 3.137164 0.477613 0.004273
v 3.137711 0.481455 0.004042
v 3.138453 0.485695 0.003714
v 3.139337 0.489339 0.002983
v 3.140568 0.492900 0.001324
v 3.141891 0.495674 -0.001069
v 3.143993 0.499846 -0.005284
v 3.138768 0.500540 -0.002962
v 3.135997 0.497441 0.000475
v 3.138424 0.493335 0.001705
v 3.133222 0.490819 0.004942
v 3.137197 0.485946 0.004182
v 3.133165 0.483240 0.006329
v 3.134941 0.478119 0.003774
v 3.132670 0.474282 0.005367
v 3.134475 0.470356 0.003518
v 3.133140 0.467089 0.003397
v 3.133720 0.462985 0.001476
v 3.133931 0.455983 -0.000390
v 3.147080 0.501370 -0.005385
v 3.147734 0.498388 -0.002165
v 3.147109 0.495321 0.002012
v 3.142591 0.492431 0.002100
v 3.144907 0.488506 0.005657
v 3.139635 0.485458 0.004427
v 3.141859 0.480962 0.006208
v 3.139481 0.477186 0.004154
v 3.140034 0.474025 0.005884
v 3.137828 0.469628 0.003873
v 3.138133 0.466326 0.003981
v 3.135906 0.462471 0.001770
v 3.132581 0.456504 -0.000401
v 3.086981 0.462562 -0.000270
v 3.132589 0.456256 -0.000501
v 3.087793 0.459395 0.000262
v 3.126655 0.456029 0.002244
v 3.123389 0.455679 0.003640
v 3.119831 0.455317 0.004857
v 3.116158 0.455068 0.005683
v 3.112580 0.454981 0.006084
v 3.108913 0.455012 0.006270
v 3.104843 0.455191 0.006460
v 3.101275 0.455711 0.006316
v 3.097655 0.456860 0.005476
v 3.094688 0.458446 0.003984
v 3.090155 0.461139 0.001239
v 3.090300 0.455705 0.001484
v 3.093827 0.452547 0.003366
v 3.097519 0.454804 0.005082
v 3.100746 0.449518 0.005969
v 3.104790 0.453903 0.006443
v 3.107963 0.450032 0.006776
v 3.112299 0.453145 0.004896
v 3.116283 0.451151 0.005299
v 3.119571 0.453886 0.004109
v 3.122752 0.453211 0.003369
v 3.126332 0.454929 0.001677
v 3.132661 0.456701 -0.000243
v 3.088389 0.463652 0.002309
v 3.091417 0.463537 0.005205
v 3.094757 0.461993 0.008488
v 3.097950 0.458424 0.006838
v 3.101712 0.459768 0.010563
v 3.105006 0.456010 0.007485
v 3.109137 0.457956 0.009592
v 3.112717 0.457098 0.006767
v 3.115776 0.457423 0.008314
v 3.119921 0.456786 0.005554
v 3.122982 0.457465 0.005586
v 3.126604 0.456803 0.002673
v 3.132635 0.455273 -0.000254
v 3.102025 0.436209 -0.004492
v 3.132773 0.455114 -0.000265
v 3.103853 0.434828 -0.003234
v 3.128687 0.452477 0.001473
v 3.126566 0.450875 0.002403
v 3.124308 0.449090 0.003184
v 3.122009 0.447251 0.003637
v 3.119783 0.445487 0.003741
v 3.117494 0.443712 0.003648
v 3.114889 0.441826 0.003494
v 3.112506 0.440337 0.003036
v 3.109946 0.439080 0.001896
v 3.107723 0.438299 0.000199
v 3.104298 0.437191 -0.002809
v 3.106813 0.434092 -0.001227
v 3.110015 0.434285 0.001198
v 3.110883 0.437733 0.002122
v 3.115078 0.436357 0.004333
v 3.115448 0.441036 0.003809
v 3.119080 0.440379 0.005242
v 3.120695 0.444069 0.003309
v 3.123951 0.444936 0.004364
v 3.124956 0.447993 0.002978
v 3.127358 0.449055 0.002794
v 3.129109 0.451574 0.001314
v 3.132560 0.455455 -0.000183
v 3.101853 0.437974 -0.002765
v 3.103153 0.439882 -0.000397
v 3.105214 0.441164 0.002646
v 3.109133 0.440373 0.002527
v 3.110043 0.443644 0.005183
v 3.114403 0.442558 0.004057
v 3.115600 0.446105 0.005378
v 3.118760 0.446918 0.003715
v 3.120158 0.448882 0.004969
v 3.123549 0.450117 0.003332
v 3.125100 0.452045 0.003369
v 3.128215 0.452980 0.001592
v 3.133590 0.455142 -0.000301
v 3.170641 0.452131 0.000454
v 3.133574 0.455355 -0.000268
v 3.169775 0.454072 0.002082
v 3.138210 0.454519 0.002134
v 3.140754 0.454264 0.003470
v 3.143540 0.454098 0.004708
v 3.146443 0.454023 0.005636
v 3.149299 0.454010 0.006200
v 3.152244 0.454010 0.006572
v 3.155521 0.453915 0.006912
v 3.158430 0.453713 0.006846
v 3.161449 0.453370 0.006042
v 3.164000 0.452981 0.004561
v 3.167933 0.452395 0.001866
v 3.167483 0.456039 0.004285
v 3.164371 0.457334 0.006651
v 3.161455 0.454957 0.006636
v 3.158504 0.458147 0.009222
v 3.155487 0.454813 0.007441
v 3.152690 0.457260 0.009060
v 3.149472 0.455784 0.006164
v 3.146129 0.456884 0.006995
v 3.143699 0.455407 0.004806
v 3.141132 0.456098 0.004354
v 3.138431 0.455526 0.002223
v 3.133530 0.454937 -0.000280
v 3.169454 0.450258 0.001680
v 3.166878 0.449042 0.003512
v 3.163948 0.448640 0.006185
v 3.161242 0.451711 0.006310
v 3.158123 0.449119 0.008055
v 3.155392 0.452916 0.007267
v 3.152086 0.450577 0.007620
v 3.149283 0.452259 0.005780
v 3.146769 0.451303 0.006497
v 3.143522 0.452790 0.004571
v 3.141098 0.452225 0.004096
v 3.138277 0.453806 0.002110
v 5.421158 3.432445 -0.000514
v 5.439917 3.388213 -0.005508
v 5.421398 3.432588 -0.000483
v 5.441857 3.390200 -0.003416
v 5.423552 3.426514 0.001892
v 5.424970 3.423303 0.003206
v 5.426621 3.419880 0.004345
v 5.428401 3.416414 0.005060
v 5.430171 3.413082 0.005308
v 5.431980 3.409677 0.005294
v 5.433876 3.405839 0.005191
v 5.435369 3.402400 0.004635
v 5.436661 3.398834 0.003122
v 5.437521 3.395852 0.000820
v 5.438807 3.391308 -0.003260
v 5.443062 3.393767 -0.000348
v 5.443030 3.397843 0.003118
v 5.438568 3.399727 0.003765
v 5.440835 3.404748 0.007345
v 5.434960 3.406363 0.005809
v 5.436328 3.410866 0.008174
v 5.432299 3.413970 0.005100
v 5.431685 3.418362 0.006644
v 5.428228 3.420485 0.004345
v 5.427424 3.423887 0.004142
v 5.424850 3.426864 0.001896
v 5.420891 3.432386 -0.000461
v 5.437240 3.388290 -0.003593
v 5.434576 3.390284 -0.000713
v 5.432755 3.393084 0.003244
v 5.434676 3.398031 0.003625
v 5.430100 3.399817 0.006586
v 5.432705 3.405338 0.005744
v 5.428107 3.407648 0.006927
v 5.428094 3.412081 0.004903
v 5.425604 3.414288 0.006317
v 5.425092 3.419120 0.004270
v 5.422931 3.421597 0.004107
v 5.422773 3.426006 0.001905
v 5.422268 3.432751 -0.000285
v 5.462060 3.454364 0.005337
v 5.422132 3.432947 -0.000402
v 5.459518 3.456434 0.005544
v 5.426366 3.436555 0.002939
v 5.428581 3.438724 0.004649
v 5.431046 3.441073 0.006214
v 5.433719 3.443400 0.007416
v 5.436466 3.445546 0.008201
v 5.439379 3.447649 0.008794
v 5.442698 3.449867 0.009444
v 5.445859 3.451523 0.009736
v 5.449515 3.452708 0.009394
v 5.452989 3.453166 0.008370
v 5.458513 3.453653 0.006367
v 5.455234 3.457937 0.006204
v 5.450356 3.458414 0.007438
v 5.448490 3.454442 0.008876
v 5.442756 3.456812 0.009012
v 5.442000 3.450934 0.009342
v 5.437199 3.452202 0.009041
v 5.435788 3.447193 0.006933
v 5.431412 3.446481 0.006746
v 5.430527 3.442380 0.005406
v 5.427701 3.441080 0.004276
v 5.426064 3.437633 0.002339
v 5.422297 3.432545 -0.000125
v 5.461227 3.452650 0.007794
v 5.458368 3.450963 0.010297
v 5.454385 3.450241 0.013044
v 5.450002 3.451269 0.010812
v 5.447289 3.447976 0.014153
v 5.442905 3.449107 0.010493
v 5.440460 3.445128 0.012245
v 5.437487 3.443758 0.009009
v 5.435034 3.441710 0.010213
v 5.431728 3.439834 0.006994
v 5.429678 3.437511 0.006735
v 5.426796 3.435960 0.003422
v 5.421496 3.433709 -0.000235
v 5.435444 3.466847 -0.002364
v 5.421296 3.433756 -0.000272
v 5.433026 3.466886 -0.001429
v 5.422801 3.438237 0.001702
v 5.423445 3.440751 0.002737
v 5.424110 3.443492 0.003628
v 5.424822 3.446302 0.004198
v 5.425564 3.449013 0.004420
v 5.426377 3.451770 0.004457
v 5.427384 3.454801 0.004460
v 5.428484 3.457386 0.004168
v 5.429948 3.459891 0.003242
v 5.431493 3.461822 0.001764
v 5.433979 3.464724 -0.000892
v 5.429980 3.465744 0.000163
v 5.427222 3.463712 0.002206
v 5.428397 3.460429 0.003264
v 5.423971 3.459083 0.004874
v 5.426442 3.455109 0.004651
v 5.422982 3.453518 0.005610
v 5.424078 3.449627 0.003794
v 5.421845 3.447031 0.004531
v 5.422989 3.443999 0.003275
v 5.421713 3.441751 0.002903
v 5.421966 3.438719 0.001434
v 5.421651 3.433605 -0.000144
v 5.436371 3.465515 -0.000522
v 5.436124 3.463208 0.001799
v 5.434820 3.460958 0.004653
v 5.431259 3.459320 0.004044
v 5.432069 3.456142 0.006789
v 5.428120 3.454490 0.005120
v 5.429037 3.450934 0.006539
v 5.427207 3.448457 0.004611
v 5.427061 3.446056 0.005828
v 5.425288 3.443106 0.003931
v 5.425159 3.440654 0.003933
v 5.423452 3.438107 0.001907
v 5.420666 3.433259 -0.000397
v 5.389323 3.414156 -0.003982
v 5.420797 3.433097 -0.000347
v 5.390916 3.413087 -0.002147
v 5.416307 3.431059 0.001440
v 5.413958 3.429778 0.002453
v 5.411480 3.428284 0.003349
v 5.409002 3.426651 0.003934
v 5.406646 3.424999 0.004170
v 5.404252 3.423286 0.004209
v 5.401542 3.421457 0.004173
v 5.399117 3.419930 0.003770
v 5.396621 3.418458 0.002621
v 5.394561 3.417300 0.000854
v 5.391446 3.415507 -0.002275
v 5.393586 3.412820 0.000414
v 5.396499 3.413570 0.003177
v 5.397453 3.417174 0.003317
v 5.401301 3.416304 0.006414
v 5.402017 3.420750 0.004760
v 5.405442 3.420395 0.006837
v 5.407536 3.423473 0.004243
v 5.410723 3.424524 0.005509
v 5.412096 3.427139 0.003521
v 5.414598 3.428077 0.003411
v 5.416699 3.430121 0.001575
v 5.420593 3.433459 -0.000384
v 5.389027 3.416343 -0.002778
v 5.390137 3.418804 -0.000778
v 5.391886 3.420809 0.002146
v 5.395795 3.419911 0.002788
v 5.396554 3.423794 0.004665
v 5.401023 3.422333 0.004465
v 5.402261 3.426131 0.005012
v 5.405705 3.426419 0.003634
v 5.407061 3.428643 0.004550
v 5.410758 3.429348 0.003123
v 5.412426 3.431213 0.002885
v 5.415846 3.431594 0.001358
v 2.604251 0.397584 -0.000416
v 2.638141 0.357231 -0.001010
v 2.604453 0.397813 -0.000435
v 2.639630 0.360283 0.000683
v 2.608877 0.392714 0.002817
v 2.611509 0.390118 0.004565
v 2.614441 0.387346 0.006131
v 2.617493 0.384491 0.007234
v 2.620457 0.381682 0.007815
v 2.623470 0.378763 0.008123
v 2.626711 0.375408 0.008393
v 2.629371 0.372251 0.008163
v 2.631799 0.368718 0.006951
v 2.633532 0.365499 0.004852
v 2.636109 0.360477 0.001044
v 2.639893 0.364906 0.003260
v 2.638731 0.369731 0.006332
v 2.633520 0.370363 0.007267
v 2.634433 0.376913 0.010033
v 2.627701 0.376409 0.008841
v 2.627773 0.381911 0.010496
v 2.622352 0.383233 0.007193
v 2.620352 0.387836 0.008224
v 2.615905 0.388479 0.005841
v 2.613920 0.391676 0.005178
v 2.610105 0.393488 0.002608
v 2.603998 0.397448 -0.000318
v 2.635471 0.356818 0.001357
v 2.632238 0.358557 0.004451
v 2.629683 0.361595 0.008470
v 2.630045 0.367356 0.007860
v 2.624907 0.368287 0.011306
v 2.625703 0.374625 0.009208
v 2.620245 0.375753 0.010667
v 2.618614 0.379916 0.007792
v 2.615391 0.381655 0.009259
v 2.613106 0.386064 0.006358
v 2.610027 0.387887 0.006051
v 2.608241 0.391946 0.003007
v 2.605314 0.398295 -0.000355
v 2.639705 0.434220 -0.002590
v 2.605100 0.398431 -0.000495
v 2.636392 0.435573 -0.002388
v 2.608506 0.404113 0.002001
v 2.610193 0.407367 0.003221
v 2.612067 0.410857 0.004228
v 2.614140 0.414324 0.004822
v 2.616323 0.417550 0.004989
v 2.618678 0.420749 0.004937
v 2.621421 0.424206 0.004879
v 2.624162 0.426967 0.004545
v 2.627532 0.429285 0.003547
v 2.630909 0.430670 0.001954
v 2.636336 0.432554 -0.000942
v 2.631494 0.435873 -0.001401
v 2.626363 0.435040 0.000438
v 2.625855 0.430640 0.002839
v 2.619129 0.431270 0.003304
v 2.620334 0.425059 0.004684
v 2.614913 0.424772 0.004742
v 2.614984 0.418786 0.003449
v 2.610674 0.416624 0.003892
v 2.611038 0.411881 0.003215
v 2.608468 0.409434 0.002553
v 2.607793 0.405009 0.001223
v 2.605424 0.398123 -0.000153
v 2.639580 0.432658 0.000419
v 2.637350 0.430487 0.003719
v 2.633650 0.428994 0.007263
v 2.628613 0.428230 0.005237
v 2.627129 0.424615 0.009673
v 2.621960 0.423689 0.006100
v 2.620875 0.419156 0.008908
v 2.618033 0.416193 0.006016
v 2.616258 0.413535 0.007931
v 2.613241 0.409951 0.005178
v 2.611876 0.406864 0.005518
v 2.609184 0.403729 0.002561
v 2.604198 0.399041 -0.000360
v 2.607428 0.437094 -0.009607
v 2.603972 0.399019 -0.000383
v 2.604973 0.436540 -0.008318
v 2.604167 0.404469 0.000839
v 2.604063 0.407449 0.001471
v 2.603897 0.410642 0.001910
v 2.603733 0.413860 0.001987
v 2.603611 0.416921 0.001705
v 2.603534 0.420016 0.001206
v 2.603565 0.423448 0.000606
v 2.603821 0.426396 -0.000252
v 2.604437 0.429260 -0.001822
v 2.605292 0.431455 -0.003901
v 2.606719 0.434726 -0.007513
v 2.602305 0.434697 -0.006059
v 2.600264 0.432117 -0.003210
v 2.602651 0.429321 -0.001696
v 2.598624 0.426832 0.000782
v 2.602498 0.423500 0.000876
v 2.599509 0.420945 0.002577
v 2.601823 0.416959 0.001115
v 2.600427 0.413721 0.002590
v 2.602542 0.410738 0.001587
v 2.601945 0.407955 0.001701
v 2.603121 0.404647 0.000576
v 2.604399 0.399001 -0.000264
v 2.608959 0.436370 -0.007532
v 2.609631 0.434361 -0.004646
v 2.609225 0.432174 -0.001069
v 2.606040 0.429242 -0.001029
v 2.608129 0.426756 0.002321
v 2.604475 0.423488 0.001273
v 2.606710 0.420397 0.003250
v 2.605513 0.416910 0.001798
v 2.606246 0.414629 0.003504
v 2.605267 0.410678 0.002154
v 2.605953 0.408121 0.002561
v 2.604898 0.404581 0.001000
v 2.603477 0.398285 -0.000361
v 2.577140 0.368013 0.002635
v 2.603670 0.398169 -0.000297
v 2.579273 0.367769 0.004580
v 2.599819 0.394983 0.002487
v 2.597881 0.393110 0.004063
v 2.595874 0.390956 0.005562
v 2.593891 0.388600 0.006750
v 2.592018 0.386198 0.007552
v 2.590112 0.383684 0.008156
v 2.587914 0.380936 0.008738
v 2.585884 0.378521 0.008843
v 2.583711 0.375998 0.008147
v 2.581844 0.373820 0.006686
v 2.579005 0.370397 0.003994
v 2.582302 0.368829 0.007045
v 2.585257 0.371047 0.009537
v 2.585050 0.375076 0.008997
v 2.589538 0.375994 0.011991
v 2.588681 0.380473 0.009423
v 2.592490 0.381592 0.011291
v 2.593455 0.384929 0.007765
v 2.596492 0.387262 0.008569
v 2.596906 0.390009 0.005854
v 2.599178 0.391748 0.005283
v 2.600548 0.394171 0.002735
v 2.603335 0.398468 -0.000370
v 2.576184 0.370389 0.003614
v 2.576646 0.373645 0.005233
v 2.577986 0.376811 0.007838
v 2.582381 0.377257 0.008195
v 2.581996 0.381837 0.009498
v 2.587102 0.381724 0.008974
v 2.587152 0.386120 0.008807
v 2.590532 0.387255 0.006865
v 2.591255 0.390142 0.007329
v 2.594755 0.391774 0.005238
v 2.595844 0.394175 0.004484
v 2.599157 0.395369 0.002371
v -0.236835 0.552845 -0.000486
v -0.269808 0.587892 -0.005660
v -0.237009 0.552625 -0.000473
v -0.271023 0.585261 -0.003725
v -0.241290 0.557461 0.001903
v -0.243818 0.559917 0.003200
v -0.246629 0.562496 0.004313
v -0.249557 0.565089 0.004996
v -0.252405 0.567578 0.005209
v -0.255303 0.570132 0.005160
v -0.258431 0.573065 0.005025
v -0.261019 0.575784 0.004453
v -0.263418 0.578733 0.002938
v -0.265167 0.581318 0.000648
v -0.267782 0.585291 -0.003411
v -0.271036 0.581368 -0.000805
v -0.269731 0.577419 0.002576
v -0.264918 0.577199 0.003449
v -0.265436 0.571549 0.006787
v -0.259291 0.572167 0.005567
v -0.259092 0.567369 0.007755
v -0.254073 0.566005 0.004855
v -0.252018 0.562041 0.006342
v -0.247920 0.561364 0.004205
v -0.245953 0.558467 0.003977
v -0.242381 0.556675 0.001822
v -0.236608 0.552992 -0.000416
v -0.267368 0.588684 -0.003587
v -0.264307 0.587636 -0.000591
v -0.261803 0.585492 0.003415
v -0.261868 0.580164 0.003577
v -0.257096 0.579982 0.006773
v -0.257539 0.573925 0.005658
v -0.252475 0.573330 0.007066
v -0.250797 0.569264 0.004949
v -0.247752 0.568014 0.006464
v -0.245463 0.563751 0.004346
v -0.242556 0.562197 0.004259
v -0.240742 0.558211 0.001973
v -0.237776 0.552158 -0.000330
v -0.267648 0.517659 0.002462
v -0.237574 0.552026 -0.000443
v -0.264545 0.516606 0.002777
v -0.240421 0.547017 0.002569
v -0.241810 0.544135 0.004101
v -0.243361 0.541002 0.005470
v -0.245098 0.537830 0.006462
v -0.246948 0.534820 0.007039
v -0.248959 0.531799 0.007413
v -0.251312 0.528524 0.007818
v -0.253700 0.525848 0.007887
v -0.256686 0.523464 0.007302
v -0.259726 0.521853 0.006061
v -0.264628 0.519532 0.003719
v -0.260034 0.516680 0.003660
v -0.255359 0.517901 0.005174
v -0.255088 0.522220 0.006808
v -0.248888 0.522014 0.007236
v -0.250277 0.527775 0.007735
v -0.245318 0.528290 0.007693
v -0.245669 0.533567 0.005776
v -0.241815 0.535784 0.005864
v -0.242374 0.539993 0.004664
v -0.240135 0.542252 0.003731
v -0.239728 0.546139 0.001964
v -0.237884 0.552334 -0.000167
v -0.267593 0.519458 0.005005
v -0.265634 0.521944 0.007714
v -0.262294 0.523911 0.010714
v -0.257719 0.524583 0.008721
v -0.256507 0.528487 0.012293
v -0.251826 0.529121 0.008871
v -0.251030 0.533639 0.010853
v -0.248575 0.536102 0.007823
v -0.247063 0.538837 0.009217
v -0.244476 0.541890 0.006235
v -0.243367 0.544800 0.006147
v -0.241058 0.547404 0.003039
v -0.236717 0.551529 -0.000255
v -0.237942 0.515650 -0.003917
v -0.236511 0.551557 -0.000280
v -0.235710 0.516427 -0.002839
v -0.236430 0.546747 0.001509
v -0.236192 0.544123 0.002452
v -0.235888 0.541283 0.003246
v -0.235587 0.538376 0.003713
v -0.235333 0.535565 0.003834
v -0.235120 0.532694 0.003763
v -0.234990 0.529499 0.003642
v -0.235091 0.526701 0.003230
v -0.235530 0.523875 0.002163
v -0.236221 0.521582 0.000553
v -0.237393 0.518095 -0.002313
v -0.233339 0.518504 -0.001041
v -0.231575 0.521297 0.001209
v -0.233888 0.523917 0.002266
v -0.230299 0.526671 0.004169
v -0.234008 0.529533 0.003883
v -0.231379 0.532204 0.005082
v -0.233694 0.535539 0.003283
v -0.232558 0.538728 0.004209
v -0.234642 0.541218 0.002949
v -0.234224 0.543788 0.002701
v -0.235463 0.546601 0.001281
v -0.236903 0.551569 -0.000170
v -0.239370 0.516497 -0.002102
v -0.240067 0.518650 0.000282
v -0.239781 0.521101 0.003261
v -0.236997 0.523916 0.002900
v -0.239014 0.526497 0.005663
v -0.235820 0.529503 0.004265
v -0.238006 0.532456 0.005705
v -0.237077 0.535500 0.003939
v -0.237849 0.537751 0.005215
v -0.237141 0.541218 0.003487
v -0.237888 0.543561 0.003548
v -0.237094 0.546632 0.001678
v -0.236091 0.552250 -0.000357
v -0.213338 0.581337 -0.001669
v -0.236274 0.552354 -0.000311
v -0.215297 0.581703 0.000094
v -0.232878 0.555772 0.001786
v -0.231181 0.557759 0.002966
v -0.229434 0.559994 0.004041
v -0.227720 0.562373 0.004809
v -0.226111 0.564742 0.005221
v -0.224477 0.567189 0.005438
v -0.222587 0.569859 0.005603
v -0.220838 0.572160 0.005377
v -0.218966 0.574465 0.004407
v -0.217362 0.576348 0.002788
v -0.214930 0.579254 -0.000117
v -0.218014 0.580908 0.002501
v -0.220609 0.579067 0.005075
v -0.220234 0.575347 0.005081
v -0.224293 0.574681 0.007968
v -0.223310 0.570330 0.006177
v -0.226742 0.569371 0.008057
v -0.227487 0.565856 0.005272
v -0.230160 0.563697 0.006326
v -0.230423 0.560844 0.004201
v -0.232428 0.559089 0.003922
v -0.233583 0.556507 0.001918
v -0.235953 0.552088 -0.000344
v -0.212346 0.579343 -0.000494
v -0.212610 0.576564 0.001388
v -0.213679 0.573950 0.004165
v -0.217687 0.573388 0.004593
v -0.217114 0.569405 0.006342
v -0.221805 0.569209 0.005907
v -0.221646 0.565192 0.006300
v -0.224701 0.563764 0.004711
v -0.225228 0.561165 0.005498
v -0.228371 0.559261 0.003836
v -0.229260 0.556936 0.003459
v -0.232253 0.555437 0.001721
v 6.606215 3.239241 -0.000526
v 6.553011 3.257208 -0.005083
v 6.606157 3.238919 -0.000525
v 6.553245 3.253742 -0.002990
v 6.599135 3.241382 0.002443
v 6.595208 3.242434 0.004050
v 6.590919 3.243464 0.005447
v 6.586499 3.244468 0.006343
v 6.582210 3.245434 0.006687
v 6.577829 3.246452 0.006730
v 6.573003 3.247737 0.006691
v 6.568842 3.249123 0.006139
v 6.564736 3.250900 0.004505
v 6.561484 3.252702 0.001959
v 6.556554 3.255543 -0.002582
v 6.555420 3.249594 0.000197
v 6.558985 3.246091 0.003934
v 6.564052 3.248474 0.004998
v 6.566685 3.242227 0.008571
v 6.572625 3.246314 0.007263
v 6.575507 3.241396 0.009553
v 6.581362 3.242922 0.006171
v 6.585676 3.239918 0.007714
v 6.590219 3.241599 0.005245
v 6.593830 3.239730 0.004850
v 6.598449 3.239981 0.002292
v 6.606367 3.239513 -0.000434
v 6.555105 3.259254 -0.002599
v 6.558864 3.259711 0.000867
v 6.562670 3.258684 0.005442
v 6.565544 3.253186 0.005344
v 6.570582 3.255461 0.009110
v 6.573452 3.249075 0.007485
v 6.578992 3.251185 0.009154
v 6.582924 3.248061 0.006496
v 6.586756 3.248380 0.008229
v 6.591423 3.245390 0.005567
v 6.595260 3.245407 0.005419
v 6.599285 3.242449 0.002571
v 6.605631 3.238010 -0.000393
v 6.594078 3.186068 0.000631
v 6.605909 3.237994 -0.000529
v 6.597844 3.186684 0.000980
v 6.605796 3.231135 0.002669
v 6.605984 3.227337 0.004279
v 6.606142 3.223202 0.005683
v 6.606125 3.218944 0.006646
v 6.605897 3.214811 0.007132
v 6.605507 3.210589 0.007380
v 6.604907 3.205917 0.007647
v 6.603937 3.201857 0.007553
v 6.602182 3.197800 0.006708
v 6.599937 3.194539 0.005140
v 6.596159 3.189584 0.002230
v 6.602439 3.189201 0.002067
v 6.606580 3.192949 0.003953
v 6.604499 3.197434 0.006086
v 6.610974 3.200620 0.006651
v 6.606380 3.205725 0.007523
v 6.611178 3.208990 0.007564
v 6.607882 3.214300 0.005613
v 6.610610 3.218691 0.005883
v 6.607698 3.222756 0.004705
v 6.608734 3.226353 0.003769
v 6.606982 3.230650 0.001928
v 6.605425 3.238123 -0.000196
v 6.593178 3.187804 0.003685
v 6.593854 3.191286 0.006993
v 6.596236 3.194983 0.010628
v 6.600526 3.198300 0.008405
v 6.599666 3.202776 0.012782
v 6.604066 3.206188 0.008896
v 6.602418 3.211148 0.011452
v 6.603533 3.215185 0.008092
v 6.603595 3.218744 0.009878
v 6.604519 3.223455 0.006607
v 6.604050 3.227051 0.006674
v 6.604936 3.231155 0.003228
v 6.607064 3.237947 -0.000326
v 6.625545 3.200735 -0.006519
v 6.607259 3.238091 -0.000352
v 6.627420 3.202704 -0.005196
v 6.610021 3.233117 0.001472
v 6.611726 3.230511 0.002432
v 6.613615 3.227729 0.003206
v 6.615533 3.224894 0.003598
v 6.617346 3.222150 0.003592
v 6.619147 3.219332 0.003359
v 6.621040 3.216139 0.003049
v 6.622474 3.213241 0.002419
v 6.623568 3.210163 0.001021
v 6.624101 3.207520 -0.000983
v 6.624783 3.203456 -0.004516
v 6.628730 3.206043 -0.002964
v 6.629030 3.209755 -0.000176
v 6.625229 3.211106 0.001164
v 6.627416 3.215804 0.003569
v 6.622031 3.216704 0.003343
v 6.623271 3.220824 0.004913
v 6.619032 3.223057 0.002970
v 6.618451 3.226899 0.004232
v 6.614923 3.228365 0.002874
v 6.613930 3.231241 0.002728
v 6.611089 3.233512 0.001211
v 6.606853 3.237880 -0.000228
v 6.623640 3.200717 -0.004381
v 6.621772 3.202411 -0.001503
v 6.620756 3.204920 0.002096
v 6.622051 3.209356 0.001862
v 6.618601 3.210739 0.005187
v 6.620196 3.215653 0.003762
v 6.616348 3.217393 0.005567
v 6.615595 3.221116 0.003688
v 6.613581 3.222927 0.005283
v 6.612369 3.226959 0.003467
v 6.610312 3.228941 0.003654
v 6.609406 3.232623 0.001654
v 6.607306 3.239036 -0.000398
v 6.614567 3.281434 -0.000081
v 6.607063 3.239039 -0.000342
v 6.612382 3.280634 0.001964
v 6.608688 3.244300 0.002322
v 6.609349 3.247207 0.003822
v 6.609921 3.250403 0.005214
v 6.610377 3.253742 0.006255
v 6.610726 3.257033 0.006881
v 6.611054 3.260428 0.007286
v 6.611521 3.264195 0.007644
v 6.612042 3.267528 0.007526
v 6.612675 3.270972 0.006546
v 6.613257 3.273870 0.004784
v 6.614106 3.278340 0.001592
v 6.610070 3.278193 0.004686
v 6.608462 3.274740 0.007548
v 6.610899 3.271140 0.007361
v 6.607147 3.268065 0.010630
v 6.610529 3.264248 0.008327
v 6.607566 3.261274 0.010419
v 6.608702 3.257411 0.006984
v 6.607168 3.253671 0.008060
v 6.608441 3.250718 0.005433
v 6.607350 3.247830 0.004989
v 6.607561 3.244657 0.002506
v 6.607538 3.238946 -0.000391
v 6.616702 3.279877 0.001191
v 6.617990 3.276787 0.003227
v 6.618376 3.273373 0.006304
v 6.614583 3.270565 0.006720
v 6.617392 3.266710 0.008548
v 6.612686 3.263945 0.007972
v 6.615070 3.259899 0.008217
v 6.612703 3.256837 0.006254
v 6.613608 3.253844 0.007024
v 6.611413 3.250249 0.004949
v 6.611778 3.247398 0.004376
v 6.609513 3.244305 0.002236
v -0.380735 1.296606 -0.000402
v -0.355204 1.332427 0.000434
v -0.380963 1.296721 -0.000381
v -0.357810 1.332810 0.002192
v -0.377467 1.301045 0.002485
v -0.375756 1.303543 0.004063
v -0.373981 1.306336 0.005515
v -0.372204 1.309286 0.006593
v -0.370495 1.312206 0.007233
v -0.368730 1.315214 0.007647
v -0.366666 1.318501 0.008029
v -0.364686 1.321327 0.007943
v -0.362445 1.324142 0.006998
v -0.360395 1.326416 0.005262
v -0.357218 1.329911 0.002100
v -0.361354 1.331791 0.004638
v -0.364725 1.329541 0.007343
v -0.364091 1.325141 0.007559
v -0.369299 1.324215 0.010357
v -0.367632 1.319039 0.008574
v -0.371926 1.317768 0.010293
v -0.372184 1.313453 0.007034
v -0.375389 1.310771 0.007946
v -0.375216 1.307295 0.005514
v -0.377445 1.305086 0.004943
v -0.378358 1.301885 0.002502
v -0.380566 1.296422 -0.000359
v -0.354116 1.330150 0.002055
v -0.354581 1.326895 0.004347
v -0.356147 1.323819 0.007561
v -0.360911 1.322939 0.007462
v -0.360307 1.318296 0.009775
v -0.365757 1.317782 0.008536
v -0.365425 1.313029 0.009187
v -0.368701 1.311106 0.006893
v -0.369313 1.308013 0.007844
v -0.372657 1.305517 0.005468
v -0.373526 1.302689 0.004978
v -0.376703 1.300681 0.002521
v -0.381518 1.297300 -0.000185
v -0.417620 1.317428 0.004162
v -0.381596 1.297113 -0.000317
v -0.418018 1.314465 0.004035
v -0.386638 1.298397 0.002488
v -0.389490 1.298940 0.003892
v -0.392590 1.299604 0.005156
v -0.395748 1.300471 0.006101
v -0.398773 1.301517 0.006692
v -0.401831 1.302729 0.007119
v -0.405175 1.304197 0.007602
v -0.407985 1.305838 0.007814
v -0.410624 1.308140 0.007521
v -0.412568 1.310703 0.006680
v -0.415447 1.314926 0.005031
v -0.417175 1.310381 0.004309
v -0.415297 1.306271 0.005187
v -0.411438 1.306574 0.006831
v -0.410535 1.301004 0.006487
v -0.405658 1.303162 0.007371
v -0.404321 1.298872 0.006782
v -0.399633 1.300326 0.005347
v -0.396977 1.297291 0.005084
v -0.393295 1.298656 0.004268
v -0.390863 1.297181 0.003275
v -0.387284 1.297708 0.001821
v -0.381384 1.297406 -0.000018
v -0.416069 1.317376 0.006530
v -0.413572 1.315738 0.008860
v -0.411300 1.312755 0.011266
v -0.409844 1.309071 0.008972
v -0.406235 1.308231 0.012233
v -0.404760 1.304624 0.008638
v -0.400639 1.304454 0.010544
v -0.397936 1.303080 0.007648
v -0.395265 1.302042 0.008857
v -0.392014 1.300648 0.006017
v -0.389222 1.300180 0.005947
v -0.386417 1.298969 0.003003
v -0.381893 1.296247 -0.000270
v -0.414002 1.291606 -0.005129
v -0.381831 1.296073 -0.000316
v -0.412941 1.289633 -0.004381
v -0.386147 1.294953 0.001057
v -0.388467 1.294174 0.001754
v -0.390964 1.293320 0.002298
v -0.393513 1.292495 0.002546
v -0.395977 1.291772 0.002492
v -0.398496 1.291098 0.002267
v -0.401318 1.290448 0.001992
v -0.403820 1.290107 0.001500
v -0.406391 1.290140 0.000456
v -0.408518 1.290554 -0.001023
v -0.411764 1.291343 -0.003632
v -0.410713 1.287673 -0.002938
v -0.407966 1.286317 -0.000985
v -0.406065 1.288683 0.000360
v -0.403021 1.285750 0.001787
v -0.401119 1.289557 0.002096
v -0.398303 1.287544 0.002997
v -0.395696 1.290387 0.001804
v -0.392675 1.289817 0.002657
v -0.390794 1.292243 0.001883
v -0.388423 1.292347 0.001733
v -0.386101 1.294101 0.000732
v -0.381892 1.296408 -0.000170
v -0.413544 1.292791 -0.003288
v -0.411805 1.293484 -0.000959
v -0.409642 1.293285 0.001807
v -0.406631 1.291354 0.001292
v -0.404755 1.293240 0.004136
v -0.401476 1.291106 0.002649
v -0.399266 1.293370 0.004340
v -0.396346 1.293290 0.002786
v -0.394506 1.294202 0.004132
v -0.391249 1.294387 0.002658
v -0.389295 1.295443 0.002911
v -0.386371 1.295500 0.001281
v -0.381137 1.295830 -0.000401
v -0.351153 1.280883 -0.002845
v -0.381078 1.296004 -0.000334
v -0.351216 1.282461 -0.001013
v -0.377481 1.293332 0.001322
v -0.375439 1.292028 0.002282
v -0.373163 1.290736 0.003153
v -0.370758 1.289536 0.003758
v -0.368371 1.288471 0.004054
v -0.365907 1.287421 0.004176
v -0.363196 1.286189 0.004232
v -0.360830 1.285066 0.003934
v -0.358421 1.283928 0.002953
v -0.356420 1.283033 0.001399
v -0.353329 1.281741 -0.001362
v -0.352464 1.284430 0.001433
v -0.354626 1.286090 0.003964
v -0.357875 1.285117 0.003749
v -0.359257 1.288236 0.006788
v -0.362918 1.286838 0.004855
v -0.364425 1.289476 0.006901
v -0.367623 1.289873 0.004314
v -0.370046 1.291734 0.005470
v -0.372584 1.291737 0.003453
v -0.374497 1.293242 0.003351
v -0.376953 1.294066 0.001558
v -0.381257 1.295679 -0.000413
v -0.352784 1.279518 -0.001997
v -0.355352 1.279041 -0.000404
v -0.357939 1.279194 0.002097
v -0.359159 1.282589 0.002921
v -0.362650 1.281181 0.004240
v -0.363644 1.285348 0.004384
v -0.367207 1.284468 0.004528
v -0.368981 1.287119 0.003385
v -0.371410 1.287040 0.004032
v -0.373623 1.289696 0.002810
v -0.375844 1.290128 0.002464
v -0.377668 1.292730 0.001175
v 8.755899 2.733124 -0.000516
v 8.715881 2.701706 -0.008871
v 8.756119 2.732919 -0.000517
v 8.718556 2.700026 -0.006924
v 8.750599 2.728600 0.001634
v 8.747764 2.726025 0.002791
v 8.744776 2.723176 0.003729
v 8.741766 2.720242 0.004200
v 8.738876 2.717425 0.004178
v 8.735916 2.714583 0.003874
v 8.732533 2.711537 0.003460
v 8.729426 2.709083 0.002628
v 8.726098 2.706931 0.000812
v 8.723218 2.705502 -0.001771
v 8.718801 2.703430 -0.006308
v 8.722670 2.699422 -0.003826
v 8.726954 2.700168 -0.000124
v 8.727595 2.705167 0.001223
v 8.733527 2.703840 0.004720
v 8.733409 2.710503 0.003961
v 8.738505 2.710109 0.006300
v 8.740405 2.715554 0.003657
v 8.744781 2.717257 0.005414
v 8.745868 2.721721 0.003502
v 8.749115 2.723572 0.003430
v 8.751339 2.727385 0.001452
v 8.755763 2.733371 -0.000422
v 8.715236 2.704177 -0.006457
v 8.716592 2.707066 -0.003010
v 8.719058 2.709182 0.001461
v 8.724708 2.708639 0.001626
v 8.725291 2.713396 0.005434
v 8.731692 2.712500 0.004210
v 8.732750 2.717686 0.006147
v 8.737226 2.719295 0.004043
v 8.738806 2.722277 0.005917
v 8.743544 2.724515 0.003866
v 8.745445 2.727465 0.004027
v 8.749849 2.729239 0.001756
v 8.756547 2.732056 -0.000433
v 8.790587 2.697220 -0.000083
v 8.756705 2.732268 -0.000535
v 8.791971 2.700386 0.000522
v 8.761758 2.728560 0.002413
v 8.764689 2.726708 0.003918
v 8.767873 2.724678 0.005235
v 8.771084 2.722479 0.006136
v 8.774117 2.720212 0.006586
v 8.777150 2.717789 0.006807
v 8.780421 2.714981 0.007031
v 8.783057 2.712217 0.006895
v 8.785336 2.708902 0.006013
v 8.786793 2.705653 0.004430
v 8.788850 2.700469 0.001515
v 8.792274 2.705089 0.001852
v 8.791371 2.710010 0.003868
v 8.786797 2.710529 0.005627
v 8.787547 2.717035 0.006622
v 8.781307 2.716019 0.007033
v 8.781187 2.721315 0.007421
v 8.775567 2.721566 0.005356
v 8.773544 2.725828 0.005787
v 8.769034 2.725705 0.004465
v 8.766835 2.728351 0.003670
v 8.762754 2.729270 0.001831
v 8.756350 2.731942 -0.000269
v 8.788665 2.697213 0.002623
v 8.786177 2.699265 0.005671
v 8.784355 2.702709 0.009147
v 8.784048 2.707782 0.007430
v 8.779984 2.709091 0.011330
v 8.779737 2.714397 0.008104
v 8.774994 2.715458 0.010279
v 8.772611 2.718532 0.007278
v 8.769828 2.720248 0.008890
v 8.766829 2.723507 0.005951
v 8.763834 2.724940 0.005955
v 8.761290 2.727879 0.002857
v 8.757305 2.733115 -0.000261
v 8.795321 2.729038 -0.004268
v 8.757294 2.733338 -0.000270
v 8.794683 2.731373 -0.002929
v 8.762396 2.732853 0.001635
v 8.765197 2.732796 0.002657
v 8.768232 2.732803 0.003525
v 8.771342 2.732830 0.004046
v 8.774348 2.732845 0.004196
v 8.777416 2.732830 0.004138
v 8.780821 2.732701 0.004020
v 8.783786 2.732388 0.003573
v 8.786756 2.731772 0.002401
v 8.789142 2.730983 0.000630
v 8.792762 2.729691 -0.002516
v 8.792668 2.733905 -0.000812
v 8.789840 2.735818 0.001731
v 8.786852 2.733505 0.002653
v 8.784223 2.737375 0.004987
v 8.780867 2.733722 0.004361
v 8.778250 2.736631 0.005864
v 8.774521 2.734626 0.003753
v 8.771226 2.736023 0.004836
v 8.768412 2.734142 0.003318
v 8.765719 2.734828 0.003092
v 8.762636 2.733883 0.001477
v 8.757247 2.732914 -0.000187
v 8.794288 2.727442 -0.002465
v 8.791924 2.726683 0.000006
v 8.789327 2.726939 0.003195
v 8.786580 2.730159 0.003055
v 8.783648 2.728008 0.005814
v 8.780740 2.731769 0.004609
v 8.777407 2.729586 0.005948
v 8.774267 2.730985 0.004155
v 8.771801 2.730252 0.005444
v 8.768192 2.731450 0.003671
v 8.765640 2.730857 0.003672
v 8.762460 2.732125 0.001756
v 8.756595 2.733849 -0.000315
v 8.727677 2.760554 0.000285
v 8.756469 2.733660 -0.000282
v 8.727108 2.758359 0.001986
v 8.753118 2.737367 0.002242
v 8.751145 2.739232 0.003644
v 8.748915 2.741181 0.004938
v 8.746531 2.743133 0.005903
v 8.744152 2.745005 0.006481
v 8.741693 2.746926 0.006856
v 8.739019 2.749143 0.007196
v 8.736729 2.751212 0.007109
v 8.734448 2.753476 0.006244
v 8.732598 2.755477 0.004665
v 8.729741 2.758554 0.001793
v 8.727702 2.755206 0.004305
v 8.729416 2.752077 0.006811
v 8.733398 2.752153 0.006849
v 8.733737 2.747548 0.009560
v 8.738454 2.748369 0.007743
v 8.739163 2.744491 0.009439
v 8.742850 2.743640 0.006417
v 8.744905 2.740533 0.007302
v 8.747927 2.740193 0.005022
v 8.749619 2.737944 0.004550
v 8.752275 2.736673 0.002321
v 8.756778 2.733980 -0.000289
v 8.729873 2.761330 0.001618
v 8.732787 2.760647 0.003593
v 8.735453 2.759048 0.006448
v 8.735701 2.754720 0.006552
v 8.739967 2.754831 0.008458
v 8.739775 2.749888 0.007587
v 8.744052 2.749675 0.008017
v 8.745316 2.746456 0.006062
v 8.748024 2.745606 0.006852
v 8.749786 2.742260 0.004812
v 8.752181 2.741151 0.004334
v 8.753528 2.738005 0.002227
v 8.382432 0.461311 -0.000429
v 8.340602 0.472724 -0.001108
v 8.382402 0.461062 -0.000398
v 8.341091 0.470256 0.000740
v 8.377144 0.462933 0.002223
v 8.374214 0.463727 0.003675
v 8.370993 0.464473 0.004997
v 8.367634 0.465152 0.005950
v 8.364336 0.465762 0.006475
v 8.360944 0.466384 0.006773
v 8.357193 0.467186 0.007024
v 8.353908 0.468049 0.006823
v 8.350566 0.469122 0.005764
v 8.347809 0.470171 0.003940
v 8.343573 0.471787 0.000648
v 8.343178 0.467428 0.003321
v 8.346339 0.465189 0.006160
v 8.350187 0.467283 0.006383
v 8.352747 0.462899 0.009386
v 8.357010 0.466132 0.007601
v 8.359604 0.462667 0.009503
v 8.363762 0.463769 0.006346
v 8.367310 0.461758 0.007416
v 8.370525 0.463005 0.005044
v 8.373341 0.461675 0.004605
v 8.376671 0.461825 0.002273
v 8.382543 0.461532 -0.000392
v 8.342298 0.474570 0.000458
v 8.345410 0.475342 0.002765
v 8.348709 0.475074 0.006030
v 8.351145 0.470968 0.006160
v 8.355177 0.473202 0.008452
v 8.357536 0.468291 0.007488
v 8.361803 0.470245 0.008157
v 8.364752 0.467780 0.006066
v 8.367797 0.468307 0.007059
v 8.371301 0.465973 0.004897
v 8.374223 0.466114 0.004481
v 8.377220 0.463765 0.002226
v 8.382051 0.460359 -0.000185
v 8.375609 0.420317 0.005580
v 8.382254 0.460345 -0.000309
v 8.378488 0.420954 0.005501
v 8.382712 0.455363 0.002674
v 8.383145 0.452599 0.004182
v 8.383555 0.449559 0.005564
v 8.383804 0.446384 0.006632
v 8.383851 0.443256 0.007344
v 8.383759 0.440035 0.007895
v 8.383529 0.436464 0.008512
v 8.382961 0.433317 0.008836
v 8.381737 0.430082 0.008649
v 8.380049 0.427379 0.007887
v 8.377163 0.423213 0.006359
v 8.381971 0.423136 0.005768
v 8.385112 0.426308 0.006584
v 8.383479 0.429836 0.008021
v 8.388331 0.432555 0.007691
v 8.384655 0.436361 0.008317
v 8.388182 0.439035 0.007713
v 8.385278 0.442813 0.006071
v 8.387189 0.446291 0.005717
v 8.384693 0.449195 0.004731
v 8.385255 0.451905 0.003654
v 8.383586 0.454974 0.002053
v 8.381903 0.460454 -0.000027
v 8.375072 0.421863 0.007841
v 8.375680 0.424822 0.010034
v 8.377608 0.428035 0.012325
v 8.380575 0.430544 0.010033
v 8.380045 0.434295 0.013084
v 8.382967 0.436744 0.009509
v 8.381676 0.440686 0.011197
v 8.382098 0.443535 0.008233
v 8.382120 0.446405 0.009309
v 8.382373 0.449770 0.006376
v 8.381858 0.452507 0.006182
v 8.382095 0.455392 0.003166
v 8.383154 0.460369 -0.000242
v 8.398485 0.432088 -0.003500
v 8.383295 0.460484 -0.000288
v 8.399930 0.433771 -0.002795
v 8.385766 0.456933 0.001273
v 8.387258 0.455082 0.002074
v 8.388884 0.453089 0.002733
v 8.390507 0.451024 0.003102
v 8.392015 0.448992 0.003169
v 8.393501 0.446885 0.003070
v 8.395068 0.444488 0.002935
v 8.396247 0.442273 0.002569
v 8.397116 0.439845 0.001660
v 8.397492 0.437678 0.000299
v 8.397931 0.434305 -0.002127
v 8.400949 0.436555 -0.001460
v 8.401222 0.439634 0.000349
v 8.398355 0.440638 0.001564
v 8.399998 0.444508 0.002854
v 8.395823 0.444980 0.003037
v 8.396704 0.448304 0.003811
v 8.393218 0.449696 0.002491
v 8.392696 0.452716 0.003197
v 8.389832 0.453595 0.002326
v 8.388933 0.455745 0.002068
v 8.386545 0.457252 0.000959
v 8.383003 0.460318 -0.000145
v 8.397189 0.432182 -0.001720
v 8.395900 0.433646 0.000487
v 8.395280 0.435823 0.003112
v 8.396055 0.439242 0.002483
v 8.393602 0.440447 0.005180
v 8.394497 0.444144 0.003583
v 8.391611 0.445483 0.005125
v 8.390730 0.448146 0.003461
v 8.389228 0.449588 0.004693
v 8.387985 0.452476 0.003090
v 8.386337 0.453932 0.003239
v 8.385330 0.456548 0.001499
v 8.383286 0.461204 -0.000402
v 8.386971 0.493904 -0.004058
v 8.383103 0.461202 -0.000340
v 8.385489 0.493381 -0.002265
v 8.384311 0.465503 0.001148
v 8.384798 0.467873 0.002011
v 8.385198 0.470451 0.002775
v 8.385475 0.473107 0.003270
v 8.385642 0.475686 0.003461
v 8.385772 0.478326 0.003477
v 8.385987 0.481253 0.003418
v 8.386229 0.483810 0.003026
v 8.386485 0.486384 0.001959
v 8.386670 0.488476 0.000344
v 8.386881 0.491661 -0.002505
v 8.384032 0.491656 0.000182
v 8.383170 0.489194 0.002759
v 8.385180 0.486515 0.002707
v 8.382692 0.484297 0.005734
v 8.385277 0.481313 0.004013
v 8.383301 0.479104 0.006073
v 8.384085 0.475910 0.003670
v 8.383159 0.473084 0.004904
v 8.384068 0.470656 0.003034
v 8.383329 0.468372 0.003009
v 8.383447 0.465749 0.001350
v 8.383468 0.461144 -0.000407
v 8.388767 0.492897 -0.003135
v 8.390043 0.490750 -0.001444
v 8.390720 0.488408 0.001136
v 8.387976 0.486157 0.001973
v 8.390432 0.483465 0.003446
v 8.386913 0.481132 0.003596
v 8.388936 0.478146 0.003911
v 8.387115 0.475557 0.002843
v 8.387999 0.473365 0.003593
v 8.386325 0.470367 0.002468
v 8.386689 0.468153 0.002226
v 8.384934 0.465529 0.001018
v 8.603034 0.596822 -0.000464
v 8.589263 0.554814 -0.005072
v 8.603288 0.596777 -0.000441
v 8.591847 0.555009 -0.003195
v 8.601158 0.591244 0.001750
v 8.600227 0.588150 0.002956
v 8.599327 0.584770 0.004000
v 8.598483 0.581284 0.004651
v 8.597705 0.577900 0.004872
v 8.596905 0.574444 0.004852
v 8.595901 0.570634 0.004751
v 8.594852 0.567349 0.004238
v 8.593569 0.564102 0.002848
v 8.592325 0.561526 0.000737
v 8.590401 0.557619 -0.003007
v 8.594893 0.556740 -0.000419
v 8.597392 0.559568 0.002740
v 8.595444 0.563566 0.003400
v 8.600113 0.565662 0.006618
v 8.596982 0.570340 0.005297
v 8.600692 0.572626 0.007417
v 8.599714 0.577233 0.004637
v 8.601968 0.580644 0.006037
v 8.600808 0.584219 0.003968
v 8.602301 0.587069 0.003770
v 8.602270 0.590704 0.001728
v 8.602814 0.596942 -0.000411
v 8.587485 0.556471 -0.003264
v 8.586892 0.559447 -0.000582
v 8.587389 0.562466 0.003070
v 8.591716 0.564739 0.003352
v 8.589670 0.568723 0.006143
v 8.594796 0.570990 0.005284
v 8.593020 0.575363 0.006436
v 8.595652 0.578461 0.004543
v 8.595281 0.581488 0.005871
v 8.597805 0.585166 0.003963
v 8.597798 0.588192 0.003833
v 8.600311 0.591361 0.001779
v 8.603993 0.596364 -0.000275
v 8.644766 0.587313 0.004046
v 8.604015 0.596582 -0.000382
v 8.644255 0.590284 0.004267
v 8.609192 0.596512 0.002592
v 8.612070 0.596670 0.004111
v 8.615227 0.596803 0.005491
v 8.618509 0.596798 0.006533
v 8.621725 0.596625 0.007192
v 8.625029 0.596323 0.007671
v 8.628683 0.595855 0.008196
v 8.631882 0.595095 0.008398
v 8.635130 0.593712 0.008010
v 8.637799 0.591940 0.007004
v 8.641892 0.588955 0.005061
v 8.642199 0.593910 0.004938
v 8.639123 0.597179 0.006155
v 8.635456 0.595538 0.007539
v 8.632909 0.600645 0.007748
v 8.628841 0.597018 0.008107
v 8.626267 0.600799 0.007904
v 8.622227 0.598186 0.006026
v 8.618755 0.600334 0.005935
v 8.615642 0.598029 0.004747
v 8.612875 0.598839 0.003767
v 8.609622 0.597446 0.002038
v 8.603891 0.596202 -0.000127
v 8.643197 0.586611 0.006334
v 8.640238 0.587151 0.008698
v 8.637087 0.589037 0.011300
v 8.634624 0.592410 0.009317
v 8.630813 0.591741 0.012461
v 8.628387 0.595196 0.009163
v 8.624318 0.593898 0.010845
v 8.621369 0.594762 0.007930
v 8.618452 0.594813 0.009096
v 8.614967 0.595526 0.006206
v 8.612137 0.595152 0.006019
v 8.609140 0.595835 0.003033
v 8.604037 0.597494 -0.000223
v 8.633687 0.612097 -0.002661
v 8.603926 0.597648 -0.000253
v 8.632049 0.613579 -0.001759
v 8.607711 0.599839 0.001504
v 8.609694 0.601190 0.002427
v 8.611827 0.602686 0.003216
v 8.614028 0.604204 0.003708
v 8.616183 0.605637 0.003880
v 8.618412 0.607061 0.003880
v 8.620941 0.608557 0.003844
v 8.623260 0.609689 0.003538
v 8.625773 0.610551 0.002642
v 8.627984 0.610969 0.001241
v 8.631414 0.611499 -0.001266
v 8.629273 0.614615 -0.000232
v 8.626168 0.614857 0.001709
v 8.625021 0.611861 0.002685
v 8.621164 0.613588 0.004254
v 8.620478 0.609339 0.004034
v 8.617132 0.610317 0.004988
v 8.615511 0.606964 0.003325
v 8.612407 0.606505 0.004062
v 8.611348 0.603716 0.002908
v 8.609098 0.602929 0.002604
v 8.607417 0.600680 0.001269
v 8.604083 0.597328 -0.000140
v 8.633559 0.610601 -0.000973
v 8.632037 0.609135 0.001182
v 8.629825 0.608342 0.003847
v 8.626352 0.609358 0.003361
v 8.625046 0.606645 0.005894
v 8.621277 0.607893 0.004440
v 8.619791 0.604861 0.005755
v 8.616992 0.604258 0.004031
v 8.615462 0.602671 0.005170
v 8.612416 0.601705 0.003477
v 8.610847 0.600080 0.003498
v 8.608088 0.599354 0.001682
v 8.603186 0.597684 -0.000353
v 8.569830 0.603364 -0.002967
v 8.603180 0.597492 -0.000309
v 8.570324 0.601648 -0.001299
v 8.598865 0.598777 0.001428
v 8.596478 0.599299 0.002410
v 8.593873 0.599752 0.003289
v 8.591177 0.600111 0.003882
v 8.588548 0.600385 0.004152
v 8.585853 0.600641 0.004242
v 8.582867 0.601006 0.004270
v 8.580255 0.601413 0.003952
v 8.577612 0.601905 0.002949
v 8.575452 0.602355 0.001368
v 8.572150 0.603009 -0.001443
v 8.572062 0.599835 0.001012
v 8.574586 0.598580 0.003498
v 8.577427 0.600506 0.003584
v 8.579629 0.597560 0.006373
v 8.582780 0.600225 0.004807
v 8.584981 0.597899 0.006660
v 8.588245 0.598787 0.004214
v 8.591115 0.597585 0.005316
v 8.593611 0.598585 0.003445
v 8.595912 0.597726 0.003293
v 8.598573 0.597888 0.001553
v 8.603256 0.597867 -0.000342
v 8.570967 0.605054 -0.001870
v 8.573258 0.606081 -0.000066
v 8.575736 0.606399 0.002579
v 8.577919 0.603411 0.003107
v 8.580824 0.605637 0.004793
v 8.583040 0.601926 0.004541
v 8.586203 0.603813 0.004996
v 8.588743 0.601943 0.003666
v 8.591043 0.602662 0.004469
v 8.594009 0.600928 0.003086
v 8.596289 0.601218 0.002825
v 8.598866 0.599427 0.001358
v 4.945884 1.049348 -0.000529
v 4.891043 1.051972 -0.004867
v 4.945915 1.049030 -0.000519
v 4.892192 1.048832 -0.002736
v 4.938665 1.049560 0.002393
v 4.934697 1.049549 0.003980
v 4.930393 1.049416 0.005365
v 4.925971 1.049208 0.006262
v 4.921681 1.048985 0.006620
v 4.917290 1.048779 0.006683
v 4.912408 1.048703 0.006664
v 4.908123 1.048885 0.006134
v 4.903783 1.049420 0.004536
v 4.900235 1.050181 0.002037
v 4.894827 1.051417 -0.002419
v 4.895353 1.045597 0.000460
v 4.899651 1.043353 0.004162
v 4.903786 1.046970 0.005087
v 4.907937 1.041894 0.008708
v 4.912433 1.047281 0.007263
v 4.916460 1.043485 0.009594
v 4.921550 1.046384 0.006189
v 4.926412 1.044749 0.007726
v 4.930230 1.047470 0.005222
v 4.934123 1.046662 0.004844
v 4.938392 1.048056 0.002289
v 4.945955 1.049647 -0.000448
v 4.892477 1.054521 -0.002514
v 4.895902 1.056044 0.000821
v 4.899771 1.056216 0.005277
v 4.903937 1.051807 0.005290
v 4.908083 1.055389 0.008858
v 4.912477 1.050103 0.007401
v 4.917132 1.053606 0.008919
v 4.921654 1.051640 0.006359
v 4.925179 1.053007 0.008003
v 4.930355 1.051364 0.005427
v 4.933959 1.052396 0.005242
v 4.938522 1.050606 0.002491
v 4.945663 1.048039 -0.000362
v 4.948619 0.996154 0.002079
v 4.945928 1.048094 -0.000497
v 4.951999 0.997744 0.002364
v 4.947658 1.041702 0.002803
v 4.948851 1.038224 0.004470
v 4.950104 1.034416 0.005946
v 4.951224 1.030434 0.006994
v 4.952111 1.026501 0.007576
v 4.952869 1.022434 0.007930
v 4.953548 1.017888 0.008315
v 4.953715 1.013810 0.008337
v 4.953141 1.009506 0.007633
v 4.951892 1.005800 0.006207
v 4.949646 1.000057 0.003530
v 4.955656 1.001363 0.003313
v 4.958560 1.006039 0.005016
v 4.955416 1.009761 0.007010
v 4.960661 1.014494 0.007412
v 4.954985 1.018096 0.008184
v 4.958629 1.022443 0.008089
v 4.954109 1.026507 0.006083
v 4.955507 1.031368 0.006207
v 4.951684 1.034384 0.004984
v 4.951698 1.038017 0.003967
v 4.948900 1.041541 0.002078
v 4.945440 1.048095 -0.000170
v 4.947322 0.997631 0.005029
v 4.947042 1.001174 0.008166
v 4.948311 1.005383 0.011598
v 4.951457 1.009582 0.009296
v 4.949471 1.013682 0.013470
v 4.952689 1.017954 0.009538
v 4.949828 1.022250 0.011928
v 4.949791 1.026250 0.008530
v 4.948908 1.029662 0.010185
v 4.948514 1.034248 0.006859
v 4.947116 1.037506 0.006839
v 4.946846 1.041507 0.003358
v 4.947028 1.048363 -0.000310
v 4.974291 1.018116 -0.005617
v 4.947173 1.048549 -0.000341
v 4.975536 1.020503 -0.004394
v 4.951101 1.044656 0.001538
v 4.953401 1.042685 0.002523
v 4.955920 1.040593 0.003331
v 4.958481 1.038448 0.003765
v 4.960916 1.036349 0.003808
v 4.963359 1.034172 0.003633
v 4.965989 1.031665 0.003391
v 4.968106 1.029303 0.002833
v 4.969949 1.026662 0.001534
v 4.971147 1.024263 -0.000364
v 4.972857 1.020527 -0.003721
v 4.975887 1.024051 -0.002312
v 4.975191 1.027698 0.000315
v 4.971262 1.027994 0.001632
v 4.972076 1.033059 0.003839
v 4.966771 1.032467 0.003653
v 4.966846 1.036714 0.005070
v 4.962259 1.037633 0.003160
v 4.960694 1.041126 0.004301
v 4.956981 1.041529 0.002975
v 4.955281 1.043965 0.002770
v 4.951999 1.045304 0.001262
v 4.946847 1.048246 -0.000210
v 4.972511 1.017652 -0.003507
v 4.970313 1.018826 -0.000717
v 4.968702 1.021014 0.002747
v 4.968740 1.025523 0.002392
v 4.965137 1.025997 0.005643
v 4.965326 1.031003 0.004109
v 4.961249 1.031665 0.005870
v 4.959545 1.034914 0.003947
v 4.957173 1.036125 0.005482
v 4.954955 1.039544 0.003618
v 4.952493 1.040867 0.003773
v 4.950654 1.044033 0.001735
v 4.946966 1.049449 -0.000411
v 4.942516 1.091254 -0.001253
v 4.946736 1.049388 -0.000354
v 4.940681 1.089977 0.000789
v 4.946874 1.054840 0.002099
v 4.946727 1.057790 0.003484
v 4.946421 1.060985 0.004757
v 4.945964 1.064275 0.005686
v 4.945419 1.067479 0.006210
v 4.944826 1.070770 0.006516
v 4.944264 1.074446 0.006765
v 4.943867 1.077715 0.006560
v 4.943542 1.081095 0.005508
v 4.943313 1.083927 0.003707
v 4.942911 1.088269 0.000465
v 4.939164 1.087142 0.003536
v 4.938581 1.083546 0.006437
v 4.941830 1.080803 0.006319
v 4.939130 1.077003 0.009632
v 4.943319 1.074251 0.007442
v 4.941331 1.070723 0.009593
v 4.943414 1.067300 0.006322
v 4.942970 1.063404 0.007485
v 4.944945 1.060895 0.004979
v 4.944686 1.057877 0.004630
v 4.945720 1.054881 0.002282
v 4.947207 1.049426 -0.000403
v 4.944942 1.090393 0.000007
v 4.946983 1.087885 0.002061
v 4.948266 1.084862 0.005150
v 4.945446 1.081224 0.005669
v 4.949120 1.078396 0.007522
v 4.945427 1.074530 0.007080
v 4.948747 1.071366 0.007395
v 4.947329 1.067803 0.005580
v 4.948979 1.065251 0.006399
v 4.947863 1.061230 0.004487
v 4.948964 1.058631 0.003994
v 4.947648 1.055062 0.002007
v 5.125899 0.903798 -0.000582
v 5.082242 0.939421 -0.006299
v 5.125729 0.903517 -0.000557
v 5.081280 0.936231 -0.003950
v 5.120102 0.908542 0.002260
v 5.116838 0.911044 0.003807
v 5.113219 0.913642 0.005145
v 5.109452 0.916228 0.005983
v 5.105781 0.918695 0.006271
v 5.102034 0.921225 0.006253
v 5.097960 0.924158 0.006135
v 5.094534 0.926913 0.005492
v 5.091267 0.929943 0.003738
v 5.088786 0.932629 0.001063
v 5.085044 0.936757 -0.003681
v 5.081930 0.931777 -0.000460
v 5.084130 0.927465 0.003530
v 5.089771 0.927949 0.004409
v 5.090109 0.921391 0.008436
v 5.097113 0.922999 0.006812
v 5.098124 0.917511 0.009456
v 5.104072 0.916613 0.005938
v 5.107091 0.912354 0.007690
v 5.111888 0.912133 0.005079
v 5.114598 0.909059 0.004808
v 5.118952 0.907466 0.002212
v 5.126142 0.904004 -0.000511
v 5.085011 0.940752 -0.003963
v 5.088802 0.940061 -0.000531
v 5.092140 0.938038 0.004119
v 5.092868 0.931849 0.004411
v 5.098520 0.932423 0.008008
v 5.098884 0.925303 0.006832
v 5.104888 0.925402 0.008337
v 5.107387 0.920887 0.005887
v 5.111148 0.919926 0.007591
v 5.114384 0.915273 0.005124
v 5.117989 0.913902 0.004964
v 5.120628 0.909496 0.002311
v 5.124914 0.902863 -0.000358
v 5.095507 0.858429 0.004463
v 5.125165 0.902739 -0.000494
v 5.099274 0.857677 0.004758
v 5.122696 0.896569 0.003210
v 5.121559 0.893051 0.005098
v 5.120267 0.889214 0.006805
v 5.118755 0.885297 0.008079
v 5.117076 0.881540 0.008866
v 5.115206 0.877742 0.009421
v 5.112978 0.873599 0.010029
v 5.110612 0.870139 0.010232
v 5.107488 0.866912 0.009683
v 5.104169 0.864560 0.008353
v 5.098764 0.861082 0.005806
v 5.104521 0.858458 0.005652
v 5.109804 0.860607 0.007259
v 5.109515 0.865697 0.009080
v 5.116752 0.866394 0.009397
v 5.114290 0.872883 0.009915
v 5.119965 0.874221 0.009705
v 5.118713 0.880248 0.007374
v 5.122854 0.883399 0.007319
v 5.121542 0.888173 0.005852
v 5.123775 0.891108 0.004650
v 5.123615 0.895639 0.002498
v 5.124766 0.903056 -0.000168
v 5.095371 0.860582 0.007402
v 5.097346 0.863820 0.010465
v 5.101008 0.866670 0.013835
v 5.106161 0.868089 0.011353
v 5.107080 0.872881 0.015421
v 5.112321 0.874239 0.011264
v 5.112622 0.879646 0.013473
v 5.115018 0.882803 0.009808
v 5.116401 0.886233 0.011341
v 5.118861 0.890096 0.007717
v 5.119709 0.893636 0.007526
v 5.121912 0.896933 0.003771
v 5.126239 0.902294 -0.000290
v 5.130098 0.860394 -0.003859
v 5.126473 0.902357 -0.000327
v 5.132601 0.861653 -0.002680
v 5.127338 0.896828 0.001854
v 5.128034 0.893839 0.003000
v 5.128834 0.890607 0.003972
v 5.129632 0.887289 0.004565
v 5.130352 0.884068 0.004752
v 5.131028 0.880767 0.004717
v 5.131654 0.877076 0.004632
v 5.131946 0.873804 0.004206
v 5.131831 0.870436 0.003025
v 5.131329 0.867635 0.001205
v 5.130414 0.863349 -0.002045
v 5.135090 0.864459 -0.000688
v 5.136780 0.868014 0.001838
v 5.133732 0.870732 0.003095
v 5.137536 0.874508 0.005159
v 5.132795 0.877268 0.004883
v 5.135478 0.880787 0.006156
v 5.132242 0.884270 0.004058
v 5.133107 0.888162 0.005046
v 5.130281 0.890711 0.003589
v 5.130373 0.893751 0.003237
v 5.128475 0.896797 0.001561
v 5.126019 0.902314 -0.000186
v 5.128364 0.861204 -0.001708
v 5.127298 0.863652 0.001060
v 5.127345 0.866607 0.004490
v 5.130143 0.870281 0.003930
v 5.127492 0.873036 0.007174
v 5.130708 0.876971 0.005385
v 5.127769 0.880103 0.007080
v 5.128341 0.883734 0.004928
v 5.127143 0.886260 0.006402
v 5.127396 0.890350 0.004293
v 5.126180 0.892958 0.004343
v 5.126589 0.896599 0.002074
v 5.126854 0.903222 -0.000443
v 5.148854 0.940347 -0.003215
v 5.126628 0.903316 -0.000386
v 5.146574 0.940518 -0.001101
v 5.130113 0.907837 0.001900
v 5.131816 0.910423 0.003192
v 5.133538 0.913303 0.004354
v 5.135190 0.916337 0.005155
v 5.136714 0.919336 0.005543
v 5.138247 0.922424 0.005702
v 5.140045 0.925809 0.005787
v 5.141723 0.928735 0.005426
v 5.143522 0.931668 0.004192
v 5.145056 0.934056 0.002214
v 5.147361 0.937726 -0.001312
v 5.143607 0.939244 0.001812
v 5.140944 0.936777 0.004936
v 5.141938 0.932518 0.005002
v 5.137407 0.931203 0.008514
v 5.139152 0.926260 0.006471
v 5.135365 0.924677 0.008792
v 5.134951 0.920424 0.005624
v 5.132203 0.917543 0.006979
v 5.132267 0.914145 0.004555
v 5.130196 0.911802 0.004322
v 5.129188 0.908588 0.002062
v 5.127039 0.903055 -0.000429
v 5.150337 0.938207 -0.001833
v 5.150499 0.934986 0.000429
v 5.149728 0.931855 0.003759
v 5.145173 0.930614 0.004391
v 5.146483 0.926117 0.006495
v 5.141058 0.925179 0.006131
v 5.141856 0.920549 0.006662
v 5.138482 0.918400 0.004923
v 5.138282 0.915323 0.005909
v 5.134875 0.912607 0.004096
v 5.134181 0.909767 0.003726
v 5.130887 0.907540 0.001811
v 9.192353 3.253870 -0.000544
v 9.239828 3.237480 -0.007197
v 9.192410 3.254158 -0.000517
v 9.239709 3.240409 -0.005028
v 9.198741 3.251612 0.001791
v 9.202286 3.250484 0.003064
v 9.206152 3.249388 0.004142
v 9.210128 3.248357 0.004770
v 9.213976 3.247408 0.004912
v 9.217898 3.246435 0.004777
v 9.222218 3.245226 0.004538
v 9.225926 3.243978 0.003843
v 9.229561 3.242471 0.002150
v 9.232410 3.241030 -0.000346
v 9.236714 3.238806 -0.004748
v 9.237874 3.243882 -0.001783
v 9.234792 3.246749 0.001927
v 9.230222 3.244592 0.002781
v 9.228014 3.249918 0.006556
v 9.222589 3.246446 0.005161
v 9.220115 3.250694 0.007682
v 9.214765 3.249688 0.004644
v 9.210960 3.252303 0.006363
v 9.206805 3.251066 0.004103
v 9.203580 3.252819 0.003978
v 9.199376 3.252870 0.001761
v 9.192214 3.253621 -0.000482
v 9.237962 3.235466 -0.005104
v 9.234641 3.234814 -0.001964
v 9.231320 3.235397 0.002293
v 9.228817 3.240365 0.002725
v 9.224325 3.238076 0.006006
v 9.221808 3.243967 0.005145
v 9.216829 3.242009 0.006573
v 9.213290 3.245081 0.004534
v 9.209874 3.244699 0.006136
v 9.205673 3.247660 0.004097
v 9.202221 3.247707 0.004041
v 9.198593 3.250648 0.001820
v 9.192899 3.254953 -0.000334
v 9.204072 3.301216 0.004712
v 9.192647 3.254983 -0.000448
v 9.200685 3.300683 0.005048
v 9.192909 3.260852 0.002988
v 9.192827 3.264119 0.004751
v 9.192773 3.267705 0.006359
v 9.192869 3.271435 0.007577
v 9.193144 3.275091 0.008354
v 9.193562 3.278845 0.008923
v 9.194176 3.282997 0.009542
v 9.195106 3.286627 0.009780
v 9.196728 3.290307 0.009329
v 9.198765 3.293328 0.008154
v 9.202180 3.297960 0.005890
v 9.196536 3.298398 0.005902
v 9.192794 3.294938 0.007358
v 9.194638 3.290716 0.008850
v 9.188781 3.287901 0.009218
v 9.192851 3.283198 0.009477
v 9.188491 3.280334 0.009336
v 9.191339 3.275702 0.007077
v 9.188828 3.271784 0.007005
v 9.191361 3.268207 0.005552
v 9.190360 3.265079 0.004432
v 9.191836 3.261364 0.002389
v 9.193086 3.254834 -0.000171
v 9.204912 3.299392 0.007282
v 9.204315 3.296006 0.009964
v 9.202188 3.292421 0.012955
v 9.198240 3.289694 0.010773
v 9.199029 3.285307 0.014298
v 9.194951 3.282637 0.010621
v 9.196406 3.277961 0.012459
v 9.195282 3.274645 0.009135
v 9.195207 3.271309 0.010436
v 9.194244 3.267379 0.007131
v 9.194614 3.264149 0.006881
v 9.193692 3.260776 0.003469
v 9.191613 3.255023 -0.000239
v 9.175435 3.289097 -0.002289
v 9.191435 3.254899 -0.000271
v 9.173745 3.287247 -0.001233
v 9.189060 3.259234 0.001835
v 9.187584 3.261508 0.002947
v 9.185942 3.263958 0.003911
v 9.184266 3.266487 0.004538
v 9.182677 3.268968 0.004799
v 9.181095 3.271533 0.004863
v 9.179435 3.274442 0.004892
v 9.178177 3.277109 0.004600
v 9.177214 3.279996 0.003629
v 9.176736 3.282538 0.002068
v 9.176117 3.286483 -0.000740
v 9.172560 3.284087 0.000511
v 9.172287 3.280533 0.002701
v 9.175709 3.279162 0.003711
v 9.173719 3.274781 0.005513
v 9.178542 3.273925 0.005128
v 9.177396 3.270121 0.006212
v 9.181136 3.268231 0.004200
v 9.181625 3.264677 0.004995
v 9.184750 3.263433 0.003586
v 9.185597 3.260859 0.003194
v 9.188089 3.258916 0.001589
v 9.191806 3.255072 -0.000150
v 9.177188 3.288908 -0.000412
v 9.178896 3.287125 0.001984
v 9.179839 3.284562 0.004975
v 9.178604 3.280627 0.004419
v 9.181748 3.279065 0.007210
v 9.180215 3.274806 0.005554
v 9.183682 3.273047 0.006947
v 9.184268 3.269863 0.004937
v 9.186082 3.268081 0.006172
v 9.187078 3.264609 0.004185
v 9.188901 3.262792 0.004144
v 9.189624 3.259653 0.002027
v 9.191378 3.254058 -0.000391
v 9.184229 3.216171 -0.003520
v 9.191598 3.254047 -0.000346
v 9.186243 3.216686 -0.001667
v 9.190108 3.249134 0.001630
v 9.189500 3.246414 0.002742
v 9.188964 3.243443 0.003731
v 9.188524 3.240372 0.004392
v 9.188173 3.237378 0.004683
v 9.187836 3.234309 0.004766
v 9.187366 3.230912 0.004780
v 9.186847 3.227946 0.004405
v 9.186209 3.224954 0.003251
v 9.185609 3.222516 0.001443
v 9.184720 3.218793 -0.001772
v 9.188409 3.218612 0.000929
v 9.189959 3.221441 0.003747
v 9.187818 3.224712 0.003931
v 9.191298 3.227140 0.007041
v 9.188271 3.230795 0.005367
v 9.191017 3.233243 0.007430
v 9.189989 3.237004 0.004702
v 9.191444 3.240242 0.005949
v 9.190293 3.243123 0.003871
v 9.191309 3.245732 0.003694
v 9.191119 3.248785 0.001742
v 9.191171 3.254141 -0.000372
v 9.182357 3.217485 -0.002208
v 9.181283 3.220097 -0.000101
v 9.181044 3.222899 0.002947
v 9.184504 3.225328 0.003480
v 9.182070 3.228661 0.005496
v 9.186330 3.231124 0.005118
v 9.184251 3.234756 0.005724
v 9.186387 3.237632 0.004177
v 9.185633 3.240258 0.005136
v 9.187620 3.243622 0.003537
v 9.187324 3.246228 0.003270
v 9.189365 3.249148 0.001569
v 7.473520 2.693201 -0.000411
v 7.476591 2.651370 -0.003327
v 7.473758 2.693254 -0.000397
v 7.478821 2.652538 -0.001647
v 7.473952 2.687727 0.001874
v 7.474286 2.684729 0.003117
v 7.474748 2.681487 0.004211
v 7.475287 2.678159 0.004936
v 7.475837 2.674930 0.005249
v 7.476389 2.671620 0.005337
v 7.476890 2.667927 0.005364
v 7.477151 2.664660 0.004991
v 7.477173 2.661312 0.003796
v 7.476971 2.658540 0.001903
v 7.476618 2.654303 -0.001479
v 7.480919 2.655246 0.000832
v 7.482152 2.658728 0.003667
v 7.479017 2.661540 0.004266
v 7.482412 2.665168 0.007098
v 7.477953 2.668078 0.005850
v 7.480415 2.671489 0.007672
v 7.477829 2.675064 0.004973
v 7.478595 2.678906 0.006140
v 7.476240 2.681539 0.004143
v 7.476508 2.684561 0.003839
v 7.475119 2.687656 0.001827
v 7.473285 2.693228 -0.000356
v 7.474480 2.652239 -0.001595
v 7.472946 2.654716 0.000892
v 7.472372 2.657659 0.004257
v 7.475335 2.661217 0.004322
v 7.472170 2.664055 0.006939
v 7.475808 2.667856 0.005897
v 7.472700 2.671075 0.006947
v 7.473834 2.674666 0.004996
v 7.472444 2.677223 0.006195
v 7.473274 2.681282 0.004220
v 7.472170 2.683918 0.004028
v 7.473170 2.687524 0.001928
v 7.474528 2.693153 -0.000256
v 7.513524 2.700119 0.002630
v 7.474466 2.693348 -0.000362
v 7.512006 2.702538 0.002788
v 7.479083 2.695259 0.002272
v 7.481575 2.696488 0.003604
v 7.484316 2.697792 0.004797
v 7.487209 2.699009 0.005668
v 7.490097 2.700042 0.006184
v 7.493103 2.700987 0.006530
v 7.496478 2.701916 0.006910
v 7.499552 2.702414 0.007008
v 7.502880 2.702366 0.006562
v 7.505831 2.701747 0.005559
v 7.510443 2.700551 0.003651
v 7.508914 2.704986 0.003410
v 7.505071 2.706772 0.004591
v 7.502493 2.704063 0.006063
v 7.498424 2.707611 0.006231
v 7.496192 2.702986 0.006794
v 7.492570 2.705353 0.006605
v 7.489943 2.701546 0.005029
v 7.486130 2.702166 0.005013
v 7.484217 2.698987 0.004051
v 7.481485 2.698662 0.003201
v 7.479107 2.696211 0.001711
v 7.474502 2.692980 -0.000108
v 7.512460 2.699018 0.004862
v 7.509734 2.698502 0.007186
v 7.506359 2.699101 0.009711
v 7.502940 2.701091 0.007844
v 7.499926 2.699238 0.010962
v 7.496480 2.701267 0.007849
v 7.493434 2.698722 0.009609
v 7.490478 2.698312 0.006936
v 7.487937 2.697342 0.008137
v 7.484568 2.696607 0.005510
v 7.482226 2.695252 0.005440
v 7.479292 2.694664 0.002705
v 7.474158 2.694159 -0.000233
v 7.494718 2.717539 -0.003895
v 7.474005 2.694252 -0.000262
v 7.492772 2.718273 -0.003020
v 7.476559 2.697593 0.001218
v 7.477823 2.699521 0.001991
v 7.479164 2.701625 0.002629
v 7.480548 2.703763 0.002982
v 7.481916 2.705800 0.003038
v 7.483348 2.707848 0.002928
v 7.485015 2.710067 0.002773
v 7.486624 2.711884 0.002377
v 7.488486 2.713513 0.001424
v 7.490235 2.714628 0.000015
v 7.492981 2.716244 -0.002485
v 7.490007 2.718229 -0.001506
v 7.487252 2.717385 0.000431
v 7.487356 2.714387 0.001461
v 7.483398 2.714557 0.003037
v 7.484331 2.710589 0.002950
v 7.481077 2.710269 0.003945
v 7.480835 2.706697 0.002507
v 7.478307 2.705200 0.003320
v 7.478365 2.702342 0.002330
v 7.476678 2.700831 0.002139
v 7.475992 2.698214 0.000987
v 7.474261 2.694033 -0.000153
v 7.495187 2.716244 -0.002261
v 7.494438 2.714488 -0.000138
v 7.492853 2.713088 0.002474
v 7.489440 2.712705 0.002112
v 7.489340 2.709950 0.004613
v 7.485562 2.709629 0.003340
v 7.485392 2.706489 0.004703
v 7.483125 2.704891 0.003184
v 7.482390 2.702993 0.004350
v 7.480040 2.700990 0.002877
v 7.479257 2.699005 0.002989
v 7.477067 2.697312 0.001385
v 7.473343 2.694013 -0.000332
v 7.442087 2.686840 -0.001782
v 7.473409 2.693844 -0.000285
v 7.443178 2.685576 -0.000183
v 7.469213 2.693468 0.001476
v 7.466962 2.693097 0.002474
v 7.464542 2.692581 0.003384
v 7.462071 2.691942 0.004029
v 7.459682 2.691241 0.004369
v 7.457236 2.690494 0.004541
v 7.454496 2.689736 0.004662
v 7.452059 2.689137 0.004442
v 7.449550 2.688579 0.003574
v 7.447463 2.688137 0.002144
v 7.444277 2.687420 -0.000414
v 7.445406 2.684700 0.001983
v 7.448123 2.684600 0.004274
v 7.449909 2.687312 0.004213
v 7.452963 2.685629 0.006840
v 7.454716 2.689041 0.005190
v 7.457523 2.687867 0.006919
v 7.459997 2.689738 0.004475
v 7.462965 2.689762 0.005444
v 7.464740 2.691472 0.003567
v 7.467058 2.691548 0.003364
v 7.469283 2.692590 0.001624
v 7.473339 2.694198 -0.000328
v 7.442493 2.688764 -0.000823
v 7.444165 2.690550 0.000779
v 7.446275 2.691814 0.003186
v 7.449276 2.690010 0.003678
v 7.451047 2.693062 0.005120
v 7.454320 2.690612 0.004891
v 7.456411 2.693418 0.005168
v 7.459277 2.692656 0.003867
v 7.461044 2.694143 0.004529
v 7.464231 2.693651 0.003160
v 7.466112 2.694718 0.002828
v 7.468977 2.694034 0.001394
v 0.223137 -0.503219 -0.000614
v 0.268202 -0.539097 -0.007408
v 0.223307 -0.502929 -0.000583
v 0.269164 -0.535866 -0.004944
v 0.229140 -0.508068 0.002171
v 0.232520 -0.510625 0.003688
v 0.236261 -0.513271 0.004988
v 0.240151 -0.515894 0.005774
v 0.243940 -0.518385 0.006000
v 0.247805 -0.520932 0.005912
v 0.252008 -0.523889 0.005711
v 0.255543 -0.526659 0.004980
v 0.258912 -0.529690 0.003106
v 0.261467 -0.532360 0.000301
v 0.265317 -0.536451 -0.004659
v 0.268470 -0.531382 -0.001279
v 0.266192 -0.527070 0.002903
v 0.260426 -0.527646 0.003825
v 0.260030 -0.521014 0.008079
v 0.252867 -0.522706 0.006422
v 0.251786 -0.517150 0.009244
v 0.245666 -0.516227 0.005691
v 0.242537 -0.511935 0.007586
v 0.237607 -0.511709 0.004943
v 0.234796 -0.508587 0.004740
v 0.230306 -0.506953 0.002138
v 0.222891 -0.503434 -0.000543
v 0.265393 -0.540536 -0.005027
v 0.261523 -0.539938 -0.001479
v 0.258109 -0.537995 0.003341
v 0.257297 -0.531673 0.003766
v 0.251535 -0.532394 0.007468
v 0.251078 -0.525085 0.006407
v 0.244939 -0.525283 0.007978
v 0.242318 -0.520638 0.005572
v 0.238465 -0.519730 0.007356
v 0.235086 -0.514953 0.004940
v 0.231379 -0.513586 0.004823
v 0.228613 -0.509052 0.002208
v 0.224136 -0.502256 -0.000371
v 0.253790 -0.456530 0.005286
v 0.223877 -0.502128 -0.000506
v 0.249927 -0.455808 0.005623
v 0.226358 -0.495857 0.003395
v 0.227495 -0.492279 0.005392
v 0.228785 -0.488371 0.007209
v 0.230298 -0.484368 0.008582
v 0.231980 -0.480519 0.009453
v 0.233857 -0.476620 0.010087
v 0.236097 -0.472366 0.010779
v 0.238483 -0.468801 0.011043
v 0.241644 -0.465452 0.010528
v 0.245009 -0.462981 0.009195
v 0.250491 -0.459309 0.006626
v 0.244567 -0.456683 0.006552
v 0.239190 -0.458974 0.008183
v 0.239551 -0.464218 0.009945
v 0.232150 -0.465018 0.010295
v 0.234745 -0.471644 0.010683
v 0.228947 -0.473073 0.010473
v 0.230281 -0.479185 0.007960
v 0.226075 -0.482455 0.007863
v 0.227463 -0.487300 0.006260
v 0.225202 -0.490306 0.004983
v 0.225403 -0.494901 0.002689
v 0.224290 -0.502455 -0.000181
v 0.253970 -0.458791 0.008252
v 0.252000 -0.462189 0.011334
v 0.248299 -0.465214 0.014749
v 0.243025 -0.466675 0.012207
v 0.242159 -0.471672 0.016282
v 0.236783 -0.473038 0.012028
v 0.236547 -0.478621 0.014184
v 0.234108 -0.481807 0.010382
v 0.232738 -0.485365 0.011891
v 0.230240 -0.489276 0.008118
v 0.229409 -0.492907 0.007856
v 0.227169 -0.496232 0.003958
v 0.222774 -0.501689 -0.000283
v 0.218342 -0.458761 -0.003087
v 0.222534 -0.501755 -0.000321
v 0.215800 -0.460101 -0.001892
v 0.221600 -0.496147 0.002027
v 0.220861 -0.493117 0.003263
v 0.220012 -0.489836 0.004327
v 0.219161 -0.486459 0.005003
v 0.218390 -0.483173 0.005263
v 0.217661 -0.479799 0.005296
v 0.216979 -0.476026 0.005285
v 0.216643 -0.472671 0.004915
v 0.216717 -0.469197 0.003772
v 0.217190 -0.466289 0.001961
v 0.218062 -0.461826 -0.001287
v 0.213293 -0.463040 0.000106
v 0.211616 -0.466749 0.002631
v 0.214773 -0.469523 0.003848
v 0.210931 -0.473472 0.005908
v 0.215815 -0.476240 0.005545
v 0.213112 -0.479898 0.006792
v 0.216453 -0.483387 0.004558
v 0.215615 -0.487400 0.005498
v 0.218529 -0.489950 0.003940
v 0.218466 -0.493057 0.003520
v 0.220434 -0.496122 0.001733
v 0.222999 -0.501709 -0.000178
v 0.220139 -0.459613 -0.000911
v 0.221273 -0.462163 0.001870
v 0.221277 -0.465256 0.005324
v 0.218449 -0.469038 0.004693
v 0.221212 -0.471894 0.007946
v 0.217952 -0.475923 0.006053
v 0.221005 -0.479130 0.007711
v 0.220447 -0.482812 0.005439
v 0.221709 -0.485414 0.006892
v 0.221483 -0.489563 0.004653
v 0.222758 -0.492221 0.004646
v 0.222366 -0.495908 0.002252
v 0.222153 -0.502642 -0.000454
v 0.200016 -0.540842 -0.003909
v 0.222386 -0.502737 -0.000399
v 0.202363 -0.541034 -0.001760
v 0.218879 -0.507451 0.001871
v 0.217171 -0.510142 0.003151
v 0.215446 -0.513133 0.004294
v 0.213792 -0.516273 0.005063
v 0.212267 -0.519368 0.005409
v 0.210730 -0.522550 0.005519
v 0.208927 -0.526038 0.005549
v 0.207239 -0.529045 0.005130
v 0.205422 -0.532044 0.003818
v 0.203866 -0.534467 0.001754
v 0.201526 -0.538180 -0.001917
v 0.205404 -0.539754 0.001232
v 0.208122 -0.537261 0.004465
v 0.207058 -0.532912 0.004622
v 0.211703 -0.531584 0.008220
v 0.209851 -0.526503 0.006236
v 0.213724 -0.524886 0.008623
v 0.214084 -0.520464 0.005461
v 0.216874 -0.517511 0.006890
v 0.216758 -0.513985 0.004476
v 0.218851 -0.511558 0.004273
v 0.219836 -0.508212 0.002017
v 0.221961 -0.502474 -0.000436
v 0.198481 -0.538695 -0.002444
v 0.198292 -0.535444 -0.000063
v 0.199067 -0.532295 0.003405
v 0.203721 -0.530986 0.004052
v 0.202342 -0.526438 0.006302
v 0.207884 -0.525410 0.005919
v 0.207020 -0.520689 0.006558
v 0.210442 -0.518417 0.004802
v 0.210618 -0.515284 0.005872
v 0.214067 -0.512429 0.004050
v 0.214744 -0.509507 0.003724
v 0.218083 -0.507153 0.001790
v 8.300087 0.979707 -0.000361
v 8.341606 0.969391 0.001659
v 8.300110 0.979954 -0.000350
v 8.340994 0.971959 0.003252
v 8.305220 0.978449 0.002601
v 8.308063 0.977855 0.004217
v 8.311198 0.977303 0.005713
v 8.314484 0.976790 0.006846
v 8.317725 0.976310 0.007550
v 8.321071 0.975801 0.008037
v 8.324777 0.975118 0.008506
v 8.328043 0.974330 0.008516
v 8.331407 0.973265 0.007703
v 8.334227 0.972148 0.006111
v 8.338581 0.970387 0.003184
v 8.338768 0.974904 0.005470
v 8.335482 0.977265 0.007944
v 8.331717 0.975133 0.008176
v 8.328975 0.979633 0.010661
v 8.324911 0.976207 0.008994
v 8.322201 0.979712 0.010470
v 8.318258 0.978274 0.007283
v 8.314672 0.980257 0.008021
v 8.311628 0.978762 0.005658
v 8.308844 0.979969 0.004998
v 8.305663 0.979555 0.002578
v 8.299980 0.979490 -0.000312
v 8.339902 0.967663 0.003281
v 8.336745 0.967019 0.005483
v 8.333344 0.967473 0.008533
v 8.330854 0.971467 0.008221
v 8.326820 0.969362 0.010490
v 8.324439 0.974061 0.009039
v 8.320239 0.972095 0.009679
v 8.317373 0.974280 0.007298
v 8.314336 0.973772 0.008190
v 8.310927 0.975811 0.005725
v 8.308066 0.975571 0.005206
v 8.305161 0.977629 0.002669
v 8.300434 0.980671 -0.000184
v 8.305751 1.020693 0.002451
v 8.300239 0.980670 -0.000316
v 8.302927 1.019992 0.002305
v 8.299559 0.985806 0.002187
v 8.299011 0.988639 0.003425
v 8.298487 0.991733 0.004515
v 8.298132 0.994939 0.005294
v 8.297994 0.998073 0.005734
v 8.297997 1.001290 0.006013
v 8.298127 1.004860 0.006335
v 8.298612 1.007996 0.006418
v 8.299764 1.011192 0.006018
v 8.301410 1.013829 0.005117
v 8.304241 1.017871 0.003390
v 8.299521 1.017786 0.002603
v 8.296451 1.014659 0.003535
v 8.298068 1.011342 0.005308
v 8.293348 1.008528 0.005004
v 8.297023 1.004919 0.006087
v 8.293623 1.002156 0.005567
v 8.296633 0.998372 0.004385
v 8.294832 0.994877 0.004244
v 8.297394 0.991997 0.003619
v 8.296940 0.989229 0.002760
v 8.298717 0.986117 0.001508
v 8.300574 0.980595 -0.000015
v 8.306212 1.019368 0.004824
v 8.305574 1.016621 0.007199
v 8.303637 1.013602 0.009636
v 8.300858 1.010877 0.007465
v 8.301323 1.007447 0.010797
v 8.298644 1.004679 0.007362
v 8.299921 1.000967 0.009400
v 8.299690 0.997912 0.006704
v 8.299678 0.995175 0.007998
v 8.299623 0.991619 0.005380
v 8.300192 0.988922 0.005437
v 8.300146 0.985831 0.002699
v 8.299348 0.980632 -0.000285
v 8.283810 1.007838 -0.006462
v 8.299212 0.980512 -0.000327
v 8.282387 1.006207 -0.005690
v 8.296638 0.984076 0.000812
v 8.295095 0.985927 0.001384
v 8.293423 0.987905 0.001800
v 8.291765 0.989929 0.001925
v 8.290235 0.991899 0.001760
v 8.288732 0.993930 0.001427
v 8.287145 0.996241 0.001031
v 8.285954 0.998364 0.000439
v 8.285089 1.000659 -0.000691
v 8.284734 1.002671 -0.002224
v 8.284341 1.005781 -0.004906
v 8.281378 1.003552 -0.004190
v 8.281091 1.000664 -0.002170
v 8.283886 0.999842 -0.000772
v 8.282286 0.996101 0.000747
v 8.286406 0.995748 0.001140
v 8.285567 0.992519 0.002139
v 8.289091 0.991123 0.001102
v 8.289635 0.988222 0.002066
v 8.292516 0.987351 0.001402
v 8.293456 0.985236 0.001363
v 8.295889 0.983718 0.000497
v 8.299492 0.980693 -0.000188
v 8.285013 1.007922 -0.004650
v 8.286218 1.006691 -0.002305
v 8.286757 1.004777 0.000481
v 8.286087 1.001343 0.000113
v 8.288413 1.000434 0.002966
v 8.287673 0.996645 0.001664
v 8.290479 0.995521 0.003411
v 8.291473 0.992786 0.002032
v 8.292930 0.991501 0.003425
v 8.294282 0.988558 0.002138
v 8.295929 0.987176 0.002474
v 8.297050 0.984483 0.001020
v 8.299241 0.979794 -0.000379
v 8.296408 0.947233 -0.001431
v 8.299418 0.979805 -0.000311
v 8.297782 0.947928 0.000351
v 8.298247 0.975667 0.001457
v 8.297775 0.973393 0.002480
v 8.297399 0.970909 0.003428
v 8.297156 0.968330 0.004122
v 8.297034 0.965804 0.004516
v 8.296957 0.963204 0.004744
v 8.296804 0.960314 0.004918
v 8.296634 0.957761 0.004733
v 8.296477 0.955135 0.003886
v 8.296407 0.952941 0.002462
v 8.296385 0.949569 -0.000085
v 8.299078 0.949859 0.002676
v 8.299768 0.952512 0.005043
v 8.297734 0.955097 0.004686
v 8.300014 0.957584 0.007584
v 8.297481 0.960320 0.005537
v 8.299297 0.962708 0.007463
v 8.298566 0.965637 0.004804
v 8.299370 0.968540 0.005823
v 8.298506 0.970755 0.003747
v 8.299191 0.973018 0.003564
v 8.299096 0.975460 0.001711
v 8.299062 0.979848 -0.000397
v 8.294576 0.948258 -0.000682
v 8.293201 0.950479 0.000751
v 8.292376 0.952978 0.003067
v 8.295002 0.955325 0.003819
v 8.292461 0.958037 0.004942
v 8.295880 0.960427 0.005044
v 8.293813 0.963344 0.005023
v 8.295604 0.965847 0.003835
v 8.294658 0.968043 0.004355
v 8.296298 0.970941 0.003072
v 8.295906 0.973091 0.002636
v 8.297638 0.975615 0.001305
v 1.169552 3.231660 -0.000416
v 1.180346 3.185708 0.001326
v 1.169806 3.231762 -0.000397
v 1.182516 3.187576 0.003161
v 1.170838 3.225941 0.002790
v 1.171651 3.222826 0.004542
v 1.172657 3.219447 0.006161
v 1.173785 3.215947 0.007380
v 1.174933 3.212513 0.008129
v 1.176110 3.208967 0.008635
v 1.177301 3.204981 0.009117
v 1.178176 3.201381 0.009091
v 1.178849 3.197559 0.008148
v 1.179216 3.194257 0.006348
v 1.179758 3.189151 0.003050
v 1.184225 3.191206 0.005702
v 1.184822 3.195577 0.008514
v 1.180826 3.198189 0.008723
v 1.183793 3.203104 0.011607
v 1.178424 3.205390 0.009686
v 1.180456 3.209790 0.011428
v 1.177134 3.212986 0.007889
v 1.177251 3.217490 0.008777
v 1.174306 3.219762 0.006141
v 1.174100 3.223113 0.005462
v 1.172146 3.226064 0.002796
v 1.169284 3.231654 -0.000368
v 1.177752 3.186480 0.003070
v 1.175475 3.189212 0.005493
v 1.174129 3.192723 0.008884
v 1.176796 3.197185 0.008668
v 1.172642 3.200039 0.011126
v 1.176081 3.204770 0.009675
v 1.172018 3.207885 0.010341
v 1.172772 3.211839 0.007792
v 1.170719 3.214545 0.008774
v 1.171058 3.218959 0.006132
v 1.169390 3.221653 0.005564
v 1.170003 3.225584 0.002841
v 1.170668 3.231803 -0.000194
v 1.212521 3.246732 0.003866
v 1.170572 3.231996 -0.000338
v 1.210413 3.249151 0.003696
v 1.175203 3.235210 0.002575
v 1.177673 3.237155 0.004025
v 1.180416 3.239211 0.005321
v 1.183361 3.241162 0.006275
v 1.186353 3.242871 0.006853
v 1.189501 3.244487 0.007256
v 1.193059 3.246153 0.007715
v 1.196375 3.247259 0.007896
v 1.200100 3.247749 0.007544
v 1.203537 3.247481 0.006621
v 1.208970 3.246773 0.004825
v 1.206524 3.251372 0.003975
v 1.201886 3.252789 0.004924
v 1.199408 3.249500 0.006773
v 1.194275 3.252713 0.006376
v 1.192565 3.247271 0.007448
v 1.188153 3.249220 0.006809
v 1.185992 3.244380 0.005381
v 1.181660 3.244385 0.005130
v 1.180145 3.240432 0.004345
v 1.177223 3.239495 0.003318
v 1.175099 3.236205 0.001840
v 1.170660 3.231624 -0.000010
v 1.211398 3.245570 0.006441
v 1.208326 3.244768 0.008981
v 1.204330 3.245104 0.011587
v 1.200309 3.246491 0.009126
v 1.197100 3.244248 0.012696
v 1.193117 3.245538 0.008839
v 1.190074 3.242378 0.010972
v 1.187028 3.241110 0.007910
v 1.184307 3.239719 0.009256
v 1.180856 3.238025 0.006266
v 1.178499 3.236104 0.006247
v 1.175511 3.234638 0.003138
v 1.170084 3.232850 -0.000302
v 1.189062 3.261918 -0.006243
v 1.169899 3.232923 -0.000351
v 1.186725 3.262476 -0.005434
v 1.172066 3.237225 0.001021
v 1.173088 3.239662 0.001713
v 1.174173 3.242292 0.002236
v 1.175318 3.244937 0.002441
v 1.176480 3.247434 0.002324
v 1.177721 3.249938 0.002023
v 1.179195 3.252667 0.001662
v 1.180689 3.254916 0.001077
v 1.182529 3.256942 -0.000098
v 1.184360 3.258331 -0.001727
v 1.187276 3.260332 -0.004591
v 1.183577 3.262101 -0.003854
v 1.180552 3.260890 -0.001710
v 1.181123 3.257710 -0.000206
v 1.176612 3.257366 0.001366
v 1.178336 3.253142 0.001771
v 1.174724 3.252317 0.002781
v 1.175159 3.248176 0.001580
v 1.172565 3.246162 0.002556
v 1.173182 3.242910 0.001786
v 1.171584 3.240921 0.001676
v 1.171345 3.237785 0.000666
v 1.170214 3.232738 -0.000194
v 1.189707 3.260748 -0.004248
v 1.189052 3.258906 -0.001705
v 1.187381 3.257362 0.001308
v 1.183685 3.256294 0.000804
v 1.183899 3.253505 0.003913
v 1.179842 3.252342 0.002369
v 1.180114 3.248993 0.004250
v 1.177968 3.246662 0.002644
v 1.177411 3.244562 0.004136
v 1.175239 3.241774 0.002625
v 1.174707 3.239455 0.002947
v 1.172668 3.237023 0.001261
v 1.169211 3.232533 -0.000430
v 1.135887 3.218905 -0.002535
v 1.169310 3.232364 -0.000355
v 1.137219 3.217878 -0.000557
v 1.164619 3.231395 0.001477
v 1.162128 3.230693 0.002541
v 1.159480 3.229793 0.003514
v 1.156812 3.228718 0.004205
v 1.154264 3.227556 0.004565
v 1.151671 3.226316 0.004740
v 1.148757 3.225005 0.004847
v 1.146173 3.223888 0.004569
v 1.143539 3.222731 0.003558
v 1.141388 3.221719 0.001925
v 1.138133 3.220083 -0.000982
v 1.139710 3.217541 0.002058
v 1.142601 3.218161 0.004742
v 1.144118 3.221466 0.004434
v 1.147636 3.220435 0.007692
v 1.149089 3.224335 0.005527
v 1.152300 3.223724 0.007713
v 1.154866 3.225965 0.004871
v 1.158094 3.226623 0.006076
v 1.159879 3.228623 0.003856
v 1.162447 3.229096 0.003718
v 1.164839 3.230454 0.001748
v 1.169174 3.232738 -0.000447
v 1.135949 3.221206 -0.001671
v 1.137398 3.223649 -0.000020
v 1.139374 3.225680 0.002610
v 1.142983 3.224275 0.003497
v 1.144333 3.228115 0.004826
v 1.148398 3.225966 0.004994
v 1.150215 3.229465 0.005065
v 1.153601 3.228992 0.003822
v 1.155264 3.231019 0.004464
v 1.158964 3.230894 0.003127
v 1.160884 3.232370 0.002711
v 1.164265 3.231969 0.001311
v 2.427783 3.510652 -0.000382
v 2.415601 3.461990 0.000307
v 2.428072 3.510624 -0.000401
v 2.418792 3.462586 0.001888
v 2.426627 3.504444 0.002856
v 2.426104 3.501007 0.004607
v 2.425612 3.497236 0.006193
v 2.425120 3.493316 0.007342
v 2.424614 3.489476 0.007992
v 2.424047 3.485532 0.008385
v 2.423273 3.481167 0.008753
v 2.422323 3.477349 0.008632
v 2.420950 3.473477 0.007579
v 2.419427 3.470295 0.005666
v 2.416976 3.465416 0.002171
v 2.422515 3.465024 0.004264
v 2.425600 3.468685 0.007085
v 2.423181 3.473076 0.007880
v 2.428753 3.476094 0.010412
v 2.424599 3.480973 0.009178
v 2.428888 3.484028 0.010657
v 2.426864 3.488867 0.007404
v 2.429301 3.493002 0.008272
v 2.427301 3.496733 0.005921
v 2.428655 3.500033 0.005202
v 2.427908 3.503924 0.002663
v 2.427537 3.510774 -0.000290
v 2.413801 3.463872 0.002523
v 2.413351 3.467407 0.005385
v 2.414284 3.471167 0.009116
v 2.418925 3.474090 0.008440
v 2.416789 3.478650 0.011620
v 2.422109 3.481526 0.009526
v 2.419938 3.486396 0.010806
v 2.422223 3.489911 0.007971
v 2.421769 3.493400 0.009285
v 2.423879 3.497555 0.006409
v 2.423563 3.500938 0.006035
v 2.425681 3.504510 0.003039
v 2.428925 3.510232 -0.000318
v 2.475818 3.503728 -0.002515
v 2.428909 3.510469 -0.000457
v 2.475012 3.507042 -0.002401
v 2.435204 3.511074 0.001874
v 2.438660 3.511619 0.003005
v 2.442402 3.512147 0.003933
v 2.446236 3.512498 0.004471
v 2.449942 3.512621 0.004610
v 2.453724 3.512590 0.004542
v 2.457921 3.512405 0.004471
v 2.461579 3.511826 0.004150
v 2.465243 3.510499 0.003214
v 2.468189 3.508632 0.001728
v 2.472659 3.505434 -0.000972
v 2.472512 3.511008 -0.001545
v 2.469012 3.514540 0.000136
v 2.465348 3.512532 0.002489
v 2.462079 3.518078 0.002812
v 2.457970 3.513714 0.004254
v 2.454722 3.517734 0.004225
v 2.450140 3.514307 0.003101
v 2.446068 3.516432 0.003491
v 2.442612 3.513488 0.002935
v 2.439287 3.514087 0.002306
v 2.435493 3.512106 0.001106
v 2.428854 3.510055 -0.000122
v 2.474559 3.503023 0.000374
v 2.471654 3.503607 0.003516
v 2.468453 3.505708 0.006855
v 2.465042 3.509116 0.004859
v 2.461447 3.508346 0.009119
v 2.457829 3.511729 0.005651
v 2.453741 3.510100 0.008385
v 2.449856 3.510570 0.005638
v 2.446825 3.510499 0.007479
v 2.442364 3.510758 0.004872
v 2.439223 3.510095 0.005228
v 2.435290 3.510351 0.002425
v 2.428877 3.511509 -0.000355
v 2.459974 3.530047 -0.009767
v 2.428733 3.511670 -0.000379
v 2.458181 3.531660 -0.008570
v 2.433050 3.514591 0.000691
v 2.435292 3.516349 0.001239
v 2.437662 3.518270 0.001599
v 2.440052 3.520195 0.001613
v 2.442342 3.521991 0.001289
v 2.444683 3.523767 0.000759
v 2.447343 3.525645 0.000128
v 2.449755 3.527073 -0.000735
v 2.452300 3.528160 -0.002269
v 2.454460 3.528678 -0.004273
v 2.457762 3.529321 -0.007744
v 2.455281 3.532740 -0.006431
v 2.452165 3.532939 -0.003708
v 2.451350 3.529574 -0.002179
v 2.447193 3.531346 0.000157
v 2.446789 3.526502 0.000367
v 2.443158 3.527419 0.001982
v 2.441370 3.523376 0.000698
v 2.438101 3.522680 0.002136
v 2.436978 3.519361 0.001267
v 2.434500 3.518269 0.001414
v 2.432601 3.515490 0.000421
v 2.428959 3.511334 -0.000259
v 2.460280 3.528511 -0.007754
v 2.459120 3.526939 -0.004962
v 2.457224 3.526115 -0.001526
v 2.453185 3.526933 -0.001488
v 2.452451 3.524014 0.001777
v 2.447886 3.524981 0.000778
v 2.446761 3.521579 0.002749
v 2.443396 3.520521 0.001409
v 2.442055 3.518722 0.003084
v 2.438456 3.517240 0.001852
v 2.436870 3.515294 0.002295
v 2.433545 3.514093 0.000855
v 2.427891 3.511642 -0.000354
v 2.389858 3.515111 0.002599
v 2.427910 3.511430 -0.000288
v 2.390870 3.513376 0.004489
v 2.423316 3.512685 0.002355
v 2.420797 3.513169 0.003856
v 2.418022 3.513549 0.005287
v 2.415104 3.513789 0.006427
v 2.412210 3.513911 0.007202
v 2.409210 3.513991 0.007790
v 2.405866 3.514164 0.008356
v 2.402871 3.514383 0.008465
v 2.399709 3.514633 0.007811
v 2.396981 3.514822 0.006429
v 2.392743 3.515037 0.003880
v 2.393390 3.511691 0.006865
v 2.396762 3.510710 0.009245
v 2.399750 3.513106 0.008658
v 2.402978 3.510229 0.011564
v 2.405941 3.513330 0.009028
v 2.408939 3.511063 0.010848
v 2.412035 3.512100 0.007450
v 2.415534 3.511080 0.008223
v 2.417869 3.512232 0.005599
v 2.420477 3.511438 0.005062
v 2.423098 3.511675 0.002616
v 2.427953 3.511853 -0.000368
v 2.391160 3.517198 0.003473
v 2.393936 3.518697 0.004965
v 2.397137 3.519493 0.007411
v 2.399937 3.516362 0.007814
v 2.403259 3.519246 0.008968
v 2.406021 3.515236 0.008554
v 2.409437 3.517647 0.008319
v 2.412191 3.515631 0.006506
v 2.414823 3.516695 0.006909
v 2.418027 3.514861 0.004947
v 2.420482 3.515344 0.004205
v 2.423243 3.513408 0.002227
v 9.456550 -0.450112 -0.000492
v 9.481972 -0.491320 -0.003795
v 9.456765 -0.449932 -0.000465
v 9.483575 -0.488977 -0.001759
v 9.459807 -0.455545 0.002153
v 9.461692 -0.458469 0.003596
v 9.463842 -0.461572 0.004873
v 9.466130 -0.464715 0.005726
v 9.468394 -0.467743 0.006105
v 9.470710 -0.470845 0.006225
v 9.473179 -0.474369 0.006271
v 9.475192 -0.477573 0.005846
v 9.477033 -0.480969 0.004464
v 9.478365 -0.483879 0.002266
v 9.480375 -0.488338 -0.001657
v 9.484197 -0.485143 0.001195
v 9.483509 -0.480979 0.004524
v 9.478785 -0.479769 0.005085
v 9.480234 -0.474312 0.008504
v 9.474170 -0.473661 0.006877
v 9.474818 -0.468899 0.009092
v 9.470374 -0.466544 0.005873
v 9.469080 -0.462223 0.007259
v 9.465346 -0.460727 0.004858
v 9.464030 -0.457480 0.004525
v 9.461042 -0.455000 0.002149
v 9.456293 -0.450209 -0.000438
v 9.479283 -0.491584 -0.001887
v 9.476305 -0.489909 0.000919
v 9.474030 -0.487267 0.004781
v 9.475180 -0.482051 0.004991
v 9.470335 -0.480872 0.007877
v 9.472087 -0.475025 0.006840
v 9.467157 -0.473392 0.007923
v 9.466489 -0.469068 0.005727
v 9.463666 -0.467207 0.007054
v 9.462440 -0.462564 0.004819
v 9.459918 -0.460440 0.004555
v 9.459111 -0.456169 0.002181
v 9.457603 -0.449630 -0.000269
v 9.493766 -0.421903 0.004752
v 9.457438 -0.449461 -0.000394
v 9.490924 -0.420229 0.004873
v 9.461060 -0.445114 0.002846
v 9.462913 -0.442562 0.004492
v 9.464986 -0.439799 0.005988
v 9.467274 -0.437038 0.007120
v 9.469666 -0.434461 0.007842
v 9.472233 -0.431907 0.008372
v 9.475184 -0.429175 0.008958
v 9.478067 -0.427040 0.009204
v 9.481521 -0.425318 0.008833
v 9.484910 -0.424369 0.007802
v 9.490341 -0.423113 0.005797
v 9.486433 -0.419369 0.005461
v 9.481504 -0.419597 0.006661
v 9.480244 -0.423771 0.008243
v 9.474187 -0.422290 0.008268
v 9.474329 -0.428227 0.008813
v 9.469371 -0.427713 0.008443
v 9.468754 -0.432975 0.006505
v 9.464520 -0.434357 0.006324
v 9.464279 -0.438610 0.005126
v 9.461683 -0.440372 0.004028
v 9.460602 -0.444112 0.002202
v 9.457662 -0.449825 -0.000100
v 9.493176 -0.423643 0.007279
v 9.490568 -0.425664 0.009842
v 9.486697 -0.426891 0.012609
v 9.482209 -0.426621 0.010311
v 9.479985 -0.430183 0.013775
v 9.475495 -0.429861 0.010040
v 9.473657 -0.434121 0.011934
v 9.470944 -0.436050 0.008723
v 9.468810 -0.438415 0.009997
v 9.465845 -0.440895 0.006820
v 9.464166 -0.443524 0.006636
v 9.461574 -0.445622 0.003354
v 9.456690 -0.448796 -0.000258
v 9.465508 -0.413856 -0.003555
v 9.456484 -0.448781 -0.000297
v 9.463092 -0.414153 -0.002629
v 9.457276 -0.444034 0.001526
v 9.457521 -0.441403 0.002476
v 9.457756 -0.438550 0.003272
v 9.458028 -0.435632 0.003744
v 9.458349 -0.432820 0.003871
v 9.458735 -0.429959 0.003809
v 9.459273 -0.426797 0.003705
v 9.459975 -0.424074 0.003322
v 9.461056 -0.421397 0.002306
v 9.462310 -0.419298 0.000757
v 9.464362 -0.416133 -0.002006
v 9.460225 -0.415694 -0.001001
v 9.457776 -0.418059 0.001113
v 9.459433 -0.421100 0.002301
v 9.455227 -0.423055 0.003948
v 9.458289 -0.426628 0.003882
v 9.455087 -0.428701 0.004888
v 9.456786 -0.432461 0.003212
v 9.454957 -0.435352 0.004039
v 9.456569 -0.438231 0.002895
v 9.455647 -0.440669 0.002598
v 9.456375 -0.443692 0.001236
v 9.456859 -0.448872 -0.000161
v 9.466614 -0.414970 -0.001652
v 9.466697 -0.417214 0.000761
v 9.465717 -0.419544 0.003704
v 9.462436 -0.421736 0.003138
v 9.463698 -0.424668 0.006014
v 9.460045 -0.426969 0.004382
v 9.461484 -0.430308 0.005942
v 9.460064 -0.433114 0.004090
v 9.460273 -0.435476 0.005400
v 9.458981 -0.438742 0.003596
v 9.459227 -0.441195 0.003687
v 9.457940 -0.444056 0.001739
v 9.455935 -0.449375 -0.000407
v 9.427759 -0.473248 -0.003439
v 9.456090 -0.449514 -0.000350
v 9.429487 -0.474000 -0.001550
v 9.451924 -0.452158 0.001499
v 9.449777 -0.453752 0.002554
v 9.447536 -0.455581 0.003497
v 9.445318 -0.457559 0.004134
v 9.443228 -0.459550 0.004422
v 9.441111 -0.461614 0.004514
v 9.438700 -0.463845 0.004534
v 9.436528 -0.465745 0.004175
v 9.434285 -0.467628 0.003064
v 9.432434 -0.469155 0.001324
v 9.429646 -0.471523 -0.001765
v 9.432154 -0.473765 0.001043
v 9.434904 -0.472478 0.003803
v 9.435301 -0.468750 0.003814
v 9.439224 -0.468915 0.006973
v 9.439273 -0.464453 0.005151
v 9.442708 -0.464207 0.007264
v 9.444344 -0.460926 0.004555
v 9.447335 -0.459351 0.005801
v 9.448319 -0.456618 0.003715
v 9.450662 -0.455309 0.003581
v 9.452456 -0.453024 0.001672
v 9.455832 -0.449187 -0.000402
v 9.427120 -0.471080 -0.002312
v 9.427827 -0.468397 -0.000389
v 9.429229 -0.466035 0.002481
v 9.433242 -0.466307 0.003175
v 9.433386 -0.462270 0.004919
v 9.438047 -0.463045 0.004792
v 9.438692 -0.459067 0.005207
v 9.442082 -0.458303 0.003828
v 9.443081 -0.455857 0.004671
v 9.446659 -0.454644 0.003228
v 9.448032 -0.452547 0.002928
v 9.451385 -0.451701 0.001396
v 4.290480 2.003986 -0.000507
v 4.249588 2.042863 -0.001716
v 4.290292 2.003718 -0.000498
v 4.248472 2.039581 0.000402
v 4.285169 2.008870 0.002908
v 4.282162 2.011457 0.004765
v 4.278805 2.014180 0.006436
v 4.275284 2.016944 0.007615
v 4.271830 2.019627 0.008235
v 4.268296 2.022402 0.008558
v 4.264465 2.025609 0.008827
v 4.261247 2.028636 0.008537
v 4.258171 2.032013 0.007158
v 4.255821 2.035069 0.004809
v 4.252258 2.039811 0.000567
v 4.248899 2.034840 0.003492
v 4.250892 2.030087 0.007029
v 4.256558 2.030091 0.007725
v 4.256536 2.023244 0.011194
v 4.263559 2.024467 0.009441
v 4.264240 2.018744 0.011595
v 4.269967 2.017714 0.007806
v 4.272705 2.013137 0.009095
v 4.277369 2.012786 0.006303
v 4.279823 2.009569 0.005688
v 4.283945 2.007890 0.002820
v 4.290739 2.004167 -0.000429
v 4.252514 2.043794 0.000603
v 4.256339 2.042559 0.003810
v 4.259653 2.039939 0.008139
v 4.259924 2.033733 0.007915
v 4.265697 2.033604 0.011315
v 4.265490 2.026621 0.009574
v 4.271509 2.026167 0.010847
v 4.273575 2.021714 0.007964
v 4.277295 2.020355 0.009436
v 4.280083 2.015714 0.006499
v 4.283556 2.014111 0.006095
v 4.285763 2.009773 0.003014
v 4.289440 2.003113 -0.000321
v 4.257082 1.960811 0.002095
v 4.289676 2.002982 -0.000475
v 4.260777 1.959773 0.002185
v 4.286884 1.996747 0.002811
v 4.285554 1.993190 0.004452
v 4.284040 1.989344 0.005895
v 4.282289 1.985468 0.006909
v 4.280367 1.981803 0.007458
v 4.278245 1.978129 0.007783
v 4.275743 1.974136 0.008145
v 4.273142 1.970861 0.008165
v 4.269782 1.967933 0.007486
v 4.266267 1.965949 0.006108
v 4.260558 1.963097 0.003512
v 4.266075 1.960098 0.002934
v 4.271534 1.961718 0.004496
v 4.271685 1.966633 0.006714
v 4.278934 1.966780 0.006808
v 4.276989 1.973341 0.007925
v 4.282717 1.974278 0.007606
v 4.281848 1.980527 0.005814
v 4.286193 1.983356 0.005848
v 4.285198 1.988298 0.004818
v 4.287596 1.991143 0.003770
v 4.287704 1.995818 0.001996
v 4.289314 2.003298 -0.000111
v 4.257203 1.962715 0.005187
v 4.259504 1.965533 0.008406
v 4.263463 1.967820 0.011835
v 4.268605 1.969058 0.009287
v 4.270006 1.973409 0.013666
v 4.275178 1.974716 0.009447
v 4.275950 1.979872 0.012053
v 4.278447 1.983124 0.008572
v 4.280125 1.986299 0.010310
v 4.282739 1.990243 0.006923
v 4.283838 1.993706 0.006979
v 4.286150 1.997118 0.003427
v 4.290716 2.002449 -0.000348
v 4.291315 1.960957 -0.007331
v 4.290952 2.002497 -0.000389
v 4.293932 1.961929 -0.006158
v 4.291470 1.996781 0.001308
v 4.291975 1.993678 0.002184
v 4.292561 1.990340 0.002865
v 4.293126 1.986948 0.003162
v 4.293607 1.983690 0.003067
v 4.294032 1.980375 0.002747
v 4.294376 1.976681 0.002349
v 4.294408 1.973454 0.001657
v 4.294005 1.970221 0.000225
v 4.293239 1.967631 -0.001783
v 4.291906 1.963714 -0.005311
v 4.296677 1.964369 -0.004055
v 4.298701 1.967564 -0.001333
v 4.295918 1.970373 0.000245
v 4.300043 1.973673 0.002446
v 4.295531 1.976769 0.002570
v 4.298499 1.979960 0.004007
v 4.295477 1.983812 0.002322
v 4.296658 1.987525 0.003576
v 4.293993 1.990370 0.002437
v 4.294300 1.993404 0.002324
v 4.292587 1.996693 0.000971
v 4.290503 2.002476 -0.000235
v 4.289722 1.961709 -0.005067
v 4.288935 1.963986 -0.002086
v 4.289312 1.966630 0.001549
v 4.292346 1.970115 0.001176
v 4.290024 1.972771 0.004713
v 4.293452 1.976584 0.003124
v 4.290821 1.979759 0.005165
v 4.291590 1.983489 0.003292
v 4.290637 1.985958 0.005000
v 4.291124 1.990162 0.003218
v 4.290112 1.992829 0.003519
v 4.290716 1.996590 0.001537
v 4.291391 2.003336 -0.000450
v 4.315913 2.038761 -0.001124
v 4.291175 2.003441 -0.000378
v 4.313731 2.038922 0.001075
v 4.295047 2.007484 0.002113
v 4.296972 2.009819 0.003534
v 4.298934 2.012454 0.004848
v 4.300827 2.015276 0.005819
v 4.302575 2.018106 0.006382
v 4.304334 2.021042 0.006724
v 4.306374 2.024260 0.007005
v 4.308247 2.027068 0.006813
v 4.310212 2.029945 0.005750
v 4.311849 2.032361 0.003916
v 4.314298 2.036118 0.000616
v 4.310783 2.037636 0.003980
v 4.308055 2.035130 0.006988
v 4.308728 2.030833 0.006681
v 4.304244 2.029570 0.010236
v 4.305542 2.024715 0.007754
v 4.301739 2.023230 0.010078
v 4.300908 2.019303 0.006615
v 4.298008 2.016536 0.007838
v 4.297741 2.013363 0.005163
v 4.295503 2.011209 0.004826
v 4.294188 2.008281 0.002369
v 4.291563 2.003156 -0.000457
v 4.317272 2.036423 0.000023
v 4.317266 2.033037 0.002009
v 4.316375 2.029720 0.005098
v 4.311779 2.028766 0.005802
v 4.312813 2.024047 0.007486
v 4.307344 2.023535 0.007259
v 4.307809 2.018849 0.007391
v 4.304242 2.017103 0.005625
v 4.303846 2.013989 0.006370
v 4.300202 2.011689 0.004486
v 4.299290 2.008956 0.003922
v 4.295790 2.007142 0.001973
v 0.020046 0.402612 -0.000464
v 0.012791 0.352971 -0.003649
v 0.020339 0.402613 -0.000461
v 0.015784 0.353764 -0.001776
v 0.019280 0.396106 0.002302
v 0.018974 0.392518 0.003802
v 0.018746 0.388612 0.005120
v 0.018566 0.384587 0.005994
v 0.018401 0.380674 0.006373
v 0.018205 0.376668 0.006485
v 0.017848 0.372226 0.006531
v 0.017298 0.368344 0.006107
v 0.016403 0.364428 0.004717
v 0.015354 0.361244 0.002497
v 0.013673 0.356388 -0.001475
v 0.019060 0.356389 0.001040
v 0.021545 0.360139 0.004320
v 0.018639 0.364223 0.005175
v 0.023682 0.367592 0.008332
v 0.019154 0.372131 0.007052
v 0.022998 0.375484 0.009057
v 0.020743 0.380323 0.005934
v 0.022683 0.384614 0.007243
v 0.020497 0.388292 0.004957
v 0.021563 0.391754 0.004546
v 0.020620 0.395725 0.002183
v 0.019783 0.402703 -0.000386
v 0.010646 0.354523 -0.001474
v 0.009626 0.357807 0.001551
v 0.009894 0.361388 0.005569
v 0.014263 0.364787 0.005446
v 0.011440 0.368908 0.008712
v 0.016597 0.372420 0.007228
v 0.013851 0.376973 0.008615
v 0.015981 0.380879 0.006183
v 0.015080 0.384220 0.007662
v 0.016974 0.388749 0.005213
v 0.016348 0.392111 0.005015
v 0.018319 0.396069 0.002412
v 0.021219 0.402298 -0.000332
v 0.068655 0.400469 0.000916
v 0.021190 0.402542 -0.000458
v 0.067511 0.403682 0.001161
v 0.027211 0.403592 0.002415
v 0.030506 0.404390 0.003857
v 0.034104 0.405212 0.005118
v 0.037838 0.405893 0.005988
v 0.041500 0.406361 0.006436
v 0.045267 0.406698 0.006675
v 0.049463 0.406921 0.006935
v 0.053182 0.406716 0.006879
v 0.057029 0.405810 0.006166
v 0.060258 0.404334 0.004815
v 0.065227 0.401760 0.002298
v 0.064562 0.407331 0.002044
v 0.060600 0.410399 0.003644
v 0.056983 0.407891 0.005572
v 0.053150 0.413076 0.005955
v 0.049397 0.408243 0.006800
v 0.045765 0.411933 0.006744
v 0.041640 0.408159 0.005047
v 0.037349 0.409857 0.005229
v 0.034252 0.406634 0.004219
v 0.030934 0.406953 0.003357
v 0.027452 0.404698 0.001734
v 0.021152 0.402103 -0.000153
v 0.067257 0.399453 0.003652
v 0.064074 0.399545 0.006582
v 0.060428 0.401106 0.009774
v 0.056844 0.404305 0.007708
v 0.053027 0.402908 0.011616
v 0.049352 0.406160 0.008064
v 0.045246 0.403965 0.010360
v 0.041544 0.404243 0.007333
v 0.038399 0.403758 0.008916
v 0.034135 0.403763 0.005969
v 0.031053 0.402778 0.006028
v 0.027328 0.402843 0.002928
v 0.021046 0.403567 -0.000297
v 0.050798 0.425626 -0.006048
v 0.020889 0.403715 -0.000324
v 0.048763 0.426979 -0.004906
v 0.024804 0.406964 0.001268
v 0.026814 0.408892 0.002101
v 0.028950 0.411007 0.002766
v 0.031131 0.413150 0.003090
v 0.033250 0.415179 0.003059
v 0.035438 0.417206 0.002827
v 0.037940 0.419372 0.002526
v 0.040259 0.421083 0.001946
v 0.042795 0.422511 0.000689
v 0.045041 0.423368 -0.001102
v 0.048520 0.424556 -0.004255
v 0.045610 0.427633 -0.002946
v 0.042287 0.427350 -0.000474
v 0.041701 0.423821 0.000785
v 0.037214 0.425030 0.002880
v 0.037285 0.420157 0.002770
v 0.033461 0.420613 0.004138
v 0.032189 0.416504 0.002473
v 0.028901 0.415401 0.003599
v 0.028185 0.412049 0.002445
v 0.025820 0.410715 0.002325
v 0.024288 0.407834 0.001016
v 0.021137 0.403394 -0.000205
v 0.051105 0.423992 -0.004108
v 0.049900 0.422130 -0.001512
v 0.047840 0.420898 0.001710
v 0.043740 0.421323 0.001467
v 0.043058 0.418129 0.004490
v 0.038498 0.418721 0.003179
v 0.037574 0.415095 0.004851
v 0.034437 0.413810 0.003178
v 0.033159 0.411779 0.004632
v 0.029824 0.410041 0.003023
v 0.028411 0.407923 0.003220
v 0.025334 0.406506 0.001442
v 0.020052 0.403605 -0.000369
v -0.018328 0.403214 -0.000321
v 0.020088 0.403391 -0.000314
v -0.017288 0.401458 0.001543
v 0.015195 0.404023 0.002021
v 0.012529 0.404163 0.003340
v 0.009624 0.404179 0.004563
v 0.006614 0.404063 0.005476
v 0.003666 0.403854 0.006019
v 0.000631 0.403607 0.006366
v -0.002752 0.403421 0.006667
v -0.005760 0.403344 0.006545
v -0.008879 0.403334 0.005650
v -0.011506 0.403353 0.004061
v -0.015548 0.403331 0.001187
v -0.014792 0.399863 0.004018
v -0.011521 0.399051 0.006608
v -0.008748 0.401762 0.006408
v -0.005468 0.399014 0.009398
v -0.002644 0.402553 0.007294
v 0.000428 0.400463 0.009219
v 0.003656 0.402019 0.006145
v 0.007179 0.401287 0.007141
v 0.009582 0.402833 0.004784
v 0.012294 0.402329 0.004414
v 0.015060 0.402979 0.002204
v 0.020094 0.403822 -0.000365
v -0.017309 0.405356 0.000780
v -0.014813 0.407015 0.002582
v -0.011896 0.407950 0.005329
v -0.008827 0.405076 0.005774
v -0.005902 0.408187 0.007365
v -0.002721 0.404489 0.006941
v 0.000449 0.407232 0.007127
v 0.003526 0.405610 0.005426
v 0.006005 0.406895 0.006105
v 0.009523 0.405508 0.004302
v 0.011970 0.406274 0.003791
v 0.015059 0.404744 0.001930
v 5.008402 3.445140 -0.000521
v 5.048312 3.406637 -0.001980
v 5.008589 3.445402 -0.000501
v 5.049393 3.409796 0.000211
v 5.013518 3.440205 0.002803
v 5.016417 3.437589 0.004615
v 5.019663 3.434840 0.006247
v 5.023079 3.432064 0.007397
v 5.026441 3.429383 0.008000
v 5.029886 3.426618 0.008310
v 5.033621 3.423428 0.008561
v 5.036766 3.420436 0.008255
v 5.039789 3.417129 0.006867
v 5.042121 3.414171 0.004522
v 5.045668 3.409597 0.000294
v 5.048951 3.414375 0.003367
v 5.046960 3.418966 0.006932
v 5.041378 3.418989 0.007507
v 5.041385 3.425624 0.011101
v 5.034508 3.424527 0.009212
v 5.033841 3.430098 0.011470
v 5.028295 3.431259 0.007666
v 5.025614 3.435744 0.009004
v 5.021088 3.436202 0.006181
v 5.018712 3.439399 0.005618
v 5.014730 3.441160 0.002767
v 5.008145 3.444962 -0.000454
v 5.045385 3.405685 0.000216
v 5.041574 3.406843 0.003327
v 5.038253 3.409328 0.007588
v 5.038038 3.415434 0.007531
v 5.032301 3.415516 0.010764
v 5.032591 3.422423 0.009247
v 5.026655 3.422884 0.010395
v 5.024714 3.427354 0.007644
v 5.021041 3.428680 0.009056
v 5.018394 3.433342 0.006242
v 5.015002 3.434957 0.005822
v 5.012925 3.439320 0.002872
v 5.009427 3.445984 -0.000294
v 5.041504 3.487216 0.003846
v 5.009200 3.446118 -0.000447
v 5.037880 3.488265 0.003891
v 5.011928 3.452134 0.003004
v 5.013230 3.455574 0.004738
v 5.014719 3.459301 0.006288
v 5.016451 3.463068 0.007423
v 5.018357 3.466638 0.008100
v 5.020464 3.470222 0.008558
v 5.022947 3.474114 0.009071
v 5.025528 3.477311 0.009229
v 5.028866 3.480178 0.008706
v 5.032362 3.482136 0.007473
v 5.038044 3.484961 0.005110
v 5.032657 3.487969 0.004517
v 5.027249 3.486379 0.005903
v 5.027020 3.481492 0.007946
v 5.019893 3.481405 0.007895
v 5.021733 3.474911 0.008853
v 5.016102 3.474047 0.008404
v 5.016943 3.467948 0.006490
v 5.012650 3.465203 0.006364
v 5.013610 3.460367 0.005237
v 5.011253 3.457619 0.004085
v 5.011144 3.453075 0.002213
v 5.009546 3.445795 -0.000091
v 5.041312 3.485264 0.006829
v 5.038967 3.482427 0.009871
v 5.034992 3.480120 0.013102
v 5.029979 3.479015 0.010467
v 5.028483 3.474633 0.014624
v 5.023472 3.473505 0.010345
v 5.022623 3.468375 0.012750
v 5.020212 3.465294 0.009195
v 5.018505 3.462141 0.010784
v 5.015971 3.458379 0.007299
v 5.014863 3.454985 0.007239
v 5.012634 3.451746 0.003613
v 5.008179 3.446648 -0.000328
v 5.008045 3.487609 -0.006074
v 5.007948 3.446604 -0.000374
v 5.005442 3.486644 -0.004998
v 5.007450 3.452178 0.001439
v 5.006960 3.455208 0.002374
v 5.006397 3.458474 0.003122
v 5.005862 3.461803 0.003495
v 5.005416 3.465011 0.003481
v 5.005031 3.468281 0.003248
v 5.004728 3.471924 0.002951
v 5.004735 3.475113 0.002358
v 5.005183 3.478325 0.001046
v 5.005995 3.480918 -0.000841
v 5.007403 3.484850 -0.004175
v 5.002686 3.484213 -0.003050
v 5.000619 3.481016 -0.000502
v 5.003302 3.478191 0.001025
v 4.999180 3.474923 0.003019
v 5.003588 3.471840 0.003143
v 5.000619 3.468691 0.004412
v 5.003592 3.464927 0.002710
v 5.002379 3.461255 0.003818
v 5.004997 3.458468 0.002674
v 5.004675 3.455493 0.002474
v 5.006359 3.452283 0.001089
v 5.008387 3.446617 -0.000213
v 5.009561 3.486796 -0.003839
v 5.010258 3.484472 -0.000957
v 5.009797 3.481779 0.002535
v 5.006796 3.478390 0.002015
v 5.008990 3.475666 0.005463
v 5.005621 3.471990 0.003733
v 5.008143 3.468794 0.005702
v 5.007395 3.465186 0.003746
v 5.008280 3.462707 0.005375
v 5.007803 3.458627 0.003502
v 5.008772 3.455991 0.003744
v 5.008188 3.452354 0.001683
v 5.007511 3.445785 -0.000465
v 4.983152 3.411198 -0.002557
v 5.007721 3.445678 -0.000392
v 4.985254 3.410962 -0.000359
v 5.003837 3.441669 0.001871
v 5.001899 3.439353 0.003166
v 4.999926 3.436745 0.004349
v 4.998025 3.433961 0.005190
v 4.996274 3.431180 0.005632
v 4.994516 3.428300 0.005855
v 4.992482 3.425148 0.006005
v 4.990623 3.422410 0.005704
v 4.988690 3.419628 0.004544
v 4.987099 3.417317 0.002645
v 4.984727 3.413735 -0.000745
v 4.988104 3.412123 0.002586
v 4.990746 3.414482 0.005661
v 4.990124 3.418717 0.005463
v 4.994472 3.419826 0.009076
v 4.993281 3.424674 0.006744
v 4.996985 3.426039 0.009141
v 4.997898 3.429984 0.005861
v 5.000746 3.432646 0.007193
v 5.001085 3.435834 0.004656
v 5.003308 3.437941 0.004427
v 5.004669 3.440872 0.002117
v 5.007344 3.445963 -0.000470
v 4.981813 3.413475 -0.001393
v 4.981806 3.416748 0.000650
v 4.982648 3.419917 0.003792
v 4.987158 3.420798 0.004597
v 4.986145 3.425397 0.006360
v 4.991528 3.425861 0.006255
v 4.991105 3.430466 0.006504
v 4.994658 3.432200 0.004884
v 4.995057 3.435236 0.005707
v 4.998692 3.437516 0.003989
v 4.999620 3.440210 0.003527
v 5.003112 3.442016 0.001728
v 2.627090 2.803008 -0.000452
v 2.573821 2.789320 -0.000888
v 2.627214 2.802713 -0.000462
v 2.576012 2.786601 0.000977
v 2.620403 2.800962 0.002959
v 2.616763 2.799717 0.004806
v 2.612823 2.798263 0.006469
v 2.608753 2.796718 0.007651
v 2.604769 2.795216 0.008287
v 2.600659 2.793710 0.008637
v 2.596038 2.792184 0.008946
v 2.591868 2.791100 0.008720
v 2.587453 2.790370 0.007456
v 2.583652 2.790121 0.005254
v 2.577782 2.789837 0.001259
v 2.580230 2.784353 0.003761
v 2.585279 2.783372 0.007024
v 2.588222 2.788019 0.007866
v 2.593959 2.784298 0.010901
v 2.596530 2.790817 0.009460
v 2.601666 2.788322 0.011292
v 2.605375 2.792714 0.007720
v 2.610604 2.792552 0.008827
v 2.613229 2.796365 0.006229
v 2.617137 2.796767 0.005543
v 2.620577 2.799452 0.002789
v 2.627076 2.803311 -0.000359
v 2.574626 2.792097 0.001498
v 2.577707 2.794457 0.004668
v 2.581699 2.795624 0.008847
v 2.586959 2.792664 0.008329
v 2.590138 2.797192 0.011798
v 2.595752 2.793514 0.009752
v 2.599271 2.798186 0.011142
v 2.603940 2.797746 0.008177
v 2.607023 2.800042 0.009650
v 2.612218 2.800105 0.006643
v 2.615326 2.802167 0.006271
v 2.619967 2.801913 0.003124
v 2.627279 2.801689 -0.000344
v 2.645562 2.753060 -0.001027
v 2.627504 2.801825 -0.000493
v 2.648331 2.755572 -0.000885
v 2.631299 2.796141 0.002314
v 2.633594 2.793127 0.003695
v 2.636027 2.789824 0.004864
v 2.638349 2.786329 0.005608
v 2.640398 2.782827 0.005906
v 2.642345 2.779166 0.005978
v 2.644360 2.775025 0.006060
v 2.645721 2.771189 0.005842
v 2.646385 2.766941 0.004939
v 2.646171 2.763087 0.003398
v 2.645508 2.757036 0.000566
v 2.650820 2.760077 0.000014
v 2.652344 2.765340 0.001773
v 2.648422 2.767883 0.004179
v 2.652049 2.773940 0.004487
v 2.645654 2.775656 0.005843
v 2.647832 2.780885 0.005745
v 2.642174 2.783477 0.004285
v 2.642083 2.788520 0.004585
v 2.637460 2.790296 0.003799
v 2.636320 2.793794 0.002990
v 2.632469 2.796382 0.001499
v 2.627066 2.801670 -0.000134
v 2.644135 2.753983 0.002078
v 2.643082 2.757171 0.005416
v 2.643330 2.761443 0.008981
v 2.644896 2.766457 0.006712
v 2.642143 2.769632 0.011229
v 2.643624 2.774791 0.007339
v 2.639834 2.777952 0.010151
v 2.638344 2.781865 0.006999
v 2.636635 2.784798 0.008896
v 2.634639 2.789160 0.005872
v 2.632349 2.791848 0.006129
v 2.630630 2.795695 0.002910
v 2.628485 2.802402 -0.000367
v 2.662878 2.781884 -0.009198
v 2.628567 2.802624 -0.000397
v 2.663458 2.784487 -0.007932
v 2.633600 2.800022 0.000986
v 2.636448 2.798797 0.001699
v 2.639525 2.797527 0.002214
v 2.642627 2.796232 0.002351
v 2.645563 2.794956 0.002111
v 2.648512 2.793616 0.001648
v 2.651731 2.792018 0.001087
v 2.654394 2.790418 0.000256
v 2.656818 2.788493 -0.001310
v 2.658508 2.786629 -0.003413
v 2.660959 2.783690 -0.007079
v 2.662918 2.787904 -0.005686
v 2.661397 2.791083 -0.002821
v 2.657681 2.790150 -0.001227
v 2.657145 2.795144 0.001197
v 2.652260 2.793007 0.001340
v 2.651197 2.797027 0.002982
v 2.646409 2.796601 0.001447
v 2.643986 2.799424 0.002884
v 2.640229 2.798747 0.001840
v 2.637879 2.800568 0.001889
v 2.634241 2.800917 0.000687
v 2.628356 2.802234 -0.000261
v 2.661494 2.780841 -0.007004
v 2.659286 2.781213 -0.004014
v 2.657394 2.782701 -0.000335
v 2.656073 2.787020 -0.000438
v 2.652774 2.786290 0.003068
v 2.651354 2.791166 0.001810
v 2.647427 2.790524 0.003876
v 2.644693 2.793176 0.002262
v 2.642207 2.793572 0.004018
v 2.638939 2.796231 0.002507
v 2.636222 2.796753 0.002902
v 2.633375 2.799289 0.001177
v 2.628099 2.803422 -0.000402
v 2.611493 2.841951 0.001408
v 2.627903 2.803294 -0.000333
v 2.610291 2.840120 0.003492
v 2.626630 2.808447 0.002404
v 2.625734 2.811167 0.003957
v 2.624606 2.814077 0.005423
v 2.623279 2.817044 0.006562
v 2.621861 2.819917 0.007301
v 2.620353 2.822865 0.007830
v 2.618757 2.826192 0.008322
v 2.617401 2.829194 0.008329
v 2.616012 2.832352 0.007494
v 2.614813 2.835042 0.005876
v 2.612888 2.839167 0.002923
v 2.609908 2.836875 0.006169
v 2.610648 2.833179 0.008893
v 2.614536 2.831537 0.008401
v 2.613357 2.827003 0.011667
v 2.617971 2.825701 0.009049
v 2.617295 2.821677 0.011126
v 2.620017 2.819145 0.007538
v 2.620836 2.815263 0.008507
v 2.623248 2.813544 0.005739
v 2.623862 2.810604 0.005241
v 2.625535 2.808136 0.002666
v 2.628336 2.803472 -0.000412
v 2.614156 2.841810 0.002448
v 2.617003 2.839961 0.004212
v 2.619364 2.837360 0.007027
v 2.617796 2.833037 0.007531
v 2.622273 2.831376 0.008967
v 2.619864 2.826607 0.008561
v 2.623978 2.824571 0.008471
v 2.623530 2.820816 0.006563
v 2.625917 2.818848 0.007122
v 2.625884 2.814749 0.005070
v 2.627655 2.812617 0.004359
v 2.627293 2.808892 0.002271
v 7.714249 3.518755 -0.000477
v 7.771975 3.520665 0.000867
v 7.714189 3.519086 -0.000476
v 7.770287 3.523873 0.002905
v 7.721461 3.519186 0.003343
v 7.725417 3.519556 0.005419
v 7.729733 3.520080 0.007318
v 7.734219 3.520686 0.008719
v 7.738624 3.521291 0.009543
v 7.743167 3.521884 0.010070
v 7.748240 3.522382 0.010567
v 7.752769 3.522553 0.010471
v 7.757500 3.522348 0.009276
v 7.761522 3.521828 0.007060
v 7.767729 3.520949 0.003009
v 7.766384 3.527020 0.005840
v 7.761328 3.529040 0.009201
v 7.757231 3.524915 0.009801
v 7.752098 3.529907 0.013037
v 7.748030 3.523874 0.011160
v 7.743272 3.527523 0.013090
v 7.738587 3.524017 0.009054
v 7.733228 3.525327 0.010110
v 7.729754 3.522126 0.007146
v 7.725678 3.522634 0.006323
v 7.721630 3.520781 0.003233
v 7.714192 3.518438 -0.000394
v 7.770445 3.517904 0.003221
v 7.766653 3.516056 0.006368
v 7.762165 3.515596 0.010610
v 7.757459 3.519848 0.010094
v 7.753065 3.515789 0.013449
v 7.748207 3.520921 0.011356
v 7.743497 3.516878 0.012517
v 7.738904 3.518515 0.009326
v 7.735176 3.516803 0.010696
v 7.729930 3.518048 0.007426
v 7.726289 3.516658 0.006871
v 7.721687 3.518106 0.003480
v 7.714351 3.520144 -0.000305
v 7.706648 3.574161 0.000887
v 7.714094 3.520063 -0.000473
v 7.703236 3.572212 0.000857
v 7.711403 3.526635 0.002659
v 7.709691 3.530187 0.004201
v 7.707908 3.534078 0.005532
v 7.706295 3.538156 0.006427
v 7.704979 3.542198 0.006861
v 7.703811 3.546390 0.007068
v 7.702682 3.551088 0.007307
v 7.702161 3.555337 0.007230
v 7.702472 3.559878 0.006470
v 7.703613 3.563842 0.005041
v 7.705753 3.570009 0.002371
v 7.699636 3.568126 0.001533
v 7.696826 3.563007 0.003096
v 7.700195 3.559408 0.005584
v 7.695094 3.554016 0.005542
v 7.701219 3.550745 0.007022
v 7.697804 3.545887 0.006624
v 7.703063 3.542004 0.005092
v 7.702004 3.536804 0.005170
v 7.706366 3.533965 0.004361
v 7.706766 3.530154 0.003371
v 7.710176 3.526688 0.001767
v 7.714567 3.520107 -0.000080
v 7.707806 3.572761 0.004132
v 7.708057 3.569117 0.007506
v 7.706723 3.564647 0.011037
v 7.704052 3.559961 0.008386
v 7.706014 3.555893 0.013033
v 7.703449 3.551106 0.008676
v 7.706530 3.546888 0.011559
v 7.707269 3.542671 0.008098
v 7.708297 3.539198 0.009986
v 7.709450 3.534400 0.006650
v 7.711181 3.531113 0.006843
v 7.712172 3.526914 0.003320
v 7.712953 3.519690 -0.000389
v 7.682621 3.548912 -0.009426
v 7.712821 3.519483 -0.000433
v 7.681396 3.546324 -0.008234
v 7.708207 3.523237 0.001033
v 7.705542 3.525111 0.001777
v 7.702659 3.527092 0.002310
v 7.699769 3.529119 0.002448
v 7.697055 3.531105 0.002194
v 7.694350 3.533170 0.001707
v 7.691430 3.535563 0.001126
v 7.689088 3.537843 0.000271
v 7.687089 3.540432 -0.001332
v 7.685845 3.542815 -0.003487
v 7.684112 3.546536 -0.007246
v 7.681106 3.542608 -0.006027
v 7.681855 3.538885 -0.003139
v 7.685826 3.538928 -0.001343
v 7.685168 3.533588 0.000976
v 7.690655 3.534660 0.001333
v 7.690783 3.530230 0.002888
v 7.695836 3.529640 0.001400
v 7.697635 3.526136 0.002827
v 7.701673 3.526017 0.001846
v 7.703668 3.523614 0.001861
v 7.707356 3.522479 0.000662
v 7.713120 3.519828 -0.000268
v 7.684207 3.549574 -0.007045
v 7.686293 3.548566 -0.003877
v 7.687780 3.546457 -0.000048
v 7.688159 3.541736 -0.000332
v 7.691596 3.541587 0.003452
v 7.691987 3.536320 0.001932
v 7.696093 3.535997 0.004215
v 7.698346 3.532725 0.002455
v 7.700749 3.531679 0.004332
v 7.703545 3.528274 0.002692
v 7.706199 3.527104 0.003141
v 7.708598 3.523929 0.001273
v 7.713120 3.518559 -0.000466
v 7.721355 3.475226 -0.000034
v 7.713347 3.518642 -0.000383
v 7.722938 3.476742 0.002266
v 7.713399 3.512959 0.002271
v 7.713652 3.509903 0.003791
v 7.714102 3.506604 0.005216
v 7.714755 3.503214 0.006299
v 7.715535 3.499917 0.006968
v 7.716396 3.496532 0.007416
v 7.717263 3.492739 0.007810
v 7.717973 3.489354 0.007703
v 7.718707 3.485837 0.006708
v 7.719378 3.482875 0.004910
v 7.720509 3.478333 0.001657
v 7.723981 3.479867 0.005236
v 7.723975 3.483710 0.008252
v 7.720377 3.486298 0.007730
v 7.722510 3.490539 0.011397
v 7.718156 3.493033 0.008613
v 7.719697 3.496915 0.010997
v 7.717593 3.500278 0.007294
v 7.717602 3.504402 0.008476
v 7.715606 3.506828 0.005602
v 7.715659 3.510001 0.005205
v 7.714583 3.513017 0.002585
v 7.712865 3.518562 -0.000484
v 7.718625 3.475934 0.001006
v 7.716070 3.478403 0.002883
v 7.714150 3.481489 0.005908
v 7.716722 3.485540 0.006676
v 7.712463 3.488202 0.008164
v 7.716026 3.492556 0.008016
v 7.712273 3.495583 0.007930
v 7.713643 3.499408 0.006115
v 7.711625 3.501944 0.006743
v 7.712652 3.506221 0.004785
v 7.711341 3.508838 0.004103
v 7.712623 3.512660 0.002097
v 0.327640 2.555130 -0.000438
v 0.316862 2.596826 -0.003274
v 0.327410 2.555033 -0.000414
v 0.314891 2.595255 -0.001457
v 0.326311 2.560599 0.001927
v 0.325483 2.563576 0.003218
v 0.324477 2.566777 0.004362
v 0.323362 2.570048 0.005130
v 0.322236 2.573214 0.005476
v 0.321084 2.576459 0.005592
v 0.319913 2.580101 0.005643
v 0.319043 2.583353 0.005273
v 0.318367 2.586724 0.004051
v 0.317992 2.589549 0.002102
v 0.317442 2.593871 -0.001379
v 0.313366 2.592157 0.001172
v 0.312868 2.588435 0.004129
v 0.316566 2.586164 0.004610
v 0.313912 2.581904 0.007656
v 0.318887 2.579759 0.006186
v 0.317093 2.575881 0.008157
v 0.320238 2.572716 0.005277
v 0.320207 2.568703 0.006504
v 0.322977 2.566454 0.004355
v 0.323240 2.563350 0.004053
v 0.325118 2.560460 0.001928
v 0.327884 2.555145 -0.000391
v 0.319223 2.596342 -0.001587
v 0.321323 2.594132 0.000897
v 0.322574 2.591285 0.004323
v 0.320228 2.587155 0.004513
v 0.324044 2.584877 0.007061
v 0.321015 2.580371 0.006145
v 0.324778 2.577686 0.007088
v 0.324201 2.573840 0.005133
v 0.326115 2.571515 0.006302
v 0.325928 2.567250 0.004309
v 0.327512 2.564784 0.004064
v 0.327066 2.560946 0.001950
v 0.326620 2.554997 -0.000236
v 0.288626 2.540940 0.004364
v 0.326714 2.554810 -0.000348
v 0.290601 2.538770 0.004461
v 0.322507 2.552065 0.002547
v 0.320268 2.550381 0.004018
v 0.317786 2.548577 0.005356
v 0.315121 2.546831 0.006371
v 0.312413 2.545270 0.007021
v 0.309563 2.543774 0.007502
v 0.306340 2.542229 0.008034
v 0.303330 2.541172 0.008264
v 0.299942 2.540617 0.007947
v 0.296809 2.540703 0.007043
v 0.291857 2.541066 0.005281
v 0.294192 2.536858 0.004966
v 0.298444 2.535755 0.006015
v 0.300618 2.538968 0.007418
v 0.305375 2.536118 0.007417
v 0.306816 2.541198 0.007902
v 0.310893 2.539459 0.007554
v 0.312792 2.543769 0.005829
v 0.316753 2.543831 0.005652
v 0.318071 2.547382 0.004586
v 0.320735 2.548198 0.003600
v 0.322631 2.551094 0.001973
v 0.326622 2.555178 -0.000086
v 0.289594 2.542259 0.006609
v 0.292350 2.543288 0.008879
v 0.295971 2.543309 0.011325
v 0.299705 2.541903 0.009264
v 0.302543 2.544341 0.012337
v 0.306259 2.542892 0.008998
v 0.308948 2.546025 0.010676
v 0.311748 2.546955 0.007810
v 0.314187 2.548401 0.008935
v 0.317347 2.549734 0.006099
v 0.319464 2.551526 0.005929
v 0.322206 2.552631 0.003001
v 0.327176 2.554048 -0.000229
v 0.310489 2.526685 -0.003132
v 0.327347 2.553981 -0.000265
v 0.312623 2.526301 -0.002318
v 0.325433 2.550154 0.001359
v 0.324537 2.547983 0.002204
v 0.323590 2.545619 0.002913
v 0.322594 2.543211 0.003333
v 0.321582 2.540906 0.003447
v 0.320502 2.538577 0.003393
v 0.319213 2.536033 0.003302
v 0.317900 2.533904 0.002963
v 0.316275 2.531915 0.002064
v 0.314652 2.530463 0.000691
v 0.312066 2.528317 -0.001758
v 0.315469 2.526855 -0.000881
v 0.318179 2.528218 0.000990
v 0.317575 2.531236 0.002053
v 0.321668 2.531789 0.003502
v 0.320006 2.535630 0.003455
v 0.323275 2.536548 0.004338
v 0.322813 2.540191 0.002855
v 0.325130 2.542165 0.003584
v 0.324514 2.545037 0.002572
v 0.325936 2.546866 0.002306
v 0.326108 2.549628 0.001097
v 0.327053 2.554157 -0.000143
v 0.309849 2.527920 -0.001436
v 0.310377 2.529845 0.000711
v 0.311832 2.531564 0.003325
v 0.315194 2.532564 0.002809
v 0.314902 2.535383 0.005372
v 0.318606 2.536381 0.003907
v 0.318266 2.539594 0.005300
v 0.320203 2.541607 0.003648
v 0.320651 2.543666 0.004814
v 0.322601 2.546104 0.003205
v 0.323038 2.548252 0.003288
v 0.324876 2.550348 0.001551
v 0.327969 2.554342 -0.000365
v 0.358171 2.567222 -0.003166
v 0.327874 2.554501 -0.000314
v 0.356908 2.568313 -0.001479
v 0.332115 2.555650 0.001315
v 0.334363 2.556439 0.002245
v 0.336751 2.557402 0.003076
v 0.339157 2.558499 0.003634
v 0.341457 2.559641 0.003883
v 0.343799 2.560838 0.003956
v 0.346433 2.562099 0.003965
v 0.348776 2.563143 0.003638
v 0.351173 2.564155 0.002641
v 0.353141 2.564967 0.001087
v 0.356122 2.566250 -0.001670
v 0.354590 2.568811 0.000837
v 0.351924 2.568437 0.003301
v 0.350608 2.565374 0.003312
v 0.347330 2.566542 0.006137
v 0.346108 2.562766 0.004516
v 0.343133 2.563457 0.006409
v 0.340872 2.561103 0.004005
v 0.337920 2.560550 0.005125
v 0.336358 2.558489 0.003273
v 0.334024 2.557992 0.003162
v 0.331892 2.556525 0.001471
v 0.328007 2.554156 -0.000361
v 0.358148 2.565211 -0.002166
v 0.356850 2.563115 -0.000454
v 0.355048 2.561473 0.002103
v 0.351712 2.562758 0.002736
v 0.350536 2.559364 0.004288
v 0.346778 2.561248 0.004192
v 0.345186 2.558037 0.004563
v 0.342101 2.558281 0.003349
v 0.340612 2.556464 0.004103
v 0.337248 2.556376 0.002833
v 0.335529 2.554956 0.002571
v 0.332452 2.555120 0.001222
v 3.700144 1.024408 -0.000459
v 3.682588 1.065271 -0.005411
v 3.699923 1.024273 -0.000442
v 3.680721 1.063390 -0.003579
v 3.697771 1.029854 0.001729
v 3.696373 1.032801 0.002918
v 3.694764 1.035944 0.003938
v 3.693054 1.039132 0.004560
v 3.691375 1.042200 0.004749
v 3.689669 1.045338 0.004695
v 3.687884 1.048878 0.004560
v 3.686494 1.052056 0.004018
v 3.685330 1.055365 0.002601
v 3.684605 1.058145 0.000466
v 3.683548 1.062389 -0.003316
v 3.679508 1.060041 -0.000830
v 3.679427 1.056227 0.002334
v 3.683546 1.054514 0.003104
v 3.681342 1.049803 0.006265
v 3.686858 1.048376 0.005080
v 3.685533 1.044166 0.007161
v 3.689423 1.041361 0.004456
v 3.689965 1.037280 0.005863
v 3.693282 1.035371 0.003863
v 3.694067 1.032228 0.003672
v 3.696573 1.029518 0.001672
v 3.700389 1.024465 -0.000398
v 3.684984 1.065202 -0.003524
v 3.687344 1.063346 -0.000766
v 3.688885 1.060724 0.002944
v 3.687138 1.056121 0.003161
v 3.691261 1.054474 0.006078
v 3.688939 1.049346 0.005127
v 3.693164 1.047233 0.006395
v 3.693304 1.043150 0.004475
v 3.695568 1.041111 0.005866
v 3.696176 1.036663 0.003942
v 3.698205 1.034389 0.003858
v 3.698486 1.030331 0.001780
v 3.699111 1.024112 -0.000298
v 3.662248 1.003679 0.002960
v 3.699243 1.023933 -0.000403
v 3.664611 1.001781 0.003239
v 3.695216 1.020516 0.002468
v 3.693112 1.018469 0.003932
v 3.690787 1.016254 0.005249
v 3.688283 1.014061 0.006221
v 3.685728 1.012040 0.006806
v 3.683026 1.010060 0.007207
v 3.679947 1.007969 0.007642
v 3.677025 1.006404 0.007759
v 3.673667 1.005278 0.007272
v 3.670501 1.004834 0.006170
v 3.665480 1.004357 0.004074
v 3.668562 1.000420 0.004017
v 3.673027 1.000007 0.005364
v 3.674654 1.003686 0.006817
v 3.679977 1.001540 0.007165
v 3.680607 1.006988 0.007566
v 3.685076 1.005859 0.007480
v 3.686425 1.010535 0.005644
v 3.690476 1.011235 0.005667
v 3.691314 1.015057 0.004509
v 3.693964 1.016298 0.003599
v 3.695531 1.019528 0.001914
v 3.699075 1.024302 -0.000149
v 3.662897 1.005246 0.005288
v 3.665421 1.006806 0.007746
v 3.668981 1.007479 0.010466
v 3.673143 1.006591 0.008579
v 3.675479 1.009628 0.011822
v 3.679703 1.008659 0.008612
v 3.681854 1.012347 0.010381
v 3.684732 1.013678 0.007529
v 3.686930 1.015584 0.008771
v 3.690110 1.017386 0.005955
v 3.691996 1.019560 0.005828
v 3.694791 1.021059 0.002903
v 3.699831 1.023231 -0.000229
v 3.687325 0.992437 -0.003156
v 3.700019 1.023190 -0.000255
v 3.689522 0.992411 -0.002187
v 3.698583 1.019004 0.001459
v 3.697967 1.016658 0.002362
v 3.697338 1.014103 0.003128
v 3.696681 1.011487 0.003594
v 3.696010 1.008967 0.003739
v 3.695282 1.006406 0.003708
v 3.694378 1.003590 0.003635
v 3.693397 1.001189 0.003290
v 3.692105 0.998865 0.002343
v 3.690757 0.997080 0.000888
v 3.688598 0.994399 -0.001708
v 3.692262 0.993477 -0.000570
v 3.694708 0.995361 0.001461
v 3.693545 0.998381 0.002424
v 3.697559 0.999649 0.004119
v 3.695245 1.003310 0.003849
v 3.698390 1.004803 0.004903
v 3.697418 1.008419 0.003217
v 3.699429 1.010835 0.004023
v 3.698395 1.013647 0.002845
v 3.699572 1.015745 0.002579
v 3.699373 1.018567 0.001242
v 3.699683 1.023325 -0.000150
v 3.686375 0.993642 -0.001476
v 3.686483 0.995754 0.000706
v 3.687546 0.997818 0.003427
v 3.690853 0.999374 0.003036
v 3.689955 1.002280 0.005574
v 3.693666 1.003863 0.004217
v 3.692724 1.007134 0.005530
v 3.694476 1.009466 0.003851
v 3.694537 1.011677 0.005010
v 3.696232 1.014447 0.003362
v 3.696328 1.016719 0.003395
v 3.697971 1.019117 0.001621
v 3.700603 1.023657 -0.000338
v 3.729583 1.041668 -0.002102
v 3.700478 1.023805 -0.000296
v 3.728019 1.042624 -0.000461
v 3.704537 1.025713 0.001573
v 3.706656 1.026909 0.002625
v 3.708896 1.028304 0.003577
v 3.711149 1.029832 0.004242
v 3.713303 1.031381 0.004580
v 3.715502 1.032988 0.004737
v 3.717993 1.034707 0.004841
v 3.720240 1.036147 0.004588
v 3.722586 1.037545 0.003648
v 3.724557 1.038655 0.002114
v 3.727557 1.040380 -0.000628
v 3.725436 1.042819 0.001797
v 3.722629 1.042068 0.004221
v 3.721774 1.038719 0.004270
v 3.718072 1.039457 0.006980
v 3.717522 1.035351 0.005371
v 3.714260 1.035626 0.007149
v 3.712463 1.032786 0.004625
v 3.709469 1.031770 0.005648
v 3.708309 1.029358 0.003722
v 3.706007 1.028468 0.003502
v 3.704160 1.026577 0.001691
v 3.700671 1.023473 -0.000325
v 3.729825 1.039631 -0.000999
v 3.728735 1.037320 0.000778
v 3.727010 1.035414 0.003387
v 3.723356 1.036205 0.003823
v 3.722610 1.032580 0.005485
v 3.718470 1.033897 0.005123
v 3.717336 1.030362 0.005536
v 3.714211 1.030079 0.004109
v 3.712937 1.027997 0.004874
v 3.709583 1.027328 0.003387
v 3.708068 1.025589 0.003075
v 3.704972 1.025222 0.001512
v 0.527429 2.694757 -0.000452
v 0.504927 2.653290 -0.002970
v 0.527687 2.694662 -0.000438
v 0.507763 2.653066 -0.001107
v 0.524543 2.689351 0.002214
v 0.523055 2.686331 0.003665
v 0.521537 2.683000 0.004954
v 0.520037 2.679536 0.005828
v 0.518602 2.676152 0.006237
v 0.517118 2.672689 0.006396
v 0.515351 2.668892 0.006492
v 0.513612 2.665639 0.006132
v 0.511588 2.662442 0.004851
v 0.509694 2.659916 0.002775
v 0.506751 2.656075 -0.000947
v 0.511418 2.654390 0.001625
v 0.514729 2.656976 0.004744
v 0.513476 2.661546 0.005371
v 0.518919 2.662959 0.008481
v 0.516454 2.668398 0.007033
v 0.520872 2.670156 0.009015
v 0.520564 2.675067 0.005922
v 0.523633 2.678253 0.007161
v 0.522980 2.682143 0.004873
v 0.525063 2.684834 0.004476
v 0.525603 2.688575 0.002161
v 0.527224 2.694925 -0.000390
v 0.503476 2.655417 -0.001036
v 0.503556 2.658727 0.001715
v 0.504836 2.661907 0.005443
v 0.509797 2.663475 0.005447
v 0.508555 2.668117 0.008340
v 0.514291 2.669490 0.007095
v 0.513316 2.674435 0.008221
v 0.516544 2.677116 0.005961
v 0.516794 2.680394 0.007264
v 0.520019 2.683700 0.004970
v 0.520571 2.686861 0.004708
v 0.523681 2.689634 0.002280
v 0.528356 2.694102 -0.000278
v 0.569497 2.677072 0.002770
v 0.528414 2.694323 -0.000401
v 0.569531 2.680283 0.002906
v 0.533969 2.693366 0.002515
v 0.537087 2.693036 0.003985
v 0.540485 2.692624 0.005297
v 0.543969 2.692032 0.006249
v 0.547333 2.691264 0.006805
v 0.550753 2.690339 0.007171
v 0.554513 2.689176 0.007576
v 0.557724 2.687783 0.007671
v 0.560838 2.685711 0.007165
v 0.563242 2.683321 0.006045
v 0.566857 2.679365 0.003914
v 0.568098 2.684484 0.003565
v 0.565561 2.688521 0.004867
v 0.561496 2.687544 0.006574
v 0.559801 2.693372 0.006706
v 0.554891 2.690359 0.007426
v 0.552899 2.694793 0.007176
v 0.548087 2.692764 0.005480
v 0.544856 2.695663 0.005457
v 0.541108 2.693803 0.004437
v 0.538316 2.695141 0.003493
v 0.534564 2.694244 0.001868
v 0.528227 2.693957 -0.000109
v 0.567849 2.676708 0.005300
v 0.564984 2.677908 0.007926
v 0.562183 2.680559 0.010757
v 0.560135 2.684488 0.008628
v 0.556196 2.684610 0.012171
v 0.554132 2.688574 0.008642
v 0.549727 2.688040 0.010672
v 0.546652 2.689408 0.007681
v 0.543674 2.690049 0.009052
v 0.540012 2.691361 0.006120
v 0.536974 2.691498 0.006070
v 0.533812 2.692683 0.003013
v 0.528616 2.695277 -0.000271
v 0.562204 2.704863 -0.004847
v 0.528527 2.695459 -0.000304
v 0.560818 2.706750 -0.003874
v 0.532987 2.697090 0.001294
v 0.535361 2.698158 0.002125
v 0.537912 2.699343 0.002800
v 0.540522 2.700531 0.003156
v 0.543053 2.701627 0.003179
v 0.545648 2.702694 0.003016
v 0.548569 2.703779 0.002798
v 0.551189 2.704515 0.002318
v 0.553927 2.704913 0.001214
v 0.556242 2.704886 -0.000393
v 0.559792 2.704712 -0.003236
v 0.558193 2.708408 -0.002167
v 0.555097 2.709309 0.000029
v 0.553389 2.706426 0.001242
v 0.549766 2.709011 0.003015
v 0.548241 2.704691 0.002989
v 0.544979 2.706376 0.004118
v 0.542569 2.703124 0.002567
v 0.539278 2.703255 0.003513
v 0.537588 2.700502 0.002453
v 0.535074 2.700094 0.002268
v 0.532824 2.698017 0.001023
v 0.528638 2.695098 -0.000179
v 0.561880 2.703377 -0.002988
v 0.560130 2.702201 -0.000570
v 0.557812 2.701876 0.002394
v 0.554347 2.703579 0.001999
v 0.552609 2.701071 0.004860
v 0.548827 2.703042 0.003442
v 0.546777 2.700195 0.005031
v 0.543647 2.700037 0.003358
v 0.541813 2.698704 0.004704
v 0.538358 2.698215 0.003090
v 0.536415 2.696814 0.003252
v 0.533299 2.696518 0.001485
v 0.527755 2.695633 -0.000377
v 0.493824 2.707792 -0.001822
v 0.527716 2.695434 -0.000322
v 0.494108 2.705958 -0.000005
v 0.523539 2.697649 0.001670
v 0.521196 2.698678 0.002803
v 0.518605 2.699672 0.003838
v 0.515887 2.700576 0.004580
v 0.513206 2.701368 0.004978
v 0.510441 2.702148 0.005189
v 0.507391 2.703095 0.005343
v 0.504721 2.704004 0.005112
v 0.501998 2.704985 0.004151
v 0.499741 2.705814 0.002556
v 0.496263 2.707031 -0.000299
v 0.495708 2.703808 0.002441
v 0.498243 2.702099 0.005012
v 0.501577 2.703579 0.004891
v 0.503475 2.700172 0.007868
v 0.507183 2.702312 0.005949
v 0.509146 2.699523 0.007908
v 0.512594 2.699757 0.005124
v 0.515426 2.697993 0.006208
v 0.518121 2.698506 0.004064
v 0.520357 2.697169 0.003830
v 0.523075 2.696779 0.001853
v 0.527863 2.695811 -0.000376
v 0.495387 2.709378 -0.000780
v 0.498070 2.710077 0.000983
v 0.500859 2.710027 0.003661
v 0.502609 2.706507 0.004243
v 0.506152 2.708340 0.005804
v 0.507759 2.704033 0.005585
v 0.511441 2.705422 0.005842
v 0.513675 2.702944 0.004389
v 0.516256 2.703288 0.005103
v 0.518957 2.700869 0.003569
v 0.521380 2.700733 0.003173
v 0.523659 2.698327 0.001569
v 3.943209 1.275365 -0.000466
v 3.957512 1.326275 0.001909
v 3.942904 1.275402 -0.000442
v 3.954386 1.325596 0.003981
v 3.945069 1.281635 0.003179
v 3.945972 1.285112 0.005171
v 3.946828 1.288953 0.007019
v 3.947626 1.292983 0.008422
v 3.948365 1.296965 0.009296
v 3.949133 1.301076 0.009901
v 3.950127 1.305626 0.010480
v 3.951218 1.309633 0.010485
v 3.952619 1.313758 0.009461
v 3.954032 1.317217 0.007469
v 3.956238 1.322559 0.003812
v 3.950764 1.322930 0.006828
v 3.947835 1.318932 0.009959
v 3.950343 1.314203 0.010127
v 3.944794 1.310953 0.013365
v 3.948809 1.305826 0.011130
v 3.944447 1.302589 0.013081
v 3.945948 1.297696 0.009053
v 3.943401 1.293329 0.010021
v 3.945039 1.289536 0.007016
v 3.943422 1.286145 0.006231
v 3.943719 1.282223 0.003200
v 3.943475 1.275225 -0.000415
v 3.959653 1.324094 0.003826
v 3.960428 1.320153 0.006495
v 3.959874 1.315940 0.010256
v 3.954840 1.313008 0.010020
v 3.957391 1.307930 0.012704
v 3.951443 1.305167 0.011092
v 3.953748 1.299903 0.011767
v 3.950847 1.296461 0.008896
v 3.951404 1.292683 0.009954
v 3.948661 1.288566 0.006970
v 3.948834 1.285027 0.006296
v 3.946082 1.281533 0.003228
v 3.942037 1.275826 -0.000204
v 3.892923 1.283787 0.004783
v 3.942026 1.275586 -0.000368
v 3.893681 1.280275 0.004551
v 3.935766 1.274906 0.002935
v 3.932301 1.274318 0.004579
v 3.928508 1.273771 0.006053
v 3.924569 1.273439 0.007147
v 3.920713 1.273375 0.007822
v 3.916753 1.273490 0.008304
v 3.912363 1.273775 0.008853
v 3.908512 1.274483 0.009091
v 3.904590 1.276024 0.008741
v 3.901354 1.278158 0.007752
v 3.896393 1.281815 0.005812
v 3.896295 1.275988 0.004800
v 3.900086 1.272075 0.005795
v 3.904314 1.273940 0.007857
v 3.907608 1.268013 0.007328
v 3.912241 1.272415 0.008541
v 3.915508 1.268121 0.007756
v 3.920238 1.271717 0.006159
v 3.924484 1.269369 0.005823
v 3.928105 1.272437 0.004948
v 3.931470 1.271786 0.003767
v 3.935323 1.273882 0.002103
v 3.942144 1.275996 0.000003
v 3.894675 1.284291 0.007661
v 3.898143 1.283385 0.010474
v 3.901904 1.280861 0.013342
v 3.905078 1.277353 0.010524
v 3.909470 1.277775 0.014498
v 3.912648 1.274398 0.010117
v 3.917362 1.275826 0.012488
v 3.921013 1.275456 0.009027
v 3.924446 1.275333 0.010509
v 3.928725 1.275162 0.007125
v 3.932078 1.275770 0.007086
v 3.935778 1.275628 0.003573
v 3.942044 1.274484 -0.000339
v 3.907637 1.256306 -0.006937
v 3.942185 1.274313 -0.000397
v 3.909634 1.254483 -0.006064
v 3.937740 1.271249 0.001141
v 3.935423 1.269403 0.001914
v 3.932940 1.267403 0.002498
v 3.930386 1.265426 0.002726
v 3.927892 1.263606 0.002594
v 3.925317 1.261824 0.002257
v 3.922390 1.259949 0.001853
v 3.919702 1.258558 0.001203
v 3.916790 1.257580 -0.000103
v 3.914229 1.257227 -0.001914
v 3.910261 1.256875 -0.005099
v 3.912938 1.253129 -0.004331
v 3.916579 1.252655 -0.001959
v 3.917753 1.256066 -0.000247
v 3.922378 1.253944 0.001460
v 3.922977 1.259017 0.001961
v 3.926975 1.257859 0.003053
v 3.928782 1.262172 0.001739
v 3.932424 1.262732 0.002812
v 3.933574 1.266267 0.001977
v 3.936218 1.267354 0.001846
v 3.938143 1.270313 0.000731
v 3.941977 1.274663 -0.000215
v 3.907653 1.257779 -0.004686
v 3.909314 1.259203 -0.001833
v 3.911814 1.259778 0.001532
v 3.916014 1.258831 0.000927
v 3.917339 1.261647 0.004430
v 3.921937 1.260610 0.002656
v 3.923498 1.264022 0.004788
v 3.926853 1.265165 0.002976
v 3.928549 1.266907 0.004654
v 3.932178 1.268485 0.002951
v 3.933957 1.270468 0.003319
v 3.937261 1.271770 0.001418
v 3.943070 1.274324 -0.000491
v 3.983128 1.269680 -0.003188
v 3.943065 1.274542 -0.000405
v 3.982394 1.271387 -0.000948
v 3.948208 1.272933 0.001595
v 3.951041 1.272261 0.002759
v 3.954134 1.271699 0.003821
v 3.957339 1.271302 0.004568
v 3.960471 1.271058 0.004947
v 3.963688 1.270869 0.005118
v 3.967257 1.270576 0.005210
v 3.970396 1.270277 0.004872
v 3.973598 1.269998 0.003713
v 3.976244 1.269846 0.001862
v 3.980299 1.269722 -0.001427
v 3.980154 1.273036 0.002016
v 3.977002 1.273961 0.005057
v 3.973723 1.271543 0.004710
v 3.970855 1.274421 0.008412
v 3.967301 1.271406 0.005980
v 3.964498 1.273718 0.008474
v 3.960744 1.272942 0.005307
v 3.957231 1.274029 0.006695
v 3.954378 1.273059 0.004217
v 3.951601 1.273987 0.004092
v 3.948503 1.273972 0.001907
v 3.942996 1.274104 -0.000512
v 3.981829 1.267446 -0.002233
v 3.979098 1.265815 -0.000380
v 3.976080 1.264861 0.002579
v 3.973308 1.268183 0.003628
v 3.969915 1.265131 0.005110
v 3.967091 1.269438 0.005363
v 3.963415 1.266987 0.005445
v 3.960339 1.269299 0.004097
v 3.957614 1.268203 0.004825
v 3.954041 1.270344 0.003374
v 3.951354 1.269940 0.002924
v 3.948243 1.272180 0.001400
v 3.090182 2.554115 -0.000472
v 3.112919 2.591335 -0.004973
v 3.089950 2.554216 -0.000441
v 3.110452 2.591705 -0.003039
v 3.093329 2.558991 0.001714
v 3.094970 2.561722 0.002909
v 3.096642 2.564737 0.003948
v 3.098273 2.567874 0.004604
v 3.099805 2.570937 0.004836
v 3.101367 2.574069 0.004831
v 3.103202 2.577494 0.004743
v 3.104949 2.580415 0.004241
v 3.106886 2.583261 0.002868
v 3.108609 2.585487 0.000775
v 3.111243 2.588866 -0.002932
v 3.107215 2.590690 -0.000222
v 3.104261 2.588490 0.002942
v 3.105229 2.584195 0.003481
v 3.100365 2.583194 0.006783
v 3.102250 2.578014 0.005321
v 3.098229 2.576632 0.007507
v 3.098025 2.572043 0.004679
v 3.095120 2.569261 0.006093
v 3.095348 2.565606 0.003972
v 3.093255 2.563220 0.003793
v 3.092387 2.559765 0.001736
v 3.090367 2.553948 -0.000429
v 3.114295 2.589301 -0.003269
v 3.114259 2.586259 -0.000681
v 3.113195 2.583407 0.002901
v 3.108532 2.582214 0.003295
v 3.109658 2.577869 0.005932
v 3.104196 2.576889 0.005228
v 3.104926 2.572264 0.006253
v 3.101635 2.569934 0.004436
v 3.101332 2.566919 0.005698
v 3.098009 2.564009 0.003857
v 3.097315 2.561107 0.003693
v 3.094116 2.558684 0.001713
v 3.089373 2.554771 -0.000249
v 3.052492 2.572733 0.005475
v 3.089299 2.554568 -0.000356
v 3.052305 2.569761 0.005640
v 3.084439 2.555768 0.002749
v 3.081688 2.556248 0.004340
v 3.078672 2.556818 0.005804
v 3.075557 2.557557 0.006941
v 3.072532 2.558449 0.007699
v 3.069449 2.559488 0.008285
v 3.066068 2.560766 0.008929
v 3.063182 2.562226 0.009244
v 3.060375 2.564305 0.008986
v 3.058194 2.566638 0.008104
v 3.054899 2.570478 0.006360
v 3.053461 2.565798 0.006190
v 3.055694 2.561933 0.007249
v 3.059628 2.562638 0.008511
v 3.060901 2.557150 0.008571
v 3.065646 2.559688 0.008833
v 3.067237 2.555474 0.008503
v 3.071658 2.557089 0.006548
v 3.074489 2.554233 0.006317
v 3.077970 2.555752 0.005070
v 3.080407 2.554359 0.004002
v 3.083796 2.554981 0.002205
v 3.089512 2.554900 -0.000104
v 3.054225 2.573002 0.007686
v 3.057008 2.571759 0.009913
v 3.059672 2.569175 0.012351
v 3.061198 2.565412 0.010273
v 3.065099 2.565118 0.013254
v 3.066532 2.561311 0.009880
v 3.070781 2.561589 0.011419
v 3.073324 2.560139 0.008437
v 3.076144 2.559398 0.009488
v 3.079236 2.557969 0.006515
v 3.082031 2.557682 0.006242
v 3.084658 2.556396 0.003190
v 3.089072 2.553695 -0.000209
v 3.057211 2.546546 -0.001801
v 3.089143 2.553523 -0.000245
v 3.058467 2.544731 -0.000984
v 3.085061 2.552257 0.001588
v 3.082876 2.551399 0.002547
v 3.080510 2.550439 0.003378
v 3.078065 2.549478 0.003918
v 3.075673 2.548596 0.004143
v 3.073209 2.547742 0.004199
v 3.070438 2.546889 0.004230
v 3.067945 2.546341 0.003992
v 3.065311 2.546108 0.003182
v 3.063054 2.546243 0.001870
v 3.059568 2.546571 -0.000494
v 3.060935 2.543070 0.000416
v 3.063914 2.542088 0.002225
v 3.065732 2.544678 0.003184
v 3.069079 2.542106 0.004582
v 3.070709 2.546028 0.004393
v 3.073720 2.544303 0.005210
v 3.075996 2.547179 0.003557
v 3.079100 2.546892 0.004185
v 3.080723 2.549346 0.003046
v 3.083052 2.549591 0.002681
v 3.085142 2.551387 0.001336
v 3.089069 2.553864 -0.000125
v 3.057727 2.547919 -0.000123
v 3.059588 2.548934 0.001968
v 3.061971 2.549134 0.004531
v 3.065052 2.547372 0.003925
v 3.067004 2.549625 0.006411
v 3.070287 2.547590 0.004837
v 3.072448 2.550132 0.006120
v 3.075221 2.550102 0.004334
v 3.077085 2.551250 0.005426
v 3.080178 2.551510 0.003667
v 3.082058 2.552707 0.003655
v 3.084817 2.552805 0.001781
v 3.089841 2.553320 -0.000369
v 3.120437 2.540262 -0.004122
v 3.089892 2.553503 -0.000323
v 3.120408 2.541989 -0.002441
v 3.093786 2.551245 0.001231
v 3.095982 2.550177 0.002114
v 3.098402 2.549127 0.002887
v 3.100921 2.548153 0.003378
v 3.103387 2.547281 0.003554
v 3.105916 2.546415 0.003550
v 3.108695 2.545378 0.003474
v 3.111097 2.544394 0.003069
v 3.113487 2.543334 0.001986
v 3.115408 2.542437 0.000350
v 3.118340 2.541106 -0.002539
v 3.119227 2.544082 -0.000083
v 3.117170 2.545818 0.002466
v 3.114005 2.544621 0.002623
v 3.112655 2.547899 0.005480
v 3.108974 2.546097 0.004009
v 3.107454 2.548798 0.005937
v 3.104047 2.548743 0.003624
v 3.101605 2.550534 0.004820
v 3.098926 2.550184 0.003046
v 3.096913 2.551539 0.002983
v 3.094273 2.552028 0.001354
v 3.089732 2.553161 -0.000357
v 3.118991 2.538881 -0.003023
v 3.116611 2.538388 -0.001181
v 3.114241 2.538600 0.001505
v 3.112851 2.541957 0.002134
v 3.109603 2.540456 0.003866
v 3.108325 2.544530 0.003736
v 3.104872 2.543438 0.004267
v 3.102827 2.545841 0.003062
v 3.100480 2.545663 0.003922
v 3.097994 2.548035 0.002678
v 3.095734 2.548286 0.002493
v 3.093632 2.550623 0.001154
v 4.196122 -0.204977 -0.000512
v 4.168430 -0.252592 -0.005578
v 4.196421 -0.205095 -0.000516
v 4.171833 -0.253079 -0.003568
v 4.192715 -0.211427 0.002320
v 4.190956 -0.215030 0.003850
v 4.189144 -0.218982 0.005168
v 4.187328 -0.223057 0.005991
v 4.185567 -0.227003 0.006274
v 4.183735 -0.231020 0.006261
v 4.181559 -0.235414 0.006164
v 4.179410 -0.239137 0.005575
v 4.176883 -0.242713 0.003932
v 4.174489 -0.245445 0.001406
v 4.170748 -0.249552 -0.003090
v 4.176281 -0.251851 -0.000463
v 4.180385 -0.249171 0.003212
v 4.179090 -0.243852 0.004370
v 4.185651 -0.242598 0.007831
v 4.182861 -0.236064 0.006699
v 4.188179 -0.234290 0.008924
v 4.187814 -0.228297 0.005719
v 4.191560 -0.224759 0.007260
v 4.190801 -0.220015 0.004932
v 4.193298 -0.216897 0.004575
v 4.193928 -0.212357 0.002141
v 4.195890 -0.204780 -0.000416
v 4.166894 -0.250225 -0.003078
v 4.167223 -0.246583 0.000391
v 4.169001 -0.243204 0.004927
v 4.174850 -0.241506 0.004800
v 4.173681 -0.236286 0.008609
v 4.180367 -0.234735 0.006969
v 4.179433 -0.229026 0.008725
v 4.183177 -0.225801 0.006134
v 4.183633 -0.222084 0.007901
v 4.187390 -0.218125 0.005320
v 4.188119 -0.214428 0.005237
v 4.191719 -0.211078 0.002463
v 4.197194 -0.205780 -0.000408
v 4.244938 -0.227014 -0.000315
v 4.197263 -0.205514 -0.000537
v 4.245082 -0.223277 0.000096
v 4.203874 -0.207015 0.002504
v 4.207583 -0.207602 0.004033
v 4.211608 -0.208280 0.005357
v 4.215712 -0.209141 0.006242
v 4.219649 -0.210173 0.006656
v 4.223639 -0.211373 0.006835
v 4.228021 -0.212865 0.007021
v 4.231738 -0.214585 0.006857
v 4.235291 -0.217047 0.005943
v 4.237975 -0.219812 0.004322
v 4.241977 -0.224358 0.001337
v 4.243566 -0.218386 0.001271
v 4.240785 -0.213708 0.003240
v 4.236087 -0.214877 0.005364
v 4.234288 -0.208038 0.006067
v 4.228490 -0.211482 0.006921
v 4.226283 -0.206231 0.007083
v 4.220510 -0.208335 0.005190
v 4.216820 -0.204861 0.005560
v 4.212329 -0.206850 0.004415
v 4.209059 -0.205137 0.003563
v 4.204564 -0.205954 0.001788
v 4.197048 -0.205960 -0.000216
v 4.243124 -0.227598 0.002692
v 4.239941 -0.226331 0.005999
v 4.236886 -0.223388 0.009657
v 4.234505 -0.218574 0.007589
v 4.230077 -0.218612 0.011935
v 4.227609 -0.213644 0.008238
v 4.222543 -0.214312 0.010791
v 4.218840 -0.212392 0.007567
v 4.215446 -0.211674 0.009371
v 4.211058 -0.209808 0.006241
v 4.207507 -0.209562 0.006350
v 4.203694 -0.207848 0.003039
v 4.197535 -0.204415 -0.000320
v 4.236873 -0.193754 -0.006628
v 4.197434 -0.204199 -0.000340
v 4.235358 -0.191592 -0.005272
v 4.202777 -0.202542 0.001424
v 4.205627 -0.201426 0.002356
v 4.208679 -0.200164 0.003108
v 4.211785 -0.198876 0.003483
v 4.214778 -0.197665 0.003467
v 4.217838 -0.196476 0.003227
v 4.221275 -0.195269 0.002908
v 4.224337 -0.194441 0.002271
v 4.227497 -0.193962 0.000874
v 4.230123 -0.193926 -0.001122
v 4.234128 -0.193996 -0.004636
v 4.232423 -0.189723 -0.003014
v 4.228939 -0.188764 -0.000220
v 4.226914 -0.192183 0.001054
v 4.222844 -0.189210 0.003515
v 4.220928 -0.194212 0.003220
v 4.217221 -0.192247 0.004839
v 4.214227 -0.195855 0.002896
v 4.210430 -0.195690 0.004179
v 4.208319 -0.198774 0.002811
v 4.205357 -0.199168 0.002692
v 4.202602 -0.201433 0.001190
v 4.197558 -0.204633 -0.000228
v 4.236542 -0.195630 -0.004560
v 4.234579 -0.197151 -0.001741
v 4.232005 -0.197707 0.001811
v 4.227986 -0.195593 0.001664
v 4.226019 -0.198706 0.004892
v 4.221586 -0.196189 0.003588
v 4.219182 -0.199587 0.005323
v 4.215434 -0.199552 0.003519
v 4.213315 -0.201168 0.005078
v 4.209181 -0.201517 0.003333
v 4.206875 -0.203113 0.003512
v 4.203134 -0.203233 0.001586
v 4.196533 -0.203969 -0.000372
v 4.157153 -0.188745 0.000650
v 4.196484 -0.204204 -0.000321
v 4.157519 -0.191041 0.002611
v 4.191766 -0.201666 0.002394
v 4.189113 -0.200493 0.003918
v 4.186164 -0.199346 0.005338
v 4.183050 -0.198277 0.006414
v 4.179958 -0.197313 0.007080
v 4.176760 -0.196345 0.007530
v 4.173229 -0.195170 0.007942
v 4.170123 -0.194018 0.007881
v 4.166922 -0.192722 0.006977
v 4.164227 -0.191566 0.005298
v 4.160057 -0.189821 0.002241
v 4.159446 -0.193790 0.005212
v 4.162486 -0.196061 0.007947
v 4.166423 -0.194413 0.007751
v 4.168686 -0.198681 0.010858
v 4.172993 -0.196127 0.008598
v 4.175300 -0.199594 0.010562
v 4.179201 -0.199189 0.007154
v 4.182513 -0.201412 0.008133
v 4.185575 -0.200713 0.005534
v 4.188137 -0.202316 0.005040
v 4.191205 -0.202684 0.002562
v 4.196665 -0.203764 -0.000362
v 4.159080 -0.187018 0.001910
v 4.162325 -0.186416 0.003886
v 4.165718 -0.186765 0.006864
v 4.167686 -0.190969 0.007173
v 4.171961 -0.189049 0.008958
v 4.173700 -0.194103 0.008279
v 4.178061 -0.192601 0.008500
v 4.180525 -0.195437 0.006493
v 4.183590 -0.195163 0.007221
v 4.186599 -0.197936 0.005100
v 4.189408 -0.198128 0.004502
v 4.191921 -0.200870 0.002323
v 0.340272 3.287933 -0.000444
v 0.379619 3.305205 -0.002904
v 0.340141 3.288144 -0.000413
v 0.377766 3.306846 -0.001040
v 0.345455 3.290038 0.001959
v 0.348260 3.291287 0.003274
v 0.351256 3.292750 0.004448
v 0.354302 3.294343 0.005250
v 0.357243 3.295941 0.005631
v 0.360257 3.297584 0.005784
v 0.363659 3.299310 0.005874
v 0.366722 3.300690 0.005534
v 0.369931 3.301923 0.004340
v 0.372648 3.302793 0.002412
v 0.376806 3.304114 -0.001036
v 0.374483 3.307784 0.001620
v 0.370748 3.307603 0.004576
v 0.369097 3.303591 0.004947
v 0.364493 3.305445 0.008052
v 0.363162 3.300251 0.006443
v 0.359066 3.301349 0.008453
v 0.356438 3.297835 0.005489
v 0.352485 3.297197 0.006707
v 0.350701 3.294176 0.004482
v 0.347685 3.293436 0.004170
v 0.345129 3.291191 0.001994
v 0.340326 3.287694 -0.000404
v 0.379520 3.302758 -0.001290
v 0.377683 3.300272 0.001123
v 0.375088 3.298494 0.004499
v 0.370651 3.300146 0.004748
v 0.369018 3.295958 0.007177
v 0.364100 3.298254 0.006343
v 0.362054 3.294100 0.007173
v 0.358169 3.294115 0.005234
v 0.356185 3.291831 0.006342
v 0.351951 3.291398 0.004355
v 0.349772 3.289457 0.004062
v 0.345915 3.289349 0.001961
v 0.339981 3.288910 -0.000214
v 0.320154 3.323957 0.005428
v 0.339811 3.288791 -0.000328
v 0.318330 3.321668 0.005465
v 0.336452 3.292417 0.002673
v 0.334446 3.294313 0.004200
v 0.332281 3.296434 0.005601
v 0.330145 3.298753 0.006686
v 0.328182 3.301153 0.007409
v 0.326260 3.303709 0.007967
v 0.324231 3.306622 0.008586
v 0.322716 3.309412 0.008899
v 0.321634 3.312668 0.008678
v 0.321221 3.315790 0.007866
v 0.320791 3.320771 0.006250
v 0.317016 3.317817 0.005864
v 0.316604 3.313429 0.006788
v 0.320115 3.311757 0.008129
v 0.318060 3.306624 0.007989
v 0.323292 3.305995 0.008439
v 0.322221 3.301717 0.007974
v 0.326760 3.300577 0.006207
v 0.327446 3.296693 0.005919
v 0.331147 3.295987 0.004824
v 0.332369 3.293521 0.003766
v 0.335515 3.292158 0.002095
v 0.340159 3.288933 -0.000064
v 0.321613 3.323150 0.007640
v 0.323068 3.320536 0.009826
v 0.323668 3.316905 0.012162
v 0.322867 3.313067 0.010000
v 0.325724 3.310571 0.012986
v 0.324874 3.306779 0.009550
v 0.328389 3.304580 0.011151
v 0.329738 3.302052 0.008217
v 0.331551 3.299847 0.009271
v 0.333353 3.297027 0.006356
v 0.335452 3.295232 0.006130
v 0.336964 3.292790 0.003135
v 0.339134 3.288213 -0.000224
v 0.309547 3.300400 -0.002686
v 0.339095 3.288035 -0.000265
v 0.309508 3.298215 -0.001935
v 0.335029 3.289269 0.001403
v 0.332752 3.289784 0.002267
v 0.330277 3.290323 0.002997
v 0.327750 3.290912 0.003440
v 0.325322 3.291541 0.003579
v 0.322857 3.292238 0.003553
v 0.320148 3.293107 0.003495
v 0.317844 3.294072 0.003192
v 0.315626 3.295384 0.002338
v 0.313936 3.296790 0.001013
v 0.311407 3.299065 -0.001358
v 0.310508 3.295460 -0.000582
v 0.312283 3.292955 0.001208
v 0.315163 3.293996 0.002290
v 0.316358 3.290015 0.003619
v 0.319877 3.292259 0.003625
v 0.321300 3.289161 0.004414
v 0.324810 3.290232 0.002954
v 0.327122 3.288243 0.003617
v 0.329849 3.289332 0.002631
v 0.331874 3.288228 0.002327
v 0.334617 3.288529 0.001122
v 0.339222 3.288348 -0.000134
v 0.310668 3.301176 -0.000975
v 0.312653 3.300900 0.001154
v 0.314583 3.299665 0.003720
v 0.316097 3.296529 0.003113
v 0.318835 3.297189 0.005680
v 0.320397 3.293742 0.004116
v 0.323511 3.294544 0.005519
v 0.325794 3.293002 0.003820
v 0.327896 3.292854 0.004973
v 0.330600 3.291365 0.003317
v 0.332784 3.291272 0.003390
v 0.335132 3.289843 0.001610
v 0.339548 3.287483 -0.000381
v 0.356991 3.259868 -0.004010
v 0.339690 3.287600 -0.000328
v 0.357871 3.261236 -0.002291
v 0.341496 3.283561 0.001178
v 0.342630 3.281447 0.002042
v 0.343958 3.279225 0.002804
v 0.345420 3.277014 0.003294
v 0.346908 3.274924 0.003478
v 0.348457 3.272806 0.003487
v 0.350115 3.270411 0.003423
v 0.351512 3.268280 0.003032
v 0.352883 3.266108 0.001972
v 0.353989 3.264344 0.000368
v 0.355714 3.261690 -0.002463
v 0.358002 3.263531 0.000084
v 0.357221 3.266026 0.002615
v 0.353997 3.266838 0.002659
v 0.354637 3.270170 0.005569
v 0.350721 3.270821 0.003983
v 0.350939 3.273805 0.005955
v 0.348256 3.275728 0.003619
v 0.347249 3.278514 0.004818
v 0.344967 3.279778 0.003013
v 0.344109 3.282001 0.002968
v 0.342323 3.283914 0.001341
v 0.339371 3.287416 -0.000379
v 0.355010 3.259545 -0.003016
v 0.352746 3.260444 -0.001276
v 0.350853 3.261886 0.001322
v 0.351593 3.265354 0.002049
v 0.348070 3.265933 0.003624
v 0.349331 3.269931 0.003638
v 0.345920 3.270981 0.004049
v 0.345669 3.274091 0.002926
v 0.343647 3.275247 0.003717
v 0.343026 3.278580 0.002547
v 0.341355 3.280056 0.002332
v 0.341027 3.283148 0.001074
v 0.315403 0.433440 -0.000353
v 0.346784 0.462586 -0.001764
v 0.315208 0.433595 -0.000366
v 0.344275 0.463685 -0.000346
v 0.319224 0.437418 0.002160
v 0.321255 0.439674 0.003518
v 0.323412 0.442180 0.004723
v 0.325626 0.444782 0.005549
v 0.327795 0.447307 0.005953
v 0.330049 0.449874 0.006132
v 0.332646 0.452644 0.006271
v 0.335098 0.454930 0.006011
v 0.337848 0.457035 0.004948
v 0.340356 0.458556 0.003175
v 0.344266 0.460821 -0.000025
v 0.340553 0.463732 0.001826
v 0.336734 0.462618 0.004414
v 0.336448 0.458369 0.005222
v 0.331139 0.458867 0.007576
v 0.331801 0.453411 0.006646
v 0.327359 0.453261 0.008084
v 0.326450 0.448779 0.005460
v 0.322810 0.446977 0.006391
v 0.322428 0.443320 0.004496
v 0.319902 0.441574 0.004026
v 0.318542 0.438383 0.001995
v 0.315525 0.433240 -0.000274
v 0.347268 0.460453 0.000171
v 0.346038 0.457782 0.002739
v 0.343743 0.455616 0.006077
v 0.339040 0.455672 0.005676
v 0.338550 0.451489 0.008530
v 0.333337 0.451863 0.006927
v 0.332666 0.447397 0.008171
v 0.329304 0.445881 0.005917
v 0.328048 0.443205 0.007162
v 0.324511 0.441149 0.004894
v 0.323150 0.438573 0.004698
v 0.319876 0.436934 0.002305
v 0.314784 0.434275 -0.000298
v 0.284183 0.460736 -0.001741
v 0.314680 0.434094 -0.000408
v 0.283222 0.457992 -0.001531
v 0.309970 0.436651 0.001694
v 0.307280 0.437899 0.002730
v 0.304386 0.439288 0.003595
v 0.301497 0.440836 0.004123
v 0.298793 0.442480 0.004299
v 0.296099 0.444263 0.004294
v 0.293180 0.446350 0.004287
v 0.290821 0.448463 0.004044
v 0.288786 0.451098 0.003248
v 0.287498 0.453772 0.001953
v 0.285700 0.458080 -0.000406
v 0.283193 0.454010 -0.000689
v 0.284108 0.449892 0.000828
v 0.287741 0.449676 0.002708
v 0.287511 0.444192 0.003144
v 0.292528 0.445432 0.004151
v 0.292981 0.441042 0.004231
v 0.297818 0.441330 0.003078
v 0.299755 0.437921 0.003431
v 0.303580 0.438403 0.002797
v 0.305660 0.436410 0.002235
v 0.309258 0.436029 0.001082
v 0.314922 0.434373 -0.000138
v 0.285506 0.460722 0.000679
v 0.287415 0.459024 0.003340
v 0.288837 0.456107 0.006221
v 0.289627 0.452032 0.004597
v 0.292696 0.451007 0.008151
v 0.293598 0.446819 0.005267
v 0.297370 0.446143 0.007480
v 0.299842 0.443931 0.005098
v 0.302104 0.442612 0.006622
v 0.305091 0.440286 0.004344
v 0.307658 0.439304 0.004577
v 0.310263 0.437221 0.002139
v 0.314222 0.433338 -0.000282
v 0.283039 0.434353 -0.007170
v 0.314249 0.433155 -0.000299
v 0.283610 0.432391 -0.006114
v 0.309837 0.433103 0.000786
v 0.307432 0.432903 0.001352
v 0.304853 0.432643 0.001765
v 0.302249 0.432381 0.001884
v 0.299763 0.432156 0.001707
v 0.297245 0.431964 0.001356
v 0.294447 0.431846 0.000926
v 0.292028 0.431928 0.000277
v 0.289652 0.432301 -0.000954
v 0.287800 0.432891 -0.002613
v 0.285026 0.433889 -0.005503
v 0.285253 0.430317 -0.004290
v 0.287478 0.428786 -0.002004
v 0.289677 0.430849 -0.000838
v 0.291903 0.427698 0.001162
v 0.294453 0.430980 0.001154
v 0.296677 0.428669 0.002514
v 0.299795 0.430698 0.001241
v 0.302505 0.429706 0.002395
v 0.304825 0.431536 0.001513
v 0.307111 0.431165 0.001562
v 0.309730 0.432245 0.000583
v 0.314249 0.433504 -0.000205
v 0.283600 0.435641 -0.005506
v 0.285252 0.436291 -0.003199
v 0.287105 0.436077 -0.000326
v 0.289615 0.433610 -0.000321
v 0.291605 0.435433 0.002345
v 0.294389 0.432589 0.001463
v 0.296841 0.434545 0.003001
v 0.299697 0.433701 0.001770
v 0.301548 0.434402 0.003112
v 0.304773 0.433756 0.001954
v 0.306828 0.434419 0.002236
v 0.309719 0.433694 0.000914
v 0.314866 0.432783 -0.000290
v 0.340563 0.412640 0.001812
v 0.314953 0.432945 -0.000242
v 0.340707 0.414398 0.003374
v 0.317743 0.429968 0.001994
v 0.319369 0.428483 0.003257
v 0.321224 0.426951 0.004453
v 0.323237 0.425446 0.005392
v 0.325277 0.424028 0.006016
v 0.327406 0.422586 0.006478
v 0.329736 0.420916 0.006919
v 0.331781 0.419366 0.006977
v 0.333906 0.417698 0.006383
v 0.335725 0.416258 0.005171
v 0.338575 0.414069 0.002944
v 0.339765 0.416834 0.005375
v 0.337886 0.419164 0.007417
v 0.334614 0.418829 0.007049
v 0.333737 0.422460 0.009467
v 0.330092 0.421564 0.007462
v 0.329060 0.424626 0.008973
v 0.326253 0.425248 0.006157
v 0.324249 0.427626 0.006829
v 0.321956 0.427830 0.004667
v 0.320442 0.429600 0.004217
v 0.318377 0.430595 0.002176
v 0.314722 0.432660 -0.000294
v 0.338688 0.411776 0.002655
v 0.336054 0.412032 0.004024
v 0.333472 0.413013 0.006187
v 0.332938 0.416567 0.006454
v 0.329257 0.416080 0.007594
v 0.329133 0.420227 0.007130
v 0.325559 0.420089 0.007069
v 0.324468 0.422772 0.005486
v 0.322102 0.423247 0.005908
v 0.320599 0.426007 0.004211
v 0.318593 0.426788 0.003632
v 0.317454 0.429414 0.001911
v 0.775960 0.527424 -0.000549
v 0.742261 0.491277 -0.005986
v 0.776194 0.527259 -0.000507
v 0.744874 0.490317 -0.003737
v 0.771300 0.522752 0.001882
v 0.768826 0.520107 0.003214
v 0.766256 0.517152 0.004368
v 0.763711 0.514049 0.005090
v 0.761302 0.511003 0.005332
v 0.758848 0.507883 0.005306
v 0.756025 0.504500 0.005182
v 0.753425 0.501654 0.004588
v 0.750649 0.498926 0.003000
v 0.748269 0.496831 0.000600
v 0.744646 0.493652 -0.003646
v 0.748641 0.490726 -0.000476
v 0.752361 0.492518 0.003167
v 0.752262 0.497515 0.003736
v 0.757823 0.497538 0.007584
v 0.756951 0.503710 0.005861
v 0.761686 0.504341 0.008422
v 0.763027 0.509364 0.005199
v 0.766861 0.511799 0.006854
v 0.767492 0.515890 0.004428
v 0.770368 0.518058 0.004261
v 0.772168 0.521676 0.001932
v 0.775792 0.527652 -0.000504
v 0.741165 0.493865 -0.004094
v 0.741850 0.497259 -0.001173
v 0.743612 0.500213 0.002898
v 0.749054 0.500470 0.003444
v 0.748747 0.505577 0.006387
v 0.755051 0.505405 0.005706
v 0.755282 0.510717 0.006831
v 0.759509 0.512532 0.004834
v 0.760511 0.515822 0.006257
v 0.764907 0.518274 0.004231
v 0.766348 0.521335 0.004047
v 0.770498 0.523274 0.001863
v 0.776703 0.526512 -0.000275
v 0.813402 0.498150 0.007117
v 0.776834 0.526719 -0.000395
v 0.814289 0.501408 0.007294
v 0.781889 0.524299 0.003238
v 0.784800 0.523148 0.005106
v 0.787987 0.521836 0.006835
v 0.791252 0.520311 0.008196
v 0.794389 0.518632 0.009128
v 0.797561 0.516776 0.009865
v 0.801008 0.514586 0.010676
v 0.803869 0.512305 0.011103
v 0.806513 0.509349 0.010884
v 0.808417 0.506251 0.009942
v 0.811230 0.501214 0.008057
v 0.813905 0.506079 0.007874
v 0.812292 0.510893 0.009007
v 0.807736 0.511025 0.010353
v 0.807582 0.517411 0.010369
v 0.801725 0.515685 0.010571
v 0.800934 0.520727 0.010143
v 0.795696 0.519931 0.007835
v 0.793214 0.523750 0.007498
v 0.789026 0.522852 0.006013
v 0.786663 0.524949 0.004742
v 0.782796 0.525019 0.002633
v 0.776516 0.526401 -0.000113
v 0.811370 0.498269 0.009586
v 0.808520 0.500308 0.012043
v 0.806105 0.503811 0.014736
v 0.805318 0.508321 0.012329
v 0.800993 0.509570 0.015620
v 0.800347 0.514096 0.011747
v 0.795533 0.514777 0.013398
v 0.793106 0.516944 0.009954
v 0.790123 0.518423 0.011080
v 0.787081 0.520693 0.007634
v 0.784051 0.521652 0.007261
v 0.781493 0.523655 0.003736
v 0.777283 0.527637 -0.000228
v 0.814331 0.528246 -0.001357
v 0.777245 0.527845 -0.000270
v 0.813336 0.530556 -0.000467
v 0.782029 0.528329 0.001892
v 0.784632 0.528790 0.003025
v 0.787462 0.529320 0.004015
v 0.790386 0.529829 0.004677
v 0.793239 0.530262 0.004981
v 0.796171 0.530644 0.005096
v 0.799442 0.530957 0.005188
v 0.802341 0.530990 0.004971
v 0.805335 0.530636 0.004110
v 0.807838 0.529956 0.002674
v 0.811681 0.528771 0.000072
v 0.810950 0.532980 0.001059
v 0.807830 0.534771 0.003038
v 0.805196 0.532321 0.004097
v 0.802043 0.535958 0.005595
v 0.799335 0.531975 0.005363
v 0.796373 0.534589 0.006215
v 0.793218 0.531905 0.004303
v 0.789826 0.532941 0.004945
v 0.787484 0.530579 0.003628
v 0.784849 0.530839 0.003164
v 0.782144 0.529311 0.001601
v 0.777246 0.527450 -0.000131
v 0.813407 0.526855 0.000540
v 0.811064 0.526174 0.002875
v 0.808320 0.526521 0.005728
v 0.805317 0.529181 0.004964
v 0.802580 0.527149 0.007749
v 0.799435 0.530148 0.005883
v 0.796425 0.527834 0.007301
v 0.793392 0.528488 0.005215
v 0.791035 0.527651 0.006416
v 0.787578 0.528057 0.004354
v 0.785217 0.527159 0.004304
v 0.782170 0.527667 0.002120
v 0.776519 0.528229 -0.000427
v 0.745630 0.549720 -0.005422
v 0.776420 0.528039 -0.000375
v 0.745230 0.547811 -0.003507
v 0.772584 0.531453 0.001289
v 0.770372 0.533151 0.002236
v 0.767910 0.534880 0.003055
v 0.765327 0.536545 0.003551
v 0.762786 0.538080 0.003692
v 0.760179 0.539623 0.003627
v 0.757332 0.541412 0.003474
v 0.754901 0.543052 0.002957
v 0.752513 0.544768 0.001671
v 0.750621 0.546191 -0.000230
v 0.747732 0.548316 -0.003576
v 0.746011 0.545237 -0.000798
v 0.747844 0.542860 0.002145
v 0.751629 0.543464 0.002387
v 0.752315 0.539540 0.005672
v 0.756847 0.540682 0.004078
v 0.757873 0.537351 0.006310
v 0.761717 0.536610 0.003763
v 0.763992 0.534071 0.005181
v 0.767082 0.533828 0.003228
v 0.769007 0.531860 0.003208
v 0.771859 0.530696 0.001422
v 0.776677 0.528381 -0.000412
v 0.747530 0.550931 -0.004150
v 0.750247 0.550949 -0.002011
v 0.752774 0.550193 0.001088
v 0.753532 0.546152 0.001847
v 0.757447 0.547088 0.003876
v 0.757933 0.542271 0.003775
v 0.762006 0.542695 0.004449
v 0.763749 0.539546 0.003140
v 0.766378 0.539212 0.004166
v 0.768619 0.535997 0.002822
v 0.771074 0.535198 0.002663
v 0.772898 0.532108 0.001202
v 5.369946 -0.301206 -0.000390
v 5.376431 -0.251822 -0.001190
v 5.369658 -0.301212 -0.000411
v 5.373339 -0.252724 0.000385
v 5.370356 -0.294854 0.002632
v 5.370469 -0.291352 0.004263
v 5.370513 -0.287529 0.005721
v 5.370544 -0.283573 0.006740
v 5.370603 -0.279710 0.007266
v 5.370711 -0.275744 0.007533
v 5.370976 -0.271341 0.007765
v 5.371480 -0.267473 0.007528
v 5.372403 -0.263531 0.006367
v 5.373559 -0.260280 0.004374
v 5.375449 -0.255299 0.000762
v 5.369925 -0.255478 0.002805
v 5.367276 -0.259351 0.005707
v 5.370154 -0.263381 0.006643
v 5.364982 -0.266912 0.009229
v 5.369643 -0.271288 0.008175
v 5.365747 -0.274742 0.009722
v 5.368319 -0.279383 0.006653
v 5.366378 -0.283711 0.007636
v 5.368792 -0.287234 0.005428
v 5.367837 -0.290663 0.004813
v 5.369035 -0.294494 0.002418
v 5.370202 -0.301296 -0.000295
v 5.378403 -0.253405 0.001076
v 5.379227 -0.256751 0.004029
v 5.378704 -0.260448 0.007846
v 5.374465 -0.263879 0.007249
v 5.377065 -0.268034 0.010557
v 5.372159 -0.271539 0.008548
v 5.374844 -0.276055 0.009980
v 5.373011 -0.279867 0.007268
v 5.373845 -0.283215 0.008684
v 5.372258 -0.287640 0.005952
v 5.372956 -0.290952 0.005689
v 5.371295 -0.294806 0.002819
v 5.368772 -0.300920 -0.000345
v 5.321795 -0.299910 -0.002922
v 5.368815 -0.301156 -0.000476
v 5.322965 -0.303082 -0.002701
v 5.362657 -0.302397 0.001831
v 5.359301 -0.303293 0.002957
v 5.355662 -0.304210 0.003879
v 5.351917 -0.304976 0.004409
v 5.348274 -0.305514 0.004535
v 5.344540 -0.305916 0.004451
v 5.340380 -0.306213 0.004358
v 5.336708 -0.306068 0.004006
v 5.332951 -0.305205 0.003020
v 5.329844 -0.303746 0.001475
v 5.325092 -0.301184 -0.001324
v 5.325875 -0.306681 -0.001717
v 5.329715 -0.309713 0.000078
v 5.333083 -0.307244 0.002364
v 5.336935 -0.312330 0.002873
v 5.340482 -0.307516 0.004183
v 5.344142 -0.311110 0.004295
v 5.348281 -0.307246 0.003090
v 5.352536 -0.308865 0.003560
v 5.355615 -0.305587 0.002930
v 5.358968 -0.305818 0.002338
v 5.362495 -0.303471 0.001100
v 5.368819 -0.300732 -0.000156
v 5.322934 -0.298982 -0.000072
v 5.325841 -0.299130 0.003076
v 5.329212 -0.300734 0.006469
v 5.332980 -0.303769 0.004610
v 5.336406 -0.302469 0.008828
v 5.340384 -0.305500 0.005508
v 5.344211 -0.303345 0.008186
v 5.348117 -0.303450 0.005491
v 5.351085 -0.302978 0.007328
v 5.355535 -0.302807 0.004768
v 5.358555 -0.301785 0.005112
v 5.362486 -0.301676 0.002355
v 5.368964 -0.302175 -0.000341
v 5.340467 -0.324279 -0.009225
v 5.369124 -0.302318 -0.000360
v 5.342410 -0.325629 -0.007979
v 5.365190 -0.305655 0.000777
v 5.363174 -0.307627 0.001367
v 5.361051 -0.309780 0.001775
v 5.358912 -0.311948 0.001840
v 5.356860 -0.313990 0.001565
v 5.354757 -0.316023 0.001086
v 5.352351 -0.318197 0.000508
v 5.350140 -0.319907 -0.000314
v 5.347765 -0.321315 -0.001812
v 5.345708 -0.322133 -0.003793
v 5.342551 -0.323249 -0.007231
v 5.345376 -0.326298 -0.005810
v 5.348452 -0.326055 -0.003089
v 5.348862 -0.322598 -0.001674
v 5.353146 -0.323800 0.000717
v 5.352993 -0.318972 0.000775
v 5.356667 -0.319413 0.002421
v 5.357981 -0.315264 0.001027
v 5.361115 -0.314161 0.002445
v 5.361852 -0.310787 0.001483
v 5.364172 -0.309425 0.001605
v 5.365736 -0.306499 0.000539
v 5.368863 -0.302008 -0.000252
v 5.339976 -0.322738 -0.007277
v 5.340920 -0.320970 -0.004551
v 5.342670 -0.319835 -0.001160
v 5.346746 -0.320182 -0.001080
v 5.347115 -0.317119 0.002072
v 5.351735 -0.317584 0.001130
v 5.352443 -0.314042 0.002984
v 5.355652 -0.312657 0.001634
v 5.356758 -0.310679 0.003245
v 5.360149 -0.308847 0.001990
v 5.361489 -0.306734 0.002375
v 5.364644 -0.305216 0.000922
v 5.369952 -0.302194 -0.000332
v 5.407839 -0.301197 0.002863
v 5.369908 -0.301985 -0.000274
v 5.406629 -0.299543 0.004680
v 5.374563 -0.302617 0.002408
v 5.377091 -0.302763 0.003923
v 5.379860 -0.302777 0.005367
v 5.382756 -0.302647 0.006518
v 5.385620 -0.302414 0.007302
v 5.388583 -0.302133 0.007901
v 5.391897 -0.301907 0.008481
v 5.394876 -0.301778 0.008608
v 5.398027 -0.301685 0.007981
v 5.400751 -0.301604 0.006626
v 5.404974 -0.301412 0.004121
v 5.403933 -0.298095 0.006975
v 5.400477 -0.297438 0.009292
v 5.397807 -0.300159 0.008773
v 5.394274 -0.297600 0.011553
v 5.391723 -0.301072 0.009122
v 5.388494 -0.299122 0.010845
v 5.385584 -0.300601 0.007492
v 5.382011 -0.299970 0.008213
v 5.379858 -0.301451 0.005635
v 5.377201 -0.300982 0.005067
v 5.374660 -0.301589 0.002636
v 5.369914 -0.302410 -0.000340
v 5.406784 -0.303375 0.003791
v 5.404205 -0.305123 0.005308
v 5.401119 -0.306196 0.007747
v 5.397999 -0.303416 0.008037
v 5.395041 -0.306601 0.009259
v 5.391864 -0.302974 0.008711
v 5.388770 -0.305748 0.008539
v 5.385839 -0.304129 0.006666
v 5.383360 -0.305465 0.007088
v 5.380007 -0.304081 0.005070
v 5.377645 -0.304861 0.004339
v 5.374717 -0.303326 0.002304
v 5.935459 -0.543373 -0.000565
v 5.885101 -0.559171 -0.004530
v 5.935589 -0.543648 -0.000522
v 5.887090 -0.561401 -0.002167
v 5.928774 -0.545208 0.002263
v 5.925141 -0.546334 0.003812
v 5.921249 -0.547699 0.005186
v 5.917288 -0.549220 0.006102
v 5.913467 -0.550768 0.006504
v 5.909557 -0.552364 0.006623
v 5.905163 -0.554011 0.006654
v 5.901242 -0.555285 0.006164
v 5.897186 -0.556373 0.004618
v 5.893802 -0.557094 0.002179
v 5.888635 -0.558193 -0.002164
v 5.890902 -0.562956 0.001207
v 5.895409 -0.563200 0.004947
v 5.897962 -0.558517 0.005407
v 5.903250 -0.561364 0.009376
v 5.905627 -0.555219 0.007379
v 5.910427 -0.557089 0.009980
v 5.914198 -0.553194 0.006373
v 5.919081 -0.552934 0.007976
v 5.921732 -0.549516 0.005260
v 5.925526 -0.549025 0.004953
v 5.929014 -0.546660 0.002328
v 5.935424 -0.543073 -0.000521
v 5.885511 -0.556171 -0.002569
v 5.888028 -0.553348 0.000423
v 5.891348 -0.551481 0.004627
v 5.896537 -0.554098 0.005079
v 5.899036 -0.549167 0.008066
v 5.904755 -0.552653 0.007206
v 5.907798 -0.547843 0.008240
v 5.912595 -0.548417 0.005968
v 5.915300 -0.545879 0.007362
v 5.920587 -0.545953 0.005036
v 5.923522 -0.543881 0.004717
v 5.928306 -0.544303 0.002244
v 5.935675 -0.544603 -0.000263
v 5.954975 -0.590046 0.007627
v 5.935902 -0.544483 -0.000400
v 5.957514 -0.587495 0.007700
v 5.939430 -0.549327 0.003425
v 5.941581 -0.551896 0.005381
v 5.943899 -0.554761 0.007189
v 5.946164 -0.557870 0.008610
v 5.948216 -0.561060 0.009581
v 5.950201 -0.564435 0.010350
v 5.952267 -0.568263 0.011202
v 5.953730 -0.571873 0.011660
v 5.954615 -0.576002 0.011456
v 5.954716 -0.579886 0.010504
v 5.954607 -0.586054 0.008585
v 5.959632 -0.582962 0.008187
v 5.960708 -0.577642 0.009285
v 5.956609 -0.575103 0.010815
v 5.959823 -0.569112 0.010645
v 5.953504 -0.567626 0.011042
v 5.955407 -0.562550 0.010453
v 5.950064 -0.560565 0.008138
v 5.949763 -0.555730 0.007721
v 5.945366 -0.554380 0.006261
v 5.944239 -0.551215 0.004899
v 5.940627 -0.549147 0.002739
v 5.935450 -0.544605 -0.000084
v 5.953241 -0.588829 0.010296
v 5.951760 -0.585407 0.012913
v 5.951457 -0.580855 0.015727
v 5.953018 -0.576304 0.013050
v 5.949784 -0.572824 0.016611
v 5.951433 -0.568353 0.012370
v 5.947394 -0.565166 0.014213
v 5.946170 -0.561935 0.010539
v 5.944227 -0.558980 0.011759
v 5.942488 -0.555330 0.008093
v 5.940175 -0.552855 0.007734
v 5.938742 -0.549707 0.003982
v 5.936805 -0.543866 -0.000260
v 5.971362 -0.562812 -0.002301
v 5.936878 -0.543655 -0.000311
v 5.971686 -0.560138 -0.001401
v 5.941632 -0.545692 0.001870
v 5.944320 -0.546618 0.003003
v 5.947250 -0.547602 0.003978
v 5.950246 -0.548659 0.004602
v 5.953124 -0.549755 0.004849
v 5.956040 -0.550942 0.004895
v 5.959234 -0.552373 0.004912
v 5.961926 -0.553870 0.004616
v 5.964480 -0.555786 0.003644
v 5.966390 -0.557753 0.002080
v 5.969235 -0.560910 -0.000738
v 5.970804 -0.556616 0.000203
v 5.968926 -0.553289 0.002325
v 5.965237 -0.554154 0.003583
v 5.964283 -0.549107 0.005139
v 5.959677 -0.551372 0.005070
v 5.958338 -0.547381 0.005964
v 5.953944 -0.548235 0.004081
v 5.951372 -0.545481 0.004808
v 5.947919 -0.546454 0.003529
v 5.945603 -0.544834 0.003086
v 5.942244 -0.544848 0.001528
v 5.936676 -0.544019 -0.000150
v 5.969841 -0.563585 -0.000221
v 5.967395 -0.562948 0.002335
v 5.965135 -0.561140 0.005421
v 5.963728 -0.557111 0.004596
v 5.960223 -0.557509 0.007680
v 5.958827 -0.553107 0.005675
v 5.954874 -0.553644 0.007319
v 5.952341 -0.551474 0.005148
v 5.949761 -0.550991 0.006503
v 5.946706 -0.548827 0.004374
v 5.944048 -0.548416 0.004400
v 5.941422 -0.546376 0.002128
v 5.936402 -0.542920 -0.000473
v 5.918949 -0.506856 -0.005739
v 5.936212 -0.543043 -0.000409
v 5.917641 -0.508384 -0.003636
v 5.934514 -0.537841 0.001345
v 5.933392 -0.535091 0.002351
v 5.932051 -0.532185 0.003226
v 5.930553 -0.529278 0.003761
v 5.929014 -0.526518 0.003922
v 5.927410 -0.523720 0.003865
v 5.925711 -0.520569 0.003712
v 5.924306 -0.517780 0.003168
v 5.922955 -0.514955 0.001802
v 5.921887 -0.512671 -0.000221
v 5.920218 -0.509234 -0.003780
v 5.917102 -0.511137 -0.000695
v 5.917649 -0.514257 0.002467
v 5.921476 -0.515686 0.002622
v 5.920161 -0.519629 0.006217
v 5.924900 -0.520980 0.004388
v 5.924174 -0.524569 0.006838
v 5.927254 -0.527315 0.004065
v 5.928072 -0.530840 0.005599
v 5.930738 -0.532720 0.003460
v 5.931484 -0.535554 0.003453
v 5.933451 -0.538158 0.001525
v 5.936628 -0.542862 -0.000465
v 5.921386 -0.506717 -0.004464
v 5.923982 -0.508098 -0.002249
v 5.926028 -0.510081 0.001014
v 5.924632 -0.514208 0.001925
v 5.928814 -0.515371 0.003969
v 5.926728 -0.520086 0.003994
v 5.930743 -0.521826 0.004608
v 5.930656 -0.525676 0.003270
v 5.932948 -0.527353 0.004313
v 5.933285 -0.531527 0.002929
v 5.935132 -0.533561 0.002729
v 5.935146 -0.537402 0.001226
v 5.143414 1.794957 -0.000330
v 5.183517 1.788169 0.000572
v 5.143418 1.795194 -0.000332
v 5.182808 1.790641 0.001974
v 5.148460 1.794279 0.002352
v 5.151247 1.793999 0.003808
v 5.154304 1.793773 0.005138
v 5.157488 1.793575 0.006116
v 5.160614 1.793381 0.006688
v 5.163834 1.793156 0.007051
v 5.167406 1.792791 0.007394
v 5.170554 1.792271 0.007323
v 5.173787 1.791452 0.006481
v 5.176483 1.790505 0.004925
v 5.180633 1.788984 0.002079
v 5.180565 1.793391 0.004009
v 5.177369 1.795530 0.006357
v 5.173964 1.793266 0.006824
v 5.171132 1.797466 0.009052
v 5.167471 1.793856 0.007796
v 5.164707 1.797063 0.009118
v 5.160971 1.795261 0.006315
v 5.157460 1.796930 0.007047
v 5.154605 1.795180 0.004996
v 5.151862 1.796095 0.004413
v 5.148800 1.795354 0.002258
v 5.143329 1.794747 -0.000268
v 5.182079 1.786503 0.002259
v 5.179210 1.785794 0.004496
v 5.176059 1.786151 0.007490
v 5.173409 1.789742 0.007083
v 5.169815 1.787593 0.009490
v 5.167179 1.791796 0.007965
v 5.163363 1.789681 0.008827
v 5.160416 1.791424 0.006565
v 5.157607 1.790781 0.007549
v 5.154154 1.792344 0.005236
v 5.151444 1.791892 0.004861
v 5.148465 1.793503 0.002460
v 5.143679 1.795903 -0.000224
v 5.145964 1.834266 0.000050
v 5.143490 1.795881 -0.000341
v 5.143335 1.833401 0.000051
v 5.142566 1.800826 0.001796
v 5.141888 1.803533 0.002846
v 5.141208 1.806482 0.003742
v 5.140671 1.809531 0.004331
v 5.140333 1.812510 0.004594
v 5.140116 1.815568 0.004696
v 5.139998 1.818971 0.004815
v 5.140237 1.821975 0.004717
v 5.141088 1.825056 0.004133
v 5.142429 1.827617 0.003085
v 5.144766 1.831543 0.001139
v 5.140278 1.831096 0.000571
v 5.137623 1.827975 0.001727
v 5.139448 1.825044 0.003515
v 5.135170 1.822040 0.003545
v 5.138940 1.818937 0.004618
v 5.135900 1.816062 0.004391
v 5.138978 1.812627 0.003351
v 5.137516 1.809189 0.003461
v 5.140125 1.806609 0.002920
v 5.139863 1.803913 0.002262
v 5.141724 1.801026 0.001168
v 5.143824 1.795849 -0.000064
v 5.146574 1.833171 0.002349
v 5.146244 1.830656 0.004763
v 5.144703 1.827796 0.007297
v 5.142195 1.824911 0.005481
v 5.142988 1.821876 0.008795
v 5.140534 1.818890 0.005778
v 5.142074 1.815576 0.007852
v 5.141982 1.812527 0.005459
v 5.142207 1.810006 0.006825
v 5.142320 1.806499 0.004526
v 5.143053 1.803990 0.004695
v 5.143137 1.800917 0.002258
v 5.142651 1.795785 -0.000277
v 5.125808 1.820120 -0.006935
v 5.142530 1.795660 -0.000306
v 5.124602 1.818519 -0.006068
v 5.139878 1.798915 0.000688
v 5.138305 1.800590 0.001194
v 5.136596 1.802367 0.001550
v 5.134887 1.804174 0.001627
v 5.133293 1.805923 0.001428
v 5.131715 1.807723 0.001065
v 5.130035 1.809779 0.000631
v 5.128738 1.811673 0.000007
v 5.127719 1.813724 -0.001149
v 5.127190 1.815521 -0.002691
v 5.126508 1.818294 -0.005376
v 5.123885 1.816019 -0.004475
v 5.123885 1.813374 -0.002403
v 5.126636 1.812864 -0.001140
v 5.125436 1.809296 0.000549
v 5.129375 1.809267 0.000787
v 5.128843 1.806209 0.001928
v 5.132244 1.805076 0.000885
v 5.132996 1.802420 0.001926
v 5.135763 1.801760 0.001234
v 5.136801 1.799822 0.001270
v 5.139184 1.798507 0.000436
v 5.142786 1.795858 -0.000193
v 5.127002 1.820378 -0.005266
v 5.128307 1.819422 -0.003026
v 5.129046 1.817797 -0.000308
v 5.128643 1.814483 -0.000459
v 5.131003 1.813936 0.002206
v 5.130528 1.810231 0.001191
v 5.133322 1.809454 0.002800
v 5.134412 1.806862 0.001594
v 5.135928 1.805822 0.002926
v 5.137373 1.803063 0.001806
v 5.139042 1.801886 0.002133
v 5.140246 1.799339 0.000850
v 5.142606 1.794980 -0.000320
v 5.142196 1.763930 0.000438
v 5.142776 1.795007 -0.000262
v 5.143507 1.764777 0.002040
v 5.142018 1.791106 0.001666
v 5.141767 1.788977 0.002769
v 5.141618 1.786652 0.003807
v 5.141593 1.784233 0.004605
v 5.141670 1.781855 0.005110
v 5.141789 1.779403 0.005461
v 5.141855 1.776669 0.005778
v 5.141869 1.774232 0.005738
v 5.141878 1.771692 0.005074
v 5.141920 1.769536 0.003839
v 5.142054 1.766210 0.001596
v 5.144674 1.766817 0.004098
v 5.145218 1.769500 0.006182
v 5.143097 1.771785 0.005788
v 5.145175 1.774450 0.008325
v 5.142515 1.776754 0.006340
v 5.144130 1.779240 0.007977
v 5.143141 1.781818 0.005335
v 5.143731 1.784674 0.006124
v 5.142687 1.786599 0.004076
v 5.143169 1.788777 0.003763
v 5.142845 1.790982 0.001887
v 5.142431 1.795018 -0.000332
v 5.140414 1.764813 0.001164
v 5.139003 1.766895 0.002460
v 5.138121 1.769325 0.004559
v 5.140466 1.771766 0.005056
v 5.137906 1.774217 0.006077
v 5.140976 1.776718 0.005926
v 5.138812 1.779334 0.005835
v 5.140291 1.781761 0.004516
v 5.139256 1.783802 0.004932
v 5.140562 1.786588 0.003508
v 5.140024 1.788571 0.003001
v 5.141440 1.791007 0.001547
v 3.182480 3.434781 -0.000618
v 3.156483 3.482995 -0.006690
v 3.182224 3.434595 -0.000566
v 3.154583 3.480620 -0.004143
v 3.179284 3.441366 0.002065
v 3.177417 3.444920 0.003537
v 3.175254 3.448685 0.004816
v 3.172920 3.452472 0.005617
v 3.170588 3.456090 0.005889
v 3.168190 3.459779 0.005864
v 3.165646 3.463948 0.005727
v 3.163577 3.467686 0.005066
v 3.161676 3.471557 0.003300
v 3.160285 3.474777 0.000630
v 3.158166 3.479669 -0.004091
v 3.153726 3.476555 -0.000474
v 3.154345 3.472051 0.003599
v 3.159633 3.470376 0.004160
v 3.157742 3.464573 0.008512
v 3.164498 3.463267 0.006505
v 3.163515 3.458099 0.009410
v 3.168250 3.454864 0.005792
v 3.169465 3.449989 0.007654
v 3.173490 3.447839 0.004919
v 3.174735 3.444046 0.004750
v 3.177846 3.440840 0.002148
v 3.182780 3.434876 -0.000575
v 3.159625 3.483241 -0.004645
v 3.162993 3.481341 -0.001443
v 3.165538 3.478481 0.003057
v 3.163874 3.472684 0.003745
v 3.169395 3.471213 0.006933
v 3.166952 3.464653 0.006280
v 3.172464 3.462525 0.007458
v 3.172823 3.457420 0.005288
v 3.175943 3.455209 0.006837
v 3.176910 3.449698 0.004627
v 3.179605 3.447092 0.004405
v 3.180118 3.442021 0.002024
v 3.181262 3.434331 -0.000290
v 3.138535 3.406031 0.008869
v 3.181430 3.434118 -0.000425
v 3.141640 3.403938 0.009036
v 3.177152 3.429717 0.003715
v 3.174939 3.427093 0.005847
v 3.172456 3.424236 0.007832
v 3.169714 3.421370 0.009413
v 3.166850 3.418687 0.010518
v 3.163783 3.416030 0.011411
v 3.160269 3.413203 0.012394
v 3.156862 3.411020 0.012944
v 3.152813 3.409299 0.012783
v 3.148865 3.408398 0.011811
v 3.142542 3.407226 0.009835
v 3.146689 3.402679 0.009608
v 3.152336 3.402665 0.010773
v 3.154125 3.407412 0.012191
v 3.160882 3.405293 0.012119
v 3.161164 3.412057 0.012274
v 3.166729 3.411082 0.011718
v 3.167722 3.416838 0.009088
v 3.172610 3.418075 0.008623
v 3.173136 3.422774 0.006924
v 3.176157 3.424491 0.005449
v 3.177574 3.428502 0.003049
v 3.181216 3.434568 -0.000112
v 3.139430 3.408147 0.011572
v 3.142631 3.410435 0.014222
v 3.147216 3.411747 0.017120
v 3.152186 3.410936 0.014379
v 3.155100 3.415064 0.017941
v 3.160010 3.414084 0.013577
v 3.162472 3.418909 0.015321
v 3.165551 3.420645 0.011436
v 3.168189 3.423259 0.012617
v 3.171594 3.425603 0.008718
v 3.173675 3.428437 0.008243
v 3.176627 3.430368 0.004270
v 3.182237 3.433321 -0.000244
v 3.169630 3.394216 -0.000916
v 3.182467 3.433286 -0.000295
v 3.172425 3.394444 0.000024
v 3.181307 3.428116 0.002171
v 3.180881 3.425232 0.003461
v 3.180445 3.422084 0.004596
v 3.179948 3.418841 0.005369
v 3.179389 3.415695 0.005746
v 3.178746 3.412484 0.005914
v 3.177907 3.408941 0.006065
v 3.176903 3.405885 0.005870
v 3.175447 3.402861 0.004968
v 3.173815 3.400462 0.003425
v 3.171153 3.396824 0.000619
v 3.175848 3.396099 0.001643
v 3.178876 3.398754 0.003763
v 3.177265 3.402405 0.004928
v 3.182234 3.404430 0.006489
v 3.179017 3.408691 0.006243
v 3.182833 3.410875 0.007105
v 3.181107 3.415123 0.004972
v 3.183418 3.418320 0.005616
v 3.181751 3.421607 0.004151
v 3.182956 3.424274 0.003591
v 3.182291 3.427641 0.001837
v 3.182055 3.433427 -0.000135
v 3.168534 3.395703 0.001191
v 3.168698 3.398429 0.003750
v 3.170093 3.401215 0.006864
v 3.173942 3.403409 0.005934
v 3.172837 3.407035 0.009005
v 3.177073 3.409244 0.006845
v 3.175745 3.413244 0.008401
v 3.177477 3.416171 0.006032
v 3.177462 3.418956 0.007337
v 3.179084 3.422417 0.004991
v 3.178984 3.425215 0.004911
v 3.180566 3.428207 0.002434
v 3.183126 3.433908 -0.000486
v 3.216614 3.458591 -0.006804
v 3.182964 3.434082 -0.000427
v 3.214788 3.459713 -0.004662
v 3.187945 3.436905 0.001310
v 3.190534 3.438629 0.002302
v 3.193241 3.440604 0.003146
v 3.195919 3.442725 0.003633
v 3.198440 3.444844 0.003727
v 3.200988 3.447029 0.003593
v 3.203879 3.449375 0.003354
v 3.206458 3.451335 0.002720
v 3.209088 3.453214 0.001234
v 3.211223 3.454671 -0.000922
v 3.214424 3.456907 -0.004706
v 3.211857 3.459842 -0.001613
v 3.208762 3.458799 0.001712
v 3.208048 3.454615 0.002032
v 3.203745 3.455331 0.005736
v 3.203298 3.450151 0.004026
v 3.199476 3.450288 0.006561
v 3.197280 3.446492 0.003809
v 3.193830 3.445027 0.005452
v 3.192436 3.441850 0.003340
v 3.189684 3.440532 0.003374
v 3.187413 3.437937 0.001456
v 3.183230 3.433689 -0.000469
v 3.217230 3.456179 -0.005380
v 3.216317 3.453344 -0.002967
v 3.214677 3.450996 0.000518
v 3.210180 3.451652 0.001427
v 3.209801 3.447231 0.003725
v 3.204571 3.448441 0.003686
v 3.203574 3.444023 0.004492
v 3.199625 3.443304 0.003111
v 3.198354 3.440676 0.004294
v 3.194156 3.439459 0.002884
v 3.192439 3.437166 0.002758
v 3.188519 3.436340 0.001210
v 9.712166 1.229151 -0.000415
v 9.716537 1.274364 0.000198
v 9.711904 1.229137 -0.000395
v 9.713997 1.273374 0.002003
v 9.712783 1.234826 0.002535
v 9.713017 1.237953 0.004147
v 9.713155 1.241375 0.005626
v 9.713217 1.244937 0.006717
v 9.713237 1.248434 0.007357
v 9.713263 1.252038 0.007762
v 9.713413 1.256045 0.008133
v 9.713727 1.259594 0.008025
v 9.714288 1.263261 0.007030
v 9.714961 1.266341 0.005223
v 9.716022 1.271086 0.001935
v 9.711336 1.270652 0.004529
v 9.709462 1.266918 0.007333
v 9.712296 1.263310 0.007597
v 9.708097 1.259815 0.010480
v 9.712268 1.256032 0.008689
v 9.709070 1.252692 0.010464
v 9.711084 1.248679 0.007137
v 9.709594 1.244633 0.008094
v 9.711555 1.241597 0.005613
v 9.710704 1.238467 0.005037
v 9.711554 1.235118 0.002543
v 9.712412 1.229075 -0.000369
v 9.718674 1.272899 0.001894
v 9.719920 1.269761 0.004287
v 9.720085 1.266223 0.007629
v 9.716277 1.262979 0.007523
v 9.719196 1.259151 0.009953
v 9.714593 1.255874 0.008665
v 9.717336 1.251797 0.009379
v 9.715410 1.248373 0.007019
v 9.716452 1.245297 0.008027
v 9.714762 1.241325 0.005588
v 9.715445 1.238344 0.005105
v 9.713655 1.234895 0.002577
v 9.711106 1.229371 -0.000199
v 9.668406 1.228794 0.004026
v 9.711134 1.229162 -0.000334
v 9.669578 1.225937 0.003920
v 9.705944 1.227730 0.002539
v 9.703103 1.226754 0.003977
v 9.699980 1.225757 0.005268
v 9.696701 1.224911 0.006229
v 9.693452 1.224292 0.006822
v 9.690088 1.223802 0.007245
v 9.686337 1.223394 0.007724
v 9.682976 1.223415 0.007921
v 9.679430 1.224112 0.007593
v 9.676375 1.225398 0.006697
v 9.671634 1.227681 0.004951
v 9.672435 1.222720 0.004240
v 9.676229 1.220017 0.005188
v 9.679514 1.222287 0.006892
v 9.683194 1.217768 0.006587
v 9.686440 1.222218 0.007493
v 9.689852 1.219066 0.006925
v 9.693305 1.222775 0.005442
v 9.697248 1.221426 0.005204
v 9.699842 1.224541 0.004358
v 9.702785 1.224468 0.003351
v 9.705726 1.226776 0.001855
v 9.711171 1.229536 -0.000027
v 9.669805 1.229562 0.006476
v 9.672868 1.229398 0.008901
v 9.676422 1.227916 0.011417
v 9.679639 1.225357 0.009084
v 9.683279 1.226487 0.012467
v 9.686481 1.223997 0.008790
v 9.690244 1.225981 0.010770
v 9.693388 1.226127 0.007798
v 9.696305 1.226583 0.009062
v 9.699951 1.226994 0.006150
v 9.702691 1.228014 0.006088
v 9.705843 1.228358 0.003067
v 9.711315 1.228235 -0.000279
v 9.685013 1.207499 -0.005332
v 9.711460 1.228110 -0.000324
v 9.686975 1.206286 -0.004540
v 9.708168 1.224892 0.001093
v 9.706489 1.223004 0.001813
v 9.704692 1.220956 0.002377
v 9.702835 1.218906 0.002634
v 9.701004 1.216988 0.002578
v 9.699099 1.215085 0.002346
v 9.696911 1.213048 0.002060
v 9.694851 1.211449 0.001549
v 9.692541 1.210147 0.000465
v 9.690434 1.209412 -0.001071
v 9.687140 1.208427 -0.003780
v 9.689968 1.205691 -0.003029
v 9.693111 1.205906 -0.000993
v 9.693584 1.209010 0.000379
v 9.697810 1.207965 0.001885
v 9.697547 1.212353 0.002176
v 9.701098 1.212010 0.003131
v 9.701973 1.215889 0.001881
v 9.704964 1.216943 0.002774
v 9.705401 1.220078 0.001958
v 9.707470 1.221392 0.001808
v 9.708650 1.224152 0.000765
v 9.711231 1.228379 -0.000177
v 9.684800 1.208807 -0.003441
v 9.685984 1.210338 -0.001038
v 9.688004 1.211294 0.001824
v 9.691695 1.211114 0.001317
v 9.692383 1.213787 0.004242
v 9.696426 1.213559 0.002733
v 9.697226 1.216734 0.004464
v 9.699889 1.218158 0.002867
v 9.701056 1.219931 0.004254
v 9.703884 1.221766 0.002738
v 9.705087 1.223719 0.002995
v 9.707684 1.225267 0.001318
v 9.712207 1.228251 -0.000408
v 9.746752 1.230320 -0.002729
v 9.712170 1.228437 -0.000340
v 9.745870 1.231711 -0.000851
v 9.716754 1.227911 0.001401
v 9.719247 1.227804 0.002409
v 9.721944 1.227827 0.003325
v 9.724710 1.227997 0.003966
v 9.727392 1.228275 0.004287
v 9.730138 1.228607 0.004428
v 9.733197 1.228903 0.004503
v 9.735894 1.229116 0.004211
v 9.738643 1.229334 0.003214
v 9.740904 1.229555 0.001621
v 9.744353 1.229975 -0.001210
v 9.743723 1.232844 0.001654
v 9.740916 1.233231 0.004248
v 9.738513 1.230684 0.004027
v 9.735649 1.232781 0.007134
v 9.733107 1.229631 0.005141
v 9.730386 1.231227 0.007227
v 9.727337 1.229917 0.004544
v 9.724202 1.230341 0.005717
v 9.721943 1.229023 0.003627
v 9.719457 1.229382 0.003504
v 9.716846 1.228841 0.001640
v 9.712177 1.228053 -0.000420
v 9.745991 1.228263 -0.001845
v 9.743928 1.226523 -0.000202
v 9.741519 1.225342 0.002372
v 9.738673 1.227755 0.003190
v 9.736266 1.224705 0.004556
v 9.733229 1.227921 0.004666
v 9.730494 1.225297 0.004814
v 9.727548 1.226747 0.003606
v 9.725411 1.225429 0.004269
v 9.722071 1.226656 0.002979
v 9.719863 1.225896 0.002612
v 9.716898 1.227275 0.001255
v 1.460480 0.458782 -0.000548
v 1.484284 0.503776 -0.007089
v 1.460200 0.458884 -0.000521
v 1.481323 0.504107 -0.004904
v 1.463721 0.464821 0.001845
v 1.465395 0.468192 0.003148
v 1.467087 0.471890 0.004255
v 1.468733 0.475709 0.004908
v 1.470279 0.479413 0.005065
v 1.471862 0.483189 0.004943
v 1.473744 0.487326 0.004718
v 1.475572 0.490846 0.004030
v 1.477652 0.494254 0.002330
v 1.479548 0.496887 -0.000184
v 1.482463 0.500860 -0.004622
v 1.477547 0.502803 -0.001637
v 1.474182 0.500154 0.002101
v 1.475628 0.495243 0.002962
v 1.469938 0.493852 0.006758
v 1.472577 0.487885 0.005345
v 1.467930 0.486062 0.007874
v 1.468120 0.480557 0.004786
v 1.464904 0.477152 0.006507
v 1.465509 0.472804 0.004211
v 1.463253 0.469848 0.004069
v 1.462561 0.465652 0.001811
v 1.460708 0.458604 -0.000484
v 1.486001 0.501591 -0.004965
v 1.486124 0.498160 -0.001791
v 1.485006 0.494918 0.002510
v 1.479642 0.493181 0.002920
v 1.481221 0.488323 0.006241
v 1.474938 0.486720 0.005337
v 1.476119 0.481428 0.006778
v 1.472504 0.478367 0.004690
v 1.472349 0.474884 0.006305
v 1.468742 0.471142 0.004216
v 1.468159 0.467695 0.004149
v 1.464663 0.464524 0.001878
v 1.459479 0.459496 -0.000338
v 1.414880 0.477849 0.004610
v 1.459411 0.459248 -0.000454
v 1.414886 0.474375 0.004943
v 1.453561 0.460415 0.003003
v 1.450270 0.460836 0.004775
v 1.446664 0.461335 0.006388
v 1.442940 0.462007 0.007607
v 1.439319 0.462848 0.008380
v 1.435624 0.463848 0.008941
v 1.431560 0.465106 0.009552
v 1.428070 0.466600 0.009780
v 1.424639 0.468795 0.009312
v 1.421936 0.471305 0.008115
v 1.417840 0.475448 0.005812
v 1.416526 0.469866 0.005806
v 1.419402 0.465580 0.007286
v 1.423908 0.466768 0.008819
v 1.425815 0.460467 0.009188
v 1.431154 0.463811 0.009482
v 1.433344 0.459002 0.009339
v 1.438434 0.461139 0.007079
v 1.441966 0.458017 0.007015
v 1.445947 0.460001 0.005565
v 1.448928 0.458515 0.004441
v 1.452885 0.459422 0.002390
v 1.459628 0.459664 -0.000171
v 1.416824 0.478402 0.007223
v 1.420109 0.477273 0.009952
v 1.423354 0.474582 0.012991
v 1.425481 0.470212 0.010782
v 1.429978 0.470313 0.014373
v 1.432035 0.465824 0.010649
v 1.436934 0.466552 0.012534
v 1.440094 0.464917 0.009178
v 1.443416 0.464322 0.010510
v 1.447215 0.462756 0.007176
v 1.450508 0.462626 0.006937
v 1.453756 0.461186 0.003493
v 1.459210 0.458219 -0.000246
v 1.422600 0.447316 -0.002509
v 1.459306 0.458021 -0.000277
v 1.424185 0.445335 -0.001436
v 1.454589 0.456313 0.001831
v 1.452078 0.455186 0.002943
v 1.449367 0.453920 0.003906
v 1.446572 0.452634 0.004526
v 1.443841 0.451428 0.004776
v 1.441027 0.450243 0.004825
v 1.437857 0.449032 0.004837
v 1.434994 0.448187 0.004527
v 1.431959 0.447672 0.003529
v 1.429347 0.447592 0.001936
v 1.425316 0.447590 -0.000927
v 1.427156 0.443655 0.000341
v 1.430662 0.442826 0.002573
v 1.432560 0.446036 0.003612
v 1.436628 0.443361 0.005450
v 1.438235 0.448057 0.005076
v 1.441861 0.446317 0.006187
v 1.444343 0.449772 0.004168
v 1.447972 0.449709 0.004989
v 1.449708 0.452646 0.003576
v 1.452419 0.453096 0.003192
v 1.454757 0.455292 0.001581
v 1.459190 0.458419 -0.000155
v 1.423053 0.449038 -0.000602
v 1.425092 0.450466 0.001838
v 1.427789 0.451007 0.004880
v 1.431539 0.449161 0.004330
v 1.433578 0.452060 0.007173
v 1.437611 0.449868 0.005509
v 1.439904 0.453062 0.006936
v 1.443191 0.453159 0.004916
v 1.445251 0.454696 0.006180
v 1.448889 0.455158 0.004183
v 1.450992 0.456701 0.004155
v 1.454256 0.456942 0.002025
v 1.460140 0.457834 -0.000396
v 1.496971 0.444805 -0.003426
v 1.460185 0.458052 -0.000349
v 1.496759 0.446897 -0.001545
v 1.464863 0.455795 0.001669
v 1.467486 0.454762 0.002805
v 1.470372 0.453762 0.003818
v 1.473376 0.452844 0.004499
v 1.476317 0.452028 0.004805
v 1.479336 0.451214 0.004902
v 1.482663 0.450217 0.004929
v 1.485554 0.449237 0.004560
v 1.488455 0.448136 0.003402
v 1.490811 0.447161 0.001579
v 1.494414 0.445701 -0.001665
v 1.495156 0.449359 0.001082
v 1.492551 0.451344 0.003930
v 1.488944 0.449708 0.004096
v 1.487039 0.453562 0.007245
v 1.482919 0.451102 0.005527
v 1.480885 0.454227 0.007613
v 1.476973 0.453788 0.004831
v 1.473951 0.455744 0.006084
v 1.470898 0.455044 0.003964
v 1.468445 0.456465 0.003777
v 1.465369 0.456753 0.001787
v 1.460025 0.457640 -0.000377
v 1.495359 0.443133 -0.002107
v 1.492568 0.442458 0.000014
v 1.489713 0.442647 0.003089
v 1.487815 0.446487 0.003628
v 1.484092 0.444563 0.005649
v 1.482290 0.449211 0.005268
v 1.478328 0.447692 0.005861
v 1.475787 0.450280 0.004287
v 1.473037 0.449931 0.005245
v 1.469985 0.452446 0.003617
v 1.467332 0.452553 0.003335
v 1.464734 0.455054 0.001605
vn -0.4103 -0.4341 0.8020
vn -0.3767 -0.4139 0.8287
vn -0.5680 -0.0575 0.8210
vn -0.5918 -0.1344 0.7948
vn 0.3623 0.1162 0.9248
vn 0.3763 0.1439 0.9152
vn 0.3305 0.2259 0.9164
vn 0.3612 0.1195 0.9248
vn 0.3305 0.1277 0.9351
vn 0.1905 0.2254 0.9554
vn 0.2520 0.0939 0.9632
vn 0.1205 0.2542 0.9596
vn 0.1344 -0.0008 0.9909
vn -0.0202 0.1455 0.9892
vn 0.0879 -0.0211 0.9959
vn -0.0477 0.1655 0.9851
vn 0.1161 0.0484 0.9921
vn -0.1460 0.3070 0.9404
vn -0.0419 -0.0978 0.9943
vn -0.3031 0.2185 0.9276
vn -0.1808 -0.2363 0.9547
vn -0.3688 0.0552 0.9278
vn -0.3110 -0.3694 0.8757
vn -0.4773 -0.0887 0.8742
vn -0.4039 -0.4531 0.7947
vn -0.5620 -0.1492 0.8136
vn -0.2317 -0.7254 0.6481
vn -0.1440 -0.6844 0.7148
vn 0.3636 0.1127 0.9247
vn 0.4300 0.0776 0.8995
vn 0.3854 -0.0282 0.9223
vn 0.3728 -0.0557 0.9263
vn 0.2311 -0.1902 0.9542
vn 0.2267 -0.1908 0.9551
vn 0.3375 -0.2160 0.9162
vn 0.2363 -0.4038 0.8838
vn 0.0371 -0.5055 0.8620
vn -0.0957 -0.6057 0.7899
vn -0.2053 -0.7088 0.6748
vn 0.6664 -0.0787 0.7415
vn 0.6476 -0.0397 0.7610
vn 0.3353 -0.2504 0.9082
vn 0.4069 -0.2755 0.8709
vn 0.0396 0.6431 0.7648
vn 0.0084 0.6507 0.7593
vn -0.0626 0.6016 0.7964
vn 0.0364 0.6416 0.7662
vn 0.0359 0.6158 0.7871
vn -0.0305 0.4835 0.8748
vn 0.0874 0.5543 0.8277
vn -0.0456 0.4168 0.9078
vn 0.2040 0.4610 0.8636
vn 0.0887 0.3037 0.9486
vn 0.2322 0.4208 0.8769
vn 0.0730 0.2749 0.9587
vn 0.1601 0.4404 0.8834
vn -0.0567 0.1563 0.9861
vn 0.3269 0.3047 0.8946
vn 0.0511 0.0118 0.9986
vn 0.4736 0.1723 0.8637
vn 0.2186 -0.0366 0.9751
vn 0.6048 0.0341 0.7956
vn 0.3625 -0.1449 0.9207
vn 0.6819 -0.0737 0.7277
vn 0.4206 -0.2400 0.8750
vn 0.8817 0.0602 0.4679
vn 0.8431 0.1617 0.5129
vn 0.0428 0.6446 0.7633
vn 0.0596 0.7011 0.7106
vn 0.1736 0.6755 0.7167
vn 0.2028 0.6671 0.7168
vn 0.3615 0.5544 0.7496
vn 0.3630 0.5507 0.7516
vn 0.3601 0.6437 0.6753
vn 0.5497 0.5529 0.6262
vn 0.6751 0.3668 0.6400
vn 0.7767 0.2259 0.5880
vn 0.8676 0.0927 0.4885
vn 0.6561 0.0777 0.7506
vn 0.6201 0.0884 0.7796
vn 0.5100 -0.2998 0.8062
vn 0.5786 -0.2633 0.7719
vn -0.2701 0.2304 0.9349
vn -0.3001 0.2195 0.9283
vn -0.3236 0.1289 0.9374
vn -0.2713 0.2274 0.9352
vn -0.2542 0.2006 0.9461
vn -0.2198 0.0345 0.9749
vn -0.1723 0.1718 0.9699
vn -0.1890 -0.0346 0.9814
vn -0.0202 0.1596 0.9870
vn -0.0105 -0.0528 0.9986
vn 0.0273 0.1421 0.9895
vn -0.0051 -0.0863 0.9963
vn -0.0411 0.1117 0.9929
vn -0.0356 -0.2590 0.9652
vn 0.1737 0.1064 0.9790
vn 0.1374 -0.3059 0.9421
vn 0.3660 0.1062 0.9245
vn 0.2975 -0.2348 0.9254
vn 0.5458 0.1057 0.8313
vn 0.4709 -0.2109 0.8566
vn 0.6641 0.0953 0.7415
vn 0.5689 -0.2306 0.7894
vn 0.7177 0.4001 0.5699
vn 0.6314 0.4363 0.6411
vn -0.2684 0.2338 0.9345
vn -0.2938 0.3033 0.9065
vn -0.1868 0.3495 0.9181
vn -0.1587 0.3603 0.9192
vn 0.0384 0.3598 0.9322
vn 0.0420 0.3572 0.9331
vn -0.0230 0.4498 0.8928
vn 0.1771 0.5115 0.8408
vn 0.3888 0.4442 0.8071
vn 0.5480 0.4187 0.7242
vn 0.6893 0.4088 0.5982
vn -0.2724 0.4250 0.8632
vn -0.2411 0.3972 0.8855
vn 0.0667 0.6337 0.7707
vn -0.0173 0.6441 0.7648
vn 0.4055 -0.2496 0.8794
vn 0.4318 -0.2605 0.8636
vn 0.5030 -0.2041 0.8398
vn 0.4086 -0.2478 0.8784
vn 0.4143 -0.2153 0.8843
vn 0.4907 -0.0621 0.8691
vn 0.3768 -0.1398 0.9157
vn 0.5081 0.0116 0.8612
vn 0.2752 -0.0340 0.9608
vn 0.3897 0.1381 0.9105
vn 0.2499 0.0095 0.9682
vn 0.4036 0.1676 0.8994
vn 0.3195 -0.0091 0.9475
vn 0.5114 0.2793 0.8127
vn 0.1557 0.1267 0.9796
vn 0.3989 0.4208 0.8147
vn -0.0083 0.2408 0.9705
vn 0.2330 0.4633 0.8550
vn -0.1761 0.3431 0.9226
vn 0.0648 0.5452 0.8358
vn -0.2913 0.4153 0.8617
vn -0.0219 0.6144 0.7887
vn -0.5615 0.1940 0.8044
vn -0.4914 0.1200 0.8626
vn 0.4023 -0.2514 0.8803
vn 0.3730 -0.3238 0.8695
vn 0.2710 -0.2920 0.9172
vn 0.2437 -0.2830 0.9276
vn 0.1004 -0.1589 0.9822
vn 0.0995 -0.1544 0.9830
vn 0.0830 -0.2711 0.9590
vn -0.1205 -0.2002 0.9723
vn -0.2545 -0.0198 0.9669
vn -0.3893 0.0903 0.9167
vn -0.5348 0.1726 0.8272
vn -0.3023 0.4975 0.8131
vn -0.2900 0.4600 0.8392
vn 0.1014 0.5608 0.8217
vn 0.0318 0.6024 0.7976
vn 0.0508 -0.3845 0.9217
vn 0.0742 -0.4047 0.9114
vn 0.1647 -0.3798 0.9103
vn 0.0542 -0.3840 0.9217
vn 0.0699 -0.3565 0.9317
vn 0.1987 -0.2441 0.9492
vn 0.0566 -0.2724 0.9605
vn 0.2435 -0.1828 0.9525
vn -0.0066 -0.1358 0.9907
vn 0.1722 -0.0204 0.9848
vn -0.0150 -0.0858 0.9962
vn 0.1982 0.0015 0.9802
vn 0.0456 -0.1298 0.9905
vn 0.3578 0.0635 0.9316
vn -0.0586 0.0585 0.9966
vn 0.3090 0.2372 0.9210
vn -0.1609 0.2266 0.9606
vn 0.1662 0.3400 0.9256
vn -0.2613 0.3854 0.8850
vn 0.0509 0.4800 0.8758
vn -0.3225 0.4958 0.8063
vn 0.0107 0.5768 0.8168
vn -0.6318 0.3943 0.6674
vn -0.6111 0.2991 0.7329
vn 0.0471 -0.3852 0.9216
vn -0.0033 -0.4410 0.8975
vn -0.0948 -0.3725 0.9232
vn -0.1184 -0.3538 0.9278
vn -0.2144 -0.1843 0.9592
vn -0.2139 -0.1800 0.9601
vn -0.2658 -0.2814 0.9220
vn -0.4249 -0.1382 0.8946
vn -0.4767 0.0798 0.8754
vn -0.5442 0.2331 0.8059
vn -0.6213 0.3646 0.6936
vn -0.2156 -0.6324 0.7440
vn -0.1728 -0.6236 0.7624
vn -0.2990 -0.2710 0.9150
vn -0.3415 -0.3343 0.8785
vn 0.6352 -0.1960 0.7470
vn 0.6499 -0.1675 0.7413
vn 0.6201 -0.0867 0.7797
vn 0.6346 -0.1920 0.7486
vn 0.6100 -0.1860 0.7702
vn 0.4998 -0.0904 0.8614
vn 0.5392 -0.2216 0.8125
vn 0.4396 -0.0601 0.8962
vn 0.4218 -0.3128 0.8510
vn 0.2988 -0.1638 0.9401
vn 0.3764 -0.3305 0.8655
vn 0.2749 -0.1417 0.9510
vn 0.4127 -0.2652 0.8714
vn 0.1914 0.0125 0.9814
vn 0.2416 -0.3950 0.8863
vn 0.0257 -0.0579 0.9980
vn 0.0772 -0.5057 0.8593
vn -0.0618 -0.2089 0.9760
vn -0.0900 -0.5998 0.7951
vn -0.2027 -0.3224 0.9246
vn -0.2148 -0.6487 0.7301
vn -0.3100 -0.3560 0.8816
vn -0.1394 -0.8732 0.4670
vn -0.0303 -0.8601 0.5093
vn 0.6358 -0.2001 0.7455
vn 0.6851 -0.2293 0.6914
vn 0.6333 -0.3335 0.6984
vn 0.6183 -0.3598 0.6988
vn 0.4719 -0.4873 0.7347
vn 0.4680 -0.4878 0.7369
vn 0.5569 -0.5068 0.6580
vn 0.4222 -0.6691 0.6116
vn 0.2120 -0.7465 0.6306
vn 0.0497 -0.8113 0.5825
vn -0.1039 -0.8674 0.4867
vn -0.0610 -0.6599 0.7489
vn -0.0413 -0.6276 0.7774
vn -0.3912 -0.4284 0.8145
vn -0.3731 -0.5034 0.7794
vn 0.3128 0.2024 0.9280
vn 0.3093 0.2340 0.9217
vn 0.2270 0.2785 0.9332
vn 0.3100 0.2045 0.9285
vn 0.2805 0.1938 0.9401
vn 0.1117 0.1999 0.9734
vn 0.2336 0.1210 0.9648
vn 0.0374 0.1863 0.9818
vn 0.1859 -0.0239 0.9823
vn -0.0223 0.0173 0.9996
vn 0.1577 -0.0658 0.9853
vn -0.0562 0.0201 0.9982
vn 0.1446 0.0078 0.9895
vn -0.2173 0.0910 0.9718
vn 0.0879 -0.1995 0.9760
vn -0.3048 -0.0657 0.9502
vn 0.0404 -0.3858 0.9217
vn -0.2744 -0.2380 0.9317
vn -0.0055 -0.5597 0.8286
vn -0.2943 -0.4118 0.8624
vn -0.0462 -0.6717 0.7393
vn -0.3386 -0.5019 0.7959
vn 0.2325 -0.7955 0.5596
vn 0.2900 -0.7207 0.6296
vn 0.3158 0.1999 0.9275
vn 0.3886 0.2079 0.8977
vn 0.4082 0.0930 0.9081
vn 0.4121 0.0631 0.9090
vn 0.3649 -0.1283 0.9222
vn 0.3615 -0.1311 0.9231
vn 0.4658 -0.0897 0.8803
vn 0.4767 -0.2986 0.8268
vn 0.3599 -0.4878 0.7953
vn 0.2949 -0.6359 0.7133
vn 0.2483 -0.7701 0.5876
vn 0.5004 0.1585 0.8512
vn 0.4664 0.1345 0.8743
vn 0.6196 -0.2201 0.7534
vn 0.6497 -0.1409 0.7470
vn -0.3157 -0.3390 0.8862
vn -0.3329 -0.3619 0.8708
vn -0.2958 -0.4444 0.8456
vn -0.3149 -0.3425 0.8852
vn -0.2843 -0.3558 0.8902
vn -0.1541 -0.4666 0.8709
vn -0.2013 -0.3377 0.9195
vn -0.0870 -0.5010 0.8611
vn -0.0732 -0.2645 0.9616
vn 0.0653 -0.4164 0.9068
vn -0.0247 -0.2503 0.9679
vn 0.0903 -0.4369 0.8950
vn -0.0599 -0.3133 0.9478
vn 0.1708 -0.5677 0.8053
vn 0.1119 -0.1869 0.9760
vn 0.3350 -0.4923 0.8034
vn 0.2615 -0.0547 0.9636
vn 0.4169 -0.3415 0.8424
vn 0.3996 0.0842 0.9128
vn 0.5360 -0.1976 0.8208
vn 0.4956 0.1792 0.8499
vn 0.6226 -0.1295 0.7717
vn 0.3436 0.4947 0.7983
vn 0.2566 0.4439 0.8586
vn -0.3165 -0.3354 0.8873
vn -0.3802 -0.2898 0.8783
vn -0.3238 -0.1985 0.9251
vn -0.3083 -0.1743 0.9352
vn -0.1522 -0.0651 0.9862
vn -0.1476 -0.0652 0.9869
vn -0.2575 -0.0212 0.9660
vn -0.1398 0.1594 0.9773
vn 0.0671 0.2465 0.9668
vn 0.2048 0.3515 0.9135
vn 0.3170 0.4737 0.8216
vn 0.3654 -0.2925 0.8837
vn 0.3323 -0.2660 0.9049
vn 0.0483 -0.5459 0.8365
vn 0.1323 -0.5477 0.8261
vn -0.3841 0.3015 0.8727
vn -0.4122 0.3077 0.8576
vn -0.4776 0.2415 0.8447
vn -0.3869 0.2996 0.8721
vn -0.3885 0.2675 0.8818
vn -0.4473 0.1061 0.8881
vn -0.3410 0.2006 0.9184
vn -0.4565 0.0308 0.8892
vn -0.2255 0.1123 0.9678
vn -0.3219 -0.0759 0.9437
vn -0.1949 0.0729 0.9781
vn -0.3327 -0.1077 0.9368
vn -0.2673 0.0814 0.9602
vn -0.4315 -0.2397 0.8697
vn -0.0875 -0.0314 0.9957
vn -0.3035 -0.3669 0.8793
vn 0.0880 -0.1273 0.9880
vn -0.1318 -0.3863 0.9129
vn 0.2638 -0.2155 0.9402
vn 0.0434 -0.4511 0.8914
vn 0.3831 -0.2810 0.8799
vn 0.1348 -0.5153 0.8463
vn 0.6224 -0.0394 0.7817
vn 0.5474 0.0328 0.8362
vn -0.3810 0.3037 0.8733
vn -0.3610 0.3775 0.8528
vn -0.2535 0.3626 0.8968
vn -0.2249 0.3577 0.9063
vn -0.0654 0.2570 0.9642
vn -0.0639 0.2529 0.9654
vn -0.0622 0.3671 0.9281
vn 0.1484 0.3207 0.9355
vn 0.3019 0.1565 0.9404
vn 0.4458 0.0568 0.8933
vn 0.5946 -0.0189 0.8038
vn -0.2461 0.6499 0.7191
vn -0.2817 0.6210 0.7315
vn -0.0275 0.3743 0.9269
vn -0.0158 0.4507 0.8925
vn -0.7648 -0.1483 0.6270
vn -0.7626 -0.1803 0.6212
vn -0.7043 -0.2360 0.6695
vn -0.7628 -0.1509 0.6287
vn -0.7422 -0.1448 0.6543
vn -0.6164 -0.1747 0.7678
vn -0.7058 -0.0794 0.7040
vn -0.5558 -0.1719 0.8133
vn -0.6558 0.0573 0.7528
vn -0.4927 -0.0129 0.8701
vn -0.6278 0.0951 0.7725
vn -0.4633 -0.0204 0.8860
vn -0.6283 0.0203 0.7777
vn -0.3218 -0.1139 0.9399
vn -0.5470 0.2172 0.8085
vn -0.2166 0.0285 0.9758
vn -0.4551 0.3946 0.7982
vn -0.2112 0.2033 0.9561
vn -0.3466 0.5594 0.7530
vn -0.1369 0.3719 0.9181
vn -0.2524 0.6638 0.7041
vn -0.0539 0.4542 0.8893
vn -0.3823 0.8247 0.4168
vn -0.4766 0.7594 0.4430
vn -0.7668 -0.1456 0.6252
vn -0.8145 -0.1436 0.5622
vn -0.8219 -0.0270 0.5690
vn -0.8218 0.0033 0.5697
vn -0.7641 0.1859 0.6177
vn -0.7614 0.1883 0.6203
vn -0.8338 0.1619 0.5279
vn -0.7893 0.3698 0.4903
vn -0.6497 0.5403 0.5348
vn -0.5338 0.6769 0.5069
vn -0.4132 0.8020 0.4313
vn -0.3929 0.5978 0.6987
vn -0.3990 0.5597 0.7264
vn -0.0081 0.5577 0.8300
vn -0.0542 0.6145 0.7870
vn -0.3250 -0.3384 0.8831
vn -0.3054 -0.3642 0.8798
vn -0.2153 -0.3627 0.9067
vn -0.3217 -0.3388 0.8842
vn -0.3033 -0.3153 0.8992
vn -0.1611 -0.2381 0.9578
vn -0.3025 -0.2291 0.9252
vn -0.1053 -0.1899 0.9761
vn -0.3349 -0.0797 0.9389
vn -0.1391 -0.0134 0.9902
vn -0.3315 -0.0292 0.9430
vn -0.1085 0.0009 0.9941
vn -0.2852 -0.0870 0.9545
vn 0.0687 0.0184 0.9975
vn -0.3350 0.1215 0.9344
vn 0.0712 0.1981 0.9776
vn -0.3756 0.3077 0.8742
vn -0.0354 0.3334 0.9421
vn -0.4052 0.4826 0.7765
vn -0.0912 0.4952 0.8640
vn -0.4099 0.6009 0.6862
vn -0.0859 0.5961 0.7983
vn -0.6791 0.5736 0.4581
vn -0.7039 0.4794 0.5241
vn -0.3287 -0.3376 0.8820
vn -0.3821 -0.3803 0.8423
vn -0.4565 -0.2899 0.8411
vn -0.4745 -0.2658 0.8392
vn -0.5291 -0.0761 0.8451
vn -0.5277 -0.0719 0.8464
vn -0.5901 -0.1588 0.7916
vn -0.6919 0.0183 0.7218
vn -0.6784 0.2409 0.6941
vn -0.6808 0.4024 0.6120
vn -0.6850 0.5434 0.4853
vn -0.4944 -0.3917 0.7760
vn -0.4807 -0.3544 0.8021
vn -0.7642 -0.1197 0.6338
vn -0.7505 -0.2033 0.6288
vn -0.0416 0.4421 0.8960
vn -0.0353 0.4707 0.8816
vn -0.1031 0.5245 0.8451
vn -0.0438 0.4447 0.8946
vn -0.0772 0.4414 0.8940
vn -0.2395 0.4740 0.8473
vn -0.1446 0.3844 0.9118
vn -0.3122 0.4711 0.8250
vn -0.2260 0.2573 0.9395
vn -0.4094 0.3222 0.8536
vn -0.2617 0.2211 0.9395
vn -0.4389 0.3279 0.8366
vn -0.2588 0.2936 0.9203
vn -0.5565 0.4031 0.7265
vn -0.3495 0.0987 0.9317
vn -0.6604 0.2567 0.7056
vn -0.4116 -0.0898 0.9069
vn -0.6640 0.0848 0.7429
vn -0.4542 -0.2780 0.8464
vn -0.6927 -0.0988 0.7144
vn -0.4799 -0.4074 0.7770
vn -0.7258 -0.2001 0.6581
vn -0.1877 -0.6070 0.7722
vn -0.1477 -0.5206 0.8409
vn -0.0393 0.4395 0.8974
vn 0.0391 0.4311 0.9015
vn 0.0272 0.3234 0.9459
vn 0.0239 0.2945 0.9553
vn -0.0654 0.1222 0.9903
vn -0.0696 0.1201 0.9903
vn 0.0496 0.1360 0.9895
vn 0.0344 -0.0793 0.9963
vn -0.0991 -0.2567 0.9614
vn -0.1573 -0.4152 0.8960
vn -0.1790 -0.5759 0.7977
vn -0.0398 -0.5208 0.8527
vn -0.0263 -0.4816 0.8760
vn -0.3996 -0.3271 0.8563
vn -0.3698 -0.4039 0.8367
vn 0.2131 0.4003 0.8912
vn 0.2064 0.4299 0.8790
vn 0.1191 0.4645 0.8775
vn 0.2102 0.4020 0.8912
vn 0.1811 0.3905 0.9026
vn 0.0110 0.3800 0.9249
vn 0.1417 0.3176 0.9376
vn -0.0615 0.3586 0.9315
vn 0.1105 0.1731 0.9787
vn -0.1018 0.1889 0.9767
vn 0.0872 0.1288 0.9878
vn -0.1358 0.1868 0.9730
vn 0.0652 0.1998 0.9777
vn -0.3017 0.2303 0.9252
vn 0.0349 -0.0122 0.9993
vn -0.3678 0.0621 0.9278
vn 0.0143 -0.2101 0.9776
vn -0.3157 -0.1053 0.9430
vn -0.0031 -0.4020 0.9157
vn -0.3093 -0.2896 0.9058
vn -0.0229 -0.5322 0.8463
vn -0.3372 -0.3950 0.8546
vn 0.2817 -0.6477 0.7079
vn 0.3242 -0.5547 0.7663
vn 0.2163 0.3986 0.8912
vn 0.2897 0.4111 0.8643
vn 0.3220 0.3034 0.8968
vn 0.3296 0.2745 0.9033
vn 0.3047 0.0841 0.9487
vn 0.3017 0.0811 0.9500
vn 0.4034 0.1277 0.9061
vn 0.4432 -0.0839 0.8925
vn 0.3527 -0.2897 0.8898
vn 0.3124 -0.4570 0.8328
vn 0.2919 -0.6159 0.7317
vn 0.5708 0.4245 0.7028
vn 0.5317 0.4447 0.7208
vn 0.4234 0.0989 0.9005
vn 0.4945 0.1211 0.8607
vn -0.3709 0.5907 0.7166
vn -0.3999 0.5766 0.7124
vn -0.4237 0.4975 0.7570
vn -0.3724 0.5880 0.7181
vn -0.3562 0.5695 0.7408
vn -0.3238 0.4335 0.8410
vn -0.2772 0.5579 0.7822
vn -0.2933 0.3754 0.8793
vn -0.1278 0.5623 0.8170
vn -0.1175 0.3759 0.9192
vn -0.0804 0.5502 0.8312
vn -0.1114 0.3448 0.9320
vn -0.1487 0.5206 0.8408
vn -0.1370 0.1741 0.9752
vn 0.0664 0.5216 0.8506
vn 0.0379 0.1312 0.9906
vn 0.2636 0.5085 0.8197
vn 0.1982 0.1969 0.9602
vn 0.4522 0.4780 0.7530
vn 0.3779 0.1987 0.9043
vn 0.5796 0.4369 0.6878
vn 0.4827 0.1576 0.8615
vn 0.6487 0.6425 0.4080
vn 0.5548 0.7008 0.4484
vn -0.3694 0.5935 0.7150
vn -0.3922 0.6433 0.6575
vn -0.2875 0.6957 0.6583
vn -0.2596 0.7076 0.6572
vn -0.0652 0.7231 0.6876
vn -0.0616 0.7214 0.6898
vn -0.1230 0.7846 0.6077
vn 0.0811 0.8291 0.5532
vn 0.2959 0.7653 0.5716
vn 0.4633 0.7154 0.5230
vn 0.6173 0.6606 0.4272
vn 0.4642 0.5399 0.7021
vn 0.4296 0.5282 0.7324
vn 0.5894 0.1615 0.7915
vn 0.6194 0.2295 0.7508
vn -0.3496 0.0929 0.9323
vn -0.3660 0.0649 0.9283
vn -0.3270 -0.0191 0.9448
vn -0.3486 0.0896 0.9330
vn -0.3184 0.0806 0.9445
vn -0.1868 -0.0235 0.9821
vn -0.2365 0.1120 0.9651
vn -0.1191 -0.0570 0.9912
vn -0.1108 0.1996 0.9736
vn 0.0308 0.0427 0.9986
vn -0.0628 0.2162 0.9743
vn 0.0562 0.0199 0.9982
vn -0.0967 0.1500 0.9839
vn 0.1413 -0.1356 0.9806
vn 0.0732 0.2796 0.9573
vn 0.3051 -0.0652 0.9501
vn 0.2222 0.3953 0.8913
vn 0.3843 0.0887 0.9190
vn 0.3614 0.4994 0.7874
vn 0.5033 0.2100 0.8382
vn 0.4593 0.5576 0.6915
vn 0.5914 0.2503 0.7666
vn 0.3075 0.8114 0.4970
vn 0.2180 0.7917 0.5707
vn -0.3504 0.0966 0.9316
vn -0.4141 0.1316 0.9007
vn -0.3602 0.2356 0.9027
vn -0.3452 0.2616 0.9013
vn -0.1920 0.3862 0.9022
vn -0.1875 0.3866 0.9030
vn -0.2966 0.4137 0.8608
vn -0.1806 0.5824 0.7926
vn 0.0259 0.6604 0.7505
vn 0.1650 0.7331 0.6598
vn 0.2802 0.8027 0.5264
vn -0.4746 0.2354 0.8482
vn -0.4325 0.2356 0.8703
vn -0.3437 0.6013 0.7214
vn -0.4155 0.5560 0.7199
vn 0.4769 0.1414 0.8675
vn 0.5041 0.1480 0.8508
vn 0.5236 0.2343 0.8191
vn 0.4783 0.1448 0.8662
vn 0.4623 0.1735 0.8696
vn 0.4247 0.3385 0.8397
vn 0.3857 0.2111 0.8981
vn 0.3918 0.4056 0.8259
vn 0.2404 0.2331 0.9423
vn 0.2203 0.4335 0.8738
vn 0.1934 0.2517 0.9483
vn 0.2124 0.4642 0.8599
vn 0.2590 0.2791 0.9247
vn 0.2250 0.6104 0.7595
vn 0.0464 0.2840 0.9577
vn 0.0485 0.6492 0.7591
vn -0.1529 0.2684 0.9511
vn -0.1067 0.5815 0.8065
vn -0.3479 0.2378 0.9069
vn -0.2890 0.5375 0.7922
vn -0.4832 0.2158 0.8485
vn -0.4002 0.5323 0.7460
vn -0.5535 -0.1301 0.8226
vn -0.4520 -0.1380 0.8813
vn 0.4755 0.1380 0.8688
vn 0.4986 0.0625 0.8646
vn 0.3997 0.0273 0.9162
vn 0.3729 0.0180 0.9277
vn 0.1838 0.0288 0.9826
vn 0.1802 0.0318 0.9831
vn 0.2409 -0.0709 0.9680
vn 0.0384 -0.1427 0.9890
vn -0.1794 -0.0879 0.9798
vn -0.3537 -0.0921 0.9308
vn -0.5191 -0.1278 0.8451
vn 0.4774 0.2228 0.8500
vn 0.4357 0.2209 0.8726
vn 0.4435 -0.1836 0.8773
vn 0.5023 -0.1267 0.8553
vn -0.4690 0.0879 0.8788
vn -0.4930 0.0693 0.8672
vn -0.4900 -0.0245 0.8714
vn -0.4696 0.0845 0.8788
vn -0.4472 0.0634 0.8922
vn -0.3700 -0.0866 0.9250
vn -0.3653 0.0586 0.9291
vn -0.3215 -0.1440 0.9359
vn -0.2211 0.0903 0.9711
vn -0.1507 -0.1103 0.9824
vn -0.1712 0.0873 0.9814
vn -0.1351 -0.1408 0.9808
vn -0.2274 0.0381 0.9731
vn -0.1079 -0.3127 0.9437
vn -0.0214 0.0965 0.9951
vn 0.0727 -0.3058 0.9493
vn 0.1686 0.1555 0.9734
vn 0.2051 -0.1903 0.9601
vn 0.3526 0.2126 0.9113
vn 0.3721 -0.1130 0.9213
vn 0.4811 0.2424 0.8425
vn 0.4807 -0.0994 0.8712
vn 0.4680 0.5589 0.6845
vn 0.3649 0.5642 0.7407
vn -0.4684 0.0917 0.8787
vn -0.5088 0.1522 0.8473
vn -0.4235 0.2268 0.8771
vn -0.4002 0.2456 0.8829
vn -0.2166 0.3018 0.9285
vn -0.2125 0.3003 0.9299
vn -0.2951 0.3720 0.8801
vn -0.1167 0.4922 0.8626
vn 0.1081 0.4916 0.8641
vn 0.2785 0.5182 0.8086
vn 0.4343 0.5570 0.7079
vn -0.6303 0.3943 0.6688
vn -0.6334 0.3516 0.6893
vn -0.2766 0.4015 0.8731
vn -0.3246 0.4553 0.8291
vn -0.4068 -0.5327 0.7421
vn -0.3821 -0.5538 0.7398
vn -0.3008 -0.5412 0.7853
vn -0.4035 -0.5327 0.7439
vn -0.3934 -0.5093 0.7654
vn -0.2836 -0.4192 0.8625
vn -0.4152 -0.4299 0.8017
vn -0.2433 -0.3658 0.8983
vn -0.4796 -0.2929 0.8271
vn -0.3148 -0.2028 0.9272
vn -0.4876 -0.2439 0.8383
vn -0.2889 -0.1841 0.9395
vn -0.4334 -0.2939 0.8519
vn -0.1230 -0.1367 0.9830
vn -0.5204 -0.0970 0.8484
vn -0.1539 0.0414 0.9872
vn -0.5866 0.0867 0.8052
vn -0.2776 0.1599 0.9473
vn -0.6328 0.2675 0.7267
vn -0.3499 0.3202 0.8804
vn -0.6449 0.3965 0.6534
vn -0.3533 0.4299 0.8309
vn -0.8556 0.3608 0.3712
vn -0.8723 0.2540 0.4177
vn -0.4102 -0.5326 0.7403
vn -0.4453 -0.5767 0.6849
vn -0.5351 -0.5018 0.6796
vn -0.5571 -0.4811 0.6768
vn -0.6496 -0.3077 0.6952
vn -0.6495 -0.3036 0.6972
vn -0.6813 -0.3899 0.6195
vn -0.8026 -0.2243 0.5527
vn -0.8303 -0.0012 0.5574
vn -0.8505 0.1689 0.4981
vn -0.8601 0.3259 0.3924
vn -0.6934 0.2506 0.6756
vn -0.6693 0.2255 0.7079
vn -0.3982 0.5219 0.7544
vn -0.4718 0.5196 0.7123
vn 0.0373 -0.3011 0.9529
vn 0.0694 -0.3053 0.9497
vn 0.1306 -0.2349 0.9632
vn 0.0398 -0.2987 0.9535
vn 0.0356 -0.2671 0.9630
vn 0.0778 -0.1027 0.9917
vn -0.0262 -0.2035 0.9787
vn 0.0813 -0.0270 0.9963
vn -0.1569 -0.1230 0.9799
vn -0.0700 0.0708 0.9950
vn -0.1912 -0.0857 0.9778
vn -0.0593 0.1031 0.9929
vn -0.1172 -0.0896 0.9890
vn 0.0495 0.2420 0.9690
vn -0.3034 0.0123 0.9528
vn -0.0798 0.3618 0.9288
vn -0.4677 0.0984 0.8784
vn -0.2519 0.3709 0.8939
vn -0.6168 0.1780 0.7668
vn -0.4091 0.4265 0.8067
vn -0.7075 0.2384 0.6653
vn -0.4799 0.4866 0.7300
vn -0.8758 -0.0135 0.4824
vn -0.8233 -0.0829 0.5616
vn 0.0342 -0.3036 0.9522
vn 0.0279 -0.3777 0.9255
vn -0.0889 -0.3697 0.9249
vn -0.1188 -0.3665 0.9228
vn -0.2942 -0.2761 0.9150
vn -0.2962 -0.2721 0.9155
vn -0.2767 -0.3853 0.8803
vn -0.4765 -0.3507 0.8062
vn -0.6296 -0.1955 0.7520
vn -0.7501 -0.1027 0.6534
vn -0.8575 -0.0333 0.5134
vn -0.0419 -0.4775 0.8776
vn -0.0592 -0.4377 0.8971
vn -0.4272 -0.5117 0.7455
vn -0.3570 -0.5593 0.7481
vn -0.3360 0.4318 0.8370
vn -0.3527 0.4530 0.8188
vn -0.4389 0.4344 0.7865
vn -0.3395 0.4317 0.8357
vn -0.3599 0.4054 0.8403
vn -0.4957 0.3032 0.8138
vn -0.3644 0.3220 0.8738
vn -0.5438 0.2454 0.8026
vn -0.3274 0.1830 0.9270
vn -0.5017 0.0803 0.8613
vn -0.3256 0.1329 0.9361
vn -0.5263 0.0601 0.8482
vn -0.3765 0.1806 0.9087
vn -0.6635 0.0072 0.7481
vn -0.2968 -0.0140 0.9549
vn -0.6286 -0.1699 0.7590
vn -0.2027 -0.1904 0.9606
vn -0.5054 -0.2820 0.8155
vn -0.0959 -0.3591 0.9284
vn -0.3919 -0.4319 0.8123
vn -0.0205 -0.4775 0.8784
vn -0.3419 -0.5343 0.7731
vn 0.3251 -0.4050 0.8546
vn 0.2907 -0.3056 0.9067
vn -0.3325 0.4319 0.8384
vn -0.2725 0.4829 0.8322
vn -0.2016 0.4095 0.8898
vn -0.1827 0.3893 0.9028
vn -0.1181 0.2153 0.9694
vn -0.1195 0.2109 0.9702
vn -0.0493 0.3065 0.9506
vn 0.0970 0.1512 0.9837
vn 0.1340 -0.0704 0.9885
vn 0.2083 -0.2311 0.9504
vn 0.3088 -0.3731 0.8749
vn -0.6460 -0.0020 0.7634
vn -0.6094 -0.0091 0.7928
vn -0.5039 0.3810 0.7752
vn -0.5722 0.3402 0.7462
vn 0.2839 -0.1235 0.9509
vn 0.3137 -0.1133 0.9427
vn 0.3365 -0.0223 0.9414
vn 0.2854 -0.1205 0.9508
vn 0.2681 -0.0930 0.9589
vn 0.2320 0.0747 0.9698
vn 0.1862 -0.0628 0.9805
vn 0.2005 0.1437 0.9691
vn 0.0342 -0.0503 0.9981
vn 0.0221 0.1619 0.9866
vn -0.0138 -0.0331 0.9994
vn 0.0161 0.1951 0.9807
vn 0.0545 -0.0019 0.9985
vn 0.0444 0.3635 0.9305
vn -0.1604 -0.0004 0.9870
vn -0.1294 0.4059 0.9047
vn -0.3536 -0.0081 0.9354
vn -0.2890 0.3318 0.8980
vn -0.5343 -0.0196 0.8451
vn -0.4629 0.2986 0.8346
vn -0.6539 -0.0205 0.7563
vn -0.5619 0.3098 0.7670
vn -0.7059 -0.3429 0.6198
vn -0.6183 -0.3700 0.6934
vn 0.2824 -0.1270 0.9509
vn 0.3084 -0.1989 0.9302
vn 0.2021 -0.2446 0.9483
vn 0.1738 -0.2559 0.9510
vn -0.0229 -0.2560 0.9664
vn -0.0265 -0.2533 0.9670
vn 0.0392 -0.3492 0.9362
vn -0.1608 -0.4183 0.8940
vn -0.3738 -0.3571 0.8560
vn -0.5342 -0.3425 0.7729
vn -0.6771 -0.3477 0.6486
vn 0.3831 -0.4811 0.7885
vn 0.3949 -0.4390 0.8071
vn 0.0145 -0.3731 0.9277
vn 0.0516 -0.4418 0.8956
vn 0.4204 0.4743 0.7735
vn 0.4033 0.5009 0.7658
vn 0.3158 0.5151 0.7968
vn 0.4170 0.4753 0.7747
vn 0.3976 0.4578 0.7952
vn 0.2532 0.4105 0.8760
vn 0.3903 0.3795 0.8388
vn 0.1946 0.3736 0.9069
vn 0.4089 0.2334 0.8822
vn 0.2120 0.2011 0.9563
vn 0.4010 0.1853 0.8971
vn 0.1804 0.1912 0.9648
vn 0.3617 0.2491 0.8984
vn 0.0032 0.1946 0.9809
vn 0.3893 0.0369 0.9204
vn -0.0182 0.0162 0.9997
vn 0.4070 -0.1613 0.8991
vn 0.0719 -0.1346 0.9883
vn 0.4121 -0.3546 0.8393
vn 0.1057 -0.3141 0.9435
vn 0.3986 -0.4887 0.7761
vn 0.0857 -0.4250 0.9011
vn 0.6518 -0.5387 0.5338
vn 0.6906 -0.4362 0.5769
vn 0.4237 0.4732 0.7724
vn 0.4780 0.5006 0.7217
vn 0.5429 0.4042 0.7361
vn 0.5584 0.3782 0.7384
vn 0.5945 0.1890 0.7816
vn 0.5929 0.1853 0.7836
vn 0.6593 0.2518 0.7084
vn 0.7380 0.0541 0.6726
vn 0.7008 -0.1668 0.6936
vn 0.6814 -0.3410 0.6477
vn 0.6626 -0.5044 0.5536
vn 0.4821 -0.3598 0.7988
vn 0.4614 -0.3262 0.8251
vn 0.1141 -0.5327 0.8385
vn 0.1910 -0.5545 0.8099
vn -0.0978 0.3921 0.9147
vn -0.1266 0.4044 0.9058
vn -0.2063 0.3548 0.9119
vn -0.1009 0.3907 0.9150
vn -0.1073 0.3602 0.9267
vn -0.1979 0.2168 0.9559
vn -0.0691 0.2841 0.9563
vn -0.2232 0.1456 0.9638
vn 0.0319 0.1721 0.9846
vn -0.1071 0.0111 0.9942
vn 0.0543 0.1270 0.9904
vn -0.1260 -0.0172 0.9919
vn -0.0164 0.1517 0.9883
vn -0.2644 -0.1235 0.9565
vn 0.1369 0.0006 0.9906
vn -0.1694 -0.2769 0.9459
vn 0.2798 -0.1334 0.9507
vn -0.0035 -0.3351 0.9422
vn 0.4159 -0.2606 0.8713
vn 0.1433 -0.4391 0.8870
vn 0.5005 -0.3528 0.7906
vn 0.2053 -0.5233 0.8271
vn 0.7590 -0.1744 0.6273
vn 0.7165 -0.0862 0.6922
vn -0.0941 0.3933 0.9146
vn -0.0632 0.4602 0.8855
vn 0.0454 0.4214 0.9058
vn 0.0731 0.4101 0.9091
vn 0.2150 0.2756 0.9369
vn 0.2158 0.2714 0.9380
vn 0.2345 0.3816 0.8941
vn 0.4254 0.2877 0.8581
vn 0.5352 0.0925 0.8396
vn 0.6385 -0.0386 0.7686
vn 0.7424 -0.1476 0.6535
vn 0.0383 0.5327 0.8455
vn 0.0405 0.4919 0.8697
vn 0.4332 0.4492 0.7814
vn 0.3798 0.5139 0.7692
vn 0.0678 -0.4215 0.9043
vn 0.0805 -0.4480 0.8904
vn 0.1724 -0.4566 0.8728
vn 0.0713 -0.4226 0.9035
vn 0.0974 -0.4024 0.9103
vn 0.2588 -0.3434 0.9028
vn 0.1199 -0.3204 0.9397
vn 0.3223 -0.3021 0.8971
vn 0.1156 -0.1720 0.9783
vn 0.3197 -0.1269 0.9390
vn 0.1266 -0.1226 0.9843
vn 0.3507 -0.1154 0.9293
vn 0.1657 -0.1847 0.9687
vn 0.5110 -0.1113 0.8523
vn 0.1376 0.0276 0.9901
vn 0.5260 0.0688 0.8477
vn 0.0972 0.2225 0.9701
vn 0.4321 0.2149 0.8759
vn 0.0484 0.4097 0.9109
vn 0.3672 0.3887 0.8450
vn 0.0180 0.5385 0.8424
vn 0.3546 0.4964 0.7924
vn -0.3261 0.5593 0.7621
vn -0.3295 0.4600 0.8245
vn 0.0643 -0.4203 0.9051
vn -0.0059 -0.4538 0.8911
vn -0.0613 -0.3591 0.9313
vn -0.0756 -0.3334 0.9398
vn -0.0982 -0.1426 0.9849
vn -0.0958 -0.1387 0.9857
vn -0.1861 -0.2135 0.9591
vn -0.2862 -0.0222 0.9579
vn -0.2597 0.2005 0.9446
vn -0.2791 0.3708 0.8858
vn -0.3228 0.5264 0.7866
vn -0.5128 -0.2322 0.8265
vn -0.4754 -0.2184 0.8522
vn -0.5706 0.1717 0.8031
vn -0.6129 0.1009 0.7837
vn 0.3725 0.1170 0.9206
vn 0.3932 0.1393 0.9088
vn 0.3695 0.2298 0.9004
vn 0.3723 0.1205 0.9202
vn 0.3446 0.1372 0.9287
vn 0.2336 0.2684 0.9346
vn 0.2599 0.1272 0.9572
vn 0.1730 0.3140 0.9335
vn 0.1220 0.0683 0.9902
vn 0.0092 0.2476 0.9688
vn 0.0719 0.0609 0.9956
vn -0.0123 0.2733 0.9619
vn 0.1167 0.1204 0.9858
vn -0.0714 0.4295 0.9003
vn -0.0730 0.0193 0.9971
vn -0.2456 0.3822 0.8908
vn -0.2420 -0.0833 0.9667
vn -0.3504 0.2415 0.9049
vn -0.4010 -0.1872 0.8967
vn -0.4912 0.1244 0.8621
vn -0.5113 -0.2529 0.8213
vn -0.5879 0.0811 0.8049
vn -0.4122 -0.5733 0.7081
vn -0.3175 -0.5487 0.7733
vn 0.3729 0.1132 0.9209
vn 0.4286 0.0604 0.9015
vn 0.3585 -0.0279 0.9331
vn 0.3393 -0.0508 0.9393
vn 0.1681 -0.1420 0.9755
vn 0.1637 -0.1413 0.9763
vn 0.2650 -0.1973 0.9439
vn 0.1199 -0.3562 0.9267
vn -0.0984 -0.4066 0.9083
vn -0.2515 -0.4773 0.8420
vn -0.3827 -0.5612 0.7339
vn 0.6191 -0.1654 0.7677
vn 0.6106 -0.1212 0.7826
vn 0.2542 -0.2308 0.9392
vn 0.3174 -0.2767 0.9070
vn 0.1943 0.6886 0.6987
vn 0.1660 0.7031 0.6914
vn 0.0847 0.6774 0.7308
vn 0.1908 0.6881 0.7001
vn 0.1836 0.6654 0.7236
vn 0.0854 0.5637 0.8216
vn 0.2177 0.5975 0.7717
vn 0.0537 0.5068 0.8604
vn 0.3067 0.4824 0.8205
vn 0.1548 0.3685 0.9166
vn 0.3237 0.4380 0.8387
vn 0.1323 0.3458 0.9289
vn 0.2589 0.4755 0.8408
vn -0.0234 0.2668 0.9635
vn 0.3860 0.3044 0.8708
vn 0.0445 0.1021 0.9938
vn 0.4948 0.1370 0.8581
vn 0.1946 0.0112 0.9808
vn 0.5876 -0.0359 0.8084
vn 0.3069 -0.1347 0.9422
vn 0.6355 -0.1659 0.7540
vn 0.3396 -0.2454 0.9080
vn 0.8647 -0.1139 0.4893
vn 0.8526 -0.0017 0.5226
vn 0.1977 0.6891 0.6972
vn 0.2287 0.7337 0.6398
vn 0.3325 0.6812 0.6523
vn 0.3586 0.6658 0.6543
vn 0.4836 0.5211 0.7033
vn 0.4841 0.5174 0.7057
vn 0.5053 0.5997 0.6205
vn 0.6663 0.4598 0.5870
vn 0.7407 0.2507 0.6233
vn 0.8038 0.0844 0.5889
vn 0.8591 -0.0769 0.5060
vn 0.6486 -0.0113 0.7611
vn 0.6161 0.0111 0.7876
vn 0.4116 -0.3324 0.8486
vn 0.4875 -0.3181 0.8131
vn -0.2107 0.3862 0.8980
vn -0.2424 0.3825 0.8916
vn -0.2881 0.3020 0.9087
vn -0.2127 0.3835 0.8987
vn -0.2030 0.3547 0.9127
vn -0.2118 0.1892 0.9588
vn -0.1311 0.3090 0.9420
vn -0.1994 0.1156 0.9731
vn 0.0128 0.2610 0.9653
vn -0.0314 0.0553 0.9980
vn 0.0544 0.2325 0.9711
vn -0.0345 0.0214 0.9992
vn -0.0195 0.2207 0.9751
vn -0.1074 -0.1404 0.9842
vn 0.1871 0.1605 0.9691
vn 0.0484 -0.2313 0.9717
vn 0.3736 0.1065 0.9215
vn 0.2213 -0.2046 0.9535
vn 0.5481 0.0515 0.8348
vn 0.3957 -0.2320 0.8886
vn 0.6608 0.0027 0.7506
vn 0.4862 -0.2824 0.8270
vn 0.7908 0.2650 0.5517
vn 0.7158 0.3287 0.6160
vn -0.2082 0.3891 0.8973
vn -0.2151 0.4594 0.8618
vn -0.0999 0.4783 0.8725
vn -0.0701 0.4818 0.8735
vn 0.1204 0.4334 0.8931
vn 0.1232 0.4301 0.8944
vn 0.0840 0.5313 0.8430
vn 0.2936 0.5353 0.7920
vn 0.4818 0.4141 0.7723
vn 0.6300 0.3411 0.6977
vn 0.7652 0.2833 0.5781
vn -0.1634 0.5667 0.8076
vn -0.1403 0.5343 0.8336
vn 0.2181 0.6732 0.7065
vn 0.1395 0.7037 0.6967
vn 0.3224 -0.2505 0.9129
vn 0.3453 -0.2691 0.8991
vn 0.4287 -0.2350 0.8724
vn 0.3259 -0.2498 0.9118
vn 0.3396 -0.2192 0.9147
vn 0.4523 -0.0922 0.8871
vn 0.3222 -0.1338 0.9372
vn 0.4878 -0.0265 0.8725
vn 0.2501 -0.0019 0.9682
vn 0.4047 0.1299 0.9052
vn 0.2365 0.0470 0.9705
vn 0.4256 0.1537 0.8917
vn 0.2994 0.0096 0.9541
vn 0.5588 0.2254 0.7981
vn 0.1748 0.1846 0.9671
vn 0.4856 0.3899 0.7824
vn 0.0449 0.3345 0.9413
vn 0.3354 0.4764 0.8127
vn -0.0913 0.4699 0.8780
vn 0.1935 0.5953 0.7798
vn -0.1841 0.5620 0.8064
vn 0.1274 0.6787 0.7233
vn -0.5009 0.4104 0.7620
vn -0.4522 0.3277 0.8296
vn 0.3188 -0.2512 0.9139
vn 0.2724 -0.3149 0.9092
vn 0.1813 -0.2538 0.9501
vn 0.1572 -0.2372 0.9587
vn 0.0493 -0.0763 0.9959
vn 0.0496 -0.0717 0.9962
vn 0.0044 -0.1823 0.9832
vn -0.1748 -0.0618 0.9827
vn -0.2589 0.1447 0.9550
vn -0.3612 0.2791 0.8897
vn -0.4806 0.3855 0.7877
vn -0.4742 -0.2540 0.8430
vn -0.4349 -0.2429 0.8671
vn -0.5172 0.1524 0.8422
vn -0.5632 0.0843 0.8220
vn 0.4281 0.0571 0.9019
vn 0.4490 0.0792 0.8900
vn 0.4285 0.1708 0.8872
vn 0.4281 0.0604 0.9017
vn 0.4016 0.0780 0.9125
vn 0.2964 0.2127 0.9311
vn 0.3183 0.0697 0.9454
vn 0.2377 0.2606 0.9357
vn 0.1803 0.0143 0.9835
vn 0.0737 0.1985 0.9773
vn 0.1303 0.0085 0.9914
vn 0.0529 0.2253 0.9729
vn 0.1768 0.0667 0.9820
vn -0.0034 0.3864 0.9223
vn -0.0159 -0.0277 0.9995
vn -0.1796 0.3461 0.9208
vn -0.1903 -0.1224 0.9741
vn -0.2889 0.2089 0.9343
vn -0.3569 -0.2168 0.9086
vn -0.4365 0.0994 0.8942
vn -0.4738 -0.2745 0.8367
vn -0.5378 0.0625 0.8407
vn -0.3941 -0.5922 0.7028
vn -0.2950 -0.5745 0.7635
vn 0.4283 0.0533 0.9021
vn 0.4808 -0.0004 0.8769
vn 0.4092 -0.0876 0.9082
vn 0.3895 -0.1100 0.9144
vn 0.2171 -0.1965 0.9562
vn 0.2128 -0.1957 0.9573
vn 0.3097 -0.2538 0.9163
vn 0.1577 -0.4062 0.9001
vn -0.0631 -0.4475 0.8921
vn -0.2225 -0.5091 0.8315
vn -0.3627 -0.5825 0.7274
vn 0.6543 -0.2263 0.7216
vn 0.6484 -0.1825 0.7391
vn 0.2973 -0.2865 0.9108
vn 0.3568 -0.3332 0.8728
vn 0.2606 0.6452 0.7182
vn 0.2326 0.6611 0.7133
vn 0.1527 0.6365 0.7560
vn 0.2573 0.6448 0.7197
vn 0.2505 0.6212 0.7425
vn 0.1540 0.5185 0.8411
vn 0.2845 0.5498 0.7853
vn 0.1223 0.4609 0.8790
vn 0.3715 0.4292 0.8233
vn 0.2208 0.3163 0.9226
vn 0.3877 0.3833 0.8383
vn 0.1981 0.2939 0.9351
vn 0.3246 0.4231 0.8459
vn 0.0417 0.2191 0.9748
vn 0.4464 0.2461 0.8603
vn 0.1045 0.0507 0.9932
vn 0.5475 0.0757 0.8334
vn 0.2499 -0.0449 0.9672
vn 0.6304 -0.0978 0.7701
vn 0.3540 -0.1927 0.9152
vn 0.6699 -0.2267 0.7070
vn 0.3802 -0.3028 0.8739
vn 0.8856 -0.1702 0.4321
vn 0.8799 -0.0594 0.4715
vn 0.2640 0.6455 0.7167
vn 0.2935 0.6919 0.6596
vn 0.3955 0.6350 0.6635
vn 0.4212 0.6186 0.6633
vn 0.5429 0.4671 0.6979
vn 0.5434 0.4633 0.7001
vn 0.5630 0.5489 0.6179
vn 0.7162 0.4050 0.5684
vn 0.7841 0.1918 0.5903
vn 0.8385 0.0252 0.5443
vn 0.8825 -0.1338 0.4509
vn 0.6895 -0.0733 0.7205
vn 0.6596 -0.0512 0.7499
vn 0.4454 -0.3892 0.8063
vn 0.5195 -0.3760 0.7673
vn -0.1442 0.3484 0.9262
vn -0.1763 0.3463 0.9214
vn -0.2241 0.2669 0.9373
vn -0.1462 0.3457 0.9269
vn -0.1369 0.3161 0.9388
vn -0.1497 0.1489 0.9775
vn -0.0654 0.2662 0.9617
vn -0.1394 0.0742 0.9875
vn 0.0776 0.2118 0.9742
vn 0.0272 0.0065 0.9996
vn 0.1183 0.1816 0.9762
vn 0.0227 -0.0272 0.9994
vn 0.0443 0.1723 0.9840
vn -0.0572 -0.1853 0.9810
vn 0.2477 0.1050 0.9631
vn 0.0939 -0.2811 0.9551
vn 0.4289 0.0466 0.9021
vn 0.2664 -0.2599 0.9282
vn 0.5959 -0.0104 0.8030
vn 0.4356 -0.2905 0.8520
vn 0.7016 -0.0592 0.7101
vn 0.5204 -0.3410 0.7829
vn 0.8306 0.2076 0.5167
vn 0.7620 0.2706 0.5883
vn -0.1416 0.3513 0.9255
vn -0.1476 0.4235 0.8938
vn -0.0314 0.4376 0.8986
vn -0.0014 0.4399 0.8980
vn 0.1878 0.3836 0.9042
vn 0.1905 0.3801 0.9051
vn 0.1524 0.4851 0.8611
vn 0.3589 0.4839 0.7981
vn 0.5407 0.3570 0.7617
vn 0.6814 0.2825 0.6752
vn 0.8073 0.2256 0.5453
vn -0.0948 0.5314 0.8418
vn -0.0716 0.4970 0.8648
vn 0.2842 0.6286 0.7239
vn 0.2065 0.6624 0.7202
vn 0.3632 -0.3075 0.8795
vn 0.3845 -0.3263 0.8636
vn 0.4674 -0.2941 0.8337
vn 0.3665 -0.3070 0.8783
vn 0.3816 -0.2769 0.8818
vn 0.4976 -0.1531 0.8538
vn 0.3689 -0.1922 0.9094
vn 0.5348 -0.0880 0.8404
vn 0.3040 -0.0595 0.9508
vn 0.4599 0.0696 0.8852
vn 0.2926 -0.0102 0.9562
vn 0.4810 0.0931 0.8717
vn 0.3528 -0.0491 0.9344
vn 0.6114 0.1644 0.7740
vn 0.2363 0.1295 0.9630
vn 0.5441 0.3320 0.7706
vn 0.1112 0.2852 0.9520
vn 0.3994 0.4225 0.8136
vn -0.0229 0.4286 0.9032
vn 0.2606 0.5482 0.7947
vn -0.1158 0.5274 0.8417
vn 0.1949 0.6366 0.7462
vn -0.4404 0.3902 0.8086
vn -0.3913 0.3026 0.8691
vn 0.3598 -0.3080 0.8807
vn 0.3106 -0.3696 0.8757
vn 0.2244 -0.3074 0.9248
vn 0.2014 -0.2904 0.9355
vn 0.1023 -0.1276 0.9865
vn 0.1028 -0.1230 0.9871
vn 0.0525 -0.2312 0.9715
vn -0.1214 -0.1042 0.9871
vn -0.1987 0.1064 0.9743
vn -0.2991 0.2476 0.9216
vn -0.4197 0.3632 0.8318
vn -0.4779 0.1260 0.8693
vn -0.4379 0.1139 0.8918
vn -0.2790 0.4810 0.8311
vn -0.3571 0.4510 0.8180
vn 0.4406 -0.1397 0.8868
vn 0.4695 -0.1347 0.8726
vn 0.5054 -0.0486 0.8615
vn 0.4425 -0.1369 0.8863
vn 0.4316 -0.1067 0.8958
vn 0.4246 0.0649 0.9031
vn 0.3610 -0.0630 0.9304
vn 0.4046 0.1381 0.9040
vn 0.2191 -0.0254 0.9754
vn 0.2379 0.1855 0.9534
vn 0.1756 -0.0006 0.9845
vn 0.2360 0.2191 0.9467
vn 0.2464 0.0191 0.9690
vn 0.2796 0.3791 0.8821
vn 0.0361 0.0552 0.9978
vn 0.1127 0.4483 0.8867
vn -0.1622 0.0775 0.9837
vn -0.0545 0.4010 0.9144
vn -0.3566 0.0929 0.9296
vn -0.2404 0.3948 0.8868
vn -0.4898 0.1088 0.8650
vn -0.3478 0.4199 0.8383
vn -0.6164 -0.2048 0.7604
vn -0.5215 -0.2436 0.8178
vn 0.4386 -0.1430 0.8872
vn 0.4487 -0.2187 0.8665
vn 0.3422 -0.2459 0.9069
vn 0.3136 -0.2523 0.9154
vn 0.1260 -0.2199 0.9674
vn 0.1230 -0.2166 0.9685
vn 0.1660 -0.3227 0.9318
vn -0.0467 -0.3596 0.9319
vn -0.2509 -0.2659 0.9308
vn -0.4203 -0.2277 0.8784
vn -0.5836 -0.2134 0.7835
vn 0.4501 -0.5133 0.7307
vn 0.4716 -0.4732 0.7441
vn 0.1367 -0.3426 0.9295
vn 0.1558 -0.4174 0.8952
vn 0.6305 0.4225 0.6512
vn 0.6165 0.4513 0.6452
vn 0.5400 0.4805 0.6911
vn 0.6276 0.4242 0.6528
vn 0.6100 0.4105 0.6777
vn 0.4786 0.3897 0.7868
vn 0.5995 0.3358 0.7266
vn 0.4221 0.3639 0.8303
vn 0.6034 0.1900 0.7745
vn 0.4221 0.1924 0.8859
vn 0.5912 0.1443 0.7935
vn 0.3915 0.1881 0.9007
vn 0.5631 0.2137 0.7983
vn 0.2235 0.2207 0.9494
vn 0.5615 0.0004 0.8275
vn 0.1789 0.0487 0.9827
vn 0.5441 -0.1985 0.8152
vn 0.2407 -0.1149 0.9638
vn 0.5076 -0.3917 0.7674
vn 0.2371 -0.2989 0.9244
vn 0.4616 -0.5237 0.7160
vn 0.1925 -0.4063 0.8932
vn 0.6522 -0.6214 0.4342
vn 0.7138 -0.5254 0.4631
vn 0.6334 0.4207 0.6495
vn 0.6803 0.4374 0.5881
vn 0.7311 0.3323 0.5959
vn 0.7426 0.3042 0.5967
vn 0.7568 0.1130 0.6438
vn 0.7551 0.1097 0.6464
vn 0.8150 0.1622 0.5562
vn 0.8539 -0.0467 0.5184
vn 0.7879 -0.2578 0.5592
vn 0.7334 -0.4278 0.5284
vn 0.6717 -0.5888 0.4495
vn 0.5668 -0.4094 0.7150
vn 0.5570 -0.3720 0.7425
vn 0.1913 -0.5189 0.8331
vn 0.2569 -0.5538 0.7920
vn 0.1432 0.4300 0.8914
vn 0.1155 0.4466 0.8873
vn 0.0318 0.4108 0.9112
vn 0.1401 0.4291 0.8923
vn 0.1314 0.4004 0.9069
vn 0.0272 0.2746 0.9612
vn 0.1625 0.3201 0.9334
vn -0.0067 0.2087 0.9780
vn 0.2485 0.1939 0.9490
vn 0.0909 0.0581 0.9942
vn 0.2645 0.1460 0.9533
vn 0.0679 0.0332 0.9971
vn 0.1994 0.1818 0.9629
vn -0.0895 -0.0501 0.9947
vn 0.3250 0.0078 0.9457
vn -0.0231 -0.2172 0.9758
vn 0.4351 -0.1487 0.8880
vn 0.1279 -0.3018 0.9447
vn 0.5320 -0.2986 0.7924
vn 0.2434 -0.4299 0.8695
vn 0.5841 -0.4058 0.7030
vn 0.2788 -0.5248 0.8043
vn 0.8302 -0.2769 0.4838
vn 0.8153 -0.1808 0.5501
vn 0.1470 0.4307 0.8904
vn 0.1815 0.4907 0.8522
vn 0.2847 0.4353 0.8541
vn 0.3105 0.4197 0.8529
vn 0.4326 0.2648 0.8618
vn 0.4329 0.2605 0.8630
vn 0.4595 0.3648 0.8098
vn 0.6230 0.2400 0.7445
vn 0.6958 0.0291 0.7177
vn 0.7619 -0.1189 0.6367
vn 0.8234 -0.2469 0.5110
vn 0.2833 0.5443 0.7896
vn 0.2839 0.5044 0.8155
vn 0.6406 0.3957 0.6581
vn 0.5964 0.4679 0.6522
vn 0.1763 -0.3998 0.8995
vn 0.1818 -0.4285 0.8851
vn 0.2661 -0.4524 0.8512
vn 0.1795 -0.4013 0.8982
vn 0.2091 -0.3855 0.8987
vn 0.3731 -0.3540 0.8576
vn 0.2493 -0.3075 0.9183
vn 0.4399 -0.3236 0.8377
vn 0.2755 -0.1592 0.9480
vn 0.4725 -0.1491 0.8686
vn 0.2948 -0.1122 0.9489
vn 0.5025 -0.1431 0.8527
vn 0.3201 -0.1802 0.9301
vn 0.6434 -0.1674 0.7470
vn 0.3299 0.0344 0.9434
vn 0.6848 0.0076 0.7287
vn 0.3168 0.2326 0.9195
vn 0.6217 0.1677 0.7651
vn 0.2868 0.4233 0.8594
vn 0.5797 0.3488 0.7364
vn 0.2639 0.5533 0.7901
vn 0.5738 0.4555 0.6806
vn -0.0818 0.6274 0.7744
vn -0.0883 0.5318 0.8422
vn 0.1732 -0.3982 0.9008
vn 0.0973 -0.4201 0.9022
vn 0.0661 -0.3163 0.9464
vn 0.0579 -0.2884 0.9558
vn 0.0741 -0.0953 0.9927
vn 0.0772 -0.0918 0.9928
vn -0.0270 -0.1516 0.9881
vn -0.0947 0.0533 0.9941
vn -0.0373 0.2683 0.9626
vn -0.0413 0.4375 0.8983
vn -0.0789 0.5951 0.7997
vn -0.0667 -0.5980 0.7987
vn -0.0551 -0.5609 0.8260
vn -0.4305 -0.4118 0.8032
vn -0.3981 -0.4860 0.7780
vn 0.1638 0.3204 0.9330
vn 0.1570 0.3507 0.9232
vn 0.0691 0.3839 0.9208
vn 0.1608 0.3222 0.9329
vn 0.1316 0.3087 0.9420
vn -0.0391 0.2932 0.9553
vn 0.0923 0.2322 0.9683
vn -0.1113 0.2699 0.9564
vn 0.0624 0.0840 0.9945
vn -0.1499 0.0961 0.9840
vn 0.0397 0.0385 0.9985
vn -0.1836 0.0937 0.9785
vn 0.0166 0.1098 0.9938
vn -0.3481 0.1385 0.9272
vn -0.0099 -0.1038 0.9945
vn -0.4105 -0.0304 0.9114
vn -0.0251 -0.2991 0.9539
vn -0.3555 -0.1975 0.9136
vn -0.0355 -0.4847 0.8740
vn -0.3433 -0.3774 0.8601
vn -0.0492 -0.6084 0.7921
vn -0.3665 -0.4781 0.7982
vn 0.2638 -0.7052 0.6581
vn 0.3015 -0.6174 0.7265
vn 0.1671 0.3186 0.9330
vn 0.2413 0.3348 0.9109
vn 0.2745 0.2250 0.9349
vn 0.2824 0.1958 0.9391
vn 0.2598 0.0017 0.9657
vn 0.2567 -0.0016 0.9665
vn 0.3592 0.0507 0.9319
vn 0.4043 -0.1581 0.9009
vn 0.3185 -0.3643 0.8751
vn 0.2846 -0.5263 0.8013
vn 0.2722 -0.6756 0.6852
vn 0.5290 0.3679 0.7647
vn 0.4887 0.3856 0.7826
vn 0.3801 0.0229 0.9247
vn 0.4524 0.0499 0.8904
vn -0.4158 0.5156 0.7492
vn -0.4443 0.5013 0.7425
vn -0.4682 0.4178 0.7786
vn -0.4171 0.5122 0.7508
vn -0.4018 0.4922 0.7722
vn -0.3708 0.3480 0.8610
vn -0.3245 0.4783 0.8160
vn -0.3408 0.2873 0.8952
vn -0.1769 0.4822 0.8580
vn -0.1670 0.2873 0.9432
vn -0.1299 0.4695 0.8733
vn -0.1609 0.2552 0.9534
vn -0.1979 0.4380 0.8769
vn -0.1846 0.0808 0.9795
vn 0.0164 0.4419 0.8969
vn -0.0097 0.0399 0.9992
vn 0.2151 0.4353 0.8742
vn 0.1504 0.1110 0.9824
vn 0.4071 0.4144 0.8139
vn 0.3323 0.1211 0.9354
vn 0.5383 0.3819 0.7513
vn 0.4398 0.0860 0.8940
vn 0.6153 0.6135 0.4950
vn 0.5184 0.6662 0.5362
vn -0.4144 0.5190 0.7476
vn -0.4356 0.5730 0.6942
vn -0.3322 0.6268 0.7048
vn -0.3045 0.6392 0.7062
vn -0.1120 0.6553 0.7470
vn -0.1086 0.6534 0.7492
vn -0.1676 0.7228 0.6704
vn 0.0378 0.7758 0.6299
vn 0.2529 0.7144 0.6525
vn 0.4233 0.6723 0.6074
vn 0.5827 0.6293 0.5143
vn 0.4200 0.4810 0.7695
vn 0.3844 0.4659 0.7970
vn 0.5494 0.0982 0.8298
vn 0.5797 0.1702 0.7968
vn -0.3931 0.0001 0.9195
vn -0.4088 -0.0276 0.9122
vn -0.3687 -0.1122 0.9228
vn -0.3919 -0.0032 0.9200
vn -0.3624 -0.0125 0.9319
vn -0.2302 -0.1174 0.9660
vn -0.2822 0.0182 0.9592
vn -0.1624 -0.1503 0.9752
vn -0.1589 0.1069 0.9815
vn -0.0151 -0.0492 0.9987
vn -0.1114 0.1242 0.9860
vn 0.0107 -0.0713 0.9974
vn -0.1442 0.0568 0.9879
vn 0.1000 -0.2229 0.9697
vn 0.0237 0.1914 0.9812
vn 0.2633 -0.1472 0.9534
vn 0.1730 0.3153 0.9331
vn 0.3404 0.0104 0.9402
vn 0.3145 0.4309 0.8458
vn 0.4602 0.1406 0.8766
vn 0.4152 0.4995 0.7603
vn 0.5505 0.1889 0.8132
vn 0.2668 0.7675 0.5829
vn 0.1746 0.7394 0.6503
vn -0.3941 0.0039 0.9190
vn -0.4572 0.0406 0.8884
vn -0.4057 0.1449 0.9025
vn -0.3912 0.1712 0.9042
vn -0.2409 0.2979 0.9237
vn -0.2365 0.2982 0.9248
vn -0.3442 0.3271 0.8801
vn -0.2290 0.5035 0.8331
vn -0.0225 0.5886 0.8081
vn 0.1189 0.6717 0.7312
vn 0.2384 0.7556 0.6101
vn -0.5174 0.1474 0.8430
vn -0.4764 0.1463 0.8670
vn -0.3891 0.5258 0.7564
vn -0.4597 0.4796 0.7474
vn 0.4341 0.0688 0.8982
vn 0.4619 0.0776 0.8835
vn 0.4809 0.1668 0.8608
vn 0.4354 0.0723 0.8973
vn 0.4187 0.1008 0.9025
vn 0.3789 0.2673 0.8860
vn 0.3401 0.1343 0.9307
vn 0.3451 0.3348 0.8768
vn 0.1925 0.1495 0.9698
vn 0.1711 0.3549 0.9191
vn 0.1448 0.1664 0.9754
vn 0.1632 0.3865 0.9078
vn 0.2109 0.1971 0.9574
vn 0.1771 0.5415 0.8218
vn -0.0031 0.1952 0.9808
vn -0.0001 0.5772 0.8166
vn -0.2015 0.1767 0.9634
vn -0.1558 0.5026 0.8504
vn -0.3936 0.1468 0.9075
vn -0.3362 0.4568 0.8236
vn -0.5256 0.1278 0.8411
vn -0.4451 0.4539 0.7720
vn -0.5869 -0.2155 0.7804
vn -0.4880 -0.2269 0.8428
vn 0.4328 0.0654 0.8991
vn 0.4578 -0.0088 0.8890
vn 0.3574 -0.0504 0.9326
vn 0.3302 -0.0611 0.9419
vn 0.1386 -0.0587 0.9886
vn 0.1350 -0.0559 0.9893
vn 0.1985 -0.1557 0.9677
vn -0.0031 -0.2327 0.9725
vn -0.2214 -0.1812 0.9582
vn -0.3931 -0.1839 0.9009
vn -0.5537 -0.2146 0.8046
vn 0.5183 0.0332 0.8545
vn 0.4772 0.0327 0.8782
vn 0.4363 -0.3659 0.8220
vn 0.5012 -0.3136 0.8065
vn -0.4366 0.0057 0.8996
vn -0.4630 -0.0080 0.8863
vn -0.4712 -0.1010 0.8762
vn -0.4377 0.0023 0.8991
vn -0.4176 -0.0229 0.9083
vn -0.3584 -0.1841 0.9152
vn -0.3361 -0.0427 0.9408
vn -0.3169 -0.2476 0.9156
vn -0.1883 -0.0347 0.9815
vn -0.1423 -0.2415 0.9599
vn -0.1390 -0.0450 0.9893
vn -0.1305 -0.2729 0.9531
vn -0.2008 -0.0855 0.9759
vn -0.1250 -0.4391 0.8897
vn 0.0111 -0.0553 0.9984
vn 0.0552 -0.4540 0.8893
vn 0.2063 -0.0162 0.9784
vn 0.2007 -0.3577 0.9120
vn 0.3945 0.0281 0.9185
vn 0.3749 -0.2952 0.8788
vn 0.5242 0.0532 0.8499
vn 0.4833 -0.2867 0.8272
vn 0.5459 0.3895 0.7418
vn 0.4453 0.3980 0.8021
vn -0.4356 0.0094 0.9001
vn -0.4689 0.0783 0.8798
vn -0.3748 0.1370 0.9169
vn -0.3493 0.1519 0.9246
vn -0.1594 0.1788 0.9709
vn -0.1555 0.1767 0.9719
vn -0.2298 0.2643 0.9367
vn -0.0388 0.3644 0.9305
vn 0.1843 0.3375 0.9231
vn 0.3556 0.3524 0.8656
vn 0.5128 0.3879 0.7659
vn -0.5642 0.3573 0.7443
vn -0.5721 0.3125 0.7583
vn -0.2081 0.2921 0.9335
vn -0.2502 0.3572 0.8999
vn -0.4523 -0.5895 0.6692
vn -0.4304 -0.6127 0.6628
vn -0.3473 -0.6168 0.7063
vn -0.4491 -0.5904 0.6706
vn -0.4357 -0.5717 0.6952
vn -0.3139 -0.5108 0.8003
vn -0.4471 -0.4969 0.7438
vn -0.2667 -0.4686 0.8422
vn -0.4940 -0.3589 0.7919
vn -0.3175 -0.3049 0.8979
vn -0.4958 -0.3115 0.8107
vn -0.2893 -0.2913 0.9118
vn -0.4477 -0.3689 0.8145
vn -0.1180 -0.2706 0.9554
vn -0.5105 -0.1651 0.8439
vn -0.1272 -0.0930 0.9875
vn -0.5551 0.0295 0.8313
vn -0.2366 0.0438 0.9706
vn -0.5808 0.2242 0.7826
vn -0.2905 0.2197 0.9313
vn -0.5788 0.3635 0.7300
vn -0.2817 0.3354 0.8990
vn -0.7981 0.3960 0.4541
vn -0.8266 0.2860 0.4847
vn -0.4555 -0.5887 0.6678
vn -0.4969 -0.6195 0.6077
vn -0.5772 -0.5349 0.6171
vn -0.5967 -0.5116 0.6183
vn -0.6673 -0.3334 0.6660
vn -0.6665 -0.3298 0.6686
vn -0.7101 -0.3989 0.5802
vn -0.8121 -0.2121 0.5437
vn -0.8126 0.0094 0.5828
vn -0.8135 0.1877 0.5504
vn -0.8063 0.3591 0.4700
vn -0.6440 0.2225 0.7319
vn -0.6225 0.1902 0.7592
vn -0.3168 0.4425 0.8389
vn -0.3910 0.4553 0.7999
vn 0.0207 -0.4458 0.8949
vn 0.0520 -0.4532 0.8899
vn 0.1214 -0.3933 0.9113
vn 0.0234 -0.4439 0.8958
vn 0.0233 -0.4139 0.9100
vn 0.0856 -0.2619 0.9613
vn -0.0301 -0.3468 0.9375
vn 0.0982 -0.1886 0.9771
vn -0.1501 -0.2528 0.9558
vn -0.0402 -0.0749 0.9964
vn -0.1797 -0.2119 0.9606
vn -0.0258 -0.0442 0.9987
vn -0.1065 -0.2261 0.9683
vn 0.0984 0.0832 0.9917
vn -0.2798 -0.0990 0.9549
vn -0.0164 0.2219 0.9749
vn -0.4341 0.0160 0.9007
vn -0.1869 0.2561 0.9484
vn -0.5748 0.1284 0.8082
vn -0.3380 0.3421 0.8767
vn -0.6597 0.2137 0.7205
vn -0.4027 0.4211 0.8127
vn -0.8609 0.0140 0.5087
vn -0.8154 -0.0723 0.5743
vn 0.0173 -0.4477 0.8940
vn 0.0017 -0.5158 0.8567
vn -0.1134 -0.4944 0.8618
vn -0.1428 -0.4875 0.8614
vn -0.3061 -0.3773 0.8740
vn -0.3077 -0.3732 0.8753
vn -0.3026 -0.4811 0.8228
vn -0.4983 -0.4127 0.7625
vn -0.6327 -0.2344 0.7381
vn -0.7432 -0.1143 0.6592
vn -0.8444 -0.0123 0.5356
vn -0.0806 -0.5983 0.7972
vn -0.0926 -0.5603 0.8231
vn -0.4698 -0.5671 0.6765
vn -0.4059 -0.6224 0.6692
vn -0.2641 0.3342 0.9047
vn -0.2785 0.3597 0.8905
vn -0.3671 0.3564 0.8592
vn -0.2676 0.3346 0.9035
vn -0.2910 0.3106 0.9049
vn -0.4386 0.2301 0.8687
vn -0.3048 0.2242 0.9257
vn -0.4935 0.1806 0.8508
vn -0.2836 0.0752 0.9560
vn -0.4704 0.0048 0.8825
vn -0.2876 0.0245 0.9574
vn -0.4975 -0.0102 0.8674
vn -0.3331 0.0814 0.9394
vn -0.6421 -0.0310 0.7660
vn -0.2764 -0.1258 0.9528
vn -0.6286 -0.2104 0.7488
vn -0.2041 -0.3107 0.9284
vn -0.5185 -0.3434 0.7831
vn -0.1190 -0.4837 0.8671
vn -0.4240 -0.5032 0.7530
vn -0.0595 -0.6010 0.7971
vn -0.3874 -0.6034 0.6970
vn 0.2918 -0.5661 0.7710
vn 0.2707 -0.4725 0.8387
vn -0.2606 0.3337 0.9059
vn -0.1951 0.3777 0.9051
vn -0.1324 0.2887 0.9482
vn -0.1158 0.2648 0.9573
vn -0.0712 0.0763 0.9945
vn -0.0730 0.0720 0.9947
vn 0.0077 0.1607 0.9870
vn 0.1349 -0.0136 0.9908
vn 0.1451 -0.2361 0.9608
vn 0.1988 -0.3966 0.8962
vn 0.2799 -0.5360 0.7965
vn 0.2063 0.5758 0.7911
vn 0.1908 0.5408 0.8192
vn 0.5366 0.3356 0.7742
vn 0.5146 0.4140 0.7508
vn -0.1548 -0.2968 0.9423
vn -0.1534 -0.3277 0.9322
vn -0.0720 -0.3741 0.9246
vn -0.1522 -0.2991 0.9420
vn -0.1207 -0.2903 0.9493
vn 0.0508 -0.3013 0.9522
vn -0.0686 -0.2209 0.9729
vn 0.1257 -0.2895 0.9489
vn -0.0146 -0.0792 0.9968
vn 0.1923 -0.1239 0.9735
vn 0.0150 -0.0378 0.9992
vn 0.2256 -0.1267 0.9660
vn 0.0265 -0.1118 0.9934
vn 0.3777 -0.1961 0.9049
vn 0.0857 0.0952 0.9918
vn 0.4644 -0.0388 0.8848
vn 0.1285 0.2860 0.9496
vn 0.4361 0.1348 0.8897
vn 0.1626 0.4683 0.8685
vn 0.4487 0.3148 0.8364
vn 0.1903 0.5888 0.7856
vn 0.4834 0.4110 0.7729
vn -0.1114 0.7336 0.6704
vn -0.1581 0.6523 0.7413
vn -0.1578 -0.2944 0.9426
vn -0.2349 -0.2988 0.9250
vn -0.2491 -0.1854 0.9506
vn -0.2522 -0.1554 0.9551
vn -0.1982 0.0328 0.9796
vn -0.1946 0.0355 0.9802
vn -0.3059 -0.0001 0.9521
vn -0.3200 0.2133 0.9231
vn -0.2051 0.4039 0.8915
vn -0.1510 0.5592 0.8152
vn -0.1227 0.7054 0.6981
vn -0.5325 -0.2863 0.7965
vn -0.4944 -0.3101 0.8120
vn -0.3226 0.0306 0.9460
vn -0.4002 0.0153 0.9163
vn 0.3754 -0.5780 0.7246
vn 0.4053 -0.5682 0.7161
vn 0.4441 -0.4897 0.7503
vn 0.3775 -0.5751 0.7258
vn 0.3666 -0.5529 0.7483
vn 0.3638 -0.4063 0.8382
vn 0.2952 -0.5275 0.7966
vn 0.3456 -0.3418 0.8739
vn 0.1516 -0.5087 0.8475
vn 0.1771 -0.3152 0.9323
vn 0.1082 -0.4891 0.8655
vn 0.1766 -0.2827 0.9428
vn 0.1803 -0.4685 0.8649
vn 0.2286 -0.1142 0.9668
vn -0.0305 -0.4393 0.8978
vn 0.0636 -0.0468 0.9969
vn -0.2267 -0.4020 0.8871
vn -0.1063 -0.0922 0.9901
vn -0.4165 -0.3513 0.8385
vn -0.2900 -0.0738 0.9542
vn -0.5446 -0.2986 0.7838
vn -0.3931 -0.0223 0.9192
vn -0.6718 -0.5140 0.5334
vn -0.5819 -0.5813 0.5687
vn 0.3733 -0.5809 0.7233
vn 0.3828 -0.6373 0.6688
vn 0.2732 -0.6747 0.6857
vn 0.2440 -0.6827 0.6887
vn 0.0542 -0.6692 0.7411
vn 0.0512 -0.6668 0.7435
vn 0.0939 -0.7439 0.6616
vn -0.1192 -0.7643 0.6337
vn -0.3205 -0.6706 0.6691
vn -0.4847 -0.6024 0.6342
vn -0.6409 -0.5348 0.5507
vn -0.4422 -0.4148 0.7952
vn -0.4031 -0.4055 0.8204
vn -0.5070 -0.0170 0.8618
vn -0.5500 -0.0833 0.8310
vn 0.4431 -0.0662 0.8940
vn 0.4623 -0.0413 0.8857
vn 0.4365 0.0484 0.8984
vn 0.4426 -0.0628 0.8945
vn 0.4155 -0.0491 0.9083
vn 0.3034 0.0747 0.9499
vn 0.3333 -0.0673 0.9404
vn 0.2421 0.1177 0.9631
vn 0.1993 -0.1359 0.9705
vn 0.0827 0.0404 0.9958
vn 0.1501 -0.1457 0.9779
vn 0.0605 0.0662 0.9960
vn 0.1930 -0.0843 0.9776
vn -0.0057 0.2300 0.9732
vn 0.0061 -0.1912 0.9815
vn -0.1794 0.1804 0.9671
vn -0.1631 -0.2902 0.9429
vn -0.2806 0.0368 0.9591
vn -0.3258 -0.3821 0.8648
vn -0.4228 -0.0730 0.9033
vn -0.4409 -0.4339 0.7858
vn -0.5231 -0.1064 0.8456
vn -0.3466 -0.7204 0.6007
vn -0.2473 -0.7072 0.6623
vn 0.4433 -0.0701 0.8936
vn 0.4980 -0.1159 0.8594
vn 0.4320 -0.2111 0.8768
vn 0.4138 -0.2350 0.8795
vn 0.2472 -0.3369 0.9085
vn 0.2428 -0.3366 0.9098
vn 0.3419 -0.3816 0.8588
vn 0.1982 -0.5377 0.8195
vn -0.0201 -0.5897 0.8074
vn -0.1771 -0.6496 0.7393
vn -0.3151 -0.7133 0.6260
vn 0.5382 -0.2306 0.8106
vn 0.4995 -0.2232 0.8371
vn 0.3480 -0.5840 0.7334
vn 0.4242 -0.5492 0.7200
vn -0.3847 -0.0062 0.9230
vn -0.4143 -0.0104 0.9101
vn -0.4482 -0.0955 0.8888
vn -0.3866 -0.0093 0.9222
vn -0.3741 -0.0401 0.9265
vn -0.3615 -0.2107 0.9082
vn -0.3001 -0.0856 0.9501
vn -0.3392 -0.2826 0.8973
vn -0.1545 -0.1237 0.9802
vn -0.1682 -0.3297 0.9290
vn -0.1098 -0.1478 0.9829
vn -0.1660 -0.3620 0.9173
vn -0.1807 -0.1678 0.9691
vn -0.2088 -0.5126 0.8329
vn 0.0320 -0.1992 0.9794
vn -0.0399 -0.5751 0.8171
vn 0.2294 -0.2114 0.9501
vn 0.1272 -0.5256 0.8411
vn 0.4201 -0.2112 0.8826
vn 0.3106 -0.5081 0.8033
vn 0.5492 -0.2125 0.8082
vn 0.4152 -0.5218 0.7452
vn 0.6592 0.1176 0.7428
vn 0.5672 0.1438 0.8109
vn -0.3827 -0.0031 0.9239
vn -0.3964 0.0742 0.9151
vn -0.2884 0.0995 0.9523
vn -0.2595 0.1058 0.9599
vn -0.0681 0.0736 0.9950
vn -0.0649 0.0702 0.9954
vn -0.1134 0.1787 0.9773
vn 0.0976 0.2236 0.9698
vn 0.3041 0.1391 0.9424
vn 0.4704 0.1156 0.8748
vn 0.6277 0.1217 0.7689
vn 0.0718 -0.5862 0.8070
vn 0.0758 -0.5471 0.8336
vn -0.3228 -0.4800 0.8157
vn -0.2760 -0.5461 0.7910
vn 0.1074 0.3620 0.9260
vn 0.0942 0.3901 0.9159
vn 0.0013 0.4042 0.9147
vn 0.1040 0.3632 0.9259
vn 0.0785 0.3441 0.9356
vn -0.0850 0.2934 0.9522
vn 0.0564 0.2615 0.9636
vn -0.1507 0.2557 0.9549
vn 0.0586 0.1107 0.9921
vn -0.1517 0.0780 0.9853
vn 0.0460 0.0615 0.9970
vn -0.1843 0.0686 0.9805
vn 0.0084 0.1264 0.9919
vn -0.3552 0.0773 0.9316
vn 0.0271 -0.0881 0.9957
vn -0.3812 -0.1011 0.9189
vn 0.0524 -0.2828 0.9577
vn -0.2925 -0.2531 0.9222
vn 0.0798 -0.4678 0.8802
vn -0.2439 -0.4273 0.8706
vn 0.0910 -0.5928 0.8002
vn -0.2464 -0.5315 0.8104
vn 0.4152 -0.6243 0.6617
vn 0.4348 -0.5295 0.7284
vn 0.1111 0.3609 0.9260
vn 0.1799 0.3919 0.9022
vn 0.2356 0.2919 0.9270
vn 0.2495 0.2651 0.9314
vn 0.2683 0.0709 0.9607
vn 0.2660 0.0671 0.9616
vn 0.3548 0.1391 0.9245
vn 0.4420 -0.0562 0.8952
vn 0.4008 -0.2761 0.8736
vn 0.4004 -0.4428 0.8023
vn 0.4176 -0.5931 0.6883
vn 0.4520 0.4822 0.7505
vn 0.4092 0.4913 0.7689
vn 0.3808 0.1161 0.9173
vn 0.4454 0.1571 0.8814
vn -0.5029 0.4290 0.7504
vn -0.5279 0.4090 0.7443
vn -0.5334 0.3230 0.7818
vn -0.5037 0.4256 0.7518
vn -0.4840 0.4095 0.7734
vn -0.4223 0.2765 0.8633
vn -0.4048 0.4128 0.8159
vn -0.3797 0.2238 0.8976
vn -0.2607 0.4480 0.8552
vn -0.2091 0.2608 0.9425
vn -0.2119 0.4457 0.8698
vn -0.1962 0.2309 0.9530
vn -0.2717 0.4007 0.8750
vn -0.1826 0.0558 0.9816
vn -0.0627 0.4495 0.8911
vn -0.0027 0.0526 0.9986
vn 0.1327 0.4842 0.8649
vn 0.1388 0.1552 0.9781
vn 0.3239 0.5029 0.8013
vn 0.3138 0.2023 0.9277
vn 0.4580 0.4975 0.7367
vn 0.4256 0.1898 0.8848
vn 0.4810 0.7361 0.4763
vn 0.3759 0.7680 0.5185
vn -0.5021 0.4324 0.7489
vn -0.5350 0.4801 0.6951
vn -0.4450 0.5545 0.7032
vn -0.4205 0.5725 0.7039
vn -0.2351 0.6291 0.7409
vn -0.2313 0.6280 0.7430
vn -0.3046 0.6823 0.6646
vn -0.1156 0.7763 0.6197
vn 0.1080 0.7615 0.6391
vn 0.2827 0.7552 0.5914
vn 0.4461 0.7450 0.4959
vn 0.3219 0.5699 0.7560
vn 0.2906 0.5481 0.7843
vn 0.5293 0.2235 0.8185
vn 0.5434 0.2999 0.7841
vn -0.3705 -0.0676 0.9264
vn -0.3802 -0.0980 0.9197
vn -0.3232 -0.1721 0.9306
vn -0.3689 -0.0706 0.9268
vn -0.3376 -0.0733 0.9384
vn -0.1860 -0.1477 0.9714
vn -0.2652 -0.0261 0.9638
vn -0.1126 -0.1657 0.9797
vn -0.1628 0.0867 0.9828
vn 0.0106 -0.0357 0.9993
vn -0.1200 0.1136 0.9863
vn 0.0405 -0.0519 0.9978
vn -0.1379 0.0409 0.9896
vn 0.1590 -0.1820 0.9704
vn -0.0019 0.2074 0.9783
vn 0.3026 -0.0741 0.9502
vn 0.1175 0.3589 0.9259
vn 0.3450 0.0959 0.9337
vn 0.2303 0.5002 0.8347
vn 0.4340 0.2473 0.8663
vn 0.3132 0.5870 0.7466
vn 0.5112 0.3123 0.8007
vn 0.1094 0.8152 0.5687
vn 0.0262 0.7695 0.6381
vn -0.3721 -0.0640 0.9260
vn -0.4419 -0.0418 0.8961
vn -0.4132 0.0711 0.9078
vn -0.4046 0.0999 0.9090
vn -0.2837 0.2554 0.9243
vn -0.2795 0.2567 0.9252
vn -0.3915 0.2618 0.8821
vn -0.3164 0.4575 0.8310
vn -0.1327 0.5834 0.8013
vn -0.0129 0.6931 0.7207
vn 0.0845 0.7981 0.5965
vn -0.5239 0.0493 0.8503
vn -0.4832 0.0571 0.8736
vn -0.4788 0.4446 0.7570
vn -0.5383 0.3846 0.7498
vn 0.4237 0.1720 0.8893
vn 0.4488 0.1860 0.8740
vn 0.4485 0.2768 0.8499
vn 0.4244 0.1756 0.8883
vn 0.4020 0.1999 0.8936
vn 0.3280 0.3541 0.8758
vn 0.3186 0.2168 0.9227
vn 0.2808 0.4130 0.8664
vn 0.1717 0.2015 0.9643
vn 0.1071 0.3972 0.9115
vn 0.1217 0.2082 0.9705
vn 0.0926 0.4262 0.8999
vn 0.1795 0.2517 0.9510
vn 0.0725 0.5794 0.8118
vn -0.0290 0.2056 0.9782
vn -0.1082 0.5771 0.8095
vn -0.2193 0.1458 0.9647
vn -0.2444 0.4723 0.8469
vn -0.4017 0.0756 0.9126
vn -0.4117 0.3894 0.8239
vn -0.5279 0.0284 0.8488
vn -0.5183 0.3630 0.7744
vn -0.5171 -0.3210 0.7935
vn -0.4171 -0.3106 0.8541
vn 0.4231 0.1683 0.8903
vn 0.4628 0.1008 0.8807
vn 0.3740 0.0399 0.9266
vn 0.3499 0.0239 0.9365
vn 0.1628 -0.0131 0.9866
vn 0.1587 -0.0111 0.9873
vn 0.2413 -0.0957 0.9657
vn 0.0603 -0.2130 0.9752
vn -0.1641 -0.2084 0.9642
vn -0.3324 -0.2478 0.9100
vn -0.4844 -0.3128 0.8170
vn 0.5022 -0.1344 0.8542
vn 0.4688 -0.1091 0.8765
vn 0.2152 -0.4244 0.8795
vn 0.2971 -0.4185 0.8583
vn -0.3105 0.3692 0.8760
vn -0.3408 0.3704 0.8641
vn -0.3987 0.2964 0.8679
vn -0.3131 0.3670 0.8759
vn -0.3096 0.3365 0.8893
vn -0.3469 0.1718 0.9220
vn -0.2501 0.2804 0.9267
vn -0.3466 0.0969 0.9330
vn -0.1196 0.2122 0.9699
vn -0.1944 0.0132 0.9808
vn -0.0833 0.1779 0.9805
vn -0.2019 -0.0203 0.9792
vn -0.1579 0.1762 0.9716
vn -0.2910 -0.1697 0.9415
vn 0.0374 0.0889 0.9953
vn -0.1481 -0.2801 0.9485
vn 0.2211 0.0122 0.9752
vn 0.0274 -0.2765 0.9606
vn 0.3994 -0.0622 0.9147
vn 0.2054 -0.3244 0.9234
vn 0.5178 -0.1217 0.8468
vn 0.2979 -0.3836 0.8741
vn 0.7120 0.1294 0.6902
vn 0.6358 0.1996 0.7456
vn -0.3077 0.3717 0.8759
vn -0.2995 0.4441 0.8444
vn -0.1865 0.4467 0.8750
vn -0.1566 0.4462 0.8811
vn 0.0199 0.3714 0.9283
vn 0.0220 0.3677 0.9297
vn 0.0051 0.4757 0.8796
vn 0.2192 0.4535 0.8639
vn 0.3912 0.3087 0.8670
vn 0.5395 0.2197 0.8128
vn 0.6847 0.1494 0.7134
vn -0.2359 0.7076 0.6661
vn -0.2659 0.6769 0.6864
vn 0.0382 0.4863 0.8729
vn 0.0363 0.5584 0.8288
vn -0.6597 -0.1468 0.7370
vn -0.6543 -0.1789 0.7347
vn -0.5843 -0.2215 0.7807
vn -0.6573 -0.1493 0.7387
vn -0.6347 -0.1376 0.7605
vn -0.4935 -0.1387 0.8586
vn -0.6009 -0.0626 0.7969
vn -0.4286 -0.1235 0.8950
vn -0.5626 0.0839 0.8225
vn -0.3791 0.0473 0.9241
vn -0.5373 0.1266 0.8338
vn -0.3473 0.0451 0.9367
vn -0.5279 0.0535 0.8476
vn -0.1900 -0.0248 0.9815
vn -0.4684 0.2603 0.8443
vn -0.0996 0.1316 0.9863
vn -0.4009 0.4437 0.8015
vn -0.1181 0.3018 0.9460
vn -0.3198 0.6119 0.7234
vn -0.0702 0.4711 0.8793
vn -0.2457 0.7186 0.6506
vn -0.0020 0.5574 0.8303
vn -0.4279 0.8260 0.3668
vn -0.5095 0.7551 0.4126
vn -0.6622 -0.1442 0.7353
vn -0.7170 -0.1559 0.6794
vn -0.7378 -0.0410 0.6737
vn -0.7415 -0.0110 0.6709
vn -0.7014 0.1815 0.6893
vn -0.6987 0.1845 0.6913
vn -0.7778 0.1386 0.6131
vn -0.7641 0.3434 0.5462
vn -0.6422 0.5322 0.5516
vn -0.5483 0.6756 0.4929
vn -0.4540 0.8022 0.3879
vn -0.3767 0.6378 0.6718
vn -0.3745 0.6032 0.7042
vn 0.0232 0.6566 0.7539
vn -0.0344 0.7021 0.7113
vn -0.1723 -0.2537 0.9518
vn -0.1503 -0.2776 0.9489
vn -0.0584 -0.2629 0.9630
vn -0.1689 -0.2537 0.9524
vn -0.1519 -0.2267 0.9620
vn -0.0143 -0.1276 0.9917
vn -0.1586 -0.1382 0.9776
vn 0.0370 -0.0717 0.9967
vn -0.2072 0.0074 0.9783
vn -0.0164 0.1004 0.9948
vn -0.2096 0.0580 0.9761
vn 0.0125 0.1183 0.9929
vn -0.1555 0.0076 0.9878
vn 0.1853 0.1550 0.9704
vn -0.2326 0.2051 0.9507
vn 0.1633 0.3298 0.9298
vn -0.3028 0.3765 0.8755
vn 0.0374 0.4472 0.8937
vn -0.3652 0.5330 0.7633
vn -0.0469 0.5905 0.8057
vn -0.3952 0.6374 0.6615
vn -0.0620 0.6819 0.7288
vn -0.6845 0.5519 0.4762
vn -0.6894 0.4651 0.5554
vn -0.1761 -0.2533 0.9512
vn -0.2283 -0.3065 0.9241
vn -0.3129 -0.2256 0.9226
vn -0.3338 -0.2040 0.9203
vn -0.4102 -0.0221 0.9117
vn -0.4092 -0.0177 0.9123
vn -0.4666 -0.1170 0.8767
vn -0.5970 0.0375 0.8014
vn -0.6144 0.2547 0.7467
vn -0.6466 0.4030 0.6477
vn -0.6834 0.5250 0.5073
vn -0.3455 -0.3384 0.8753
vn -0.3335 -0.2968 0.8948
vn -0.6619 -0.1178 0.7403
vn -0.6387 -0.1991 0.7432
vn 0.0124 0.5474 0.8368
vn 0.0133 0.5745 0.8184
vn -0.0645 0.6156 0.7854
vn 0.0097 0.5497 0.8353
vn -0.0229 0.5428 0.8395
vn -0.1924 0.5514 0.8117
vn -0.0801 0.4818 0.8726
vn -0.2663 0.5379 0.7998
vn -0.1413 0.3514 0.9255
vn -0.3403 0.3845 0.8581
vn -0.1721 0.3119 0.9344
vn -0.3721 0.3847 0.8447
vn -0.1804 0.3810 0.9068
vn -0.5105 0.4319 0.7435
vn -0.2444 0.1807 0.9527
vn -0.5974 0.2738 0.7538
vn -0.2854 -0.0149 0.9583
vn -0.5752 0.1089 0.8107
vn -0.3114 -0.2129 0.9261
vn -0.5843 -0.0789 0.8077
vn -0.3292 -0.3522 0.8761
vn -0.6113 -0.1896 0.7683
vn -0.0173 -0.5183 0.8550
vn 0.0197 -0.4198 0.9074
vn 0.0151 0.5450 0.8383
vn 0.0939 0.5461 0.8324
vn 0.1007 0.4446 0.8901
vn 0.1022 0.4169 0.9032
vn 0.0396 0.2420 0.9695
vn 0.0357 0.2395 0.9702
vn 0.1511 0.2678 0.9516
vn 0.1634 0.0549 0.9850
vn 0.0496 -0.1388 0.9891
vn 0.0039 -0.3099 0.9508
vn -0.0096 -0.4834 0.8753
vn -0.2519 0.4326 0.8657
vn -0.2400 0.3924 0.8879
vn 0.1539 0.4812 0.8630
vn 0.0849 0.5273 0.8455
vn 0.0722 -0.4670 0.8813
vn 0.0944 -0.4870 0.8683
vn 0.1857 -0.4651 0.8656
vn 0.0757 -0.4668 0.8811
vn 0.0927 -0.4406 0.8929
vn 0.2262 -0.3345 0.9149
vn 0.0836 -0.3590 0.9296
vn 0.2732 -0.2753 0.9217
vn 0.0268 -0.2236 0.9743
vn 0.2094 -0.1142 0.9711
vn 0.0204 -0.1741 0.9845
vn 0.2359 -0.0929 0.9673
vn 0.0791 -0.2193 0.9724
vn 0.3957 -0.0321 0.9178
vn -0.0178 -0.0290 0.9994
vn 0.3530 0.1433 0.9246
vn -0.1151 0.1450 0.9827
vn 0.2144 0.2500 0.9442
vn -0.2124 0.3131 0.9257
vn 0.1025 0.3977 0.9118
vn -0.2724 0.4322 0.8596
vn 0.0637 0.5008 0.8632
vn -0.5904 0.3540 0.7253
vn -0.5707 0.2525 0.7814
vn 0.0684 -0.4674 0.8814
vn 0.0151 -0.5193 0.8545
vn -0.0727 -0.4504 0.8899
vn -0.0954 -0.4313 0.8972
vn -0.1838 -0.2622 0.9473
vn -0.1831 -0.2579 0.9487
vn -0.2402 -0.3537 0.9040
vn -0.3948 -0.2034 0.8960
vn -0.4392 0.0170 0.8982
vn -0.5036 0.1781 0.8454
vn -0.5800 0.3217 0.7484
vn -0.2099 -0.6889 0.6938
vn -0.1661 -0.6832 0.7111
vn -0.2732 -0.3416 0.8993
vn -0.3193 -0.3999 0.8591
vn 0.6560 -0.2831 0.6997
vn 0.6715 -0.2547 0.6959
vn 0.6462 -0.1770 0.7424
vn 0.6556 -0.2797 0.7014
vn 0.6322 -0.2744 0.7246
vn 0.5291 -0.1838 0.8284
vn 0.5617 -0.3113 0.7665
vn 0.4715 -0.1547 0.8682
vn 0.4426 -0.4016 0.8018
vn 0.3288 -0.2571 0.9087
vn 0.3971 -0.4191 0.8165
vn 0.3061 -0.2354 0.9224
vn 0.4361 -0.3559 0.8265
vn 0.2296 -0.0819 0.9698
vn 0.2610 -0.4806 0.8372
vn 0.0622 -0.1478 0.9871
vn 0.0917 -0.5829 0.8073
vn -0.0317 -0.2933 0.9555
vn -0.0813 -0.6653 0.7421
vn -0.1785 -0.3970 0.9003
vn -0.2103 -0.7039 0.6785
vn -0.2886 -0.4229 0.8590
vn -0.1535 -0.9063 0.3937
vn -0.0424 -0.9008 0.4322
vn 0.6564 -0.2865 0.6979
vn 0.7026 -0.3127 0.6393
vn 0.6471 -0.4157 0.6391
vn 0.6311 -0.4414 0.6378
vn 0.4816 -0.5666 0.6686
vn 0.4778 -0.5673 0.6707
vn 0.5628 -0.5821 0.5869
vn 0.4206 -0.7349 0.5320
vn 0.2085 -0.8068 0.5529
vn 0.0422 -0.8614 0.5062
vn -0.1170 -0.9035 0.4123
vn -0.0564 -0.7218 0.6897
vn -0.0344 -0.6929 0.7202
vn -0.3750 -0.4862 0.7893
vn -0.3611 -0.5584 0.7469
vn 0.3558 0.1077 0.9283
vn 0.3532 0.1401 0.9250
vn 0.2732 0.1860 0.9438
vn 0.3531 0.1098 0.9291
vn 0.3237 0.0995 0.9409
vn 0.1567 0.1082 0.9817
vn 0.2751 0.0263 0.9611
vn 0.0823 0.0964 0.9919
vn 0.2228 -0.1178 0.9677
vn 0.0171 -0.0715 0.9973
vn 0.1932 -0.1590 0.9682
vn -0.0167 -0.0675 0.9976
vn 0.1830 -0.0856 0.9794
vn -0.1760 0.0109 0.9843
vn 0.1182 -0.2888 0.9501
vn -0.2700 -0.1402 0.9526
vn 0.0617 -0.4679 0.8816
vn -0.2468 -0.3111 0.9178
vn 0.0058 -0.6312 0.7756
vn -0.2758 -0.4772 0.8344
vn -0.0423 -0.7333 0.6786
vn -0.3259 -0.5595 0.7621
vn 0.2243 -0.8497 0.4771
vn 0.2873 -0.7835 0.5510
vn 0.3586 0.1051 0.9275
vn 0.4304 0.1137 0.8954
vn 0.4462 -0.0024 0.8949
vn 0.4490 -0.0323 0.8930
vn 0.3953 -0.2223 0.8912
vn 0.3918 -0.2251 0.8921
vn 0.4959 -0.1837 0.8487
vn 0.4969 -0.3871 0.7767
vn 0.3721 -0.5689 0.7334
vn 0.2985 -0.7067 0.6414
vn 0.2422 -0.8275 0.5066
vn 0.5386 0.0648 0.8401
vn 0.5047 0.0401 0.8624
vn 0.6398 -0.3073 0.7044
vn 0.6725 -0.2289 0.7038
vn -0.2934 -0.4063 0.8654
vn -0.3121 -0.4271 0.8487
vn -0.2790 -0.5082 0.8148
vn -0.2927 -0.4096 0.8640
vn -0.2626 -0.4244 0.8666
vn -0.1375 -0.5372 0.8322
vn -0.1778 -0.4117 0.8938
vn -0.0721 -0.5728 0.8165
vn -0.0456 -0.3468 0.9368
vn 0.0849 -0.4978 0.8631
vn 0.0036 -0.3349 0.9422
vn 0.1087 -0.5180 0.8485
vn -0.0347 -0.3947 0.9182
vn 0.1807 -0.6429 0.7444
vn 0.1426 -0.2770 0.9502
vn 0.3474 -0.5730 0.7423
vn 0.2965 -0.1494 0.9433
vn 0.4363 -0.4292 0.7909
vn 0.4375 -0.0112 0.8992
vn 0.5597 -0.2880 0.7770
vn 0.5344 0.0858 0.8409
vn 0.6468 -0.2188 0.7306
vn 0.3923 0.4095 0.8237
vn 0.3059 0.3565 0.8828
vn -0.2941 -0.4029 0.8667
vn -0.3564 -0.3544 0.8645
vn -0.2949 -0.2697 0.9167
vn -0.2780 -0.2469 0.9283
vn -0.1161 -0.1479 0.9822
vn -0.1115 -0.1483 0.9826
vn -0.2205 -0.0990 0.9704
vn -0.0958 0.0759 0.9925
vn 0.1136 0.1567 0.9811
vn 0.2529 0.2613 0.9315
vn 0.3659 0.3874 0.8462
vn 0.1719 -0.6001 0.7813
vn 0.1672 -0.5624 0.8098
vn -0.2362 -0.5767 0.7821
vn -0.1763 -0.6306 0.7558
vn 0.0105 0.3284 0.9445
vn -0.0079 0.3537 0.9353
vn -0.1016 0.3487 0.9317
vn 0.0071 0.3288 0.9444
vn -0.0144 0.3044 0.9524
vn -0.1644 0.2209 0.9613
vn -0.0197 0.2177 0.9758
vn -0.2210 0.1705 0.9603
vn 0.0125 0.0692 0.9975
vn -0.1865 -0.0050 0.9825
vn 0.0101 0.0184 0.9998
vn -0.2163 -0.0206 0.9761
vn -0.0398 0.0744 0.9964
vn -0.3843 -0.0442 0.9222
vn 0.0222 -0.1317 0.9910
vn -0.3730 -0.2233 0.9006
vn 0.0875 -0.3151 0.9450
vn -0.2552 -0.3541 0.8997
vn 0.1538 -0.4864 0.8601
vn -0.1709 -0.5119 0.8419
vn 0.1921 -0.6023 0.7748
vn -0.1508 -0.6113 0.7769
vn 0.5190 -0.5603 0.6456
vn 0.5173 -0.4670 0.7171
vn 0.0142 0.3281 0.9446
vn 0.0759 0.3735 0.9245
vn 0.1502 0.2857 0.9465
vn 0.1692 0.2620 0.9501
vn 0.2266 0.0745 0.9711
vn 0.2251 0.0702 0.9718
vn 0.2982 0.1605 0.9409
vn 0.4240 -0.0112 0.9056
vn 0.4291 -0.2335 0.8726
vn 0.4643 -0.3930 0.7938
vn 0.5144 -0.5307 0.6737
vn 0.3272 0.5247 0.7859
vn 0.2830 0.5240 0.8033
vn 0.3285 0.1437 0.9335
vn 0.3842 0.1988 0.9016
vn -0.5965 0.2791 0.7526
vn -0.6167 0.2548 0.7448
vn -0.6054 0.1677 0.7780
vn -0.5966 0.2756 0.7537
vn -0.5745 0.2627 0.7752
vn -0.4890 0.1405 0.8609
vn -0.4987 0.2797 0.8204
vn -0.4374 0.0959 0.8942
vn -0.3656 0.3414 0.8659
vn -0.2789 0.1643 0.9462
vn -0.3178 0.3482 0.8819
vn -0.2604 0.1372 0.9557
vn -0.3672 0.2919 0.8831
vn -0.2120 -0.0328 0.9767
vn -0.1730 0.3812 0.9082
vn -0.0357 -0.0003 0.9994
vn 0.0117 0.4560 0.8899
vn 0.0822 0.1298 0.9881
vn 0.1964 0.5164 0.8335
vn 0.2451 0.2139 0.9456
vn 0.3302 0.5415 0.7731
vn 0.3580 0.2265 0.9058
vn 0.3099 0.7929 0.5247
vn 0.1996 0.8007 0.5649
vn -0.5963 0.2827 0.7513
vn -0.6371 0.3255 0.6987
vn -0.5644 0.4160 0.7130
vn -0.5442 0.4385 0.7153
vn -0.3750 0.5295 0.7609
vn -0.3711 0.5291 0.7631
vn -0.4523 0.5714 0.6848
vn -0.2854 0.7039 0.6504
vn -0.0640 0.7338 0.6763
vn 0.1093 0.7655 0.6341
vn 0.2734 0.7935 0.5436
vn 0.1818 0.5839 0.7912
vn 0.1551 0.5547 0.8175
vn 0.4541 0.2840 0.8445
vn 0.4531 0.3632 0.8141
vn -0.3695 -0.1889 0.9098
vn -0.3726 -0.2201 0.9015
vn -0.3019 -0.2816 0.9108
vn -0.3673 -0.1915 0.9102
vn -0.3365 -0.1882 0.9227
vn -0.1736 -0.2320 0.9571
vn -0.2758 -0.1287 0.9526
vn -0.0983 -0.2351 0.9670
vn -0.1990 0.0013 0.9800
vn -0.0047 -0.0840 0.9965
vn -0.1626 0.0362 0.9860
vn 0.0279 -0.0938 0.9952
vn -0.1655 -0.0387 0.9855
vn 0.1710 -0.1955 0.9657
vn -0.0660 0.1522 0.9861
vn 0.2901 -0.0599 0.9551
vn 0.0210 0.3273 0.9447
vn 0.2972 0.1158 0.9478
vn 0.1046 0.4930 0.8637
vn 0.3549 0.2854 0.8903
vn 0.1700 0.5992 0.7823
vn 0.4186 0.3680 0.8303
vn -0.0721 0.7902 0.6086
vn -0.1457 0.7250 0.6731
vn -0.3719 -0.1857 0.9095
vn -0.4441 -0.1764 0.8785
vn -0.4393 -0.0608 0.8963
vn -0.4367 -0.0310 0.8991
vn -0.3505 0.1449 0.9253
vn -0.3466 0.1469 0.9264
vn -0.4564 0.1314 0.8800
vn -0.4216 0.3406 0.8404
vn -0.2669 0.5025 0.8223
vn -0.1703 0.6382 0.7508
vn -0.0935 0.7670 0.6347
vn -0.5419 -0.1016 0.8343
vn -0.5041 -0.0869 0.8592
vn -0.5763 0.2990 0.7606
vn -0.6222 0.2286 0.7487
vn 0.3597 0.2084 0.9095
vn 0.3818 0.2281 0.8957
vn 0.3635 0.3181 0.8756
vn 0.3596 0.2120 0.9087
vn 0.3327 0.2312 0.9143
vn 0.2292 0.3680 0.9011
vn 0.2470 0.2293 0.9415
vn 0.1711 0.4164 0.8929
vn 0.1054 0.1824 0.9776
vn 0.0034 0.3633 0.9317
vn 0.0549 0.1785 0.9824
vn -0.0165 0.3894 0.9209
vn 0.1031 0.2337 0.9668
vn -0.0655 0.5396 0.8393
vn -0.0922 0.1450 0.9851
vn -0.2418 0.5009 0.8310
vn -0.2660 0.0486 0.9627
vn -0.3545 0.3688 0.8592
vn -0.4290 -0.0543 0.9017
vn -0.5008 0.2550 0.8271
vn -0.5414 -0.1227 0.8317
vn -0.5987 0.2102 0.7729
vn -0.4583 -0.4594 0.7608
vn -0.3639 -0.4322 0.8251
vn 0.3598 0.2048 0.9103
vn 0.4127 0.1472 0.8989
vn 0.3372 0.0673 0.9390
vn 0.3167 0.0463 0.9474
vn 0.1399 -0.0304 0.9897
vn 0.1355 -0.0293 0.9903
vn 0.2341 -0.0942 0.9676
vn 0.0807 -0.2461 0.9659
vn -0.1397 -0.2865 0.9478
vn -0.2951 -0.3564 0.8865
vn -0.4285 -0.4460 0.7858
vn -0.0452 -0.5007 0.8644
vn -0.0353 -0.4602 0.8871
vn -0.4165 -0.3308 0.8468
vn -0.3810 -0.4060 0.8307
vn 0.1461 0.4360 0.8880
vn 0.1380 0.4646 0.8747
vn 0.0489 0.4935 0.8684
vn 0.1431 0.4376 0.8877
vn 0.1143 0.4242 0.8983
vn -0.0556 0.4031 0.9135
vn 0.0781 0.3498 0.9336
vn -0.1268 0.3772 0.9174
vn 0.0543 0.2046 0.9773
vn -0.1582 0.2064 0.9656
vn 0.0336 0.1590 0.9867
vn -0.1918 0.2019 0.9604
vn 0.0075 0.2282 0.9736
vn -0.3577 0.2334 0.9042
vn -0.0100 0.0152 0.9998
vn -0.4129 0.0613 0.9087
vn -0.0169 -0.1840 0.9828
vn -0.3510 -0.1019 0.9308
vn -0.0192 -0.3781 0.9256
vn -0.3311 -0.2863 0.8991
vn -0.0273 -0.5111 0.8591
vn -0.3498 -0.3945 0.8497
vn 0.2900 -0.6099 0.7375
vn 0.3238 -0.5131 0.7949
vn 0.1494 0.4343 0.8883
vn 0.2230 0.4509 0.8643
vn 0.2606 0.3463 0.9012
vn 0.2697 0.3182 0.9089
vn 0.2551 0.1278 0.9584
vn 0.2521 0.1245 0.9596
vn 0.3526 0.1765 0.9190
vn 0.4064 -0.0324 0.9131
vn 0.3295 -0.2436 0.9122
vn 0.3027 -0.4146 0.8582
vn 0.2971 -0.5770 0.7608
vn 0.5097 0.4785 0.7150
vn 0.4687 0.4965 0.7307
vn 0.3746 0.1490 0.9151
vn 0.4459 0.1748 0.8779
vn -0.4403 0.5832 0.6826
vn -0.4682 0.5671 0.6777
vn -0.4888 0.4876 0.7234
vn -0.4417 0.5802 0.6844
vn -0.4255 0.5634 0.7082
vn -0.3889 0.4324 0.8135
vn -0.3479 0.5582 0.7533
vn -0.3566 0.3774 0.8546
vn -0.2007 0.5732 0.7945
vn -0.1832 0.3905 0.9022
vn -0.1534 0.5644 0.8111
vn -0.1757 0.3601 0.9162
vn -0.2200 0.5307 0.8185
vn -0.1923 0.1892 0.9629
vn -0.0061 0.5460 0.8378
vn -0.0159 0.1583 0.9873
vn 0.1927 0.5451 0.8159
vn 0.1412 0.2336 0.9620
vn 0.3858 0.5253 0.7585
vn 0.3227 0.2456 0.9141
vn 0.5184 0.4911 0.7001
vn 0.4317 0.2104 0.8771
vn 0.5869 0.6935 0.4179
vn 0.4877 0.7466 0.4524
vn -0.4390 0.5863 0.6808
vn -0.4622 0.6328 0.6213
vn -0.3613 0.6918 0.6252
vn -0.3341 0.7055 0.6250
vn -0.1427 0.7344 0.6635
vn -0.1392 0.7330 0.6659
vn -0.2007 0.7899 0.5795
vn 0.0025 0.8463 0.5328
vn 0.2199 0.7971 0.5624
vn 0.3921 0.7571 0.5226
vn 0.5535 0.7101 0.4351
vn 0.3961 0.5865 0.7065
vn 0.3610 0.5733 0.7355
vn 0.5411 0.2194 0.8119
vn 0.5685 0.2883 0.7705
vn -0.3969 0.0931 0.9131
vn -0.4114 0.0642 0.9092
vn -0.3679 -0.0167 0.9297
vn -0.3958 0.0900 0.9139
vn -0.3657 0.0835 0.9270
vn -0.2295 -0.0109 0.9732
vn -0.2871 0.1206 0.9503
vn -0.1604 -0.0397 0.9863
vn -0.1677 0.2164 0.9618
vn -0.0176 0.0697 0.9974
vn -0.1210 0.2361 0.9642
vn 0.0092 0.0487 0.9988
vn -0.1509 0.1681 0.9741
vn 0.1048 -0.1013 0.9893
vn 0.0113 0.3079 0.9514
vn 0.2649 -0.0212 0.9640
vn 0.1555 0.4313 0.8887
vn 0.3354 0.1367 0.9321
vn 0.2923 0.5416 0.7882
vn 0.4500 0.2634 0.8533
vn 0.3905 0.6037 0.6950
vn 0.5385 0.3075 0.7845
vn 0.2318 0.8420 0.4871
vn 0.1406 0.8183 0.5574
vn -0.3979 0.0968 0.9123
vn -0.4623 0.1270 0.8776
vn -0.4154 0.2343 0.8790
vn -0.4021 0.2612 0.8775
vn -0.2573 0.3955 0.8817
vn -0.2529 0.3961 0.8827
vn -0.3615 0.4150 0.8349
vn -0.2536 0.5892 0.7672
vn -0.0507 0.6793 0.7321
vn 0.0874 0.7586 0.6457
vn 0.2038 0.8323 0.5154
vn -0.5269 0.2250 0.8196
vn -0.4860 0.2285 0.8436
vn -0.4141 0.5954 0.6885
vn -0.4827 0.5455 0.6851
vn 0.4269 0.1937 0.8833
vn 0.4544 0.2017 0.8677
vn 0.4697 0.2882 0.8344
vn 0.4281 0.1970 0.8820
vn 0.4100 0.2252 0.8838
vn 0.3634 0.3867 0.8476
vn 0.3300 0.2585 0.9079
vn 0.3268 0.4511 0.8305
vn 0.1817 0.2720 0.9450
vn 0.1519 0.4689 0.8701
vn 0.1334 0.2875 0.9485
vn 0.1428 0.4985 0.8550
vn 0.1981 0.3186 0.9270
vn 0.1506 0.6427 0.7512
vn -0.0157 0.3105 0.9504
vn -0.0279 0.6699 0.7419
vn -0.2131 0.2818 0.9355
vn -0.1805 0.5934 0.7844
vn -0.4035 0.2373 0.8837
vn -0.3588 0.5373 0.7633
vn -0.5343 0.2050 0.8201
vn -0.4671 0.5236 0.7125
vn -0.5809 -0.1453 0.8009
vn -0.4820 -0.1451 0.8641
vn 0.4257 0.1904 0.8846
vn 0.4537 0.1166 0.8835
vn 0.3549 0.0763 0.9318
vn 0.3282 0.0656 0.9423
vn 0.1365 0.0655 0.9885
vn 0.1327 0.0682 0.9888
vn 0.2005 -0.0307 0.9792
vn 0.0022 -0.1149 0.9934
vn -0.2180 -0.0748 0.9731
vn -0.3892 -0.0915 0.9166
vn -0.5478 -0.1402 0.8247
vn -0.5679 0.1639 0.8066
vn -0.5351 0.1418 0.8328
vn -0.2971 0.4690 0.8318
vn -0.3768 0.4577 0.8054
vn 0.2633 -0.2957 0.9183
vn 0.2944 -0.2961 0.9087
vn 0.3484 -0.2193 0.9113
vn 0.2657 -0.2934 0.9183
vn 0.2599 -0.2623 0.9293
vn 0.2872 -0.0942 0.9532
vn 0.1954 -0.2069 0.9586
vn 0.2827 -0.0187 0.9590
vn 0.0591 -0.1427 0.9880
vn 0.1238 0.0601 0.9905
vn 0.0207 -0.1097 0.9937
vn 0.1299 0.0937 0.9871
vn 0.0955 -0.1048 0.9899
vn 0.2146 0.2446 0.9456
vn -0.1048 -0.0261 0.9942
vn 0.0667 0.3480 0.9351
vn -0.2898 0.0398 0.9563
vn -0.1089 0.3363 0.9354
vn -0.4665 0.1009 0.8787
vn -0.2858 0.3726 0.8829
vn -0.5823 0.1500 0.7990
vn -0.3771 0.4239 0.8235
vn -0.7531 -0.1201 0.6469
vn -0.6779 -0.1827 0.7120
vn 0.2606 -0.2985 0.9181
vn 0.2580 -0.3729 0.8913
vn 0.1433 -0.3791 0.9142
vn 0.1131 -0.3798 0.9181
vn -0.0696 -0.3112 0.9478
vn -0.0720 -0.3075 0.9488
vn -0.0466 -0.4174 0.9075
vn -0.2598 -0.4071 0.8757
vn -0.4380 -0.2713 0.8571
vn -0.5859 -0.1936 0.7869
vn -0.7266 -0.1372 0.6732
vn 0.2195 -0.6502 0.7273
vn 0.2466 -0.6168 0.7475
vn -0.0787 -0.4302 0.8993
vn -0.0703 -0.5047 0.8604
vn 0.5977 0.2272 0.7688
vn 0.5910 0.2587 0.7640
vn 0.5160 0.3005 0.8021
vn 0.5951 0.2294 0.7703
vn 0.5715 0.2181 0.7911
vn 0.4236 0.2186 0.8791
vn 0.5385 0.1441 0.8302
vn 0.3571 0.2025 0.9119
vn 0.5052 -0.0021 0.8630
vn 0.3135 0.0316 0.9491
vn 0.4812 -0.0453 0.8754
vn 0.2808 0.0330 0.9592
vn 0.4676 0.0280 0.8835
vn 0.1176 0.0978 0.9882
vn 0.4178 -0.1813 0.8902
vn 0.0343 -0.0623 0.9975
vn 0.3621 -0.3703 0.8554
vn 0.0634 -0.2337 0.9702
vn 0.2945 -0.5470 0.7836
vn 0.0282 -0.4091 0.9120
vn 0.2308 -0.6617 0.7133
vn -0.0322 -0.5017 0.8644
vn 0.4377 -0.7780 0.4507
vn 0.5126 -0.7001 0.4972
vn 0.6004 0.2250 0.7674
vn 0.6585 0.2354 0.7148
vn 0.6849 0.1215 0.7184
vn 0.6901 0.0916 0.7179
vn 0.6575 -0.1010 0.7466
vn 0.6548 -0.1040 0.7486
vn 0.7372 -0.0594 0.6730
vn 0.7377 -0.2685 0.6194
vn 0.6245 -0.4626 0.6293
vn 0.5416 -0.6140 0.5742
vn 0.4610 -0.7516 0.4718
vn 0.3561 -0.5733 0.7379
vn 0.3501 -0.5368 0.7676
vn -0.0473 -0.6068 0.7935
vn 0.0152 -0.6520 0.7581
vn 0.0917 0.3231 0.9419
vn 0.0689 0.3456 0.9359
vn -0.0230 0.3272 0.9447
vn 0.0883 0.3229 0.9423
vn 0.0718 0.2958 0.9526
vn -0.0629 0.1920 0.9794
vn 0.0815 0.2089 0.9745
vn -0.1118 0.1341 0.9846
vn 0.1365 0.0663 0.9884
vn -0.0506 -0.0349 0.9981
vn 0.1414 0.0158 0.9898
vn -0.0785 -0.0543 0.9954
vn 0.0843 0.0642 0.9944
vn -0.2473 -0.1011 0.9637
vn 0.1728 -0.1312 0.9762
vn -0.2145 -0.2768 0.9367
vn 0.2560 -0.3034 0.9178
vn -0.0810 -0.3897 0.9174
vn 0.3334 -0.4635 0.8210
vn 0.0157 -0.5340 0.8453
vn 0.3753 -0.5727 0.7288
vn 0.0405 -0.6294 0.7760
vn 0.6729 -0.4849 0.5586
vn 0.6682 -0.3930 0.6317
vn 0.0956 0.3231 0.9415
vn 0.1471 0.3768 0.9145
vn 0.2352 0.3002 0.9244
vn 0.2571 0.2796 0.9251
vn 0.3422 0.1016 0.9341
vn 0.3414 0.0972 0.9349
vn 0.3966 0.1968 0.8966
vn 0.5390 0.0445 0.8411
vn 0.5702 -0.1747 0.8027
vn 0.6161 -0.3274 0.7164
vn 0.6684 -0.4562 0.5875
vn 0.2659 0.4113 0.8719
vn 0.2544 0.3704 0.8933
vn 0.6010 0.1984 0.7742
vn 0.5739 0.2788 0.7700
vn -0.0475 -0.4923 0.8691
vn -0.0458 -0.5204 0.8527
vn 0.0359 -0.5596 0.8280
vn -0.0446 -0.4944 0.8681
vn -0.0127 -0.4855 0.8741
vn 0.1585 -0.4875 0.8586
vn 0.0391 -0.4197 0.9068
vn 0.2324 -0.4710 0.8510
vn 0.0903 -0.2832 0.9548
vn 0.2950 -0.3105 0.9036
vn 0.1185 -0.2417 0.9631
vn 0.3276 -0.3101 0.8925
vn 0.1319 -0.3121 0.9409
vn 0.4749 -0.3568 0.8045
vn 0.1833 -0.1062 0.9773
vn 0.5535 -0.1941 0.8099
vn 0.2148 0.0912 0.9724
vn 0.5198 -0.0271 0.8538
vn 0.2340 0.2878 0.9287
vn 0.5206 0.1604 0.8386
vn 0.2490 0.4242 0.8707
vn 0.5452 0.2695 0.7938
vn -0.0678 0.5727 0.8170
vn -0.1040 0.4761 0.8732
vn -0.0504 -0.4902 0.8701
vn -0.1284 -0.4952 0.8593
vn -0.1440 -0.3905 0.9093
vn -0.1477 -0.3622 0.9203
vn -0.0980 -0.1805 0.9787
vn -0.0944 -0.1777 0.9795
vn -0.2067 -0.2130 0.9550
vn -0.2311 0.0008 0.9729
vn -0.1268 0.1999 0.9716
vn -0.0863 0.3701 0.9250
vn -0.0754 0.5388 0.8390
vn 0.2218 -0.4289 0.8757
vn 0.2028 -0.3914 0.8976
vn -0.1720 -0.5286 0.8313
vn -0.0963 -0.5647 0.8197
vn -0.2165 0.4212 0.8808
vn -0.2398 0.4386 0.8661
vn -0.3268 0.4054 0.8538
vn -0.2199 0.4206 0.8802
vn -0.2344 0.3919 0.8897
vn -0.3544 0.2689 0.8956
vn -0.2183 0.3108 0.9251
vn -0.3938 0.2041 0.8962
vn -0.1489 0.1822 0.9719
vn -0.3146 0.0507 0.9479
vn -0.1372 0.1335 0.9815
vn -0.3376 0.0263 0.9409
vn -0.1998 0.1713 0.9647
vn -0.4827 -0.0524 0.8742
vn -0.0821 -0.0060 0.9966
vn -0.4184 -0.2211 0.8809
vn 0.0382 -0.1655 0.9855
vn -0.2696 -0.3100 0.9117
vn 0.1615 -0.3176 0.9344
vn -0.1369 -0.4409 0.8871
vn 0.2426 -0.4257 0.8718
vn -0.0805 -0.5364 0.8401
vn 0.5591 -0.3028 0.7718
vn 0.5211 -0.2068 0.8280
vn -0.2127 0.4219 0.8813
vn -0.1643 0.4811 0.8611
vn -0.0721 0.4227 0.9034
vn -0.0480 0.4064 0.9124
vn 0.0565 0.2481 0.9671
vn 0.0562 0.2437 0.9682
vn 0.1044 0.3476 0.9318
vn 0.2772 0.2185 0.9356
vn 0.3495 0.0057 0.9369
vn 0.4390 -0.1438 0.8869
vn 0.5424 -0.2729 0.7945
vn 0.0511 0.6839 0.7278
vn 0.0069 0.6720 0.7405
vn 0.1390 0.3400 0.9301
vn 0.1807 0.4052 0.8962
vn -0.7513 0.1713 0.6373
vn -0.7625 0.1414 0.6313
vn -0.7319 0.0660 0.6782
vn -0.7506 0.1681 0.6390
vn -0.7290 0.1649 0.6643
vn -0.6255 0.0844 0.7756
vn -0.6683 0.2089 0.7140
vn -0.5687 0.0613 0.8203
vn -0.5659 0.3122 0.7631
vn -0.4450 0.1794 0.8774
vn -0.5247 0.3348 0.7827
vn -0.4211 0.1603 0.8927
vn -0.5559 0.2668 0.7873
vn -0.3302 0.0161 0.9438
vn -0.4003 0.4123 0.8184
vn -0.1753 0.1021 0.9792
vn -0.2437 0.5363 0.8081
vn -0.0985 0.2594 0.9607
vn -0.0774 0.6423 0.7625
vn 0.0382 0.3829 0.9230
vn 0.0509 0.6993 0.7130
vn 0.1475 0.4241 0.8935
vn -0.0041 0.9033 0.4290
vn -0.1167 0.8822 0.4561
vn -0.7521 0.1746 0.6355
vn -0.7953 0.1970 0.5733
vn -0.7539 0.3062 0.5812
vn -0.7414 0.3338 0.5822
vn -0.6131 0.4758 0.6307
vn -0.6096 0.4768 0.6333
vn -0.6874 0.4837 0.5417
vn -0.5616 0.6553 0.5051
vn -0.3637 0.7527 0.5488
vn -0.2022 0.8297 0.5203
vn -0.0415 0.8952 0.4438
vn -0.1043 0.6971 0.7093
vn -0.1252 0.6645 0.7367
vn 0.2311 0.5003 0.8344
vn 0.2121 0.5717 0.7926
vn -0.4261 -0.1863 0.8853
vn -0.4190 -0.2179 0.8815
vn -0.3360 -0.2540 0.9070
vn -0.4234 -0.1879 0.8862
vn -0.3967 -0.1745 0.9012
vn -0.2347 -0.1635 0.9582
vn -0.3602 -0.0966 0.9278
vn -0.1638 -0.1427 0.9761
vn -0.3280 0.0527 0.9432
vn -0.1218 0.0318 0.9920
vn -0.3041 0.0972 0.9477
vn -0.0880 0.0321 0.9956
vn -0.2856 0.0254 0.9580
vn 0.0808 -0.0249 0.9964
vn -0.2453 0.2361 0.9403
vn 0.1569 0.1380 0.9779
vn -0.2062 0.4234 0.8822
vn 0.1151 0.3057 0.9451
vn -0.1622 0.5962 0.7863
vn 0.1301 0.4772 0.8691
vn -0.1186 0.7071 0.6971
vn 0.1758 0.5678 0.8042
vn -0.3776 0.7961 0.4729
vn -0.4382 0.7197 0.5385
vn -0.4291 -0.1843 0.8843
vn -0.4958 -0.2005 0.8450
vn -0.5265 -0.0875 0.8457
vn -0.5329 -0.0581 0.8442
vn -0.5044 0.1372 0.8525
vn -0.5015 0.1403 0.8537
vn -0.5947 0.0877 0.7992
vn -0.6152 0.2920 0.7323
vn -0.5115 0.4895 0.7062
vn -0.4480 0.6389 0.6254
vn -0.3952 0.7707 0.4999
vn -0.6036 -0.1637 0.7803
vn -0.5755 -0.1357 0.8065
vn -0.7389 0.1973 0.6443
vn -0.7609 0.1154 0.6385
vn 0.1538 0.4078 0.9001
vn 0.1711 0.4315 0.8858
vn 0.1311 0.5091 0.8507
vn 0.1528 0.4113 0.8986
vn 0.1209 0.4219 0.8985
vn -0.0140 0.5192 0.8546
vn 0.0363 0.3976 0.9168
vn -0.0816 0.5467 0.8333
vn -0.0899 0.3149 0.9448
vn -0.2313 0.4507 0.8622
vn -0.1374 0.2967 0.9450
vn -0.2559 0.4683 0.8457
vn -0.1051 0.3617 0.9264
vn -0.3333 0.5867 0.7380
vn -0.2679 0.2213 0.9377
vn -0.4885 0.4964 0.7176
vn -0.4024 0.0756 0.9123
vn -0.5622 0.3408 0.7536
vn -0.5194 -0.0776 0.8510
vn -0.6643 0.1856 0.7240
vn -0.5969 -0.1840 0.7810
vn -0.7368 0.1077 0.6674
vn -0.4129 -0.4862 0.7701
vn -0.3402 -0.4248 0.8389
vn 0.1548 0.4042 0.9015
vn 0.2228 0.3644 0.9042
vn 0.1680 0.2708 0.9479
vn 0.1533 0.2457 0.9572
vn 0.0012 0.1250 0.9922
vn -0.0034 0.1248 0.9922
vn 0.1117 0.0902 0.9896
vn 0.0093 -0.0998 0.9950
vn -0.1858 -0.2060 0.9607
vn -0.3049 -0.3255 0.8950
vn -0.3919 -0.4618 0.7957
vn -0.4911 -0.1069 0.8645
vn -0.4500 -0.1000 0.8874
vn -0.4710 0.2999 0.8296
vn -0.5274 0.2382 0.8155
vn 0.4494 0.0647 0.8910
vn 0.4732 0.0822 0.8771
vn 0.4670 0.1754 0.8667
vn 0.4498 0.0683 0.8905
vn 0.4265 0.0901 0.9000
vn 0.3437 0.2406 0.9077
vn 0.3436 0.0975 0.9340
vn 0.2931 0.2971 0.9087
vn 0.1995 0.0676 0.9776
vn 0.1224 0.2649 0.9565
vn 0.1494 0.0703 0.9863
vn 0.1058 0.2942 0.9499
vn 0.2041 0.1196 0.9716
vn 0.0740 0.4573 0.8862
vn -0.0004 0.0579 0.9983
vn -0.1062 0.4448 0.8893
vn -0.1878 -0.0104 0.9822
vn -0.2351 0.3277 0.9151
vn -0.3682 -0.0829 0.9260
vn -0.3985 0.2395 0.8854
vn -0.4940 -0.1276 0.8601
vn -0.5053 0.2144 0.8359
vn -0.4666 -0.4638 0.7531
vn -0.3648 -0.4567 0.8114
vn 0.4491 0.0607 0.8914
vn 0.4920 -0.0024 0.8706
vn 0.4085 -0.0744 0.9097
vn 0.3857 -0.0929 0.9179
vn 0.2029 -0.1479 0.9680
vn 0.1988 -0.1464 0.9690
vn 0.2848 -0.2219 0.9325
vn 0.1110 -0.3497 0.9302
vn -0.1137 -0.3569 0.9272
vn -0.2818 -0.3979 0.8731
vn -0.4336 -0.4571 0.7765
vn 0.6257 -0.2644 0.7339
vn 0.6270 -0.2189 0.7476
vn 0.2675 -0.2528 0.9298
vn 0.3183 -0.3109 0.8956
vn 0.3707 0.6542 0.6592
vn 0.3454 0.6739 0.6531
vn 0.2634 0.6656 0.6983
vn 0.3674 0.6545 0.6608
vn 0.3575 0.6343 0.6855
vn 0.2482 0.5563 0.7930
vn 0.3809 0.5623 0.7340
vn 0.2088 0.5076 0.8359
vn 0.4490 0.4332 0.7815
vn 0.2847 0.3537 0.8910
vn 0.4583 0.3868 0.8002
vn 0.2592 0.3361 0.9055
vn 0.4022 0.4363 0.8049
vn 0.0939 0.2900 0.9524
vn 0.4956 0.2444 0.8335
vn 0.1304 0.1160 0.9847
vn 0.5688 0.0587 0.8204
vn 0.2588 -0.0028 0.9659
vn 0.6227 -0.1301 0.7715
vn 0.3379 -0.1688 0.9259
vn 0.6408 -0.2684 0.7193
vn 0.3461 -0.2846 0.8940
vn 0.8572 -0.2688 0.4392
vn 0.8694 -0.1556 0.4691
vn 0.3740 0.6540 0.6576
vn 0.4091 0.6903 0.5967
vn 0.5014 0.6188 0.6047
vn 0.5242 0.5988 0.6056
vn 0.6217 0.4336 0.6522
vn 0.6216 0.4299 0.6548
vn 0.6526 0.5043 0.5655
vn 0.7809 0.3349 0.5274
vn 0.8156 0.1163 0.5668
vn 0.8428 -0.0600 0.5348
vn 0.8601 -0.2310 0.4549
vn 0.6840 -0.1192 0.7197
vn 0.6584 -0.0904 0.7473
vn 0.3958 -0.3856 0.8335
vn 0.4704 -0.3871 0.7930
vn -0.0708 0.4420 0.8942
vn -0.1030 0.4445 0.8899
vn -0.1622 0.3750 0.9127
vn -0.0733 0.4399 0.8951
vn -0.0683 0.4100 0.9095
vn -0.1059 0.2506 0.9623
vn -0.0049 0.3519 0.9360
vn -0.1071 0.1764 0.9785
vn 0.1282 0.2773 0.9522
vn 0.0473 0.0851 0.9953
vn 0.1638 0.2413 0.9565
vn 0.0378 0.0525 0.9979
vn 0.0895 0.2443 0.9656
vn -0.0659 -0.0923 0.9936
vn 0.2797 0.1448 0.9491
vn 0.0682 -0.2121 0.9749
vn 0.4485 0.0541 0.8921
vn 0.2414 -0.2203 0.9451
vn 0.6028 -0.0362 0.7971
vn 0.4024 -0.2829 0.8707
vn 0.6979 -0.1081 0.7079
vn 0.4770 -0.3515 0.8056
vn 0.8626 0.1187 0.4918
vn 0.8059 0.1973 0.5582
vn -0.0678 0.4442 0.8934
vn -0.0633 0.5137 0.8557
vn 0.0537 0.5100 0.8585
vn 0.0837 0.5077 0.8575
vn 0.2621 0.4234 0.8672
vn 0.2643 0.4196 0.8684
vn 0.2420 0.5253 0.8158
vn 0.4446 0.4869 0.7518
vn 0.6039 0.3308 0.7252
vn 0.7298 0.2283 0.6444
vn 0.8429 0.1423 0.5190
vn 0.0044 0.6075 0.7943
vn 0.0225 0.5718 0.8201
vn 0.3916 0.6347 0.6662
vn 0.3199 0.6798 0.6600
vn 0.3287 -0.2861 0.9001
vn 0.3465 -0.3092 0.8856
vn 0.4329 -0.2928 0.8525
vn 0.3322 -0.2861 0.8988
vn 0.3517 -0.2587 0.8997
vn 0.4847 -0.1570 0.8604
vn 0.3527 -0.1710 0.9200
vn 0.5312 -0.0998 0.8414
vn 0.3098 -0.0268 0.9504
vn 0.4823 0.0707 0.8731
vn 0.3062 0.0239 0.9517
vn 0.5066 0.0895 0.8575
vn 0.3593 -0.0256 0.9329
vn 0.6445 0.1313 0.7533
vn 0.2722 0.1707 0.9470
vn 0.6036 0.3066 0.7360
vn 0.1723 0.3425 0.9236
vn 0.4754 0.4215 0.7722
vn 0.0609 0.5003 0.8637
vn 0.3573 0.5651 0.7437
vn -0.0169 0.6069 0.7946
vn 0.3050 0.6583 0.6882
vn -0.3593 0.5193 0.7754
vn -0.3231 0.4302 0.8429
vn 0.3251 -0.2861 0.9014
vn 0.2670 -0.3395 0.9019
vn 0.1925 -0.2608 0.9460
vn 0.1726 -0.2395 0.9554
vn 0.1007 -0.0598 0.9931
vn 0.1019 -0.0553 0.9933
vn 0.0353 -0.1553 0.9872
vn -0.1167 -0.0021 0.9932
vn -0.1609 0.2162 0.9630
vn -0.2394 0.3664 0.8991
vn -0.3425 0.4915 0.8007
vn 0.3954 0.4121 0.8208
vn 0.3650 0.3866 0.8469
vn 0.5903 0.0534 0.8054
vn 0.6055 0.1339 0.7845
vn -0.3133 -0.2213 0.9235
vn -0.3249 -0.2499 0.9121
vn -0.2712 -0.3268 0.9054
vn -0.3120 -0.2249 0.9231
vn -0.2801 -0.2309 0.9318
vn -0.1305 -0.3151 0.9401
vn -0.2044 -0.1913 0.9600
vn -0.0578 -0.3367 0.9398
vn -0.0959 -0.0874 0.9915
vn 0.0724 -0.2167 0.9735
vn -0.0514 -0.0630 0.9967
vn 0.1016 -0.2335 0.9670
vn -0.0726 -0.1345 0.9882
vn 0.2118 -0.3603 0.9085
vn 0.0699 0.0265 0.9972
vn 0.3586 -0.2556 0.8978
vn 0.1927 0.1809 0.9644
vn 0.4077 -0.0870 0.9090
vn 0.3060 0.3323 0.8922
vn 0.4992 0.0710 0.8636
vn 0.3869 0.4308 0.8153
vn 0.5750 0.1441 0.8053
vn 0.1830 0.6944 0.6959
vn 0.1025 0.6396 0.7618
vn -0.3150 -0.2175 0.9238
vn -0.3854 -0.1885 0.9033
vn -0.3507 -0.0809 0.9330
vn -0.3408 -0.0523 0.9387
vn -0.2123 0.0933 0.9727
vn -0.2078 0.0941 0.9736
vn -0.3221 0.1108 0.9402
vn -0.2413 0.3099 0.9196
vn -0.0542 0.4327 0.8999
vn 0.0652 0.5511 0.8319
vn 0.1594 0.6733 0.7220
vn -0.6420 -0.0458 0.7653
vn -0.6188 -0.0841 0.7811
vn -0.3236 0.1458 0.9349
vn -0.3987 0.1663 0.9019
vn 0.0540 -0.6994 0.7127
vn 0.0855 -0.7034 0.7056
vn 0.1526 -0.6501 0.7444
vn 0.0570 -0.6975 0.7143
vn 0.0557 -0.6737 0.7369
vn 0.1119 -0.5423 0.8327
vn -0.0001 -0.6211 0.7838
vn 0.1215 -0.4771 0.8704
vn -0.1239 -0.5431 0.8304
vn -0.0217 -0.3816 0.9241
vn -0.1555 -0.5071 0.8477
vn -0.0086 -0.3524 0.9358
vn -0.0816 -0.5196 0.8505
vn 0.1097 -0.2234 0.9685
vn -0.2605 -0.4029 0.8774
vn -0.0115 -0.0920 0.9957
vn -0.4207 -0.2843 0.8615
vn -0.1837 -0.0594 0.9812
vn -0.5676 -0.1555 0.8085
vn -0.3396 0.0374 0.9398
vn -0.6575 -0.0513 0.7517
vn -0.4086 0.1292 0.9035
vn -0.8528 -0.1850 0.4884
vn -0.8025 -0.2853 0.5239
vn 0.0508 -0.7013 0.7111
vn 0.0377 -0.7551 0.6546
vn -0.0780 -0.7417 0.6662
vn -0.1078 -0.7364 0.6679
vn -0.2756 -0.6433 0.7143
vn -0.2774 -0.6399 0.7166
vn -0.2682 -0.7260 0.6333
vn -0.4677 -0.6516 0.5972
vn -0.6103 -0.4811 0.6294
vn -0.7273 -0.3477 0.5917
vn -0.8348 -0.2173 0.5059
vn -0.6160 -0.2005 0.7618
vn -0.5780 -0.2095 0.7887
vn -0.5062 0.1846 0.8424
vn -0.5720 0.1440 0.8075
vn 0.3272 -0.2712 0.9052
vn 0.3557 -0.2570 0.8986
vn 0.3705 -0.1654 0.9140
vn 0.3282 -0.2677 0.9059
vn 0.3089 -0.2444 0.9191
vn 0.2593 -0.0853 0.9620
vn 0.2255 -0.2258 0.9477
vn 0.2220 -0.0201 0.9748
vn 0.0738 -0.2304 0.9703
vn 0.0434 -0.0216 0.9988
vn 0.0248 -0.2182 0.9756
vn 0.0346 0.0112 0.9993
vn 0.0900 -0.1813 0.9793
vn 0.0466 0.1879 0.9811
vn -0.1247 -0.1970 0.9724
vn -0.1311 0.2185 0.9670
vn -0.3180 -0.2122 0.9240
vn -0.2838 0.1330 0.9496
vn -0.5004 -0.2231 0.8366
vn -0.4565 0.0967 0.8845
vn -0.6225 -0.2182 0.7516
vn -0.5585 0.1113 0.8220
vn -0.6520 -0.5131 0.5582
vn -0.5600 -0.5452 0.6239
vn 0.3257 -0.2751 0.9046
vn 0.3569 -0.3391 0.8704
vn 0.2555 -0.3968 0.8816
vn 0.2288 -0.4104 0.8827
vn 0.0333 -0.4310 0.9018
vn 0.0295 -0.4288 0.9029
vn 0.1018 -0.5110 0.8535
vn -0.0931 -0.5887 0.8030
vn -0.3116 -0.5410 0.7812
vn -0.4755 -0.5257 0.7054
vn -0.6218 -0.5209 0.5848
vn 0.3461 -0.4587 0.8184
vn 0.3130 -0.4358 0.8438
vn 0.0262 -0.6931 0.7204
vn 0.1105 -0.6947 0.7108
vn -0.3943 0.1402 0.9082
vn -0.4221 0.1495 0.8941
vn -0.4883 0.0883 0.8682
vn -0.3972 0.1386 0.9072
vn -0.3995 0.1049 0.9107
vn -0.4609 -0.0539 0.8858
vn -0.3536 0.0312 0.9349
vn -0.4711 -0.1283 0.8727
vn -0.2403 -0.0668 0.9684
vn -0.3389 -0.2454 0.9083
vn -0.2105 -0.1079 0.9716
vn -0.3502 -0.2752 0.8953
vn -0.2824 -0.0949 0.9546
vn -0.4496 -0.3905 0.8033
vn -0.1047 -0.2154 0.9709
vn -0.3235 -0.5195 0.7908
vn 0.0693 -0.3111 0.9478
vn -0.1529 -0.5477 0.8226
vn 0.2445 -0.3917 0.8870
vn 0.0218 -0.6103 0.7919
vn 0.3640 -0.4471 0.8171
vn 0.1131 -0.6665 0.7369
vn 0.6084 -0.1959 0.7691
vn 0.5336 -0.1338 0.8351
vn -0.3913 0.1417 0.9093
vn -0.3698 0.2176 0.9032
vn -0.2634 0.1930 0.9452
vn -0.2350 0.1859 0.9540
vn -0.0781 0.0734 0.9942
vn -0.0767 0.0690 0.9947
vn -0.0728 0.1882 0.9794
vn 0.1371 0.1376 0.9810
vn 0.2880 -0.0272 0.9572
vn 0.4310 -0.1187 0.8945
vn 0.5805 -0.1790 0.7943
vn -0.4442 -0.2443 0.8620
vn -0.4069 -0.2261 0.8850
vn -0.5406 0.1516 0.8275
vn -0.5771 0.0763 0.8131
vn 0.4084 0.1877 0.8933
vn 0.4263 0.2113 0.8796
vn 0.3939 0.2987 0.8693
vn 0.4079 0.1906 0.8929
vn 0.3792 0.2056 0.9022
vn 0.2569 0.3263 0.9097
vn 0.2975 0.1891 0.9358
vn 0.1924 0.3660 0.9105
vn 0.1676 0.1192 0.9786
vn 0.0376 0.2864 0.9574
vn 0.1187 0.1075 0.9871
vn 0.0135 0.3097 0.9507
vn 0.1572 0.1704 0.9728
vn -0.0632 0.4573 0.8871
vn -0.0214 0.0530 0.9984
vn -0.2325 0.3941 0.8892
vn -0.1814 -0.0657 0.9812
vn -0.3227 0.2451 0.9142
vn -0.3335 -0.1865 0.9241
vn -0.4541 0.1140 0.8836
vn -0.4411 -0.2650 0.8575
vn -0.5492 0.0597 0.8336
vn -0.3186 -0.5793 0.7503
vn -0.2233 -0.5437 0.8090
vn 0.4092 0.1845 0.8936
vn 0.4684 0.1360 0.8730
vn 0.4087 0.0428 0.9117
vn 0.3921 0.0185 0.9197
vn 0.2323 -0.0864 0.9688
vn 0.2279 -0.0861 0.9699
vn 0.3320 -0.1340 0.9337
vn 0.2018 -0.3060 0.9304
vn -0.0115 -0.3767 0.9263
vn -0.1608 -0.4637 0.8713
vn -0.2891 -0.5635 0.7739
vn 0.6718 -0.0770 0.7367
vn 0.6600 -0.0331 0.7505
vn 0.3242 -0.1684 0.9309
vn 0.3896 -0.2096 0.8968
vn 0.1661 0.7312 0.6616
vn 0.1363 0.7428 0.6555
vn 0.0599 0.7114 0.7002
vn 0.1628 0.7306 0.6632
vn 0.1590 0.7082 0.6879
vn 0.0760 0.6021 0.7948
vn 0.2018 0.6457 0.7364
vn 0.0519 0.5441 0.8374
vn 0.3036 0.5412 0.7842
vn 0.1683 0.4180 0.8927
vn 0.3257 0.4993 0.8029
vn 0.1487 0.3938 0.9071
vn 0.2578 0.5308 0.8073
vn 0.0032 0.3024 0.9532
vn 0.4017 0.3735 0.8361
vn 0.0876 0.1459 0.9854
vn 0.5249 0.2162 0.8233
vn 0.2446 0.0687 0.9672
vn 0.6306 0.0506 0.7745
vn 0.3679 -0.0678 0.9274
vn 0.6875 -0.0765 0.7222
vn 0.4088 -0.1764 0.8954
vn 0.8963 -0.0146 0.4431
vn 0.8756 0.0974 0.4731
vn 0.1694 0.7319 0.6601
vn 0.1930 0.7768 0.5994
vn 0.3017 0.7345 0.6078
vn 0.3293 0.7217 0.6088
vn 0.4696 0.5911 0.6558
vn 0.4706 0.5875 0.6583
vn 0.4795 0.6679 0.5692
vn 0.6508 0.5421 0.5316
vn 0.7462 0.3422 0.5710
vn 0.8227 0.1810 0.5389
vn 0.8882 0.0224 0.4588
vn 0.6864 0.0787 0.7230
vn 0.6534 0.0990 0.7505
vn 0.4854 -0.2589 0.8351
vn 0.5576 -0.2391 0.7950
vn -0.1977 0.4015 0.8943
vn -0.2292 0.3947 0.8898
vn -0.2663 0.3110 0.9124
vn -0.1994 0.3986 0.8952
vn -0.1863 0.3714 0.9096
vn -0.1772 0.2078 0.9620
vn -0.1091 0.3337 0.9363
vn -0.1572 0.1363 0.9781
vn 0.0397 0.3000 0.9531
vn 0.0167 0.0926 0.9956
vn 0.0841 0.2757 0.9576
vn 0.0168 0.0586 0.9981
vn 0.0119 0.2573 0.9663
vn -0.0413 -0.1096 0.9931
vn 0.2227 0.2161 0.9506
vn 0.1214 -0.1862 0.9750
vn 0.4106 0.1775 0.8944
vn 0.2899 -0.1447 0.9461
vn 0.5846 0.1351 0.8000
vn 0.4624 -0.1586 0.8724
vn 0.6967 0.0933 0.7113
vn 0.5537 -0.2030 0.8076
vn 0.7909 0.3580 0.4962
vn 0.7138 0.4173 0.5624
vn -0.1955 0.4047 0.8933
vn -0.2107 0.4725 0.8558
vn -0.0975 0.5022 0.8592
vn -0.0681 0.5085 0.8584
vn 0.1269 0.4785 0.8689
vn 0.1300 0.4754 0.8701
vn 0.0788 0.5704 0.8176
vn 0.2842 0.5915 0.7546
vn 0.4815 0.4872 0.7285
vn 0.6317 0.4251 0.6483
vn 0.7652 0.3750 0.5233
vn -0.1723 0.5816 0.7950
vn -0.1449 0.5525 0.8208
vn 0.1917 0.7182 0.6689
vn 0.1101 0.7411 0.6623
vn 0.3926 -0.1826 0.9014
vn 0.4163 -0.1998 0.8870
vn 0.4945 -0.1594 0.8544
vn 0.3959 -0.1815 0.9002
vn 0.4067 -0.1500 0.9011
vn 0.5055 -0.0146 0.8627
vn 0.3827 -0.0657 0.9215
vn 0.5338 0.0535 0.8439
vn 0.3004 0.0602 0.9519
vn 0.4383 0.2030 0.8756
vn 0.2824 0.1077 0.9532
vn 0.4563 0.2278 0.8602
vn 0.3475 0.0754 0.9346
vn 0.5770 0.3075 0.7566
vn 0.2081 0.2389 0.9485
vn 0.4880 0.4640 0.7393
vn 0.0636 0.3751 0.9248
vn 0.3323 0.5376 0.7750
vn -0.0879 0.4949 0.8645
vn 0.1783 0.6417 0.7460
vn -0.1926 0.5751 0.7951
vn 0.1018 0.7164 0.6903
vn -0.4958 0.3936 0.7742
vn -0.4360 0.3184 0.8417
vn 0.3891 -0.1837 0.9027
vn 0.3487 -0.2515 0.9029
vn 0.2545 -0.1974 0.9467
vn 0.2294 -0.1828 0.9560
vn 0.1092 -0.0310 0.9935
vn 0.1090 -0.0264 0.9937
vn 0.0737 -0.1411 0.9872
vn -0.1157 -0.0376 0.9926
vn -0.2201 0.1592 0.9624
vn -0.3378 0.2809 0.8983
vn -0.4719 0.3717 0.7995
vn 0.2762 0.5183 0.8093
vn 0.2478 0.4907 0.8354
vn 0.5187 0.1902 0.8335
vn 0.5241 0.2707 0.8075
vn -0.3455 -0.2002 0.9168
vn -0.3522 -0.2307 0.9070
vn -0.2882 -0.2994 0.9096
vn -0.3436 -0.2032 0.9169
vn -0.3120 -0.2041 0.9279
vn -0.1533 -0.2657 0.9518
vn -0.2445 -0.1525 0.9576
vn -0.0785 -0.2768 0.9577
vn -0.1536 -0.0326 0.9876
vn 0.0315 -0.1377 0.9900
vn -0.1134 -0.0018 0.9935
vn 0.0630 -0.1506 0.9866
vn -0.1241 -0.0760 0.9894
vn 0.1933 -0.2645 0.9448
vn -0.0057 0.1037 0.9946
vn 0.3250 -0.1411 0.9351
vn 0.0970 0.2712 0.9576
vn 0.3498 0.0331 0.9362
vn 0.1935 0.4318 0.8810
vn 0.4220 0.1989 0.8845
vn 0.2656 0.5353 0.8018
vn 0.4912 0.2779 0.8256
vn 0.0369 0.7588 0.6502
vn -0.0400 0.6980 0.7150
vn -0.3476 -0.1970 0.9167
vn -0.4198 -0.1792 0.8898
vn -0.4022 -0.0658 0.9132
vn -0.3966 -0.0360 0.9173
vn -0.2918 0.1283 0.9478
vn -0.2877 0.1299 0.9489
vn -0.4005 0.1280 0.9073
vn -0.3463 0.3345 0.8765
vn -0.1765 0.4809 0.8588
vn -0.0698 0.6099 0.7894
vn 0.0146 0.7364 0.6764
vn -0.6829 -0.0836 0.7257
vn -0.6558 -0.1170 0.7458
vn -0.4063 0.1619 0.8993
vn -0.4809 0.1693 0.8602
vn 0.0974 -0.6351 0.7663
vn 0.1296 -0.6350 0.7615
vn 0.1859 -0.5705 0.8000
vn 0.1001 -0.6330 0.7676
vn 0.0939 -0.6076 0.7887
vn 0.1247 -0.4635 0.8773
vn 0.0282 -0.5602 0.8279
vn 0.1227 -0.3952 0.9104
vn -0.1080 -0.4976 0.8607
vn -0.0355 -0.3173 0.9476
vn -0.1453 -0.4652 0.8732
vn -0.0274 -0.2857 0.9579
vn -0.0708 -0.4670 0.8814
vn 0.0695 -0.1395 0.9878
vn -0.2653 -0.3752 0.8882
vn -0.0699 -0.0250 0.9972
vn -0.4386 -0.2815 0.8534
vn -0.2436 -0.0179 0.9697
vn -0.5975 -0.1785 0.7818
vn -0.4078 0.0530 0.9115
vn -0.6965 -0.0921 0.7117
vn -0.4858 0.1315 0.8641
vn -0.8525 -0.2694 0.4480
vn -0.7917 -0.3590 0.4942
vn 0.0947 -0.6371 0.7649
vn 0.0930 -0.6960 0.7120
vn -0.0239 -0.6983 0.7154
vn -0.0543 -0.6971 0.7149
vn -0.2360 -0.6256 0.7436
vn -0.2384 -0.6224 0.7455
vn -0.2116 -0.7119 0.6696
vn -0.4162 -0.6690 0.6158
vn -0.5828 -0.5182 0.6260
vn -0.7137 -0.4055 0.5711
vn -0.8315 -0.2977 0.4690
vn -0.6358 -0.2331 0.7358
vn -0.5989 -0.2350 0.7655
vn -0.5854 0.1683 0.7931
vn -0.6424 0.1166 0.7574
vn 0.2955 -0.1607 0.9417
vn 0.3222 -0.1429 0.9358
vn 0.3232 -0.0491 0.9450
vn 0.2960 -0.1571 0.9422
vn 0.2728 -0.1354 0.9525
vn 0.1991 0.0177 0.9798
vn 0.1858 -0.1270 0.9743
vn 0.1525 0.0774 0.9853
vn 0.0349 -0.1515 0.9878
vn -0.0255 0.0524 0.9983
vn -0.0155 -0.1459 0.9892
vn -0.0388 0.0837 0.9957
vn 0.0436 -0.0999 0.9940
vn -0.0495 0.2588 0.9647
vn -0.1659 -0.1461 0.9753
vn -0.2282 0.2631 0.9374
vn -0.3514 -0.1917 0.9164
vn -0.3662 0.1559 0.9174
vn -0.5239 -0.2339 0.8191
vn -0.5273 0.0914 0.8447
vn -0.6392 -0.2521 0.7266
vn -0.6256 0.0872 0.7752
vn -0.6145 -0.5606 0.5551
vn -0.5236 -0.5754 0.6283
vn 0.2947 -0.1647 0.9413
vn 0.3366 -0.2258 0.9142
vn 0.2434 -0.2961 0.9236
vn 0.2187 -0.3133 0.9241
vn 0.0270 -0.3599 0.9326
vn 0.0229 -0.3582 0.9334
vn 0.1090 -0.4324 0.8950
vn -0.0694 -0.5401 0.8387
vn -0.2902 -0.5252 0.8000
vn -0.4488 -0.5383 0.7133
vn -0.5855 -0.5623 0.5840
vn 0.3459 -0.3489 0.8710
vn 0.3083 -0.3294 0.8925
vn 0.0686 -0.6324 0.7716
vn 0.1528 -0.6224 0.7676
vn -0.4736 0.1441 0.8689
vn -0.5013 0.1485 0.8524
vn -0.5565 0.0766 0.8273
vn -0.4762 0.1418 0.8678
vn -0.4740 0.1090 0.8737
vn -0.5113 -0.0582 0.8574
vn -0.4204 0.0446 0.9062
vn -0.5104 -0.1336 0.8495
vn -0.2975 -0.0339 0.9541
vn -0.3664 -0.2283 0.9020
vn -0.2627 -0.0701 0.9623
vn -0.3726 -0.2603 0.8907
vn -0.3343 -0.0687 0.9400
vn -0.4486 -0.3945 0.8020
vn -0.1436 -0.1616 0.9764
vn -0.3057 -0.5050 0.8072
vn 0.0431 -0.2332 0.9715
vn -0.1354 -0.5067 0.8514
vn 0.2315 -0.2924 0.9279
vn 0.0479 -0.5460 0.8364
vn 0.3620 -0.3349 0.8699
vn 0.1496 -0.5924 0.7916
vn 0.5729 -0.0555 0.8178
vn 0.4857 -0.0004 0.8741
vn -0.4709 0.1464 0.8700
vn -0.4595 0.2242 0.8594
vn -0.3540 0.2177 0.9096
vn -0.3256 0.2154 0.9207
vn -0.1581 0.1290 0.9790
vn -0.1562 0.1249 0.9798
vn -0.1674 0.2422 0.9557
vn 0.0467 0.2218 0.9740
vn 0.2200 0.0787 0.9723
vn 0.3782 0.0040 0.9257
vn 0.5413 -0.0411 0.8398
vn -0.5740 -0.0462 0.8175
vn -0.5352 -0.0563 0.8429
vn -0.4208 0.3318 0.8443
vn -0.4926 0.2947 0.8188
vn 0.3653 -0.2013 0.9089
vn 0.3945 -0.1910 0.8988
vn 0.4196 -0.1006 0.9021
vn 0.3668 -0.1982 0.9089
vn 0.3511 -0.1710 0.9206
vn 0.3209 -0.0038 0.9471
vn 0.2723 -0.1408 0.9518
vn 0.2914 0.0657 0.9544
vn 0.1230 -0.1265 0.9843
vn 0.1158 0.0862 0.9895
vn 0.0758 -0.1084 0.9912
vn 0.1102 0.1199 0.9866
vn 0.1446 -0.0786 0.9864
vn 0.1386 0.2910 0.9466
vn -0.0704 -0.0718 0.9949
vn -0.0356 0.3388 0.9402
vn -0.2675 -0.0715 0.9609
vn -0.1971 0.2688 0.9428
vn -0.4560 -0.0723 0.8871
vn -0.3769 0.2442 0.8935
vn -0.5831 -0.0640 0.8099
vn -0.4813 0.2626 0.8363
vn -0.6562 -0.3739 0.6554
vn -0.5632 -0.4084 0.7184
vn 0.3637 -0.2048 0.9087
vn 0.3856 -0.2754 0.8806
vn 0.2802 -0.3200 0.9050
vn 0.2520 -0.3308 0.9094
vn 0.0575 -0.3279 0.9429
vn 0.0540 -0.3252 0.9441
vn 0.1140 -0.4198 0.9004
vn -0.0909 -0.4813 0.8718
vn -0.3046 -0.4130 0.8583
vn -0.4714 -0.3887 0.7916
vn -0.6251 -0.3815 0.6810
vn 0.4393 -0.5475 0.7123
vn 0.4539 -0.5071 0.7327
vn 0.0880 -0.4425 0.8924
vn 0.1201 -0.5094 0.8521
vn 0.5018 0.4054 0.7641
vn 0.4848 0.4329 0.7600
vn 0.4009 0.4466 0.7999
vn 0.4986 0.4066 0.7656
vn 0.4805 0.3877 0.7866
vn 0.3429 0.3375 0.8767
vn 0.4751 0.3065 0.8248
vn 0.2863 0.2997 0.9101
vn 0.4935 0.1573 0.8554
vn 0.3033 0.1236 0.9449
vn 0.4856 0.1084 0.8674
vn 0.2722 0.1138 0.9555
vn 0.4483 0.1727 0.8771
vn 0.0974 0.1196 0.9880
vn 0.4718 -0.0412 0.8807
vn 0.0728 -0.0593 0.9956
vn 0.4821 -0.2375 0.8433
vn 0.1572 -0.2106 0.9648
vn 0.4764 -0.4258 0.7693
vn 0.1818 -0.3869 0.9040
vn 0.4535 -0.5544 0.6979
vn 0.1550 -0.4938 0.8556
vn 0.6822 -0.5912 0.4302
vn 0.7275 -0.4932 0.4771
vn 0.5050 0.4042 0.7626
vn 0.5552 0.4342 0.7094
vn 0.6184 0.3357 0.7106
vn 0.6333 0.3093 0.7094
vn 0.6678 0.1167 0.7351
vn 0.6663 0.1129 0.7371
vn 0.7274 0.1835 0.6612
vn 0.7970 -0.0127 0.6038
vn 0.7557 -0.2336 0.6118
vn 0.7274 -0.4033 0.5551
vn 0.6957 -0.5588 0.4514
vn 0.5422 -0.4293 0.7223
vn 0.5250 -0.3973 0.7527
vn 0.1747 -0.5970 0.7830
vn 0.2480 -0.6181 0.7459
vn -0.0036 0.3237 0.9461
vn -0.0327 0.3373 0.9408
vn -0.1129 0.2890 0.9506
vn -0.0067 0.3224 0.9466
vn -0.0129 0.2911 0.9566
vn -0.1044 0.1479 0.9835
vn 0.0257 0.2123 0.9769
vn -0.1309 0.0768 0.9884
vn 0.1257 0.0963 0.9874
vn -0.0163 -0.0619 0.9979
vn 0.1473 0.0504 0.9878
vn -0.0361 -0.0896 0.9953
vn 0.0774 0.0767 0.9940
vn -0.1801 -0.1899 0.9651
vn 0.2260 -0.0774 0.9711
vn -0.0907 -0.3441 0.9345
vn 0.3609 -0.2109 0.9084
vn 0.0725 -0.4054 0.9113
vn 0.4856 -0.3345 0.8076
vn 0.2106 -0.5079 0.8352
vn 0.5600 -0.4221 0.7129
vn 0.2646 -0.5886 0.7639
vn 0.8075 -0.2375 0.5400
vn 0.7736 -0.1533 0.6149
vn 0.0001 0.3249 0.9457
vn 0.0300 0.3931 0.9190
vn 0.1389 0.3505 0.9262
vn 0.1665 0.3385 0.9261
vn 0.3066 0.1993 0.9307
vn 0.3073 0.1949 0.9315
vn 0.3250 0.3077 0.8943
vn 0.5092 0.2127 0.8339
vn 0.6114 0.0172 0.7911
vn 0.7041 -0.1101 0.7015
vn 0.7941 -0.2123 0.5695
vn 0.1295 0.4661 0.8752
vn 0.1328 0.4235 0.8961
vn 0.5146 0.3793 0.7690
vn 0.4621 0.4460 0.7666
vn 0.1376 -0.4901 0.8607
vn 0.1482 -0.5158 0.8438
vn 0.2379 -0.5249 0.8172
vn 0.1410 -0.4911 0.8596
vn 0.1681 -0.4722 0.8653
vn 0.3298 -0.4163 0.8473
vn 0.1955 -0.3932 0.8984
vn 0.3937 -0.3759 0.8389
vn 0.1989 -0.2480 0.9481
vn 0.3998 -0.2044 0.8935
vn 0.2117 -0.1995 0.9568
vn 0.4301 -0.1928 0.8820
vn 0.2475 -0.2610 0.9331
vn 0.5828 -0.1863 0.7910
vn 0.2274 -0.0503 0.9725
vn 0.6023 -0.0067 0.7982
vn 0.1908 0.1463 0.9707
vn 0.5154 0.1388 0.8456
vn 0.1421 0.3384 0.9302
vn 0.4529 0.3157 0.8338
vn 0.1092 0.4726 0.8745
vn 0.4386 0.4273 0.7906
vn -0.2400 0.5067 0.8280
vn -0.2406 0.4029 0.8830
vn 0.1341 -0.4891 0.8618
vn 0.0621 -0.5199 0.8520
vn 0.0132 -0.4272 0.9041
vn 0.0005 -0.4019 0.9157
vn -0.0126 -0.2148 0.9766
vn -0.0100 -0.2110 0.9774
vn -0.1044 -0.2816 0.9538
vn -0.1988 -0.0887 0.9760
vn -0.1674 0.1339 0.9768
vn -0.1873 0.3084 0.9326
vn -0.2354 0.4720 0.8496
vn 0.0601 0.6393 0.7666
vn 0.0468 0.6041 0.7955
vn 0.4188 0.4450 0.7916
vn 0.3890 0.5184 0.7616
vn -0.1974 -0.2645 0.9440
vn -0.1911 -0.2955 0.9360
vn -0.1041 -0.3308 0.9379
vn -0.1945 -0.2663 0.9441
vn -0.1652 -0.2531 0.9532
vn 0.0054 -0.2410 0.9705
vn -0.1247 -0.1763 0.9764
vn 0.0781 -0.2195 0.9725
vn -0.0917 -0.0276 0.9954
vn 0.1204 -0.0453 0.9917
vn -0.0680 0.0175 0.9975
vn 0.1543 -0.0441 0.9870
vn -0.0466 -0.0545 0.9974
vn 0.3189 -0.0956 0.9429
vn -0.0147 0.1581 0.9873
vn 0.3860 0.0706 0.9198
vn 0.0067 0.3505 0.9365
vn 0.3353 0.2389 0.9113
vn 0.0240 0.5311 0.8469
vn 0.3292 0.4159 0.8477
vn 0.0431 0.6497 0.7589
vn 0.3566 0.5124 0.7812
vn -0.2635 0.7465 0.6109
vn -0.3054 0.6636 0.6829
vn -0.2007 -0.2626 0.9438
vn -0.2747 -0.2782 0.9204
vn -0.3056 -0.1665 0.9375
vn -0.3129 -0.1370 0.9399
vn -0.2860 0.0578 0.9565
vn -0.2829 0.0610 0.9572
vn -0.3858 0.0094 0.9226
vn -0.4246 0.2171 0.8790
vn -0.3329 0.4195 0.8445
vn -0.2929 0.5763 0.7629
vn -0.2734 0.7186 0.6394
vn -0.5590 -0.3125 0.7680
vn -0.5197 -0.3301 0.7880
vn -0.4056 0.0372 0.9133
vn -0.4777 0.0101 0.8784
vn 0.3818 -0.4832 0.7879
vn 0.4108 -0.4701 0.7812
vn 0.4359 -0.3854 0.8133
vn 0.3834 -0.4799 0.7891
vn 0.3678 -0.4584 0.8091
vn 0.3381 -0.3090 0.8890
vn 0.2897 -0.4403 0.8498
vn 0.3087 -0.2457 0.9189
vn 0.1409 -0.4383 0.8877
vn 0.1338 -0.2389 0.9618
vn 0.0939 -0.4237 0.9009
vn 0.1282 -0.2061 0.9701
vn 0.1625 -0.3937 0.9048
vn 0.1556 -0.0312 0.9873
vn -0.0523 -0.3913 0.9188
vn -0.0187 0.0150 0.9997
vn -0.2500 -0.3811 0.8901
vn -0.1800 -0.0531 0.9822
vn -0.4397 -0.3590 0.8232
vn -0.3607 -0.0613 0.9307
vn -0.5682 -0.3269 0.7552
vn -0.4661 -0.0260 0.8843
vn -0.6441 -0.5704 0.5097
vn -0.5498 -0.6230 0.5564
vn 0.3801 -0.4865 0.7866
vn 0.4015 -0.5440 0.7368
vn 0.2966 -0.5947 0.7472
vn 0.2686 -0.6064 0.7484
vn 0.0747 -0.6157 0.7845
vn 0.0713 -0.6136 0.7864
vn 0.1306 -0.6886 0.7133
vn -0.0748 -0.7388 0.6698
vn -0.2889 -0.6710 0.6828
vn -0.4568 -0.6274 0.6306
vn -0.6124 -0.5859 0.5307
vn -0.4531 -0.4276 0.7822
vn -0.4179 -0.4119 0.8098
vn -0.5743 -0.0391 0.8177
vn -0.6055 -0.1121 0.7879
vn 0.3677 0.0412 0.9290
vn 0.3843 0.0679 0.9207
vn 0.3461 0.1538 0.9255
vn 0.3668 0.0443 0.9292
vn 0.3370 0.0551 0.9399
vn 0.2067 0.1649 0.9644
vn 0.2553 0.0279 0.9665
vn 0.1394 0.1999 0.9698
vn 0.1292 -0.0564 0.9900
vn -0.0109 0.1037 0.9945
vn 0.0812 -0.0723 0.9941
vn -0.0362 0.1264 0.9913
vn 0.1156 -0.0058 0.9933
vn -0.1207 0.2784 0.9529
vn -0.0555 -0.1364 0.9891
vn -0.2854 0.2058 0.9361
vn -0.2065 -0.2591 0.9435
vn -0.3662 0.0497 0.9292
vn -0.3484 -0.3760 0.8586
vn -0.4875 -0.0810 0.8693
vn -0.4485 -0.4468 0.7741
vn -0.5772 -0.1306 0.8061
vn -0.3022 -0.7275 0.6159
vn -0.2112 -0.6979 0.6843
vn 0.3685 0.0375 0.9289
vn 0.4314 -0.0025 0.9022
vn 0.3769 -0.1047 0.9203
vn 0.3618 -0.1305 0.9231
vn 0.2078 -0.2522 0.9451
vn 0.2034 -0.2524 0.9460
vn 0.3115 -0.2863 0.9061
vn 0.1931 -0.4622 0.8655
vn -0.0147 -0.5436 0.8392
vn -0.1560 -0.6275 0.7628
vn -0.2742 -0.7149 0.6432
vn 0.4902 -0.1132 0.8642
vn 0.4486 -0.1097 0.8870
vn 0.3546 -0.4926 0.7947
vn 0.4267 -0.4486 0.7853
vn -0.4602 -0.0087 0.8878
vn -0.4878 -0.0176 0.8728
vn -0.5085 -0.1072 0.8544
vn -0.4617 -0.0119 0.8870
vn -0.4456 -0.0407 0.8943
vn -0.4097 -0.2088 0.8880
vn -0.3688 -0.0746 0.9265
vn -0.3773 -0.2776 0.8835
vn -0.2227 -0.0912 0.9706
vn -0.2052 -0.2996 0.9317
vn -0.1757 -0.1089 0.9784
vn -0.1978 -0.3318 0.9224
vn -0.2420 -0.1389 0.9603
vn -0.2133 -0.4911 0.8446
vn -0.0287 -0.1410 0.9896
vn -0.0370 -0.5312 0.8465
vn 0.1705 -0.1282 0.9770
vn 0.1196 -0.4586 0.8806
vn 0.3647 -0.1060 0.9251
vn 0.3018 -0.4187 0.8565
vn 0.4990 -0.0939 0.8615
vn 0.4120 -0.4213 0.8079
vn 0.5707 0.2440 0.7841
vn 0.4705 0.2612 0.8428
vn -0.4588 -0.0055 0.8885
vn -0.4815 0.0687 0.8738
vn -0.3813 0.1103 0.9179
vn -0.3542 0.1208 0.9273
vn -0.1641 0.1164 0.9796
vn -0.1605 0.1136 0.9805
vn -0.2209 0.2135 0.9517
vn -0.0176 0.2857 0.9582
vn 0.1997 0.2283 0.9529
vn 0.3730 0.2237 0.9005
vn 0.5368 0.2453 0.8073
vn 0.2214 -0.5589 0.7991
vn 0.2078 -0.5228 0.8267
vn -0.1828 -0.6117 0.7697
vn -0.1122 -0.6535 0.7485
vn -0.1206 0.3232 0.9386
vn -0.1426 0.3447 0.9278
vn -0.2332 0.3224 0.9174
vn -0.1240 0.3231 0.9382
vn -0.1411 0.2951 0.9450
vn -0.2733 0.1851 0.9439
vn -0.1320 0.2088 0.9690
vn -0.3195 0.1250 0.9393
vn -0.0746 0.0688 0.9948
vn -0.2547 -0.0410 0.9661
vn -0.0678 0.0184 0.9975
vn -0.2806 -0.0618 0.9578
vn -0.1267 0.0642 0.9899
vn -0.4368 -0.1161 0.8920
vn -0.0275 -0.1268 0.9915
vn -0.3911 -0.2899 0.8735
vn 0.0739 -0.2948 0.9527
vn -0.2514 -0.3966 0.8829
vn 0.1769 -0.4507 0.8750
vn -0.1353 -0.5361 0.8333
vn 0.2421 -0.5574 0.7941
vn -0.0924 -0.6299 0.7712
vn 0.5642 -0.4553 0.6888
vn 0.5401 -0.3639 0.7589
vn -0.1168 0.3234 0.9390
vn -0.0634 0.3797 0.9229
vn 0.0241 0.3072 0.9513
vn 0.0468 0.2875 0.9567
vn 0.1362 0.1137 0.9841
vn 0.1354 0.1092 0.9847
vn 0.1926 0.2116 0.9582
vn 0.3503 0.0662 0.9343
vn 0.3989 -0.1512 0.9045
vn 0.4687 -0.3012 0.8304
vn 0.5522 -0.4271 0.7161
vn 0.1652 0.5751 0.8013
vn 0.1208 0.5661 0.8154
vn 0.2260 0.2008 0.9532
vn 0.2727 0.2652 0.9248
vn -0.6919 0.1628 0.7034
vn -0.7067 0.1351 0.6945
vn -0.6820 0.0513 0.7296
vn -0.6915 0.1589 0.7047
vn -0.6691 0.1504 0.7278
vn -0.5691 0.0460 0.8210
vn -0.6014 0.1812 0.7782
vn -0.5127 0.0117 0.8585
vn -0.4858 0.2663 0.8325
vn -0.3740 0.1083 0.9211
vn -0.4414 0.2818 0.8519
vn -0.3516 0.0850 0.9323
vn -0.4795 0.2173 0.8502
vn -0.2742 -0.0730 0.9589
vn -0.3075 0.3412 0.8883
vn -0.1091 -0.0085 0.9940
vn -0.1390 0.4489 0.8827
vn -0.0168 0.1413 0.9898
vn 0.0350 0.5425 0.8393
vn 0.1303 0.2541 0.9583
vn 0.1659 0.5922 0.7885
vn 0.2416 0.2876 0.9268
vn 0.1180 0.8358 0.5362
vn 0.0054 0.8229 0.5682
vn -0.6924 0.1667 0.7020
vn -0.7364 0.2008 0.6461
vn -0.6830 0.3031 0.6645
vn -0.6675 0.3290 0.6680
vn -0.5220 0.4496 0.7248
vn -0.5183 0.4498 0.7273
vn -0.5998 0.4765 0.6428
vn -0.4582 0.6379 0.6190
vn -0.2488 0.7082 0.6608
vn -0.0816 0.7715 0.6310
vn 0.0808 0.8297 0.5524
vn 0.0114 0.6062 0.7952
vn -0.0115 0.5726 0.8198
vn 0.3297 0.3617 0.8720
vn 0.3163 0.4397 0.8406
vn -0.3947 -0.2552 0.8826
vn -0.3913 -0.2867 0.8745
vn -0.3115 -0.3339 0.8897
vn -0.3923 -0.2570 0.8832
vn -0.3634 -0.2489 0.8978
vn -0.1983 -0.2616 0.9446
vn -0.3172 -0.1791 0.9313
vn -0.1246 -0.2507 0.9600
vn -0.2681 -0.0370 0.9627
vn -0.0630 -0.0849 0.9944
vn -0.2393 0.0039 0.9709
vn -0.0292 -0.0885 0.9956
vn -0.2282 -0.0702 0.9711
vn 0.1321 -0.1619 0.9779
vn -0.1662 0.1358 0.9767
vn 0.2244 -0.0065 0.9745
vn -0.1101 0.3241 0.9396
vn 0.1994 0.1674 0.9655
vn -0.0528 0.5026 0.8629
vn 0.2289 0.3448 0.9104
vn -0.0024 0.6192 0.7852
vn 0.2805 0.4380 0.8541
vn -0.2620 0.7622 0.5919
vn -0.3270 0.6845 0.6516
vn -0.3974 -0.2530 0.8821
vn -0.4676 -0.2572 0.8457
vn -0.4857 -0.1427 0.8624
vn -0.4889 -0.1128 0.8650
vn -0.4390 0.0760 0.8953
vn -0.4357 0.0786 0.8967
vn -0.5369 0.0432 0.8426
vn -0.5386 0.2552 0.8030
vn -0.4156 0.4430 0.7944
vn -0.3406 0.5945 0.7284
vn -0.2807 0.7355 0.6167
vn -0.5742 -0.2015 0.7935
vn -0.5418 -0.1800 0.8210
vn -0.6765 0.1861 0.7125
vn -0.7076 0.1082 0.6983
vn 0.2465 0.2699 0.9308
vn 0.2655 0.2934 0.9184
vn 0.2323 0.3783 0.8960
vn 0.2459 0.2731 0.9300
vn 0.2153 0.2875 0.9333
vn 0.0896 0.4027 0.9109
vn 0.1297 0.2697 0.9542
vn 0.0243 0.4395 0.8979
vn -0.0031 0.1972 0.9803
vn -0.1331 0.3562 0.9249
vn -0.0522 0.1840 0.9815
vn -0.1566 0.3781 0.9124
vn -0.0140 0.2473 0.9688
vn -0.2263 0.5169 0.8256
vn -0.1903 0.1239 0.9739
vn -0.3914 0.4461 0.8049
vn -0.3412 -0.0030 0.9400
vn -0.4795 0.2953 0.8264
vn -0.4773 -0.1343 0.8684
vn -0.5994 0.1565 0.7850
vn -0.5696 -0.2223 0.7913
vn -0.6829 0.0944 0.7244
vn -0.4206 -0.5376 0.7308
vn -0.3379 -0.4934 0.8015
vn 0.2472 0.2667 0.9315
vn 0.3105 0.2199 0.9248
vn 0.2483 0.1272 0.9603
vn 0.2314 0.1027 0.9674
vn 0.0692 -0.0054 0.9976
vn 0.0646 -0.0052 0.9979
vn 0.1750 -0.0506 0.9833
vn 0.0529 -0.2283 0.9721
vn -0.1542 -0.3089 0.9385
vn -0.2890 -0.4062 0.8669
vn -0.3957 -0.5190 0.7577
vn 0.4311 -0.3231 0.8424
vn 0.4088 -0.2884 0.8659
vn 0.0615 -0.4959 0.8662
vn 0.1400 -0.5183 0.8437
vn -0.1555 0.4307 0.8890
vn -0.1836 0.4426 0.8777
vn -0.2635 0.3934 0.8808
vn -0.1587 0.4296 0.8890
vn -0.1659 0.3994 0.9017
vn -0.2579 0.2572 0.9313
vn -0.1294 0.3251 0.9368
vn -0.2836 0.1864 0.9407
vn -0.0303 0.2146 0.9762
vn -0.1696 0.0538 0.9840
vn -0.0082 0.1697 0.9855
vn -0.1883 0.0252 0.9818
vn -0.0788 0.1942 0.9778
vn -0.3241 -0.0829 0.9424
vn 0.0742 0.0439 0.9963
vn -0.2285 -0.2362 0.9444
vn 0.2196 -0.0913 0.9713
vn -0.0626 -0.2942 0.9537
vn 0.3604 -0.2213 0.9062
vn 0.0874 -0.3999 0.9124
vn 0.4500 -0.3165 0.8350
vn 0.1530 -0.4863 0.8603
vn 0.7182 -0.1445 0.6807
vn 0.6716 -0.0536 0.7390
vn -0.1520 0.4321 0.8889
vn -0.1194 0.4978 0.8590
vn -0.0123 0.4601 0.8878
vn 0.0156 0.4492 0.8933
vn 0.1554 0.3166 0.9357
vn 0.1562 0.3123 0.9371
vn 0.1775 0.4207 0.8897
vn 0.3703 0.3259 0.8698
vn 0.4813 0.1304 0.8668
vn 0.5890 -0.0031 0.8082
vn 0.6998 -0.1168 0.7048
vn 0.0304 0.7275 0.6854
vn -0.0083 0.7086 0.7056
vn 0.2122 0.4194 0.8827
vn 0.2351 0.4888 0.8401
vn -0.6635 0.0720 0.7447
vn -0.6696 0.0402 0.7416
vn -0.6184 -0.0252 0.7855
vn -0.6620 0.0691 0.7463
vn -0.6366 0.0715 0.7679
vn -0.5038 0.0187 0.8636
vn -0.5785 0.1290 0.8054
vn -0.4374 0.0094 0.8992
vn -0.4915 0.2523 0.8336
vn -0.3314 0.1516 0.9312
vn -0.4528 0.2833 0.8454
vn -0.3022 0.1382 0.9432
vn -0.4694 0.2111 0.8574
vn -0.1787 0.0167 0.9838
vn -0.3416 0.3844 0.8577
vn -0.0395 0.1317 0.9905
vn -0.2149 0.5340 0.8177
vn 0.0021 0.2988 0.9543
vn -0.0810 0.6655 0.7420
vn 0.1053 0.4426 0.8905
vn 0.0250 0.7416 0.6704
vn 0.1988 0.5011 0.8423
vn -0.1108 0.9132 0.3921
vn -0.2118 0.8738 0.4378
vn -0.6651 0.0750 0.7430
vn -0.7209 0.0849 0.6878
vn -0.7005 0.2001 0.6851
vn -0.6934 0.2296 0.6830
vn -0.5887 0.3955 0.7050
vn -0.5851 0.3973 0.7069
vn -0.6759 0.3840 0.6291
vn -0.5923 0.5729 0.5665
vn -0.4123 0.7075 0.5740
vn -0.2748 0.8108 0.5168
vn -0.1433 0.8994 0.4131
vn -0.1257 0.7109 0.6920
vn -0.1356 0.6768 0.7236
vn 0.2563 0.5874 0.7677
vn 0.2178 0.6511 0.7270
vn -0.2420 -0.2033 0.9487
vn -0.2297 -0.2332 0.9449
vn -0.1383 -0.2517 0.9579
vn -0.2388 -0.2044 0.9493
vn -0.2133 -0.1852 0.9593
vn -0.0496 -0.1410 0.9888
vn -0.1887 -0.1004 0.9769
vn 0.0179 -0.1066 0.9941
vn -0.1836 0.0529 0.9816
vn 0.0277 0.0733 0.9969
vn -0.1683 0.1013 0.9805
vn 0.0611 0.0801 0.9949
vn -0.1350 0.0349 0.9902
vn 0.2356 0.0551 0.9703
vn -0.1389 0.2478 0.9588
vn 0.2755 0.2277 0.9340
vn -0.1457 0.4349 0.8886
vn 0.1979 0.3824 0.9026
vn -0.1507 0.6062 0.7809
vn 0.1681 0.5484 0.8192
vn -0.1434 0.7172 0.6819
vn 0.1851 0.6414 0.7446
vn -0.4458 0.7426 0.4998
vn -0.4800 0.6607 0.5772
vn -0.2456 -0.2018 0.9481
vn -0.3131 -0.2326 0.9208
vn -0.3643 -0.1272 0.9226
vn -0.3763 -0.0997 0.9211
vn -0.3848 0.0977 0.9178
vn -0.3823 0.1014 0.9184
vn -0.4709 0.0291 0.8817
vn -0.5401 0.2214 0.8120
vn -0.4813 0.4325 0.7624
vn -0.4607 0.5853 0.6673
vn -0.4538 0.7162 0.5302
vn -0.4344 -0.2204 0.8733
vn -0.4085 -0.1861 0.8936
vn -0.6554 0.1000 0.7486
vn -0.6620 0.0154 0.7493
vn 0.2090 0.4868 0.8482
vn 0.2191 0.5122 0.8304
vn 0.1602 0.5786 0.7997
vn 0.2072 0.4896 0.8470
vn 0.1742 0.4944 0.8516
vn 0.0181 0.5622 0.8268
vn 0.0996 0.4562 0.8843
vn -0.0560 0.5755 0.8159
vn -0.0027 0.3539 0.9353
vn -0.1783 0.4558 0.8720
vn -0.0452 0.3273 0.9438
vn -0.2081 0.4674 0.8592
vn -0.0291 0.3958 0.9179
vn -0.3222 0.5625 0.7614
vn -0.1584 0.2290 0.9604
vn -0.4586 0.4442 0.7697
vn -0.2649 0.0597 0.9624
vn -0.4947 0.2803 0.8226
vn -0.3584 -0.1159 0.9263
vn -0.5687 0.1076 0.8155
vn -0.4239 -0.2390 0.8736
vn -0.6328 0.0142 0.7742
vn -0.1895 -0.5025 0.8436
vn -0.1202 -0.4244 0.8974
vn 0.2108 0.4839 0.8493
vn 0.2848 0.4572 0.8425
vn 0.2564 0.3580 0.8979
vn 0.2482 0.3313 0.9103
vn 0.1292 0.1873 0.9738
vn 0.1248 0.1863 0.9745
vn 0.2426 0.1732 0.9545
vn 0.1804 -0.0315 0.9831
vn 0.0063 -0.1737 0.9848
vn -0.0963 -0.3170 0.9435
vn -0.1699 -0.4730 0.8645
vn -0.4428 0.4124 0.7961
vn -0.4187 0.3823 0.8238
vn -0.0823 0.6049 0.7920
vn -0.1620 0.6201 0.7676
vn 0.1816 -0.2981 0.9371
vn 0.2103 -0.3100 0.9272
vn 0.2876 -0.2569 0.9227
vn 0.1848 -0.2968 0.9369
vn 0.1905 -0.2649 0.9453
vn 0.2753 -0.1156 0.9544
vn 0.1504 -0.1884 0.9705
vn 0.2974 -0.0430 0.9538
vn 0.0461 -0.0787 0.9958
vn 0.1770 0.0885 0.9802
vn 0.0217 -0.0341 0.9992
vn 0.1942 0.1174 0.9739
vn 0.0934 -0.0559 0.9941
vn 0.3242 0.2258 0.9187
vn -0.0669 0.0878 0.9939
vn 0.2209 0.3730 0.9011
vn -0.2191 0.2109 0.9526
vn 0.0522 0.4233 0.9045
vn -0.3667 0.3237 0.8722
vn -0.1031 0.5149 0.8510
vn -0.4614 0.4038 0.7899
vn -0.1733 0.5901 0.7885
vn -0.7212 0.1994 0.6634
vn -0.6698 0.1197 0.7329
vn 0.1782 -0.2998 0.9372
vn 0.1489 -0.3704 0.9169
vn 0.0402 -0.3345 0.9415
vn 0.0117 -0.3243 0.9459
vn -0.1345 -0.1943 0.9717
vn -0.1354 -0.1899 0.9724
vn -0.1514 -0.3047 0.9404
vn -0.3489 -0.2232 0.9102
vn -0.4697 -0.0357 0.8821
vn -0.5843 0.0831 0.8073
vn -0.7013 0.1761 0.6908
vn 0.0102 -0.6286 0.7777
vn 0.0479 -0.6052 0.7946
vn -0.1862 -0.3061 0.9336
vn -0.2057 -0.3816 0.9011
vn 0.6701 0.0626 0.7397
vn 0.6745 0.0939 0.7323
vn 0.6202 0.1620 0.7675
vn 0.6684 0.0656 0.7409
vn 0.6432 0.0649 0.7629
vn 0.5084 0.1235 0.8522
vn 0.5883 0.0102 0.8086
vn 0.4418 0.1342 0.8870
vn 0.5078 -0.1123 0.8541
vn 0.3433 -0.0074 0.9392
vn 0.4709 -0.1433 0.8705
vn 0.3136 0.0060 0.9495
vn 0.4838 -0.0695 0.8724
vn 0.1842 0.1256 0.9748
vn 0.3650 -0.2472 0.8976
vn 0.0510 0.0057 0.9987
vn 0.2459 -0.4070 0.8797
vn 0.0179 -0.1666 0.9859
vn 0.1185 -0.5540 0.8241
vn -0.0782 -0.3226 0.9433
vn 0.0161 -0.6443 0.7646
vn -0.1688 -0.3917 0.9045
vn 0.1592 -0.8450 0.5104
vn 0.2582 -0.7948 0.5493
vn 0.6718 0.0595 0.7384
vn 0.7277 0.0449 0.6844
vn 0.7132 -0.0704 0.6975
vn 0.7076 -0.1002 0.6995
vn 0.6116 -0.2666 0.7449
vn 0.6081 -0.2683 0.7471
vn 0.6977 -0.2611 0.6671
vn 0.6236 -0.4607 0.6316
vn 0.4507 -0.6018 0.6593
vn 0.3183 -0.7186 0.6183
vn 0.1910 -0.8269 0.5289
vn 0.1652 -0.6035 0.7801
vn 0.1734 -0.5650 0.8066
vn -0.2222 -0.4900 0.8429
vn -0.1807 -0.5567 0.8108
vn 0.2360 0.3417 0.9097
vn 0.2222 0.3701 0.9020
vn 0.1301 0.3857 0.9134
vn 0.2328 0.3427 0.9102
vn 0.2084 0.3238 0.9229
vn 0.0473 0.2759 0.9600
vn 0.1882 0.2410 0.9521
vn -0.0184 0.2391 0.9708
vn 0.1910 0.0897 0.9775
vn -0.0190 0.0610 0.9980
vn 0.1781 0.0409 0.9832
vn -0.0520 0.0524 0.9973
vn 0.1416 0.1063 0.9842
vn -0.2277 0.0651 0.9716
vn 0.1561 -0.1085 0.9818
vn -0.2589 -0.1126 0.9593
vn 0.1721 -0.3028 0.9374
vn -0.1737 -0.2660 0.9482
vn 0.1853 -0.4867 0.8537
vn -0.1359 -0.4401 0.8876
vn 0.1831 -0.6103 0.7707
vn -0.1485 -0.5431 0.8264
vn 0.4855 -0.6449 0.5902
vn 0.5158 -0.5518 0.6553
vn 0.2397 0.3402 0.9093
vn 0.3054 0.3704 0.8772
vn 0.3619 0.2689 0.8926
vn 0.3753 0.2420 0.8947
vn 0.3938 0.0468 0.9180
vn 0.3916 0.0430 0.9191
vn 0.4762 0.1140 0.8719
vn 0.5547 -0.0822 0.8280
vn 0.5065 -0.3007 0.8081
vn 0.4932 -0.4659 0.7347
vn 0.4923 -0.6143 0.6166
vn 0.4270 0.3580 0.8304
vn 0.4029 0.3255 0.8554
vn 0.6634 0.0350 0.7475
vn 0.6656 0.1191 0.7367
vn -0.1797 -0.3773 0.9085
vn -0.1886 -0.4053 0.8945
vn -0.1265 -0.4723 0.8723
vn -0.1777 -0.3803 0.9076
vn -0.1446 -0.3826 0.9125
vn 0.0146 -0.4453 0.8953
vn -0.0719 -0.3367 0.9389
vn 0.0893 -0.4563 0.8854
vn 0.0253 -0.2234 0.9744
vn 0.2056 -0.3241 0.9234
vn 0.0665 -0.1938 0.9788
vn 0.2359 -0.3358 0.9119
vn 0.0538 -0.2659 0.9625
vn 0.3542 -0.4375 0.8265
vn 0.1747 -0.0887 0.9806
vn 0.4844 -0.3125 0.8171
vn 0.2724 0.0844 0.9585
vn 0.5125 -0.1414 0.8470
vn 0.3567 0.2580 0.8979
vn 0.5775 0.0323 0.8158
vn 0.4155 0.3759 0.8283
vn 0.6365 0.1223 0.7615
vn 0.1679 0.6209 0.7657
vn 0.1028 0.5475 0.8304
vn -0.1817 -0.3742 0.9094
vn -0.2570 -0.3525 0.8999
vn -0.2333 -0.2454 0.9409
vn -0.2265 -0.2169 0.9495
vn -0.1147 -0.0600 0.9916
vn -0.1103 -0.0586 0.9922
vn -0.2287 -0.0543 0.9720
vn -0.1769 0.1553 0.9719
vn -0.0103 0.3049 0.9523
vn 0.0848 0.4462 0.8909
vn 0.1499 0.5936 0.7907
vn -0.5756 0.1165 0.8094
vn -0.5397 0.1002 0.8359
vn -0.3494 0.4568 0.8181
vn -0.4271 0.4337 0.7935
vn 0.3127 -0.2189 0.9243
vn 0.3434 -0.2154 0.9142
vn 0.3862 -0.1317 0.9129
vn 0.3148 -0.2160 0.9242
vn 0.3048 -0.1858 0.9341
vn 0.3088 -0.0148 0.9510
vn 0.2336 -0.1386 0.9624
vn 0.2939 0.0596 0.9540
vn 0.0901 -0.0928 0.9916
vn 0.1259 0.1170 0.9851
vn 0.0475 -0.0653 0.9967
vn 0.1273 0.1508 0.9803
vn 0.1209 -0.0502 0.9914
vn 0.1897 0.3102 0.9315
vn -0.0883 0.0002 0.9961
vn 0.0288 0.3916 0.9197
vn -0.2812 0.0382 0.9589
vn -0.1435 0.3558 0.9235
vn -0.4655 0.0712 0.8822
vn -0.3243 0.3652 0.8726
vn -0.5880 0.1005 0.8026
vn -0.4226 0.4009 0.8129
vn -0.7214 -0.1967 0.6640
vn -0.6375 -0.2456 0.7303
vn 0.3104 -0.2222 0.9243
vn 0.3178 -0.2972 0.9004
vn 0.2054 -0.3181 0.9255
vn 0.1756 -0.3227 0.9301
vn -0.0144 -0.2789 0.9602
vn -0.0173 -0.2756 0.9611
vn 0.0226 -0.3826 0.9236
vn -0.1904 -0.4031 0.8951
vn -0.3859 -0.2942 0.8744
vn -0.5440 -0.2406 0.8038
vn -0.6925 -0.2089 0.6905
vn 0.3163 -0.5834 0.7481
vn 0.3387 -0.5457 0.7665
vn -0.0075 -0.3999 0.9165
vn 0.0107 -0.4742 0.8804
vn 0.5694 0.3387 0.7490
vn 0.5584 0.3688 0.7431
vn 0.4787 0.4013 0.7809
vn 0.5664 0.3407 0.7504
vn 0.5450 0.3270 0.7721
vn 0.3996 0.3106 0.8625
vn 0.5231 0.2509 0.8145
vn 0.3363 0.2869 0.8970
vn 0.5108 0.1030 0.8535
vn 0.3173 0.1133 0.9415
vn 0.4932 0.0574 0.8680
vn 0.2849 0.1106 0.9522
vn 0.4696 0.1283 0.8735
vn 0.1146 0.1532 0.9815
vn 0.4495 -0.0854 0.8892
vn 0.0545 -0.0163 0.9984
vn 0.4201 -0.2815 0.8627
vn 0.1068 -0.1830 0.9773
vn 0.3769 -0.4686 0.7990
vn 0.0956 -0.3637 0.9266
vn 0.3289 -0.5938 0.7343
vn 0.0480 -0.4657 0.8836
vn 0.5468 -0.6910 0.4728
vn 0.6107 -0.6015 0.5150
vn 0.5724 0.3366 0.7477
vn 0.6279 0.3530 0.6936
vn 0.6698 0.2442 0.7012
vn 0.6791 0.2153 0.7018
vn 0.6740 0.0214 0.7384
vn 0.6718 0.0181 0.7405
vn 0.7463 0.0705 0.6619
vn 0.7751 -0.1385 0.6165
vn 0.6901 -0.3458 0.6358
vn 0.6284 -0.5093 0.5880
vn 0.5664 -0.6608 0.4925
vn 0.4409 -0.4881 0.7533
vn 0.4303 -0.4516 0.7816
vn 0.0468 -0.5746 0.8171
vn 0.1146 -0.6121 0.7824
vn 0.0571 0.3707 0.9270
vn 0.0313 0.3896 0.9205
vn -0.0570 0.3591 0.9315
vn 0.0538 0.3701 0.9274
vn 0.0413 0.3414 0.9390
vn -0.0773 0.2213 0.9721
vn 0.0632 0.2577 0.9641
vn -0.1176 0.1574 0.9805
vn 0.1376 0.1248 0.9826
vn -0.0334 -0.0008 0.9994
vn 0.1495 0.0755 0.9859
vn -0.0583 -0.0241 0.9980
vn 0.0863 0.1157 0.9895
vn -0.2195 -0.0950 0.9710
vn 0.2009 -0.0661 0.9774
vn -0.1629 -0.2653 0.9503
vn 0.3065 -0.2274 0.9243
vn -0.0153 -0.3595 0.9330
vn 0.4042 -0.3792 0.8324
vn 0.0997 -0.4920 0.8649
vn 0.4598 -0.4851 0.7438
vn 0.1367 -0.5857 0.7990
vn 0.7403 -0.3642 0.5651
vn 0.7236 -0.2711 0.6347
vn 0.0610 0.3710 0.9266
vn 0.1042 0.4303 0.8966
vn 0.2022 0.3673 0.9079
vn 0.2268 0.3499 0.9089
vn 0.3359 0.1859 0.9234
vn 0.3357 0.1814 0.9243
vn 0.3760 0.2862 0.8813
vn 0.5375 0.1530 0.8293
vn 0.5984 -0.0613 0.7988
vn 0.6640 -0.2096 0.7177
vn 0.7321 -0.3351 0.5930
vn 0.2165 0.4793 0.8505
vn 0.2111 0.4382 0.8737
vn 0.5767 0.3112 0.7554
vn 0.5387 0.3865 0.7486
vn 0.0316 -0.4583 0.8883
vn 0.0369 -0.4865 0.8729
vn 0.1231 -0.5149 0.8483
vn 0.0348 -0.4599 0.8873
vn 0.0651 -0.4466 0.8924
vn 0.2348 -0.4255 0.8740
vn 0.1078 -0.3730 0.9216
vn 0.3056 -0.3994 0.8643
vn 0.1401 -0.2289 0.9633
vn 0.3459 -0.2297 0.9097
vn 0.1624 -0.1836 0.9695
vn 0.3780 -0.2252 0.8980
vn 0.1851 -0.2523 0.9498
vn 0.5293 -0.2547 0.8093
vn 0.2078 -0.0400 0.9774
vn 0.5846 -0.0826 0.8071
vn 0.2116 0.1596 0.9642
vn 0.5286 0.0799 0.8451
vn 0.2028 0.3549 0.9126
vn 0.5031 0.2648 0.8226
vn 0.1980 0.4896 0.8492
vn 0.5119 0.3743 0.7732
vn -0.1370 0.5906 0.7953
vn -0.1587 0.4923 0.8559
vn 0.0284 -0.4566 0.8892
vn -0.0483 -0.4727 0.8799
vn -0.0776 -0.3692 0.9261
vn -0.0851 -0.3413 0.9361
vn -0.0604 -0.1523 0.9865
vn -0.0572 -0.1490 0.9872
vn -0.1638 -0.2004 0.9659
vn -0.2174 0.0084 0.9760
vn -0.1418 0.2198 0.9652
vn -0.1259 0.3920 0.9113
vn -0.1396 0.5569 0.8187
vn 0.2970 0.4009 0.8667
vn 0.2715 0.3679 0.8893
vn 0.5561 0.0873 0.8265
vn 0.5561 0.1710 0.8133
vn -0.2819 -0.3600 0.8893
vn -0.2877 -0.3888 0.8752
vn -0.2205 -0.4534 0.8636
vn -0.2800 -0.3629 0.8888
vn -0.2477 -0.3635 0.8980
vn -0.0851 -0.4189 0.9040
vn -0.1813 -0.3135 0.9321
vn -0.0096 -0.4266 0.9044
vn -0.0947 -0.1946 0.9763
vn 0.0951 -0.2882 0.9528
vn -0.0558 -0.1630 0.9851
vn 0.1270 -0.2986 0.9459
vn -0.0630 -0.2361 0.9697
vn 0.2600 -0.3970 0.8802
vn 0.0466 -0.0530 0.9975
vn 0.3848 -0.2663 0.8838
vn 0.1388 0.1239 0.9825
vn 0.4012 -0.0932 0.9112
vn 0.2229 0.2997 0.9276
vn 0.4622 0.0825 0.8829
vn 0.2852 0.4182 0.8624
vn 0.5239 0.1735 0.8339
vn 0.0375 0.6492 0.7597
vn -0.0324 0.5747 0.8177
vn -0.2842 -0.3569 0.8899
vn -0.3586 -0.3391 0.8697
vn -0.3452 -0.2300 0.9099
vn -0.3409 -0.2010 0.9184
vn -0.2426 -0.0377 0.9694
vn -0.2385 -0.0360 0.9705
vn -0.3532 -0.0379 0.9348
vn -0.3109 0.1738 0.9344
vn -0.1498 0.3305 0.9318
vn -0.0537 0.4746 0.8785
vn 0.0179 0.6218 0.7830
vn -0.6351 -0.2343 0.7361
vn -0.6052 -0.2688 0.7493
vn -0.3611 -0.0034 0.9325
vn -0.4382 0.0057 0.8989
vn 0.1721 -0.7401 0.6502
vn 0.2039 -0.7374 0.6439
vn 0.2591 -0.6764 0.6894
vn 0.1747 -0.7379 0.6519
vn 0.1685 -0.7166 0.6768
vn 0.1974 -0.5865 0.7855
vn 0.1030 -0.6798 0.7261
vn 0.1940 -0.5244 0.8291
vn -0.0340 -0.6308 0.7752
vn 0.0345 -0.4625 0.8860
vn -0.0720 -0.6030 0.7945
vn 0.0417 -0.4325 0.9007
vn 0.0028 -0.6018 0.7986
vn 0.1331 -0.2874 0.9485
vn -0.1952 -0.5234 0.8294
vn -0.0110 -0.1839 0.9829
vn -0.3746 -0.4354 0.8186
vn -0.1861 -0.1825 0.9654
vn -0.5421 -0.3317 0.7721
vn -0.3566 -0.1129 0.9274
vn -0.6490 -0.2413 0.7215
vn -0.4410 -0.0325 0.8969
vn -0.8112 -0.3840 0.4411
vn -0.7436 -0.4760 0.4695
vn 0.1694 -0.7422 0.6484
vn 0.1675 -0.7920 0.5871
vn 0.0512 -0.8014 0.5959
vn 0.0209 -0.8019 0.5971
vn -0.1622 -0.7462 0.6457
vn -0.1646 -0.7434 0.6482
vn -0.1380 -0.8184 0.5579
vn -0.3472 -0.7793 0.5217
vn -0.5199 -0.6416 0.5639
vn -0.6591 -0.5294 0.5341
vn -0.7877 -0.4140 0.4563
vn -0.5803 -0.3806 0.7200
vn -0.5417 -0.3849 0.7473
vn -0.5461 0.0092 0.8377
vn -0.6026 -0.0395 0.7971
vn 0.3568 -0.2881 0.8887
vn 0.3822 -0.2682 0.8843
vn 0.3792 -0.1772 0.9082
vn 0.3571 -0.2849 0.8896
vn 0.3335 -0.2664 0.9043
vn 0.2542 -0.1238 0.9592
vn 0.2476 -0.2664 0.9315
vn 0.2051 -0.0684 0.9763
vn 0.0991 -0.3012 0.9484
vn 0.0296 -0.1052 0.9940
vn 0.0486 -0.2987 0.9531
vn 0.0147 -0.0747 0.9971
vn 0.1056 -0.2509 0.9622
vn -0.0063 0.1021 0.9947
vn -0.1021 -0.3054 0.9467
vn -0.1863 0.1005 0.9773
vn -0.2883 -0.3517 0.8906
vn -0.3199 -0.0099 0.9474
vn -0.4638 -0.3880 0.7964
vn -0.4816 -0.0715 0.8735
vn -0.5833 -0.3980 0.7081
vn -0.5834 -0.0704 0.8091
vn -0.5536 -0.6742 0.4888
vn -0.4581 -0.6949 0.5543
vn 0.3561 -0.2918 0.8877
vn 0.3993 -0.3457 0.8492
vn 0.3104 -0.4220 0.8518
vn 0.2866 -0.4404 0.8508
vn 0.0981 -0.4985 0.8613
vn 0.0940 -0.4972 0.8625
vn 0.1813 -0.5597 0.8087
vn 0.0053 -0.6672 0.7448
vn -0.2178 -0.6590 0.7199
vn -0.3804 -0.6674 0.6403
vn -0.5229 -0.6787 0.5157
vn 0.4120 -0.4600 0.7865
vn 0.3748 -0.4461 0.8127
vn 0.1435 -0.7398 0.6574
vn 0.2267 -0.7246 0.6508
vn -0.4290 -0.0198 0.9031
vn -0.4579 -0.0146 0.8889
vn -0.5109 -0.0846 0.8555
vn -0.4316 -0.0221 0.9018
vn -0.4276 -0.0555 0.9023
vn -0.4576 -0.2198 0.8615
vn -0.3691 -0.1211 0.9215
vn -0.4535 -0.2931 0.8417
vn -0.2400 -0.1989 0.9502
vn -0.3023 -0.3864 0.8714
vn -0.2031 -0.2340 0.9508
vn -0.3077 -0.4165 0.8555
vn -0.2758 -0.2331 0.9325
vn -0.3820 -0.5393 0.7505
vn -0.0790 -0.3195 0.9443
vn -0.2339 -0.6410 0.7310
vn 0.1103 -0.3788 0.9189
vn -0.0614 -0.6399 0.7660
vn 0.2985 -0.4197 0.8572
vn 0.1224 -0.6660 0.7358
vn 0.4274 -0.4452 0.7869
vn 0.2235 -0.6990 0.6793
vn 0.6211 -0.1494 0.7694
vn 0.5348 -0.1089 0.8379
vn -0.4264 -0.0174 0.9044
vn -0.4195 0.0612 0.9057
vn -0.3111 0.0530 0.9489
vn -0.2820 0.0506 0.9581
vn -0.1075 -0.0342 0.9936
vn -0.1053 -0.0383 0.9937
vn -0.1236 0.0805 0.9891
vn 0.0920 0.0698 0.9933
vn 0.2716 -0.0613 0.9605
vn 0.4304 -0.1186 0.8948
vn 0.5901 -0.1405 0.7950
vn -0.4518 -0.4715 0.7573
vn -0.4201 -0.4522 0.7868
vn -0.6146 -0.0976 0.7828
vn -0.6360 -0.1734 0.7519
vn 0.3060 0.0799 0.9487
vn 0.3202 0.1082 0.9412
vn 0.2735 0.1896 0.9430
vn 0.3048 0.0832 0.9488
vn 0.2734 0.0907 0.9576
vn 0.1314 0.1862 0.9737
vn 0.1938 0.0550 0.9795
vn 0.0609 0.2142 0.9749
vn 0.0759 -0.0418 0.9962
vn -0.0801 0.1031 0.9914
vn 0.0294 -0.0627 0.9976
vn -0.1075 0.1230 0.9866
vn 0.0570 0.0072 0.9984
vn -0.2046 0.2654 0.9422
vn -0.0992 -0.1403 0.9851
vn -0.3597 0.1763 0.9163
vn -0.2339 -0.2782 0.9316
vn -0.4234 0.0125 0.9059
vn -0.3578 -0.4092 0.8394
vn -0.5269 -0.1301 0.8399
vn -0.4448 -0.4901 0.7497
vn -0.6071 -0.1887 0.7719
vn -0.2612 -0.7544 0.6022
vn -0.1780 -0.7155 0.6756
vn 0.3074 0.0764 0.9485
vn 0.3755 0.0432 0.9258
vn 0.3307 -0.0640 0.9415
vn 0.3182 -0.0918 0.9436
vn 0.1767 -0.2287 0.9573
vn 0.1722 -0.2293 0.9580
vn 0.2855 -0.2517 0.9247
vn 0.1885 -0.4389 0.8785
vn -0.0080 -0.5414 0.8407
vn -0.1352 -0.6396 0.7567
vn -0.2366 -0.7387 0.6311
vn 0.6224 -0.1043 0.7757
vn 0.6020 -0.0664 0.7957
vn 0.2840 -0.2859 0.9152
vn 0.3580 -0.3088 0.8812
vn -0.0128 0.6105 0.7919
vn -0.0437 0.6179 0.7850
vn -0.1162 0.5665 0.8159
vn -0.0161 0.6086 0.7933
vn -0.0175 0.5819 0.8130
vn -0.0874 0.4455 0.8910
vn 0.0323 0.5194 0.8539
vn -0.1037 0.3775 0.9202
vn 0.1476 0.4258 0.8927
vn 0.0292 0.2639 0.9641
vn 0.1754 0.3851 0.9061
vn 0.0133 0.2345 0.9720
vn 0.1028 0.4038 0.9091
vn -0.1164 0.1136 0.9867
vn 0.2702 0.2694 0.9243
vn -0.0079 -0.0302 0.9995
vn 0.4199 0.1396 0.8968
vn 0.1613 -0.0761 0.9840
vn 0.5565 0.0055 0.8308
vn 0.3093 -0.1807 0.9336
vn 0.6387 -0.0986 0.7631
vn 0.3711 -0.2733 0.8875
vn 0.8519 0.0479 0.5215
vn 0.8096 0.1472 0.5683
vn -0.0096 0.6123 0.7906
vn 0.0097 0.6708 0.7416
vn 0.1234 0.6459 0.7534
vn 0.1526 0.6379 0.7549
vn 0.3105 0.5252 0.7923
vn 0.3119 0.5214 0.7943
vn 0.3124 0.6175 0.7218
vn 0.5056 0.5307 0.6803
vn 0.6321 0.3452 0.6937
vn 0.7381 0.2075 0.6420
vn 0.8362 0.0796 0.5426
vn 0.6099 0.0515 0.7908
vn 0.5720 0.0607 0.8180
vn 0.4650 -0.3294 0.8217
vn 0.5352 -0.2909 0.7931
vn -0.3272 0.1881 0.9260
vn -0.3567 0.1773 0.9173
vn -0.3797 0.0860 0.9211
vn -0.3286 0.1849 0.9262
vn -0.3117 0.1580 0.9369
vn -0.2772 -0.0089 0.9608
vn -0.2310 0.1289 0.9644
vn -0.2460 -0.0778 0.9661
vn -0.0801 0.1173 0.9899
vn -0.0687 -0.0952 0.9931
vn -0.0325 0.1000 0.9945
vn -0.0627 -0.1287 0.9897
vn -0.1007 0.0690 0.9925
vn -0.0894 -0.3002 0.9497
vn 0.1146 0.0663 0.9912
vn 0.0852 -0.3445 0.9349
vn 0.3098 0.0700 0.9482
vn 0.2451 -0.2715 0.9307
vn 0.4947 0.0750 0.8658
vn 0.4221 -0.2430 0.8734
vn 0.6182 0.0695 0.7829
vn 0.5241 -0.2589 0.8114
vn 0.6784 0.3818 0.6277
vn 0.5874 0.4144 0.6952
vn -0.3254 0.1916 0.9260
vn -0.3500 0.2620 0.8994
vn -0.2444 0.3084 0.9193
vn -0.2166 0.3194 0.9225
vn -0.0206 0.3201 0.9472
vn -0.0171 0.3174 0.9482
vn -0.0806 0.4112 0.9080
vn 0.1215 0.4770 0.8705
vn 0.3356 0.4130 0.8467
vn 0.4996 0.3922 0.7724
vn 0.6482 0.3888 0.6547
vn -0.3276 0.3854 0.8627
vn -0.2973 0.3568 0.8856
vn 0.0140 0.6007 0.7993
vn -0.0696 0.6107 0.7888
vn 0.3559 -0.2830 0.8907
vn 0.3831 -0.2930 0.8760
vn 0.4549 -0.2350 0.8590
vn 0.3589 -0.2814 0.8899
vn 0.3639 -0.2490 0.8975
vn 0.4394 -0.0945 0.8933
vn 0.3239 -0.1752 0.9297
vn 0.4564 -0.0204 0.8895
vn 0.2186 -0.0724 0.9731
vn 0.3338 0.1028 0.9370
vn 0.1924 -0.0296 0.9809
vn 0.3481 0.1325 0.9281
vn 0.2633 -0.0467 0.9636
vn 0.4595 0.2490 0.8526
vn 0.0963 0.0864 0.9916
vn 0.3455 0.3893 0.8539
vn -0.0682 0.1992 0.9776
vn 0.1770 0.4284 0.8861
vn -0.2340 0.3020 0.9241
vn 0.0093 0.5097 0.8603
vn -0.3463 0.3757 0.8596
vn -0.0752 0.5800 0.8111
vn -0.6101 0.1545 0.7771
vn -0.5427 0.0787 0.8362
vn 0.3528 -0.2846 0.8914
vn 0.3250 -0.3571 0.8757
vn 0.2198 -0.3283 0.9186
vn 0.1919 -0.3201 0.9278
vn 0.0442 -0.1997 0.9789
vn 0.0432 -0.1953 0.9798
vn 0.0294 -0.3109 0.9500
vn -0.1752 -0.2423 0.9542
vn -0.3107 -0.0632 0.9484
vn -0.4436 0.0477 0.8950
vn -0.5845 0.1325 0.8005
vn -0.5001 0.1752 0.8481
vn -0.4609 0.1636 0.8722
vn -0.2942 0.5249 0.7987
vn -0.3725 0.4953 0.7848
vn 0.4130 -0.1036 0.9048
vn 0.4424 -0.0996 0.8913
vn 0.4800 -0.0145 0.8771
vn 0.4150 -0.1004 0.9043
vn 0.4043 -0.0698 0.9120
vn 0.4000 0.1020 0.9108
vn 0.3335 -0.0235 0.9424
vn 0.3811 0.1753 0.9077
vn 0.1911 0.0184 0.9814
vn 0.2139 0.2277 0.9499
vn 0.1477 0.0443 0.9880
vn 0.2128 0.2610 0.9416
vn 0.2192 0.0621 0.9737
vn 0.2609 0.4170 0.8707
vn 0.0089 0.1027 0.9947
vn 0.0951 0.4889 0.8672
vn -0.1886 0.1274 0.9738
vn -0.0736 0.4456 0.8922
vn -0.3811 0.1432 0.9134
vn -0.2588 0.4408 0.8595
vn -0.5121 0.1579 0.8443
vn -0.3642 0.4651 0.8068
vn -0.6409 -0.1584 0.7511
vn -0.5483 -0.1958 0.8130
vn 0.4110 -0.1072 0.9053
vn 0.4204 -0.1836 0.8886
vn 0.3123 -0.2069 0.9272
vn 0.2834 -0.2124 0.9352
vn 0.0950 -0.1749 0.9800
vn 0.0920 -0.1715 0.9809
vn 0.1342 -0.2799 0.9506
vn -0.0789 -0.3135 0.9463
vn -0.2815 -0.2168 0.9348
vn -0.4486 -0.1785 0.8757
vn -0.6090 -0.1663 0.7756
vn 0.4206 -0.4842 0.7672
vn 0.4425 -0.4438 0.7793
vn 0.1047 -0.2993 0.9484
vn 0.1235 -0.3760 0.9184
vn 0.6189 0.4433 0.6485
vn 0.6055 0.4721 0.6406
vn 0.5281 0.5050 0.6827
vn 0.6160 0.4453 0.6498
vn 0.5974 0.4334 0.6747
vn 0.4626 0.4200 0.7808
vn 0.5842 0.3614 0.7267
vn 0.4045 0.3970 0.8239
vn 0.5844 0.2179 0.7816
vn 0.4000 0.2285 0.8876
vn 0.5709 0.1734 0.8025
vn 0.3690 0.2255 0.9017
vn 0.5439 0.2434 0.8031
vn 0.2002 0.2629 0.9438
vn 0.5378 0.0319 0.8424
vn 0.1519 0.0934 0.9840
vn 0.5175 -0.1671 0.8392
vn 0.2115 -0.0719 0.9747
vn 0.4792 -0.3620 0.7996
vn 0.2059 -0.2575 0.9441
vn 0.4324 -0.4956 0.7533
vn 0.1604 -0.3655 0.9169
vn 0.6292 -0.6096 0.4822
vn 0.6915 -0.5132 0.5083
vn 0.6218 0.4412 0.6471
vn 0.6707 0.4544 0.5862
vn 0.7195 0.3495 0.6002
vn 0.7304 0.3214 0.6027
vn 0.7401 0.1324 0.6593
vn 0.7383 0.1291 0.6620
vn 0.8016 0.1764 0.5713
vn 0.8380 -0.0346 0.5446
vn 0.7674 -0.2425 0.5935
vn 0.7109 -0.4132 0.5692
vn 0.6488 -0.5768 0.4964
vn 0.5395 -0.3831 0.7498
vn 0.5296 -0.3443 0.7752
vn 0.1591 -0.4811 0.8621
vn 0.2252 -0.5188 0.8247
vn 0.1252 0.4705 0.8735
vn 0.0978 0.4872 0.8678
vn 0.0129 0.4537 0.8911
vn 0.1220 0.4694 0.8745
vn 0.1124 0.4416 0.8901
vn 0.0047 0.3202 0.9473
vn 0.1414 0.3623 0.9213
vn -0.0308 0.2557 0.9663
vn 0.2249 0.2357 0.9454
vn 0.0638 0.1046 0.9925
vn 0.2399 0.1877 0.9525
vn 0.0402 0.0802 0.9960
vn 0.1751 0.2250 0.9585
vn -0.1183 -0.0007 0.9930
vn 0.2983 0.0484 0.9533
vn -0.0543 -0.1695 0.9840
vn 0.4073 -0.1123 0.9063
vn 0.0962 -0.2578 0.9614
vn 0.5044 -0.2681 0.8208
vn 0.2115 -0.3911 0.8957
vn 0.5571 -0.3803 0.7382
vn 0.2472 -0.4896 0.8362
vn 0.8115 -0.2659 0.5204
vn 0.7963 -0.1667 0.5815
vn 0.1289 0.4715 0.8724
vn 0.1655 0.5286 0.8326
vn 0.2676 0.4718 0.8401
vn 0.2932 0.4559 0.8404
vn 0.4126 0.2995 0.8603
vn 0.4127 0.2952 0.8617
vn 0.4425 0.3965 0.8044
vn 0.6057 0.2659 0.7500
vn 0.6756 0.0530 0.7354
vn 0.7416 -0.0996 0.6634
vn 0.8044 -0.2345 0.5458
vn 0.2700 0.5773 0.7706
vn 0.2692 0.5386 0.7984
vn 0.6284 0.4169 0.6567
vn 0.5855 0.4897 0.6461
vn 0.1442 -0.3585 0.9223
vn 0.1496 -0.3879 0.9095
vn 0.2345 -0.4148 0.8792
vn 0.1473 -0.3606 0.9210
vn 0.1772 -0.3448 0.9218
vn 0.3428 -0.3177 0.8840
vn 0.2181 -0.2665 0.9388
vn 0.4107 -0.2894 0.8646
vn 0.2459 -0.1174 0.9622
vn 0.4453 -0.1141 0.8881
vn 0.2660 -0.0707 0.9614
vn 0.4757 -0.1096 0.8727
vn 0.2907 -0.1399 0.9465
vn 0.6192 -0.1408 0.7725
vn 0.3036 0.0750 0.9498
vn 0.6640 0.0325 0.7471
vn 0.2945 0.2719 0.9161
vn 0.6026 0.1951 0.7738
vn 0.2695 0.4600 0.8460
vn 0.5644 0.3752 0.7353
vn 0.2507 0.5867 0.7700
vn 0.5619 0.4790 0.6744
vn -0.0932 0.6652 0.7408
vn -0.1032 0.5731 0.8130
vn 0.1409 -0.3564 0.9236
vn 0.0648 -0.3774 0.9238
vn 0.0341 -0.2711 0.9619
vn 0.0261 -0.2427 0.9698
vn 0.0445 -0.0484 0.9978
vn 0.0476 -0.0449 0.9979
vn -0.0574 -0.1033 0.9930
vn -0.1218 0.1026 0.9872
vn -0.0600 0.3150 0.9472
vn -0.0594 0.4809 0.8748
vn -0.0915 0.6342 0.7678
vn -0.1841 -0.5726 0.7989
vn -0.1702 -0.5366 0.8265
vn -0.5241 -0.3471 0.7777
vn -0.4989 -0.4245 0.7556
vn 0.1393 0.3169 0.9382
vn 0.1366 0.3475 0.9277
vn 0.0533 0.3902 0.9192
vn 0.1366 0.3187 0.9380
vn 0.1055 0.3090 0.9452
vn -0.0664 0.3128 0.9475
vn 0.0562 0.2378 0.9697
vn -0.1407 0.2978 0.9442
vn 0.0082 0.0943 0.9955
vn -0.2003 0.1298 0.9711
vn -0.0197 0.0517 0.9985
vn -0.2337 0.1310 0.9635
vn -0.0343 0.1250 0.9916
vn -0.3884 0.1931 0.9010
vn -0.0846 -0.0843 0.9928
vn -0.4683 0.0320 0.8830
vn -0.1191 -0.2773 0.9534
vn -0.4327 -0.1403 0.8906
vn -0.1452 -0.4620 0.8749
vn -0.4375 -0.3213 0.8399
vn -0.1676 -0.5848 0.7937
vn -0.4679 -0.4198 0.7777
vn 0.1404 -0.7184 0.6813
vn 0.1833 -0.6343 0.7510
vn 0.1424 0.3149 0.9384
vn 0.2192 0.3221 0.9210
vn 0.2382 0.2097 0.9483
vn 0.2425 0.1800 0.9533
vn 0.1964 -0.0100 0.9805
vn 0.1930 -0.0129 0.9811
vn 0.3027 0.0269 0.9527
vn 0.3259 -0.1861 0.9269
vn 0.2193 -0.3819 0.8978
vn 0.1721 -0.5404 0.8236
vn 0.1503 -0.6894 0.7087
vn 0.5175 0.3202 0.7935
vn 0.4783 0.3427 0.8086
vn 0.3207 -0.0031 0.9472
vn 0.3977 0.0150 0.9174
vn -0.4018 0.5721 0.7150
vn -0.4312 0.5609 0.7067
vn -0.4667 0.4814 0.7419
vn -0.4036 0.5696 0.7161
vn -0.3920 0.5476 0.7392
vn -0.3832 0.4026 0.8313
vn -0.3197 0.5261 0.7881
vn -0.3624 0.3396 0.8679
vn -0.1756 0.5142 0.8395
vn -0.1932 0.3210 0.9272
vn -0.1314 0.4967 0.8579
vn -0.1913 0.2885 0.9382
vn -0.2025 0.4729 0.8575
vn -0.2361 0.1184 0.9645
vn 0.0091 0.4533 0.8913
vn -0.0685 0.0586 0.9959
vn 0.2068 0.4240 0.8817
vn 0.0993 0.1111 0.9888
vn 0.3987 0.3808 0.8343
vn 0.2837 0.1000 0.9537
vn 0.5291 0.3327 0.7806
vn 0.3890 0.0523 0.9198
vn 0.6478 0.5497 0.5274
vn 0.5550 0.6137 0.5615
vn -0.3999 0.5747 0.7140
vn -0.4115 0.6301 0.6585
vn -0.3036 0.6723 0.6752
vn -0.2748 0.6816 0.6782
vn -0.0847 0.6770 0.7311
vn -0.0816 0.6749 0.7334
vn -0.1273 0.7489 0.6504
vn 0.0848 0.7778 0.6227
vn 0.2899 0.6931 0.6600
vn 0.4569 0.6314 0.6266
vn 0.6160 0.5694 0.5444
vn 0.4218 0.4448 0.7901
vn 0.3830 0.4343 0.8153
vn 0.5032 0.0513 0.8627
vn 0.5435 0.1188 0.8310
vn -0.4482 0.0603 0.8919
vn -0.4664 0.0345 0.8839
vn -0.4369 -0.0541 0.8979
vn -0.4476 0.0564 0.8924
vn -0.4199 0.0448 0.9065
vn -0.3029 -0.0736 0.9502
vn -0.3387 0.0668 0.9385
vn -0.2398 -0.1138 0.9641
vn -0.2078 0.1415 0.9679
vn -0.0839 -0.0294 0.9960
vn -0.1591 0.1535 0.9753
vn -0.0607 -0.0542 0.9967
vn -0.1993 0.0903 0.9758
vn 0.0125 -0.2153 0.9765
vn -0.0172 0.2050 0.9786
vn 0.1840 -0.1586 0.9700
vn 0.1478 0.3105 0.9390
vn 0.2790 -0.0109 0.9602
vn 0.3067 0.4082 0.8599
vn 0.4166 0.1040 0.9031
vn 0.4197 0.4636 0.7803
vn 0.5156 0.1409 0.8452
vn 0.3139 0.7432 0.5909
vn 0.2151 0.7266 0.6525
vn -0.4487 0.0646 0.8914
vn -0.5051 0.1075 0.8564
vn -0.4432 0.2055 0.8726
vn -0.4260 0.2300 0.8750
vn -0.2640 0.3394 0.9028
vn -0.2597 0.3391 0.9042
vn -0.3603 0.3792 0.8523
vn -0.2232 0.5407 0.8111
vn -0.0073 0.6017 0.7987
vn 0.1471 0.6672 0.7302
vn 0.2827 0.7351 0.6162
vn -0.5499 0.2194 0.8059
vn -0.5109 0.2141 0.8325
vn -0.3746 0.5793 0.7239
vn -0.4493 0.5413 0.7108
vn 0.3813 0.0360 0.9238
vn 0.4107 0.0413 0.9108
vn 0.4411 0.1273 0.8884
vn 0.3831 0.0395 0.9229
vn 0.3693 0.0694 0.9267
vn 0.3495 0.2388 0.9060
vn 0.2933 0.1121 0.9494
vn 0.3242 0.3097 0.8939
vn 0.1461 0.1445 0.9787
vn 0.1512 0.3502 0.9244
vn 0.1005 0.1667 0.9809
vn 0.1478 0.3821 0.9122
vn 0.1705 0.1894 0.9670
vn 0.1844 0.5330 0.8258
vn -0.0434 0.2119 0.9763
vn 0.0131 0.5880 0.8088
vn -0.2410 0.2153 0.9463
vn -0.1519 0.5320 0.8330
vn -0.4314 0.2061 0.8783
vn -0.3342 0.5063 0.7950
vn -0.5602 0.2007 0.8037
vn -0.4392 0.5146 0.7364
vn -0.6558 -0.1347 0.7428
vn -0.5630 -0.1556 0.8116
vn 0.3794 0.0325 0.9247
vn 0.3965 -0.0440 0.9170
vn 0.2895 -0.0732 0.9544
vn 0.2608 -0.0807 0.9620
vn 0.0681 -0.0561 0.9961
vn 0.0647 -0.0529 0.9965
vn 0.1179 -0.1595 0.9801
vn -0.0910 -0.2134 0.9727
vn -0.3007 -0.1382 0.9436
vn -0.4678 -0.1228 0.8753
vn -0.6242 -0.1372 0.7691
vn -0.5827 -0.0219 0.8124
vn -0.5437 -0.0271 0.8388
vn -0.4577 0.3671 0.8097
vn -0.5262 0.3230 0.7866
vn 0.3636 -0.0999 0.9262
vn 0.3922 -0.0883 0.9156
vn 0.4107 0.0038 0.9118
vn 0.3650 -0.0967 0.9260
vn 0.3471 -0.0697 0.9352
vn 0.3045 0.0964 0.9476
vn 0.2659 -0.0430 0.9630
vn 0.2699 0.1639 0.9488
vn 0.1154 -0.0371 0.9926
vn 0.0928 0.1743 0.9803
vn 0.0670 -0.0220 0.9975
vn 0.0849 0.2071 0.9746
vn 0.1335 0.0123 0.9910
vn 0.1014 0.3760 0.9210
vn -0.0816 0.0039 0.9967
vn -0.0757 0.4102 0.9089
vn -0.2776 -0.0129 0.9606
vn -0.2317 0.3290 0.9155
vn -0.4642 -0.0335 0.8851
vn -0.4084 0.2874 0.8664
vn -0.5903 -0.0409 0.8061
vn -0.5129 0.2933 0.8068
vn -0.6383 -0.3668 0.6768
vn -0.5441 -0.3892 0.7433
vn 0.3623 -0.1035 0.9263
vn 0.3898 -0.1742 0.9043
vn 0.2874 -0.2243 0.9312
vn 0.2600 -0.2367 0.9361
vn 0.0654 -0.2454 0.9672
vn 0.0617 -0.2429 0.9681
vn 0.1291 -0.3360 0.9330
vn -0.0703 -0.4145 0.9073
vn -0.2882 -0.3634 0.8859
vn -0.4552 -0.3569 0.8157
vn -0.6071 -0.3699 0.7033
vn 0.4658 -0.4543 0.7594
vn 0.4771 -0.4115 0.7766
vn 0.1048 -0.3611 0.9266
vn 0.1424 -0.4286 0.8922
vn 0.4583 0.5016 0.7337
vn 0.4395 0.5274 0.7271
vn 0.3541 0.5381 0.7649
vn 0.4550 0.5028 0.7350
vn 0.4381 0.4844 0.7573
vn 0.3029 0.4316 0.8497
vn 0.4379 0.4063 0.8020
vn 0.2486 0.3925 0.8855
vn 0.4665 0.2617 0.8449
vn 0.2778 0.2216 0.9348
vn 0.4620 0.2136 0.8608
vn 0.2473 0.2104 0.9458
vn 0.4200 0.2756 0.8647
vn 0.0720 0.2060 0.9759
vn 0.4589 0.0650 0.8861
vn 0.0603 0.0270 0.9978
vn 0.4839 -0.1324 0.8650
vn 0.1560 -0.1197 0.9805
vn 0.4930 -0.3260 0.8066
vn 0.1942 -0.2981 0.9346
vn 0.4807 -0.4613 0.7458
vn 0.1760 -0.4103 0.8948
vn 0.7159 -0.5028 0.4845
vn 0.7532 -0.3983 0.5235
vn 0.4617 0.5004 0.7324
vn 0.5105 0.5298 0.6773
vn 0.5806 0.4367 0.6872
vn 0.5974 0.4113 0.6885
vn 0.6453 0.2244 0.7302
vn 0.6441 0.2207 0.7324
vn 0.7012 0.2893 0.6516
vn 0.7857 0.0949 0.6113
vn 0.7604 -0.1272 0.6369
vn 0.7454 -0.3026 0.5940
vn 0.7266 -0.4678 0.5031
vn 0.5597 -0.3284 0.7608
vn 0.5396 -0.2955 0.7884
vn 0.2043 -0.5172 0.8312
vn 0.2796 -0.5359 0.7967
vn -0.0427 0.3981 0.9163
vn -0.0727 0.4090 0.9096
vn -0.1494 0.3559 0.9225
vn -0.0458 0.3966 0.9168
vn -0.0499 0.3658 0.9293
vn -0.1312 0.2189 0.9669
vn -0.0060 0.2920 0.9564
vn -0.1526 0.1467 0.9773
vn 0.1019 0.1849 0.9775
vn -0.0284 0.0180 0.9994
vn 0.1267 0.1408 0.9819
vn -0.0461 -0.0112 0.9989
vn 0.0551 0.1624 0.9852
vn -0.1819 -0.1239 0.9755
vn 0.2148 0.0182 0.9765
vn -0.0812 -0.2730 0.9586
vn 0.3600 -0.1096 0.9265
vn 0.0864 -0.3239 0.9421
vn 0.4950 -0.2315 0.8375
vn 0.2329 -0.4219 0.8762
vn 0.5771 -0.3208 0.7511
vn 0.2937 -0.5039 0.8123
vn 0.8134 -0.1330 0.5662
vn 0.7722 -0.0460 0.6337
vn -0.0392 0.3996 0.9159
vn -0.0138 0.4674 0.8840
vn 0.0978 0.4336 0.8958
vn 0.1261 0.4236 0.8970
vn 0.2758 0.2959 0.9145
vn 0.2768 0.2916 0.9156
vn 0.2870 0.4021 0.8695
vn 0.4785 0.3163 0.8191
vn 0.5953 0.1260 0.7936
vn 0.6985 -0.0009 0.7156
vn 0.7978 -0.1065 0.5935
vn 0.0809 0.5437 0.8354
vn 0.0869 0.5033 0.8598
vn 0.4729 0.4770 0.7408
vn 0.4158 0.5393 0.7323
vn 0.1583 -0.4072 0.8995
vn 0.1711 -0.4335 0.8848
vn 0.2616 -0.4382 0.8600
vn 0.1618 -0.4082 0.8984
vn 0.1874 -0.3870 0.9028
vn 0.3448 -0.3211 0.8820
vn 0.2084 -0.3038 0.9297
vn 0.4058 -0.2769 0.8710
vn 0.2005 -0.1552 0.9673
vn 0.3986 -0.1015 0.9115
vn 0.2096 -0.1054 0.9721
vn 0.4281 -0.0887 0.8993
vn 0.2501 -0.1657 0.9539
vn 0.5815 -0.0783 0.8098
vn 0.2143 0.0454 0.9757
vn 0.5879 0.1022 0.8025
vn 0.1636 0.2380 0.9574
vn 0.4899 0.2443 0.8369
vn 0.1017 0.4221 0.9008
vn 0.4150 0.4146 0.8099
vn 0.0602 0.5486 0.8339
vn 0.3933 0.5210 0.7575
vn -0.2898 0.5531 0.7811
vn -0.2837 0.4544 0.8444
vn 0.1548 -0.4061 0.9006
vn 0.0853 -0.4431 0.8924
vn 0.0291 -0.3504 0.9361
vn 0.0144 -0.3253 0.9455
vn -0.0132 -0.1354 0.9907
vn -0.0110 -0.1314 0.9913
vn -0.0997 -0.2104 0.9725
vn -0.2081 -0.0238 0.9778
vn -0.1929 0.1998 0.9607
vn -0.2246 0.3683 0.9022
vn -0.2830 0.5206 0.8055
vn -0.4731 0.3678 0.8006
vn -0.4447 0.3415 0.8280
vn -0.1405 0.6046 0.7840
vn -0.2220 0.6091 0.7614
vn 0.2404 -0.2542 0.9368
vn 0.2701 -0.2626 0.9263
vn 0.3398 -0.2001 0.9190
vn 0.2433 -0.2525 0.9365
vn 0.2451 -0.2200 0.9442
vn 0.3102 -0.0610 0.9487
vn 0.1962 -0.1489 0.9692
vn 0.3228 0.0137 0.9464
vn 0.0792 -0.0529 0.9954
vn 0.1873 0.1292 0.9738
vn 0.0495 -0.0117 0.9987
vn 0.2004 0.1600 0.9666
vn 0.1232 -0.0243 0.9921
vn 0.3141 0.2830 0.9062
vn -0.0542 0.0977 0.9937
vn 0.1924 0.4155 0.8890
vn -0.2218 0.1995 0.9545
vn 0.0188 0.4439 0.8959
vn -0.3845 0.2910 0.8761
vn -0.1482 0.5138 0.8450
vn -0.4906 0.3568 0.7950
vn -0.2289 0.5783 0.7831
vn -0.7250 0.1185 0.6785
vn -0.6621 0.0473 0.7479
vn 0.2372 -0.2563 0.9370
vn 0.2167 -0.3306 0.9186
vn 0.1049 -0.3084 0.9455
vn 0.0755 -0.3018 0.9504
vn -0.0855 -0.1911 0.9778
vn -0.0870 -0.1868 0.9785
vn -0.0889 -0.3033 0.9488
vn -0.2959 -0.2483 0.9224
vn -0.4403 -0.0783 0.8944
vn -0.5710 0.0233 0.8206
vn -0.7016 0.0984 0.7057
vn 0.1090 -0.6070 0.7872
vn 0.1438 -0.5787 0.8028
vn -0.1234 -0.3093 0.9429
vn -0.1338 -0.3873 0.9122
vn 0.6738 0.1619 0.7210
vn 0.6740 0.1935 0.7130
vn 0.6122 0.2547 0.7486
vn 0.6717 0.1646 0.7223
vn 0.6474 0.1613 0.7449
vn 0.5083 0.2040 0.8367
vn 0.6011 0.1009 0.7928
vn 0.4417 0.2067 0.8730
vn 0.5380 -0.0300 0.8424
vn 0.3634 0.0547 0.9300
vn 0.5057 -0.0652 0.8602
vn 0.3325 0.0644 0.9409
vn 0.5091 0.0098 0.8607
vn 0.1895 0.1669 0.9676
vn 0.4147 -0.1811 0.8917
vn 0.0734 0.0315 0.9968
vn 0.3167 -0.3551 0.8795
vn 0.0623 -0.1439 0.9876
vn 0.2079 -0.5182 0.8296
vn -0.0139 -0.3117 0.9501
vn 0.1166 -0.6221 0.7742
vn -0.0959 -0.3925 0.9147
vn 0.2782 -0.8078 0.5198
vn 0.3708 -0.7445 0.5552
vn 0.6758 0.1591 0.7197
vn 0.7319 0.1507 0.6645
vn 0.7325 0.0347 0.6798
vn 0.7309 0.0045 0.6825
vn 0.6581 -0.1719 0.7330
vn 0.6549 -0.1740 0.7354
vn 0.7410 -0.1569 0.6530
vn 0.6922 -0.3650 0.6226
vn 0.5395 -0.5265 0.6571
vn 0.4223 -0.6599 0.6214
vn 0.3078 -0.7853 0.5372
vn 0.2595 -0.5622 0.7852
vn 0.2634 -0.5225 0.8110
vn -0.1377 -0.4979 0.8562
vn -0.0887 -0.5594 0.8241
vn 0.2117 0.3864 0.8977
vn 0.1941 0.4128 0.8899
vn 0.1010 0.4168 0.9034
vn 0.2083 0.3872 0.8981
vn 0.1868 0.3655 0.9119
vn 0.0341 0.2981 0.9539
vn 0.1781 0.2814 0.9429
vn -0.0260 0.2535 0.9670
vn 0.2009 0.1322 0.9707
vn -0.0032 0.0774 0.9970
vn 0.1945 0.0823 0.9774
vn -0.0347 0.0646 0.9973
vn 0.1499 0.1425 0.9784
vn -0.2112 0.0543 0.9759
vn 0.1919 -0.0687 0.9790
vn -0.2196 -0.1262 0.9674
vn 0.2315 -0.2601 0.9374
vn -0.1158 -0.2677 0.9565
vn 0.2662 -0.4424 0.8564
vn -0.0574 -0.4366 0.8978
vn 0.2779 -0.5669 0.7755
vn -0.0582 -0.5415 0.8387
vn 0.5780 -0.5661 0.5878
vn 0.5976 -0.4686 0.6506
vn 0.2155 0.3852 0.8973
vn 0.2760 0.4230 0.8630
vn 0.3454 0.3301 0.8785
vn 0.3622 0.3052 0.8807
vn 0.4061 0.1144 0.9067
vn 0.4043 0.1105 0.9079
vn 0.4781 0.1907 0.8574
vn 0.5800 0.0054 0.8146
vn 0.5598 -0.2179 0.7995
vn 0.5660 -0.3848 0.7291
vn 0.5814 -0.5343 0.6135
vn 0.3970 0.4256 0.8132
vn 0.3779 0.3907 0.8393
vn 0.6708 0.1338 0.7294
vn 0.6620 0.2175 0.7172
vn -0.1084 -0.3794 0.9189
vn -0.1139 -0.4086 0.9056
vn -0.0443 -0.4675 0.8829
vn -0.1060 -0.3823 0.9179
vn -0.0728 -0.3802 0.9220
vn 0.0927 -0.4223 0.9017
vn -0.0060 -0.3249 0.9457
vn 0.1678 -0.4239 0.8900
vn 0.0767 -0.1994 0.9769
vn 0.2672 -0.2772 0.9229
vn 0.1138 -0.1648 0.9797
vn 0.2984 -0.2853 0.9108
vn 0.1101 -0.2383 0.9649
vn 0.4268 -0.3727 0.8240
vn 0.2077 -0.0467 0.9771
vn 0.5396 -0.2323 0.8092
vn 0.2818 0.1371 0.9496
vn 0.5462 -0.0583 0.8356
vn 0.3417 0.3188 0.8841
vn 0.5876 0.1217 0.7999
vn 0.3833 0.4418 0.8111
vn 0.6333 0.2173 0.7427
vn 0.1049 0.6519 0.7510
vn 0.0513 0.5721 0.8185
vn -0.1107 -0.3764 0.9198
vn -0.1884 -0.3648 0.9118
vn -0.1777 -0.2550 0.9505
vn -0.1744 -0.2257 0.9585
vn -0.0827 -0.0549 0.9951
vn -0.0785 -0.0531 0.9955
vn -0.1969 -0.0643 0.9783
vn -0.1724 0.1502 0.9735
vn -0.0268 0.3194 0.9472
vn 0.0478 0.4705 0.8811
vn 0.0911 0.6230 0.7769
vn 0.5903 -0.2001 0.7820
vn 0.5552 -0.1858 0.8107
vn 0.3587 -0.5365 0.7639
vn 0.4363 -0.5122 0.7398
vn -0.2897 0.1357 0.9475
vn -0.3207 0.1335 0.9377
vn -0.3649 0.0512 0.9296
vn -0.2918 0.1335 0.9471
vn -0.2822 0.1017 0.9539
vn -0.2886 -0.0701 0.9549
vn -0.2112 0.0513 0.9761
vn -0.2749 -0.1444 0.9506
vn -0.0679 0.0009 0.9977
vn -0.1073 -0.2068 0.9725
vn -0.0257 -0.0277 0.9993
vn -0.1093 -0.2401 0.9646
vn -0.0994 -0.0411 0.9942
vn -0.1754 -0.3934 0.9025
vn 0.1091 -0.0947 0.9895
vn -0.0160 -0.4756 0.8795
vn 0.3004 -0.1320 0.9446
vn 0.1568 -0.4428 0.8828
vn 0.4826 -0.1602 0.8611
vn 0.3363 -0.4500 0.8273
vn 0.6028 -0.1837 0.7764
vn 0.4327 -0.4814 0.7623
vn 0.7382 0.1232 0.6633
vn 0.6565 0.1669 0.7357
vn -0.2874 0.1382 0.9478
vn -0.2941 0.2157 0.9311
vn -0.1808 0.2330 0.9555
vn -0.1508 0.2368 0.9598
vn 0.0390 0.1875 0.9815
vn 0.0419 0.1840 0.9820
vn 0.0030 0.2947 0.9556
vn 0.2156 0.3148 0.9244
vn 0.4088 0.2054 0.8892
vn 0.5646 0.1563 0.8104
vn 0.7101 0.1333 0.6914
vn -0.2910 0.5154 0.8060
vn -0.3135 0.4766 0.8213
vn 0.0332 0.3122 0.9494
vn 0.0154 0.3897 0.9208
vn -0.5593 -0.3990 0.7266
vn -0.5489 -0.4285 0.7177
vn -0.4691 -0.4654 0.7506
vn -0.5566 -0.4007 0.7278
vn -0.5342 -0.3899 0.7501
vn -0.3866 -0.3843 0.8384
vn -0.5102 -0.3185 0.7989
vn -0.3222 -0.3650 0.8735
vn -0.4946 -0.1750 0.8513
vn -0.2995 -0.1965 0.9336
vn -0.4759 -0.1315 0.8696
vn -0.2668 -0.1952 0.9438
vn -0.4533 -0.2029 0.8679
vn -0.0967 -0.2429 0.9652
vn -0.4294 0.0082 0.9031
vn -0.0334 -0.0765 0.9965
vn -0.3974 0.2055 0.8944
vn -0.0834 0.0921 0.9923
vn -0.3524 0.3972 0.8474
vn -0.0703 0.2767 0.9584
vn -0.3037 0.5272 0.7936
vn -0.0219 0.3815 0.9241
vn -0.5254 0.6516 0.5472
vn -0.5897 0.5598 0.5822
vn -0.5621 -0.3973 0.7254
vn -0.6191 -0.4072 0.6714
vn -0.6592 -0.2989 0.6900
vn -0.6679 -0.2700 0.6935
vn -0.6587 -0.0807 0.7480
vn -0.6564 -0.0779 0.7504
vn -0.7334 -0.1216 0.6689
vn -0.7597 0.0913 0.6438
vn -0.6709 0.2947 0.6805
vn -0.6075 0.4611 0.6468
vn -0.5451 0.6199 0.5645
vn -0.4170 0.4216 0.8052
vn -0.4064 0.3824 0.8298
vn -0.0203 0.4959 0.8682
vn -0.0882 0.5376 0.8386
vn -0.0439 -0.4554 0.8892
vn -0.0186 -0.4737 0.8805
vn 0.0705 -0.4457 0.8924
vn -0.0405 -0.4551 0.8895
vn -0.0274 -0.4272 0.9038
vn 0.0939 -0.3124 0.9453
vn -0.0474 -0.3459 0.9371
vn 0.1354 -0.2502 0.9587
vn -0.1192 -0.2142 0.9695
vn 0.0542 -0.0933 0.9942
vn -0.1302 -0.1654 0.9776
vn 0.0795 -0.0705 0.9943
vn -0.0676 -0.2066 0.9761
vn 0.2412 0.0003 0.9705
vn -0.1793 -0.0227 0.9835
vn 0.1871 0.1728 0.9670
vn -0.2833 0.1442 0.9481
vn 0.0406 0.2703 0.9619
vn -0.3805 0.3052 0.8730
vn -0.0736 0.4101 0.9091
vn -0.4362 0.4198 0.7959
vn -0.1103 0.5101 0.8530
vn -0.7223 0.3202 0.6130
vn -0.7057 0.2209 0.6733
vn -0.0479 -0.4555 0.8890
vn -0.0926 -0.5110 0.8546
vn -0.1892 -0.4477 0.8739
vn -0.2135 -0.4301 0.8772
vn -0.3195 -0.2666 0.9093
vn -0.3193 -0.2624 0.9106
vn -0.3622 -0.3619 0.8590
vn -0.5225 -0.2220 0.8232
vn -0.5805 -0.0053 0.8143
vn -0.6454 0.1508 0.7488
vn -0.7140 0.2885 0.6379
vn -0.2066 -0.5536 0.8067
vn -0.2000 -0.5149 0.8336
vn -0.5658 -0.3721 0.7358
vn -0.5293 -0.4472 0.7210
vn -0.0056 0.3737 0.9275
vn -0.0107 0.4032 0.9151
vn -0.0969 0.4348 0.8953
vn -0.0088 0.3750 0.9270
vn -0.0392 0.3619 0.9314
vn -0.2096 0.3451 0.9149
vn -0.0824 0.2865 0.9545
vn -0.2810 0.3210 0.9045
vn -0.1162 0.1396 0.9834
vn -0.3231 0.1484 0.9347
vn -0.1391 0.0943 0.9858
vn -0.3554 0.1455 0.9233
vn -0.1611 0.1648 0.9731
vn -0.5081 0.1853 0.8411
vn -0.1867 -0.0488 0.9812
vn -0.5662 0.0151 0.8241
vn -0.1941 -0.2462 0.9496
vn -0.5121 -0.1511 0.8455
vn -0.1896 -0.4359 0.8798
vn -0.4902 -0.3335 0.8053
vn -0.1883 -0.5641 0.8039
vn -0.5018 -0.4377 0.7461
vn 0.1438 -0.6644 0.7334
vn 0.1684 -0.5725 0.8024
vn -0.0024 0.3724 0.9281
vn 0.0744 0.3877 0.9188
vn 0.1030 0.2797 0.9545
vn 0.1101 0.2508 0.9617
vn 0.0835 0.0583 0.9948
vn 0.0802 0.0551 0.9953
vn 0.1872 0.1067 0.9765
vn 0.2376 -0.1030 0.9659
vn 0.1583 -0.3112 0.9371
vn 0.1384 -0.4774 0.8677
vn 0.1474 -0.6332 0.7598
vn 0.0684 -0.5698 0.8189
vn 0.0682 -0.5302 0.8451
vn -0.3326 -0.4918 0.8047
vn -0.2799 -0.5549 0.7834
vn 0.0303 0.3801 0.9245
vn 0.0158 0.4069 0.9133
vn -0.0776 0.4140 0.9070
vn 0.0270 0.3806 0.9243
vn 0.0022 0.3599 0.9330
vn -0.1579 0.2979 0.9414
vn -0.0154 0.2763 0.9609
vn -0.2208 0.2556 0.9412
vn -0.0042 0.1264 0.9920
vn -0.2110 0.0787 0.9743
vn -0.0136 0.0765 0.9970
vn -0.2425 0.0670 0.9678
vn -0.0553 0.1384 0.9888
vn -0.4106 0.0628 0.9096
vn -0.0217 -0.0740 0.9970
vn -0.4232 -0.1172 0.8984
vn 0.0194 -0.2669 0.9635
vn -0.3243 -0.2623 0.9089
vn 0.0640 -0.4503 0.8906
vn -0.2606 -0.4332 0.8628
vn 0.0884 -0.5752 0.8132
vn -0.2525 -0.5381 0.8042
vn 0.4211 -0.5852 0.6930
vn 0.4303 -0.4883 0.7592
vn 0.0340 0.3796 0.9245
vn 0.1017 0.4148 0.9042
vn 0.1629 0.3191 0.9336
vn 0.1784 0.2933 0.9392
vn 0.2092 0.1013 0.9726
vn 0.2072 0.0973 0.9735
vn 0.2926 0.1750 0.9401
vn 0.3948 -0.0137 0.9187
vn 0.3706 -0.2362 0.8983
vn 0.3858 -0.4034 0.8297
vn 0.4199 -0.5536 0.7192
vn 0.3748 0.5221 0.7661
vn 0.3305 0.5284 0.7821
vn 0.3206 0.1540 0.9346
vn 0.3839 0.1990 0.9017
vn -0.5725 0.4008 0.7153
vn -0.5956 0.3790 0.7082
vn -0.5971 0.2935 0.7465
vn -0.5732 0.3977 0.7164
vn -0.5536 0.3830 0.7395
vn -0.4877 0.2559 0.8347
vn -0.4774 0.3924 0.7862
vn -0.4435 0.2068 0.8721
vn -0.3384 0.4384 0.8326
vn -0.2786 0.2564 0.9255
vn -0.2905 0.4397 0.8499
vn -0.2642 0.2276 0.9372
vn -0.3471 0.3907 0.8526
vn -0.2399 0.0543 0.9693
vn -0.1433 0.4546 0.8791
vn -0.0614 0.0642 0.9960
vn 0.0502 0.5026 0.8630
vn 0.0733 0.1764 0.9816
vn 0.2428 0.5343 0.8097
vn 0.2471 0.2353 0.9400
vn 0.3803 0.5377 0.7525
vn 0.3617 0.2303 0.9034
vn 0.4007 0.7742 0.4900
vn 0.2915 0.7989 0.5260
vn -0.5718 0.4039 0.7141
vn -0.6051 0.4486 0.6577
vn -0.5213 0.5295 0.6692
vn -0.4982 0.5493 0.6709
vn -0.3195 0.6195 0.7170
vn -0.3158 0.6187 0.7194
vn -0.3883 0.6667 0.6362
vn -0.2042 0.7735 0.6000
vn 0.0185 0.7748 0.6319
vn 0.1956 0.7804 0.5939
vn 0.3643 0.7809 0.5075
vn 0.2386 0.6004 0.7633
vn 0.2074 0.5767 0.7902
vn 0.4662 0.2706 0.8423
vn 0.4768 0.3472 0.8075
vn -0.4153 -0.0831 0.9059
vn -0.4223 -0.1141 0.8992
vn -0.3610 -0.1838 0.9143
vn -0.4134 -0.0861 0.9065
vn -0.3828 -0.0860 0.9198
vn -0.2284 -0.1490 0.9621
vn -0.3155 -0.0334 0.9483
vn -0.1545 -0.1616 0.9747
vn -0.2225 0.0866 0.9711
vn -0.0420 -0.0229 0.9989
vn -0.1819 0.1164 0.9764
vn -0.0110 -0.0370 0.9993
vn -0.1949 0.0428 0.9799
vn 0.1177 -0.1585 0.9803
vn -0.0705 0.2184 0.9733
vn 0.2543 -0.0409 0.9663
vn 0.0406 0.3775 0.9251
vn 0.2853 0.1315 0.9494
vn 0.1480 0.5253 0.8379
vn 0.3670 0.2880 0.8845
vn 0.2292 0.6167 0.7531
vn 0.4429 0.3575 0.8222
vn 0.0199 0.8276 0.5609
vn -0.0636 0.7767 0.6266
vn -0.4172 -0.0795 0.9053
vn -0.4865 -0.0626 0.8714
vn -0.4666 0.0522 0.8829
vn -0.4602 0.0817 0.8841
vn -0.3517 0.2455 0.9034
vn -0.3476 0.2469 0.9045
vn -0.4571 0.2436 0.8554
vn -0.3933 0.4436 0.8053
vn -0.2176 0.5820 0.7835
vn -0.1016 0.6990 0.7078
vn -0.0052 0.8092 0.5875
vn -0.5722 0.0218 0.8199
vn -0.5334 0.0327 0.8452
vn -0.5501 0.4180 0.7230
vn -0.6048 0.3540 0.7134
vn 0.3609 0.2124 0.9081
vn 0.3857 0.2280 0.8940
vn 0.3803 0.3183 0.8684
vn 0.3614 0.2162 0.9070
vn 0.3370 0.2387 0.9107
vn 0.2534 0.3870 0.8866
vn 0.2511 0.2500 0.9351
vn 0.2026 0.4423 0.8737
vn 0.1036 0.2248 0.9689
vn 0.0283 0.4147 0.9095
vn 0.0529 0.2279 0.9723
vn 0.0125 0.4424 0.8967
vn 0.1086 0.2752 0.9552
vn -0.0136 0.5928 0.8053
vn -0.0973 0.2146 0.9718
vn -0.1933 0.5774 0.7932
vn -0.2820 0.1412 0.9490
vn -0.3235 0.4635 0.8249
vn -0.4558 0.0575 0.8882
vn -0.4831 0.3687 0.7942
vn -0.5746 0.0007 0.8184
vn -0.5846 0.3342 0.7393
vn -0.5360 -0.3477 0.7693
vn -0.4405 -0.3293 0.8352
vn 0.3603 0.2087 0.9092
vn 0.4053 0.1440 0.9028
vn 0.3186 0.0775 0.9447
vn 0.2952 0.0600 0.9535
vn 0.1087 0.0104 0.9940
vn 0.1044 0.0120 0.9945
vn 0.1938 -0.0667 0.9788
vn 0.0214 -0.1965 0.9803
vn -0.2019 -0.2081 0.9570
vn -0.3637 -0.2601 0.8945
vn -0.5053 -0.3369 0.7944
vn 0.4814 -0.3780 0.7908
vn 0.4528 -0.3526 0.8189
vn 0.1513 -0.6181 0.7714
vn 0.2327 -0.6212 0.7483
vn -0.2379 0.2336 0.9428
vn -0.2678 0.2418 0.9326
vn -0.3369 0.1787 0.9244
vn -0.2409 0.2318 0.9425
vn -0.2423 0.1991 0.9495
vn -0.3057 0.0393 0.9513
vn -0.1924 0.1280 0.9729
vn -0.3175 -0.0355 0.9476
vn -0.0744 0.0329 0.9967
vn -0.1805 -0.1500 0.9721
vn -0.0441 -0.0081 0.9990
vn -0.1934 -0.1808 0.9643
vn -0.1180 0.0038 0.9930
vn -0.3061 -0.3038 0.9022
vn 0.0606 -0.1162 0.9914
vn -0.1831 -0.4346 0.8818
vn 0.2291 -0.2155 0.9492
vn -0.0092 -0.4613 0.8872
vn 0.3923 -0.3037 0.8682
vn 0.1583 -0.5284 0.8341
vn 0.4988 -0.3667 0.7853
vn 0.2394 -0.5907 0.7706
vn 0.7299 -0.1236 0.6723
vn 0.6667 -0.0546 0.7434
vn -0.2348 0.2357 0.9430
vn -0.2152 0.3105 0.9259
vn -0.1030 0.2890 0.9518
vn -0.0735 0.2826 0.9564
vn 0.0888 0.1732 0.9809
vn 0.0903 0.1689 0.9815
vn 0.0908 0.2859 0.9539
vn 0.2983 0.2337 0.9254
vn 0.4443 0.0658 0.8934
vn 0.5757 -0.0330 0.8170
vn 0.7065 -0.1044 0.7000
vn -0.1112 0.5905 0.7993
vn -0.1456 0.5615 0.8146
vn 0.1252 0.2923 0.9481
vn 0.1346 0.3710 0.9188
vn -0.6680 -0.1831 0.7213
vn -0.6680 -0.2144 0.7126
vn -0.6053 -0.2757 0.7467
vn -0.6659 -0.1859 0.7225
vn -0.6415 -0.1826 0.7451
vn -0.5015 -0.2255 0.8353
vn -0.5956 -0.1226 0.7939
vn -0.4347 -0.2282 0.8712
vn -0.5337 0.0079 0.8457
vn -0.3577 -0.0765 0.9307
vn -0.5017 0.0431 0.8640
vn -0.3266 -0.0861 0.9412
vn -0.5042 -0.0319 0.8630
vn -0.1824 -0.1875 0.9652
vn -0.4117 0.1595 0.8972
vn -0.0676 -0.0515 0.9964
vn -0.3157 0.3347 0.8879
vn -0.0585 0.1241 0.9905
vn -0.2089 0.4999 0.8405
vn 0.0158 0.2934 0.9558
vn -0.1190 0.6058 0.7867
vn 0.0967 0.3758 0.9216
vn -0.2839 0.7945 0.5367
vn -0.3757 0.7296 0.5714
vn -0.6701 -0.1802 0.7200
vn -0.7266 -0.1714 0.6654
vn -0.7284 -0.0558 0.6829
vn -0.7271 -0.0256 0.6861
vn -0.6559 0.1506 0.7397
vn -0.6527 0.1527 0.7421
vn -0.7390 0.1363 0.6598
vn -0.6927 0.3454 0.6332
vn -0.5415 0.5079 0.6699
vn -0.4259 0.6433 0.6362
vn -0.3133 0.7715 0.5538
vn -0.2612 0.5442 0.7973
vn -0.2645 0.5039 0.8222
vn 0.1370 0.4829 0.8649
vn 0.0872 0.5444 0.8343
vn -0.2026 -0.4060 0.8911
vn -0.1848 -0.4320 0.8828
vn -0.0916 -0.4351 0.8957
vn -0.1992 -0.4066 0.8916
vn -0.1779 -0.3850 0.9056
vn -0.0257 -0.3168 0.9481
vn -0.1700 -0.3014 0.9382
vn 0.0340 -0.2718 0.9617
vn -0.1941 -0.1530 0.9690
vn 0.0094 -0.0965 0.9953
vn -0.1883 -0.1032 0.9767
vn 0.0409 -0.0834 0.9957
vn -0.1430 -0.1629 0.9762
vn 0.2171 -0.0707 0.9736
vn -0.1872 0.0477 0.9812
vn 0.2236 0.1099 0.9685
vn -0.2292 0.2395 0.9435
vn 0.1181 0.2504 0.9609
vn -0.2662 0.4229 0.8662
vn 0.0576 0.4198 0.9058
vn -0.2797 0.5488 0.7878
vn 0.0569 0.5259 0.8487
vn -0.5807 0.5484 0.6016
vn -0.5990 0.4495 0.6627
vn -0.2064 -0.4051 0.8907
vn -0.2667 -0.4427 0.8561
vn -0.3370 -0.3507 0.8738
vn -0.3541 -0.3261 0.8765
vn -0.3999 -0.1363 0.9064
vn -0.3982 -0.1323 0.9077
vn -0.4713 -0.2124 0.8560
vn -0.5755 -0.0273 0.8174
vn -0.5577 0.1964 0.8065
vn -0.5661 0.3646 0.7394
vn -0.5837 0.5161 0.6268
vn -0.3880 -0.4454 0.8069
vn -0.3691 -0.4109 0.8336
vn -0.6654 -0.1551 0.7302
vn -0.6558 -0.2383 0.7164
vn 0.1093 0.3629 0.9254
vn 0.1145 0.3924 0.9126
vn 0.0441 0.4510 0.8914
vn 0.1070 0.3657 0.9246
vn 0.0738 0.3632 0.9288
vn -0.0923 0.4039 0.9101
vn 0.0077 0.3067 0.9518
vn -0.1675 0.4049 0.8989
vn -0.0735 0.1798 0.9810
vn -0.2651 0.2565 0.9295
vn -0.1102 0.1446 0.9833
vn -0.2965 0.2644 0.9177
vn -0.1074 0.2184 0.9699
vn -0.4262 0.3520 0.8333
vn -0.2028 0.0256 0.9789
vn -0.5376 0.2107 0.8164
vn -0.2752 -0.1583 0.9483
vn -0.5422 0.0364 0.8395
vn -0.3334 -0.3394 0.8796
vn -0.5819 -0.1433 0.8005
vn -0.3742 -0.4615 0.8044
vn -0.6269 -0.2384 0.7417
vn -0.0938 -0.6673 0.7388
vn -0.0407 -0.5883 0.8076
vn 0.1117 0.3600 0.9262
vn 0.1895 0.3493 0.9177
vn 0.1802 0.2385 0.9543
vn 0.1772 0.2090 0.9617
vn 0.0875 0.0367 0.9955
vn 0.0833 0.0347 0.9959
vn 0.2016 0.0475 0.9783
vn 0.1793 -0.1670 0.9695
vn 0.0354 -0.3373 0.9407
vn -0.0380 -0.4879 0.8721
vn -0.0802 -0.6388 0.7652
vn 0.4656 -0.0927 0.8801
vn 0.4252 -0.0801 0.9015
vn 0.2692 -0.4500 0.8515
vn 0.3473 -0.4200 0.8384
vn -0.4545 0.1681 0.8748
vn -0.4831 0.1623 0.8604
vn -0.5184 0.0758 0.8518
vn -0.4563 0.1654 0.8743
vn -0.4454 0.1354 0.8850
vn -0.4376 -0.0359 0.8985
vn -0.3751 0.0933 0.9223
vn -0.4172 -0.1089 0.9023
vn -0.2337 0.0582 0.9706
vn -0.2510 -0.1536 0.9557
vn -0.1902 0.0340 0.9812
vn -0.2489 -0.1872 0.9503
vn -0.2606 0.0133 0.9653
vn -0.2907 -0.3496 0.8906
vn -0.0507 -0.0204 0.9985
vn -0.1235 -0.4176 0.9002
vn 0.1479 -0.0421 0.9881
vn 0.0430 -0.3684 0.9287
vn 0.3432 -0.0582 0.9374
vn 0.2293 -0.3620 0.9035
vn 0.4775 -0.0755 0.8754
vn 0.3375 -0.3882 0.8576
vn 0.6039 0.2349 0.7617
vn 0.5079 0.2750 0.8163
vn -0.4525 0.1712 0.8752
vn -0.4627 0.2460 0.8517
vn -0.3569 0.2754 0.8926
vn -0.3285 0.2824 0.9013
vn -0.1416 0.2530 0.9570
vn -0.1386 0.2498 0.9583
vn -0.1815 0.3542 0.9174
vn 0.0309 0.3922 0.9194
vn 0.2356 0.2997 0.9245
vn 0.4059 0.2607 0.8759
vn 0.5708 0.2441 0.7840
vn -0.4637 0.5359 0.7055
vn -0.4852 0.4961 0.7200
vn -0.1523 0.3741 0.9148
vn -0.1714 0.4476 0.8777
vn -0.6380 -0.4030 0.6562
vn -0.6238 -0.4319 0.6514
vn -0.5476 -0.4590 0.6996
vn -0.6349 -0.4047 0.6580
vn -0.6179 -0.3901 0.6827
vn -0.4882 -0.3647 0.7929
vn -0.6085 -0.3136 0.7290
vn -0.4325 -0.3370 0.8363
vn -0.6138 -0.1662 0.7717
vn -0.4342 -0.1637 0.8858
vn -0.6021 -0.1199 0.7893
vn -0.4039 -0.1588 0.9009
vn -0.5738 -0.1889 0.7969
vn -0.2364 -0.1886 0.9532
vn -0.5737 0.0252 0.8187
vn -0.1933 -0.0153 0.9810
vn -0.5572 0.2237 0.7997
vn -0.2557 0.1472 0.9555
vn -0.5210 0.4154 0.7456
vn -0.2525 0.3296 0.9097
vn -0.4750 0.5457 0.6903
vn -0.2079 0.4362 0.8755
vn -0.6619 0.6324 0.4024
vn -0.7235 0.5371 0.4337
vn -0.6411 -0.4012 0.6543
vn -0.6868 -0.4205 0.5928
vn -0.7382 -0.3154 0.5963
vn -0.7498 -0.2874 0.5961
vn -0.7656 -0.0946 0.6363
vn -0.7640 -0.0912 0.6388
vn -0.8223 -0.1475 0.5496
vn -0.8617 0.0598 0.5039
vn -0.7975 0.2726 0.5382
vn -0.7434 0.4418 0.5022
vn -0.6815 0.6002 0.4186
vn -0.5795 0.4309 0.6918
vn -0.5699 0.3947 0.7207
vn -0.2065 0.5464 0.8116
vn -0.2717 0.5794 0.7684
vn -0.1541 -0.3993 0.9038
vn -0.1263 -0.4159 0.9006
vn -0.0431 -0.3789 0.9244
vn -0.1510 -0.3983 0.9047
vn -0.1427 -0.3693 0.9183
vn -0.0401 -0.2410 0.9697
vn -0.1746 -0.2883 0.9415
vn -0.0067 -0.1743 0.9847
vn -0.2616 -0.1620 0.9515
vn -0.1054 -0.0237 0.9941
vn -0.2778 -0.1140 0.9538
vn -0.0825 0.0012 0.9966
vn -0.2127 -0.1491 0.9657
vn 0.0744 0.0854 0.9936
vn -0.3390 0.0235 0.9405
vn 0.0074 0.2515 0.9678
vn -0.4491 0.1772 0.8757
vn -0.1436 0.3339 0.9316
vn -0.5453 0.3232 0.7735
vn -0.2586 0.4586 0.8502
vn -0.5966 0.4266 0.6797
vn -0.2936 0.5508 0.7813
vn -0.8388 0.2888 0.4615
vn -0.8242 0.1958 0.5313
vn -0.1578 -0.4001 0.9028
vn -0.1915 -0.4617 0.8661
vn -0.2950 -0.4069 0.8645
vn -0.3208 -0.3916 0.8624
vn -0.4440 -0.2370 0.8641
vn -0.4443 -0.2325 0.8652
vn -0.4696 -0.3388 0.8153
vn -0.6328 -0.2174 0.7432
vn -0.7062 -0.0079 0.7080
vn -0.7719 0.1369 0.6208
vn -0.8322 0.2597 0.4898
vn -0.2922 -0.5179 0.8040
vn -0.2934 -0.4771 0.8284
vn -0.6484 -0.3756 0.6622
vn -0.6036 -0.4480 0.6595
vn -0.1918 0.4299 0.8822
vn -0.1973 0.4580 0.8668
vn -0.2812 0.4800 0.8310
vn -0.1949 0.4312 0.8810
vn -0.2245 0.4154 0.8815
vn -0.3877 0.3814 0.8391
vn -0.2646 0.3379 0.9032
vn -0.4541 0.3500 0.8193
vn -0.2904 0.1907 0.9377
vn -0.4862 0.1766 0.8558
vn -0.3095 0.1436 0.9400
vn -0.5158 0.1698 0.8397
vn -0.3349 0.2106 0.9184
vn -0.6553 0.1895 0.7312
vn -0.3437 -0.0034 0.9391
vn -0.6955 0.0139 0.7184
vn -0.3292 -0.2020 0.9224
vn -0.6322 -0.1444 0.7613
vn -0.2973 -0.3947 0.8694
vn -0.5887 -0.3262 0.7396
vn -0.2727 -0.5268 0.8050
vn -0.5815 -0.4347 0.6877
vn 0.0736 -0.5996 0.7969
vn 0.0786 -0.5018 0.8614
vn -0.1887 0.4287 0.8835
vn -0.1130 0.4510 0.8853
vn -0.0819 0.3488 0.9336
vn -0.0737 0.3213 0.9441
vn -0.0894 0.1296 0.9875
vn -0.0924 0.1261 0.9877
vn 0.0115 0.1863 0.9824
vn 0.0802 -0.0179 0.9966
vn 0.0244 -0.2342 0.9719
vn 0.0303 -0.4055 0.9136
vn 0.0702 -0.5664 0.8211
vn 0.1114 -0.4703 0.8755
vn 0.1037 -0.4289 0.8974
vn -0.2955 -0.4586 0.8381
vn -0.2327 -0.5141 0.8255
vn -0.0778 0.4673 0.8807
vn -0.0956 0.4903 0.8663
vn -0.1886 0.4822 0.8555
vn -0.0812 0.4676 0.8802
vn -0.1028 0.4440 0.8901
vn -0.2517 0.3586 0.8989
vn -0.1089 0.3618 0.9259
vn -0.3074 0.3070 0.9007
vn -0.0765 0.2192 0.9727
vn -0.2722 0.1380 0.9523
vn -0.0783 0.1692 0.9825
vn -0.3011 0.1207 0.9459
vn -0.1286 0.2227 0.9664
vn -0.4633 0.0845 0.8822
vn -0.0632 0.0200 0.9978
vn -0.4475 -0.0954 0.8892
vn 0.0087 -0.1663 0.9860
vn -0.3282 -0.2214 0.9183
vn 0.0848 -0.3465 0.9342
vn -0.2367 -0.3837 0.8926
vn 0.1321 -0.4729 0.8712
vn -0.2095 -0.4911 0.8455
vn 0.4685 -0.4415 0.7652
vn 0.4591 -0.3386 0.8213
vn -0.0740 0.4670 0.8811
vn -0.0115 0.5106 0.8597
vn 0.0619 0.4293 0.9010
vn 0.0808 0.4071 0.9098
vn 0.1390 0.2265 0.9640
vn 0.1375 0.2223 0.9652
vn 0.2116 0.3090 0.9272
vn 0.3427 0.1375 0.9293
vn 0.3540 -0.0870 0.9312
vn 0.3984 -0.2554 0.8809
vn 0.4609 -0.4082 0.7880
vn 0.2487 0.6462 0.7215
vn 0.2032 0.6470 0.7350
vn 0.2427 0.2921 0.9251
vn 0.3002 0.3433 0.8900
vn -0.6646 0.3725 0.6477
vn -0.6837 0.3467 0.6421
vn -0.6740 0.2658 0.6893
vn -0.6647 0.3690 0.6497
vn -0.6445 0.3602 0.6745
vn -0.5650 0.2548 0.7848
vn -0.5732 0.3860 0.7228
vn -0.5159 0.2172 0.8287
vn -0.4456 0.4576 0.7695
vn -0.3637 0.2972 0.8828
vn -0.3995 0.4681 0.7882
vn -0.3457 0.2723 0.8980
vn -0.4480 0.4112 0.7939
vn -0.2967 0.1089 0.9487
vn -0.2581 0.5088 0.8213
vn -0.1236 0.1494 0.9810
vn -0.0737 0.5851 0.8076
vn -0.0071 0.2796 0.9601
vn 0.1144 0.6415 0.7585
vn 0.1575 0.3609 0.9192
vn 0.2525 0.6611 0.7066
vn 0.2733 0.3706 0.8877
vn 0.2504 0.8714 0.4219
vn 0.1369 0.8821 0.4508
vn -0.6646 0.3760 0.6457
vn -0.7011 0.4090 0.5841
vn -0.6313 0.5026 0.5907
vn -0.6116 0.5257 0.5912
vn -0.4486 0.6274 0.6365
vn -0.4449 0.6274 0.6391
vn -0.5194 0.6551 0.5487
vn -0.3522 0.7856 0.5087
vn -0.1345 0.8253 0.5485
vn 0.0414 0.8551 0.5168
vn 0.2125 0.8739 0.4373
vn 0.1026 0.7014 0.7053
vn 0.0740 0.6759 0.7333
vn 0.3736 0.4208 0.8266
vn 0.3741 0.4946 0.7845
vn -0.4454 -0.0598 0.8933
vn -0.4472 -0.0921 0.8897
vn -0.3768 -0.1495 0.9142
vn -0.4432 -0.0622 0.8943
vn -0.4136 -0.0564 0.9087
vn -0.2537 -0.0898 0.9631
vn -0.3567 0.0087 0.9342
vn -0.1796 -0.0892 0.9797
vn -0.2846 0.1435 0.9478
vn -0.0912 0.0672 0.9936
vn -0.2494 0.1798 0.9516
vn -0.0585 0.0583 0.9966
vn -0.2511 0.1057 0.9622
vn 0.0882 -0.0427 0.9952
vn -0.1550 0.2973 0.9421
vn 0.2056 0.0931 0.9742
vn -0.0673 0.4665 0.8819
vn 0.2107 0.2657 0.9407
vn 0.0207 0.6204 0.7840
vn 0.2707 0.4263 0.8632
vn 0.0913 0.7149 0.6932
vn 0.3382 0.5007 0.7968
vn -0.1373 0.8706 0.4725
vn -0.2154 0.8138 0.5397
vn -0.4476 -0.0569 0.8924
vn -0.5170 -0.0545 0.8543
vn -0.5155 0.0627 0.8546
vn -0.5137 0.0927 0.8530
vn -0.4328 0.2727 0.8592
vn -0.4291 0.2750 0.8604
vn -0.5341 0.2497 0.8077
vn -0.4992 0.4515 0.7396
vn -0.3458 0.6131 0.7103
vn -0.2454 0.7391 0.6273
vn -0.1607 0.8510 0.4999
vn -0.6117 0.0102 0.7910
vn -0.5766 0.0295 0.8165
vn -0.6456 0.3939 0.6543
vn -0.6891 0.3212 0.6495
vn 0.2750 0.3533 0.8942
vn 0.2979 0.3712 0.8795
vn 0.2800 0.4566 0.8445
vn 0.2749 0.3567 0.8928
vn 0.2473 0.3758 0.8931
vn 0.1433 0.5060 0.8505
vn 0.1595 0.3756 0.9130
vn 0.0854 0.5510 0.8301
vn 0.0161 0.3307 0.9436
vn -0.0842 0.4996 0.8621
vn -0.0346 0.3261 0.9447
vn -0.1034 0.5231 0.8459
vn 0.0139 0.3797 0.9250
vn -0.1473 0.6580 0.7385
vn -0.1808 0.2893 0.9400
vn -0.3217 0.6135 0.7212
vn -0.3505 0.1857 0.9180
vn -0.4344 0.4840 0.7597
vn -0.5060 0.0701 0.8597
vn -0.5756 0.3626 0.7330
vn -0.6107 -0.0112 0.7918
vn -0.6676 0.3073 0.6781
vn -0.5166 -0.3522 0.7804
vn -0.4287 -0.3129 0.8476
vn 0.2751 0.3497 0.8955
vn 0.3297 0.2927 0.8976
vn 0.2521 0.2177 0.9429
vn 0.2312 0.1976 0.9526
vn 0.0526 0.1232 0.9910
vn 0.0481 0.1243 0.9911
vn 0.1493 0.0595 0.9870
vn -0.0010 -0.0952 0.9955
vn -0.2183 -0.1441 0.9652
vn -0.3667 -0.2268 0.9023
vn -0.4893 -0.3344 0.8055
vn -0.0047 -0.5179 0.8554
vn 0.0105 -0.4789 0.8778
vn -0.3613 -0.3194 0.8760
vn -0.3335 -0.3966 0.8553
vn 0.2619 0.4003 0.8782
vn 0.2550 0.4298 0.8662
vn 0.1682 0.4657 0.8688
vn 0.2590 0.4021 0.8782
vn 0.2304 0.3907 0.8912
vn 0.0615 0.3825 0.9219
vn 0.1919 0.3184 0.9283
vn -0.0108 0.3620 0.9321
vn 0.1608 0.1744 0.9715
vn -0.0512 0.1930 0.9799
vn 0.1374 0.1303 0.9819
vn -0.0853 0.1913 0.9778
vn 0.1158 0.2016 0.9726
vn -0.2527 0.2369 0.9381
vn 0.0839 -0.0099 0.9964
vn -0.3208 0.0696 0.9446
vn 0.0596 -0.2074 0.9764
vn -0.2703 -0.0985 0.9577
vn 0.0367 -0.3993 0.9161
vn -0.2681 -0.2829 0.9209
vn 0.0118 -0.5295 0.8482
vn -0.2999 -0.3880 0.8715
vn 0.3076 -0.6495 0.6954
vn 0.3542 -0.5570 0.7512
vn 0.2652 0.3983 0.8781
vn 0.3373 0.4097 0.8476
vn 0.3697 0.3016 0.8788
vn 0.3772 0.2727 0.8851
vn 0.3522 0.0827 0.9323
vn 0.3491 0.0797 0.9337
vn 0.4491 0.1248 0.8847
vn 0.4854 -0.0873 0.8699
vn 0.3922 -0.2919 0.8724
vn 0.3470 -0.4588 0.8180
vn 0.3194 -0.6177 0.7186
vn 0.6102 0.4189 0.6724
vn 0.5723 0.4396 0.6923
vn 0.4684 0.0957 0.8783
vn 0.5378 0.1169 0.8349
vn -0.3274 0.5977 0.7319
vn -0.3567 0.5839 0.7293
vn -0.3794 0.5053 0.7751
vn -0.3289 0.5950 0.7334
vn -0.3118 0.5762 0.7555
vn -0.2763 0.4400 0.8544
vn -0.2310 0.5638 0.7929
vn -0.2447 0.3817 0.8913
vn -0.0800 0.5663 0.8203
vn -0.0671 0.3801 0.9225
vn -0.0322 0.5535 0.8322
vn -0.0609 0.3489 0.9352
vn -0.1003 0.5248 0.8453
vn -0.0865 0.1786 0.9801
vn 0.1150 0.5230 0.8445
vn 0.0883 0.1335 0.9871
vn 0.3103 0.5072 0.8040
vn 0.2478 0.1970 0.9486
vn 0.4950 0.4740 0.7282
vn 0.4245 0.1962 0.8839
vn 0.6185 0.4311 0.6570
vn 0.5265 0.1536 0.8362
vn 0.6764 0.6349 0.3734
vn 0.5853 0.6947 0.4181
vn -0.3258 0.6004 0.7303
vn -0.3508 0.6502 0.6739
vn -0.2456 0.7013 0.6692
vn -0.2176 0.7128 0.6667
vn -0.0217 0.7259 0.6875
vn -0.0181 0.7241 0.6895
vn -0.0826 0.7878 0.6103
vn 0.1191 0.8295 0.5457
vn 0.3338 0.7628 0.5538
vn 0.4978 0.7106 0.4971
vn 0.6462 0.6536 0.3940
vn 0.5053 0.5356 0.6766
vn 0.4720 0.5244 0.7086
vn 0.6297 0.1558 0.7611
vn 0.6586 0.2234 0.7186
vn -0.3020 0.1000 0.9480
vn -0.3190 0.0723 0.9450
vn -0.2803 -0.0122 0.9598
vn -0.3009 0.0968 0.9487
vn -0.2705 0.0876 0.9587
vn -0.1385 -0.0183 0.9902
vn -0.1873 0.1179 0.9752
vn -0.0710 -0.0526 0.9961
vn -0.0601 0.2038 0.9772
vn 0.0805 0.0450 0.9957
vn -0.0120 0.2198 0.9755
vn 0.1056 0.0220 0.9942
vn -0.0462 0.1541 0.9870
vn 0.1876 -0.1346 0.9730
vn 0.1238 0.2813 0.9516
vn 0.3505 -0.0666 0.9342
vn 0.2710 0.3948 0.8779
vn 0.4302 0.0861 0.8986
vn 0.4063 0.4967 0.7670
vn 0.5467 0.2056 0.8117
vn 0.5000 0.5534 0.6661
vn 0.6316 0.2445 0.7357
vn 0.3423 0.8087 0.4785
vn 0.2563 0.7902 0.5566
vn -0.3029 0.1038 0.9473
vn -0.3676 0.1397 0.9195
vn -0.3122 0.2429 0.9184
vn -0.2970 0.2688 0.9163
vn -0.1422 0.3913 0.9092
vn -0.1377 0.3916 0.9098
vn -0.2484 0.4200 0.8728
vn -0.1337 0.5870 0.7985
vn 0.0715 0.6620 0.7461
vn 0.2069 0.7326 0.6485
vn 0.3163 0.8004 0.5092
vn -0.4291 0.2439 0.8697
vn -0.3861 0.2435 0.8897
vn -0.2999 0.6077 0.7354
vn -0.3722 0.5634 0.7376
vn 0.5209 0.1371 0.8425
vn 0.5474 0.1434 0.8245
vn 0.5664 0.2295 0.7915
vn 0.5222 0.1408 0.8411
vn 0.5068 0.1698 0.8452
vn 0.4700 0.3353 0.8165
vn 0.4322 0.2086 0.8773
vn 0.4372 0.4028 0.8042
vn 0.2895 0.2326 0.9285
vn 0.2687 0.4330 0.8604
vn 0.2431 0.2517 0.9368
vn 0.2606 0.4636 0.8468
vn 0.3079 0.2782 0.9098
vn 0.2702 0.6095 0.7453
vn 0.0972 0.2862 0.9532
vn 0.0944 0.6507 0.7534
vn -0.1024 0.2731 0.9565
vn -0.0593 0.5851 0.8088
vn -0.2997 0.2449 0.9221
vn -0.2426 0.5435 0.8036
vn -0.4380 0.2245 0.8705
vn -0.3560 0.5396 0.7630
vn -0.5140 -0.1206 0.8493
vn -0.4099 -0.1297 0.9029
vn 0.5196 0.1334 0.8439
vn 0.5414 0.0580 0.8388
vn 0.4446 0.0245 0.8954
vn 0.4183 0.0157 0.9082
vn 0.2322 0.0291 0.9722
vn 0.2288 0.0321 0.9729
vn 0.2872 -0.0714 0.9552
vn 0.0851 -0.1404 0.9864
vn -0.1321 -0.0828 0.9878
vn -0.3086 -0.0848 0.9474
vn -0.4785 -0.1186 0.8700
vn 0.2958 -0.4899 0.8201
vn 0.2766 -0.4553 0.8463
vn -0.0955 -0.6042 0.7911
vn -0.0191 -0.6359 0.7716
vn -0.1775 0.3342 0.9256
vn -0.2024 0.3517 0.9140
vn -0.2885 0.3156 0.9040
vn -0.1809 0.3338 0.9251
vn -0.1936 0.3035 0.9330
vn -0.3075 0.1748 0.9353
vn -0.1717 0.2207 0.9601
vn -0.3440 0.1084 0.9327
vn -0.0940 0.0921 0.9913
vn -0.2550 -0.0448 0.9659
vn -0.0796 0.0434 0.9959
vn -0.2774 -0.0696 0.9582
vn -0.1447 0.0794 0.9863
vn -0.4229 -0.1493 0.8938
vn -0.0176 -0.0941 0.9954
vn -0.3511 -0.3147 0.8819
vn 0.1084 -0.2461 0.9632
vn -0.1970 -0.3986 0.8957
vn 0.2347 -0.3872 0.8916
vn -0.0606 -0.5204 0.8518
vn 0.3161 -0.4855 0.8151
vn -0.0033 -0.6087 0.7934
vn 0.6200 -0.3393 0.7074
vn 0.5816 -0.2505 0.7739
vn -0.1738 0.3349 0.9261
vn -0.1294 0.3981 0.9082
vn -0.0322 0.3409 0.9395
vn -0.0068 0.3251 0.9456
vn 0.1076 0.1681 0.9799
vn 0.1076 0.1635 0.9807
vn 0.1488 0.2723 0.9506
vn 0.3270 0.1518 0.9327
vn 0.4083 -0.0565 0.9111
vn 0.5008 -0.1967 0.8429
vn 0.6036 -0.3124 0.7336
vn 0.0681 0.6216 0.7804
vn 0.0254 0.6066 0.7946
vn 0.1835 0.2666 0.9462
vn 0.2202 0.3362 0.9157
vn -0.7155 0.0799 0.6941
vn -0.7258 0.0503 0.6861
vn -0.6891 -0.0272 0.7242
vn -0.7146 0.0769 0.6953
vn -0.6913 0.0728 0.7189
vn -0.5775 -0.0119 0.8163
vn -0.6295 0.1153 0.7684
vn -0.5169 -0.0357 0.8553
vn -0.5287 0.2189 0.8201
vn -0.3951 0.0830 0.9149
vn -0.4874 0.2416 0.8391
vn -0.3695 0.0638 0.9270
vn -0.5152 0.1721 0.8396
vn -0.2694 -0.0796 0.9597
vn -0.3644 0.3219 0.8738
vn -0.1163 0.0104 0.9932
vn -0.2142 0.4537 0.8651
vn -0.0478 0.1722 0.9839
vn -0.0560 0.5711 0.8190
vn 0.0808 0.3050 0.9489
vn 0.0664 0.6382 0.7670
vn 0.1861 0.3537 0.9166
vn -0.0155 0.8626 0.5057
vn -0.1251 0.8339 0.5376
vn -0.7163 0.0829 0.6928
vn -0.7646 0.1089 0.6352
vn -0.7276 0.2192 0.6500
vn -0.7162 0.2473 0.6526
vn -0.5913 0.3905 0.7056
vn -0.5878 0.3914 0.7081
vn -0.6715 0.4024 0.6222
vn -0.5557 0.5826 0.5931
vn -0.3598 0.6852 0.6333
vn -0.2040 0.7720 0.6020
vn -0.0515 0.8514 0.5219
vn -0.0886 0.6289 0.7724
vn -0.1062 0.5932 0.7980
vn 0.2624 0.4388 0.8594
vn 0.2376 0.5123 0.8253
vn -0.3599 -0.2810 0.8897
vn -0.3518 -0.3117 0.8827
vn -0.2658 -0.3460 0.8998
vn -0.3570 -0.2829 0.8902
vn -0.3302 -0.2691 0.9047
vn -0.1655 -0.2550 0.9527
vn -0.2955 -0.1920 0.9358
vn -0.0946 -0.2325 0.9680
vn -0.2688 -0.0432 0.9622
vn -0.0592 -0.0581 0.9966
vn -0.2466 0.0020 0.9691
vn -0.0252 -0.0564 0.9981
vn -0.2244 -0.0695 0.9720
vn 0.1455 -0.1050 0.9838
vn -0.1944 0.1437 0.9704
vn 0.2132 0.0624 0.9750
vn -0.1673 0.3368 0.9266
vn 0.1622 0.2300 0.9596
vn -0.1370 0.5191 0.8437
vn 0.1649 0.4078 0.8980
vn -0.1041 0.6391 0.7620
vn 0.2023 0.5057 0.8387
vn -0.3805 0.7341 0.5624
vn -0.4334 0.6497 0.6246
vn -0.3631 -0.2785 0.8892
vn -0.4315 -0.2948 0.8526
vn -0.4669 -0.1840 0.8649
vn -0.4747 -0.1550 0.8664
vn -0.4542 0.0400 0.8900
vn -0.4513 0.0433 0.8913
vn -0.5454 -0.0090 0.8382
vn -0.5790 0.1988 0.7908
vn -0.4858 0.4027 0.7758
vn -0.4341 0.5612 0.7047
vn -0.3952 0.7056 0.5881
vn -0.5447 -0.2582 0.7979
vn -0.5161 -0.2312 0.8247
vn -0.7038 0.1059 0.7024
vn -0.7227 0.0240 0.6908
vn 0.1934 0.3375 0.9212
vn 0.2087 0.3631 0.9081
vn 0.1633 0.4416 0.8822
vn 0.1922 0.3415 0.9200
vn 0.1600 0.3500 0.9230
vn 0.0185 0.4440 0.8959
vn 0.0778 0.3200 0.9442
vn -0.0515 0.4698 0.8813
vn -0.0426 0.2293 0.9724
vn -0.1947 0.3646 0.9106
vn -0.0892 0.2087 0.9739
vn -0.2211 0.3821 0.8973
vn -0.0609 0.2766 0.9591
vn -0.3102 0.5054 0.8052
vn -0.2165 0.1282 0.9678
vn -0.4624 0.4099 0.7863
vn -0.3460 -0.0214 0.9380
vn -0.5269 0.2482 0.8129
vn -0.4599 -0.1745 0.8707
vn -0.6239 0.0912 0.7761
vn -0.5371 -0.2781 0.7964
vn -0.6965 0.0151 0.7174
vn -0.3413 -0.5690 0.7482
vn -0.2670 -0.5102 0.8176
vn 0.1947 0.3335 0.9224
vn 0.2644 0.2970 0.9175
vn 0.2166 0.1976 0.9560
vn 0.2036 0.1711 0.9640
vn 0.0595 0.0405 0.9974
vn 0.0548 0.0401 0.9977
vn 0.1709 0.0116 0.9852
vn 0.0773 -0.1828 0.9801
vn -0.1148 -0.2952 0.9485
vn -0.2325 -0.4145 0.8799
vn -0.3198 -0.5458 0.7745
vn -0.4182 0.3343 0.8446
vn -0.3908 0.3039 0.8688
vn -0.0695 0.5473 0.8340
vn -0.1511 0.5594 0.8150
vn 0.2509 -0.3464 0.9039
vn 0.2796 -0.3559 0.8917
vn 0.3535 -0.2983 0.8866
vn 0.2540 -0.3450 0.9036
vn 0.2585 -0.3132 0.9138
vn 0.3354 -0.1602 0.9284
vn 0.2158 -0.2410 0.9462
vn 0.3535 -0.0866 0.9314
vn 0.1073 -0.1394 0.9844
vn 0.2278 0.0357 0.9730
vn 0.0808 -0.0966 0.9920
vn 0.2431 0.0659 0.9678
vn 0.1531 -0.1138 0.9816
vn 0.3636 0.1849 0.9130
vn -0.0145 0.0201 0.9997
vn 0.2516 0.3268 0.9110
vn -0.1752 0.1365 0.9750
vn 0.0810 0.3669 0.9267
vn -0.3331 0.2456 0.9104
vn -0.0819 0.4526 0.8879
vn -0.4366 0.3251 0.8388
vn -0.1596 0.5275 0.8344
vn -0.6917 0.1145 0.7131
vn -0.6321 0.0335 0.7742
vn 0.2476 -0.3480 0.9042
vn 0.2210 -0.4189 0.8807
vn 0.1121 -0.3911 0.9135
vn 0.0835 -0.3829 0.9200
vn -0.0678 -0.2635 0.9623
vn -0.0689 -0.2592 0.9634
vn -0.0805 -0.3724 0.9246
vn -0.2836 -0.3007 0.9106
vn -0.4157 -0.1191 0.9017
vn -0.5407 -0.0025 0.8412
vn -0.6690 0.0908 0.7377
vn 0.0888 -0.6754 0.7321
vn 0.1261 -0.6509 0.7486
vn -0.1155 -0.3753 0.9197
vn -0.1327 -0.4497 0.8833
vn 0.7070 0.0539 0.7052
vn 0.7093 0.0859 0.6997
vn 0.6535 0.1483 0.7423
vn 0.7052 0.0567 0.7067
vn 0.6814 0.0531 0.7300
vn 0.5489 0.0980 0.8301
vn 0.6323 -0.0075 0.7747
vn 0.4840 0.1026 0.8690
vn 0.5613 -0.1371 0.8162
vn 0.3965 -0.0475 0.9168
vn 0.5271 -0.1711 0.8324
vn 0.3667 -0.0365 0.9296
vn 0.5360 -0.0970 0.8386
vn 0.2327 0.0734 0.9698
vn 0.4287 -0.2825 0.8581
vn 0.1078 -0.0552 0.9926
vn 0.3176 -0.4474 0.8360
vn 0.0834 -0.2280 0.9701
vn 0.1954 -0.5977 0.7775
vn -0.0064 -0.3862 0.9224
vn 0.0949 -0.6899 0.7177
vn -0.0952 -0.4578 0.8839
vn 0.2338 -0.8653 0.4434
vn 0.3320 -0.8119 0.4801
vn 0.7088 0.0510 0.7036
vn 0.7622 0.0432 0.6458
vn 0.7547 -0.0734 0.6519
vn 0.7509 -0.1036 0.6522
vn 0.6668 -0.2779 0.6915
vn 0.6636 -0.2799 0.6938
vn 0.7479 -0.2624 0.6097
vn 0.6828 -0.4632 0.5649
vn 0.5197 -0.6156 0.5924
vn 0.3917 -0.7370 0.5507
vn 0.2655 -0.8466 0.4613
vn 0.2421 -0.6416 0.7279
vn 0.2497 -0.6044 0.7565
vn -0.1467 -0.5549 0.8189
vn -0.1035 -0.6170 0.7802
vn 0.2690 0.2958 0.9166
vn 0.2532 0.3239 0.9116
vn 0.1611 0.3334 0.9289
vn 0.2657 0.2965 0.9173
vn 0.2431 0.2757 0.9300
vn 0.0872 0.2163 0.9724
vn 0.2292 0.1901 0.9546
vn 0.0244 0.1751 0.9842
vn 0.2415 0.0379 0.9696
vn 0.0349 -0.0041 0.9994
vn 0.2317 -0.0118 0.9727
vn 0.0025 -0.0146 0.9999
vn 0.1918 0.0512 0.9801
vn -0.1748 -0.0104 0.9845
vn 0.2178 -0.1618 0.9625
vn -0.1970 -0.1884 0.9621
vn 0.2417 -0.3516 0.9044
vn -0.1044 -0.3357 0.9362
vn 0.2600 -0.5287 0.8080
vn -0.0607 -0.5031 0.8621
vn 0.2598 -0.6467 0.7171
vn -0.0712 -0.6025 0.7949
vn 0.5528 -0.6522 0.5187
vn 0.5817 -0.5619 0.5882
vn 0.2726 0.2946 0.9159
vn 0.3347 0.3305 0.8825
vn 0.3974 0.2317 0.8879
vn 0.4124 0.2057 0.8875
vn 0.4427 0.0107 0.8966
vn 0.4407 0.0068 0.8976
vn 0.5185 0.0854 0.8508
vn 0.6049 -0.1027 0.7897
vn 0.5676 -0.3219 0.7578
vn 0.5590 -0.4825 0.6743
vn 0.5595 -0.6229 0.5468
vn 0.4539 0.3283 0.8284
vn 0.4331 0.2929 0.8524
vn 0.7023 0.0255 0.7114
vn 0.6993 0.1101 0.7063
vn -0.1066 -0.4444 0.8895
vn -0.1147 -0.4719 0.8741
vn -0.0505 -0.5336 0.8442
vn -0.1045 -0.4472 0.8883
vn -0.0711 -0.4479 0.8912
vn 0.0901 -0.5000 0.8613
vn 0.0004 -0.3996 0.9167
vn 0.1645 -0.5060 0.8467
vn 0.0932 -0.2834 0.9545
vn 0.2755 -0.3700 0.8872
vn 0.1329 -0.2518 0.9586
vn 0.3056 -0.3793 0.8734
vn 0.1232 -0.3233 0.9382
vn 0.4242 -0.4682 0.7751
vn 0.2351 -0.1409 0.9617
vn 0.5467 -0.3355 0.7671
vn 0.3219 0.0385 0.9460
vn 0.5671 -0.1654 0.8069
vn 0.3930 0.2203 0.8928
vn 0.6207 0.0134 0.7839
vn 0.4413 0.3455 0.8281
vn 0.6715 0.1100 0.7328
vn 0.1776 0.5793 0.7955
vn 0.1205 0.4983 0.8586
vn -0.1086 -0.4415 0.8906
vn -0.1855 -0.4236 0.8867
vn -0.1654 -0.3182 0.9335
vn -0.1596 -0.2899 0.9437
vn -0.0542 -0.1298 0.9901
vn -0.0499 -0.1282 0.9905
vn -0.1693 -0.1294 0.9770
vn -0.1290 0.0824 0.9882
vn 0.0278 0.2423 0.9698
vn 0.1114 0.3925 0.9130
vn 0.1626 0.5494 0.8196
vn -0.0168 -0.5719 0.8202
vn -0.0074 -0.5332 0.8460
vn -0.3922 -0.4102 0.8234
vn -0.3552 -0.4829 0.8004
vn 0.1536 0.3640 0.9187
vn 0.1446 0.3934 0.9079
vn 0.0547 0.4206 0.9056
vn 0.1505 0.3656 0.9185
vn 0.1223 0.3506 0.9285
vn -0.0468 0.3242 0.9448
vn 0.0885 0.2726 0.9580
vn -0.1173 0.2963 0.9479
vn 0.0689 0.1237 0.9899
vn -0.1438 0.1214 0.9821
vn 0.0494 0.0770 0.9958
vn -0.1774 0.1165 0.9772
vn 0.0215 0.1464 0.9890
vn -0.3451 0.1485 0.9267
vn 0.0093 -0.0683 0.9976
vn -0.3963 -0.0246 0.9178
vn 0.0066 -0.2655 0.9641
vn -0.3302 -0.1876 0.9251
vn 0.0077 -0.4542 0.8909
vn -0.3068 -0.3681 0.8777
vn 0.0012 -0.5813 0.8137
vn -0.3240 -0.4722 0.8198
vn 0.3183 -0.6620 0.6786
vn 0.3509 -0.5695 0.7433
vn 0.1570 0.3623 0.9187
vn 0.2297 0.3826 0.8949
vn 0.2704 0.2763 0.9223
vn 0.2803 0.2479 0.9274
vn 0.2709 0.0537 0.9611
vn 0.2681 0.0502 0.9621
vn 0.3665 0.1079 0.9241
vn 0.4250 -0.0984 0.8998
vn 0.3529 -0.3106 0.8826
vn 0.3289 -0.4771 0.8150
vn 0.3250 -0.6309 0.7045
vn 0.5127 0.4295 0.7434
vn 0.4715 0.4451 0.7613
vn 0.3890 0.0813 0.9176
vn 0.4590 0.1118 0.8814
vn -0.4399 0.5135 0.7368
vn -0.4675 0.4972 0.7310
vn -0.4854 0.4137 0.7702
vn -0.4412 0.5103 0.7382
vn -0.4241 0.4920 0.7603
vn -0.3826 0.3536 0.8536
vn -0.3456 0.4849 0.8034
vn -0.3481 0.2962 0.8894
vn -0.1980 0.5000 0.8431
vn -0.1742 0.3095 0.9348
vn -0.1502 0.4911 0.8581
vn -0.1658 0.2782 0.9461
vn -0.2158 0.4553 0.8638
vn -0.1775 0.1037 0.9786
vn -0.0020 0.4741 0.8805
vn -0.0000 0.0752 0.9972
vn 0.1963 0.4798 0.8551
vn 0.1547 0.1560 0.9756
vn 0.3886 0.4695 0.7928
vn 0.3349 0.1764 0.9256
vn 0.5208 0.4435 0.7294
vn 0.4440 0.1471 0.8839
vn 0.5791 0.6704 0.4640
vn 0.4794 0.7180 0.5046
vn -0.4386 0.5167 0.7353
vn -0.4641 0.5674 0.6802
vn -0.3645 0.6284 0.6872
vn -0.3377 0.6426 0.6877
vn -0.1462 0.6730 0.7251
vn -0.1427 0.6714 0.7272
vn -0.2071 0.7338 0.6470
vn -0.0063 0.7988 0.6016
vn 0.2127 0.7526 0.6232
vn 0.3850 0.7203 0.5771
vn 0.5457 0.6847 0.4832
vn 0.3965 0.5352 0.7459
vn 0.3623 0.5187 0.7744
vn 0.5519 0.1642 0.8176
vn 0.5769 0.2369 0.7817
vn -0.3809 0.0071 0.9246
vn -0.3948 -0.0217 0.9185
vn -0.3490 -0.1029 0.9314
vn -0.3796 0.0040 0.9251
vn -0.3492 -0.0029 0.9370
vn -0.2100 -0.0975 0.9728
vn -0.2710 0.0341 0.9620
vn -0.1400 -0.1255 0.9822
vn -0.1536 0.1314 0.9794
vn 0.0005 -0.0140 0.9999
vn -0.1073 0.1520 0.9825
vn 0.0278 -0.0344 0.9990
vn -0.1355 0.0827 0.9873
vn 0.1265 -0.1807 0.9754
vn 0.0230 0.2278 0.9734
vn 0.2842 -0.0950 0.9540
vn 0.1631 0.3595 0.9188
vn 0.3505 0.0668 0.9342
vn 0.2954 0.4810 0.8254
vn 0.4606 0.2023 0.8642
vn 0.3903 0.5530 0.7361
vn 0.5467 0.2542 0.7978
vn 0.2222 0.8039 0.5516
vn 0.1329 0.7722 0.6213
vn -0.3821 0.0109 0.9241
vn -0.4478 0.0422 0.8931
vn -0.4032 0.1501 0.9027
vn -0.3906 0.1774 0.9033
vn -0.2488 0.3144 0.9161
vn -0.2444 0.3150 0.9171
vn -0.3543 0.3351 0.8730
vn -0.2517 0.5169 0.8182
vn -0.0517 0.6145 0.7872
vn 0.0829 0.7041 0.7053
vn 0.1950 0.7912 0.5796
vn -0.5157 0.1431 0.8448
vn -0.4744 0.1456 0.8682
vn -0.4139 0.5258 0.7431
vn -0.4814 0.4747 0.7368
vn 0.4397 0.1298 0.8887
vn 0.4666 0.1397 0.8734
vn 0.4794 0.2291 0.8472
vn 0.4408 0.1332 0.8877
vn 0.4221 0.1607 0.8922
vn 0.3711 0.3235 0.8704
vn 0.3418 0.1900 0.9204
vn 0.3327 0.3882 0.8594
vn 0.1940 0.1968 0.9611
vn 0.1583 0.3984 0.9034
vn 0.1454 0.2107 0.9667
vn 0.1482 0.4289 0.8911
vn 0.2090 0.2450 0.9467
vn 0.1507 0.5814 0.7995
vn -0.0040 0.2299 0.9732
vn -0.0285 0.6050 0.7957
vn -0.2009 0.1976 0.9595
vn -0.1785 0.5215 0.8344
vn -0.3913 0.1530 0.9075
vn -0.3558 0.4629 0.8119
vn -0.5226 0.1230 0.8437
vn -0.4648 0.4510 0.7620
vn -0.5616 -0.2256 0.7961
vn -0.4615 -0.2282 0.8573
vn 0.4385 0.1263 0.8898
vn 0.4682 0.0536 0.8820
vn 0.3714 0.0070 0.9285
vn 0.3452 -0.0051 0.9385
vn 0.1544 -0.0137 0.9879
vn 0.1506 -0.0111 0.9885
vn 0.2204 -0.1072 0.9695
vn 0.0244 -0.1971 0.9801
vn -0.1970 -0.1608 0.9671
vn -0.3689 -0.1769 0.9125
vn -0.5282 -0.2217 0.8197
vn 0.3988 -0.3608 0.8430
vn 0.3713 -0.3309 0.8675
vn 0.0487 -0.5706 0.8198
vn 0.1307 -0.5827 0.8021
vn -0.2660 0.3232 0.9082
vn -0.2943 0.3335 0.8956
vn -0.3686 0.2767 0.8875
vn -0.2691 0.3219 0.9077
vn -0.2740 0.2902 0.9169
vn -0.3523 0.1375 0.9257
vn -0.2325 0.2168 0.9481
vn -0.3710 0.0640 0.9264
vn -0.1255 0.1133 0.9856
vn -0.2472 -0.0605 0.9671
vn -0.0995 0.0700 0.9926
vn -0.2626 -0.0904 0.9607
vn -0.1715 0.0881 0.9812
vn -0.3829 -0.2069 0.9003
vn -0.0054 -0.0476 0.9989
vn -0.2720 -0.3496 0.8965
vn 0.1549 -0.1647 0.9741
vn -0.1021 -0.3916 0.9145
vn 0.3131 -0.2732 0.9096
vn 0.0609 -0.4775 0.8765
vn 0.4174 -0.3517 0.8379
vn 0.1390 -0.5515 0.8225
vn 0.6766 -0.1398 0.7230
vn 0.6165 -0.0600 0.7850
vn -0.2627 0.3248 0.9086
vn -0.2351 0.3963 0.8875
vn -0.1271 0.3668 0.9216
vn -0.0986 0.3581 0.9284
vn 0.0509 0.2365 0.9703
vn 0.0520 0.2322 0.9713
vn 0.0652 0.3462 0.9359
vn 0.2679 0.2732 0.9239
vn 0.3988 0.0908 0.9125
vn 0.5240 -0.0251 0.8513
vn 0.6536 -0.1166 0.7478
vn -0.0979 0.6557 0.7486
vn -0.1357 0.6312 0.7636
vn 0.1003 0.3490 0.9317
vn 0.1188 0.4242 0.8978
vn -0.7211 -0.0673 0.6895
vn -0.7236 -0.0990 0.6831
vn -0.6691 -0.1630 0.7251
vn -0.7194 -0.0702 0.6910
vn -0.6961 -0.0673 0.7148
vn -0.5660 -0.1161 0.8162
vn -0.6474 -0.0085 0.7621
vn -0.5018 -0.1224 0.8563
vn -0.5761 0.1194 0.8086
vn -0.4141 0.0257 0.9099
vn -0.5420 0.1527 0.8264
vn -0.3846 0.0141 0.9230
vn -0.5517 0.0784 0.8304
vn -0.2523 -0.0981 0.9627
vn -0.4433 0.2625 0.8571
vn -0.1269 0.0288 0.9915
vn -0.3305 0.4270 0.8417
vn -0.1007 0.2020 0.9742
vn -0.2060 0.5778 0.7897
vn -0.0088 0.3607 0.9326
vn -0.1036 0.6707 0.7344
vn 0.0814 0.4326 0.8979
vn -0.2357 0.8548 0.4624
vn -0.3351 0.8012 0.4958
vn -0.7229 -0.0644 0.6880
vn -0.7751 -0.0543 0.6294
vn -0.7668 0.0619 0.6388
vn -0.7628 0.0920 0.6401
vn -0.6781 0.2644 0.6857
vn -0.6749 0.2663 0.6881
vn -0.7578 0.2518 0.6020
vn -0.6902 0.4534 0.5640
vn -0.5264 0.6035 0.5988
vn -0.3967 0.7249 0.5631
vn -0.2679 0.8358 0.4792
vn -0.2514 0.6234 0.7404
vn -0.2599 0.5856 0.7678
vn 0.1348 0.5310 0.8365
vn 0.0929 0.5944 0.7988
vn -0.2892 -0.3187 0.9026
vn -0.2735 -0.3468 0.8972
vn -0.1820 -0.3574 0.9160
vn -0.2860 -0.3195 0.9034
vn -0.2635 -0.2991 0.9171
vn -0.1081 -0.2421 0.9642
vn -0.2494 -0.2143 0.9444
vn -0.0451 -0.2019 0.9784
vn -0.2609 -0.0625 0.9633
vn -0.0546 -0.0230 0.9982
vn -0.2508 -0.0130 0.9680
vn -0.0221 -0.0128 0.9997
vn -0.2115 -0.0764 0.9744
vn 0.1555 -0.0180 0.9877
vn -0.2355 0.1372 0.9621
vn 0.1794 0.1603 0.9706
vn -0.2567 0.3287 0.9089
vn 0.0885 0.3090 0.9469
vn -0.2718 0.5085 0.8171
vn 0.0476 0.4787 0.8767
vn -0.2688 0.6289 0.7295
vn 0.0603 0.5798 0.8125
vn -0.5578 0.6423 0.5257
vn -0.5888 0.5504 0.5920
vn -0.2928 -0.3175 0.9019
vn -0.3545 -0.3519 0.8663
vn -0.4166 -0.2528 0.8733
vn -0.4313 -0.2265 0.8733
vn -0.4603 -0.0316 0.8872
vn -0.4584 -0.0278 0.8883
vn -0.5359 -0.1044 0.8378
vn -0.6195 0.0861 0.7802
vn -0.5798 0.3058 0.7552
vn -0.5684 0.4685 0.6763
vn -0.5652 0.6123 0.5528
vn -0.4726 -0.3471 0.8100
vn -0.4520 -0.3127 0.8354
vn -0.7163 -0.0391 0.6967
vn -0.7139 -0.1236 0.6892
vn 0.0925 0.4189 0.9033
vn 0.1012 0.4468 0.8889
vn 0.0381 0.5098 0.8594
vn 0.0906 0.4217 0.9022
vn 0.0570 0.4227 0.9045
vn -0.1031 0.4770 0.8728
vn -0.0154 0.3744 0.9272
vn -0.1772 0.4840 0.8569
vn -0.1098 0.2579 0.9599
vn -0.2901 0.3479 0.8915
vn -0.1498 0.2265 0.9624
vn -0.3198 0.3576 0.8774
vn -0.1392 0.2985 0.9442
vn -0.4358 0.4503 0.7793
vn -0.2529 0.1165 0.9604
vn -0.5591 0.3190 0.7653
vn -0.3408 -0.0618 0.9381
vn -0.5816 0.1480 0.7999
vn -0.4122 -0.2414 0.8785
vn -0.6361 -0.0298 0.7711
vn -0.4603 -0.3644 0.8095
vn -0.6867 -0.1244 0.7162
vn -0.1977 -0.5994 0.7756
vn -0.1412 -0.5209 0.8419
vn 0.0945 0.4160 0.9044
vn 0.1713 0.3976 0.9015
vn 0.1494 0.2911 0.9450
vn 0.1433 0.2626 0.9542
vn 0.0357 0.1021 0.9941
vn 0.0314 0.1005 0.9944
vn 0.1511 0.1011 0.9833
vn 0.1089 -0.1105 0.9879
vn -0.0488 -0.2685 0.9620
vn -0.1324 -0.4165 0.8995
vn -0.1830 -0.5704 0.8008
vn -0.4819 -0.2217 0.8477
vn -0.4411 -0.2159 0.8711
vn -0.4779 0.1868 0.8583
vn -0.5319 0.1250 0.8375
vn 0.4513 -0.0175 0.8922
vn 0.4743 0.0023 0.8804
vn 0.4644 0.0957 0.8804
vn 0.4516 -0.0141 0.8921
vn 0.4275 0.0058 0.9040
vn 0.3389 0.1511 0.9286
vn 0.3445 0.0062 0.9388
vn 0.2862 0.2052 0.9359
vn 0.2019 -0.0341 0.9788
vn 0.1171 0.1612 0.9800
vn 0.1518 -0.0344 0.9878
vn 0.0994 0.1903 0.9767
vn 0.2045 0.0184 0.9787
vn 0.0610 0.3582 0.9317
vn 0.0027 -0.0538 0.9985
vn -0.1187 0.3384 0.9335
vn -0.1820 -0.1272 0.9750
vn -0.2427 0.2142 0.9462
vn -0.3598 -0.2000 0.9114
vn -0.4027 0.1235 0.9070
vn -0.4841 -0.2419 0.8409
vn -0.5088 0.1000 0.8551
vn -0.4443 -0.5628 0.6970
vn -0.3425 -0.5582 0.7557
vn 0.4512 -0.0213 0.8922
vn 0.4964 -0.0800 0.8644
vn 0.4159 -0.1593 0.8953
vn 0.3939 -0.1795 0.9015
vn 0.2136 -0.2469 0.9452
vn 0.2095 -0.2457 0.9464
vn 0.2982 -0.3132 0.9016
vn 0.1294 -0.4467 0.8853
vn -0.0948 -0.4623 0.8817
vn -0.2615 -0.5035 0.8235
vn -0.4115 -0.5575 0.7211
vn 0.6394 -0.3199 0.6992
vn 0.6390 -0.2762 0.7179
vn 0.2820 -0.3442 0.8956
vn 0.3349 -0.3962 0.8549
vn 0.3485 0.5907 0.7278
vn 0.3225 0.6098 0.7240
vn 0.2411 0.5933 0.7680
vn 0.3452 0.5906 0.7294
vn 0.3362 0.5674 0.7517
vn 0.2307 0.4736 0.8500
vn 0.3627 0.4914 0.7918
vn 0.1934 0.4190 0.8872
vn 0.4361 0.3606 0.8245
vn 0.2756 0.2630 0.9246
vn 0.4472 0.3127 0.8380
vn 0.2508 0.2429 0.9371
vn 0.3893 0.3592 0.8482
vn 0.0876 0.1854 0.9788
vn 0.4902 0.1692 0.8550
vn 0.1311 0.0104 0.9913
vn 0.5704 -0.0109 0.8213
vn 0.2639 -0.1004 0.9593
vn 0.6314 -0.1909 0.7516
vn 0.3492 -0.2576 0.9010
vn 0.6546 -0.3216 0.6842
vn 0.3617 -0.3687 0.8563
vn 0.8694 -0.2823 0.4056
vn 0.8772 -0.1729 0.4479
vn 0.3519 0.5907 0.7261
vn 0.3852 0.6350 0.6696
vn 0.4802 0.5667 0.6695
vn 0.5037 0.5476 0.6681
vn 0.6079 0.3822 0.6960
vn 0.6080 0.3782 0.6981
vn 0.6356 0.4634 0.6176
vn 0.7701 0.3043 0.5607
vn 0.8135 0.0842 0.5755
vn 0.8473 -0.0862 0.5240
vn 0.8708 -0.2463 0.4254
vn 0.6919 -0.1718 0.7012
vn 0.6653 -0.1471 0.7319
vn 0.4149 -0.4602 0.7849
vn 0.4893 -0.4544 0.7444
vn -0.0831 0.3365 0.9380
vn -0.1154 0.3382 0.9340
vn -0.1717 0.2643 0.9490
vn -0.0855 0.3341 0.9386
vn -0.0793 0.3031 0.9496
vn -0.1104 0.1374 0.9843
vn -0.0136 0.2449 0.9695
vn -0.1086 0.0618 0.9922
vn 0.1225 0.1741 0.9771
vn 0.0493 -0.0247 0.9985
vn 0.1594 0.1394 0.9773
vn 0.0410 -0.0577 0.9975
vn 0.0851 0.1384 0.9867
vn -0.0569 -0.2050 0.9771
vn 0.2789 0.0488 0.9591
vn 0.0816 -0.3167 0.9450
vn 0.4508 -0.0281 0.8922
vn 0.2548 -0.3146 0.9144
vn 0.6080 -0.1012 0.7875
vn 0.4177 -0.3622 0.8333
vn 0.7054 -0.1590 0.6908
vn 0.4946 -0.4202 0.7608
vn 0.8600 0.0967 0.5011
vn 0.8006 0.1654 0.5759
vn -0.0802 0.3391 0.9373
vn -0.0786 0.4123 0.9077
vn 0.0385 0.4129 0.9100
vn 0.0686 0.4118 0.9087
vn 0.2501 0.3341 0.9088
vn 0.2524 0.3302 0.9095
vn 0.2258 0.4402 0.8691
vn 0.4293 0.4171 0.8011
vn 0.5945 0.2713 0.7570
vn 0.7238 0.1835 0.6652
vn 0.8395 0.1163 0.5308
vn -0.0150 0.5148 0.8572
vn 0.0047 0.4773 0.8787
vn 0.3702 0.5714 0.7325
vn 0.2967 0.6139 0.7314
vn 0.3444 -0.3715 0.8622
vn 0.3630 -0.3922 0.8452
vn 0.4486 -0.3688 0.8141
vn 0.3479 -0.3712 0.8609
vn 0.3663 -0.3434 0.8648
vn 0.4950 -0.2329 0.8371
vn 0.3640 -0.2586 0.8948
vn 0.5391 -0.1722 0.8245
vn 0.3157 -0.1205 0.9412
vn 0.4839 -0.0083 0.8751
vn 0.3101 -0.0705 0.9481
vn 0.5073 0.0131 0.8617
vn 0.3650 -0.1154 0.9238
vn 0.6429 0.0716 0.7626
vn 0.2704 0.0746 0.9599
vn 0.5952 0.2459 0.7650
vn 0.1638 0.2438 0.9559
vn 0.4628 0.3511 0.8140
vn 0.0461 0.4029 0.9141
vn 0.3391 0.4922 0.8018
vn -0.0362 0.5134 0.8574
vn 0.2829 0.5889 0.7571
vn -0.3751 0.4151 0.8289
vn -0.3350 0.3206 0.8860
vn 0.3408 -0.3717 0.8635
vn 0.2848 -0.4272 0.8581
vn 0.2075 -0.3569 0.9108
vn 0.1869 -0.3377 0.9225
vn 0.1083 -0.1662 0.9801
vn 0.1092 -0.1617 0.9808
vn 0.0466 -0.2629 0.9637
vn -0.1112 -0.1174 0.9868
vn -0.1640 0.1010 0.9813
vn -0.2487 0.2542 0.9346
vn -0.3571 0.3854 0.8509
vn 0.4929 0.0782 0.8666
vn 0.4511 0.0804 0.8889
vn 0.4004 -0.3199 0.8587
vn 0.4671 -0.2704 0.8418
vn -0.4633 0.0797 0.8826
vn -0.4897 0.0657 0.8694
vn -0.5003 -0.0277 0.8654
vn -0.4644 0.0763 0.8823
vn -0.4455 0.0511 0.8938
vn -0.3912 -0.1108 0.9136
vn -0.3656 0.0315 0.9302
vn -0.3516 -0.1751 0.9196
vn -0.2190 0.0383 0.9750
vn -0.1783 -0.1706 0.9691
vn -0.1702 0.0273 0.9850
vn -0.1673 -0.2028 0.9648
vn -0.2328 -0.0124 0.9725
vn -0.1646 -0.3731 0.9131
vn -0.0208 0.0135 0.9997
vn 0.0150 -0.3928 0.9195
vn 0.1759 0.0460 0.9833
vn 0.1624 -0.2990 0.9403
vn 0.3671 0.0810 0.9267
vn 0.3393 -0.2436 0.9086
vn 0.4995 0.0977 0.8608
vn 0.4495 -0.2417 0.8600
vn 0.5342 0.4251 0.7307
vn 0.4321 0.4404 0.7870
vn -0.4623 0.0835 0.8828
vn -0.4930 0.1515 0.8567
vn -0.3983 0.2101 0.8929
vn -0.3726 0.2249 0.9003
vn -0.1835 0.2497 0.9508
vn -0.1797 0.2476 0.9520
vn -0.2504 0.3345 0.9085
vn -0.0564 0.4286 0.9017
vn 0.1659 0.3954 0.9034
vn 0.3392 0.4018 0.8506
vn 0.5003 0.4260 0.7538
vn -0.5760 0.4228 0.6996
vn -0.5856 0.3794 0.7164
vn -0.2278 0.3615 0.9041
vn -0.2669 0.4252 0.8649
vn -0.4894 -0.5295 0.6929
vn -0.4680 -0.5537 0.6888
vn -0.3863 -0.5569 0.7352
vn -0.4862 -0.5303 0.6946
vn -0.4730 -0.5103 0.7182
vn -0.3527 -0.4456 0.8228
vn -0.4837 -0.4321 0.7612
vn -0.3057 -0.4019 0.8632
vn -0.5280 -0.2898 0.7983
vn -0.3533 -0.2334 0.9059
vn -0.5290 -0.2412 0.8136
vn -0.3252 -0.2196 0.9198
vn -0.4828 -0.2996 0.8229
vn -0.1548 -0.2006 0.9674
vn -0.5405 -0.0927 0.8362
vn -0.1598 -0.0210 0.9869
vn -0.5789 0.1018 0.8090
vn -0.2646 0.1172 0.9572
vn -0.5975 0.2934 0.7463
vn -0.3121 0.2913 0.9043
vn -0.5899 0.4285 0.6844
vn -0.2990 0.4041 0.8644
vn -0.7997 0.4477 0.3999
vn -0.8324 0.3407 0.4371
vn -0.4927 -0.5287 0.6912
vn -0.5330 -0.5624 0.6322
vn -0.6109 -0.4753 0.6332
vn -0.6297 -0.4514 0.6322
vn -0.6965 -0.2686 0.6654
vn -0.6958 -0.2647 0.6677
vn -0.7387 -0.3386 0.5828
vn -0.8340 -0.1522 0.5304
vn -0.8293 0.0716 0.5542
vn -0.8240 0.2473 0.5097
vn -0.8095 0.4124 0.4180
vn -0.6592 0.2898 0.6939
vn -0.6395 0.2588 0.7240
vn -0.3291 0.5078 0.7962
vn -0.4017 0.5199 0.7539
vn -0.0195 -0.3833 0.9234
vn 0.0118 -0.3918 0.9200
vn 0.0822 -0.3326 0.9395
vn -0.0166 -0.3817 0.9241
vn -0.0163 -0.3505 0.9364
vn 0.0487 -0.1969 0.9792
vn -0.0686 -0.2801 0.9575
vn 0.0630 -0.1231 0.9904
vn -0.1863 -0.1819 0.9655
vn -0.0726 -0.0047 0.9973
vn -0.2149 -0.1401 0.9665
vn -0.0574 0.0258 0.9980
vn -0.1424 -0.1556 0.9775
vn 0.0706 0.1490 0.9863
vn -0.3114 -0.0252 0.9499
vn -0.0395 0.2892 0.9565
vn -0.4606 0.0898 0.8831
vn -0.2081 0.3260 0.9222
vn -0.5951 0.1993 0.7785
vn -0.3544 0.4109 0.8400
vn -0.6748 0.2807 0.6826
vn -0.4147 0.4870 0.7687
vn -0.8751 0.0722 0.4784
vn -0.8342 -0.0107 0.5513
vn -0.0229 -0.3849 0.9227
vn -0.0393 -0.4550 0.8896
vn -0.1538 -0.4304 0.8894
vn -0.1829 -0.4227 0.8876
vn -0.3433 -0.3076 0.8874
vn -0.3448 -0.3034 0.8883
vn -0.3413 -0.4148 0.8435
vn -0.5329 -0.3456 0.7724
vn -0.6613 -0.1657 0.7316
vn -0.7659 -0.0484 0.6412
vn -0.8603 0.0474 0.5076
vn -0.1221 -0.5393 0.8332
vn -0.1338 -0.4993 0.8560
vn -0.5065 -0.5059 0.6982
vn -0.4440 -0.5635 0.6967
vn -0.2816 0.4031 0.8707
vn -0.2949 0.4279 0.8544
vn -0.3825 0.4250 0.8204
vn -0.2851 0.4039 0.8693
vn -0.3092 0.3802 0.8717
vn -0.4579 0.3014 0.8364
vn -0.3261 0.2958 0.8979
vn -0.5136 0.2523 0.8201
vn -0.3102 0.1488 0.9390
vn -0.4966 0.0784 0.8644
vn -0.3157 0.0984 0.9437
vn -0.5237 0.0631 0.8496
vn -0.3589 0.1551 0.9204
vn -0.6657 0.0394 0.7452
vn -0.3087 -0.0522 0.9497
vn -0.6568 -0.1412 0.7407
vn -0.2411 -0.2402 0.9403
vn -0.5518 -0.2744 0.7875
vn -0.1592 -0.4191 0.8939
vn -0.4611 -0.4382 0.7716
vn -0.1010 -0.5426 0.8339
vn -0.4257 -0.5430 0.7238
vn 0.2518 -0.5190 0.8168
vn 0.2314 -0.4205 0.8773
vn -0.2781 0.4024 0.8722
vn -0.2114 0.4445 0.8705
vn -0.1527 0.3571 0.9215
vn -0.1371 0.3333 0.9328
vn -0.0991 0.1468 0.9842
vn -0.1011 0.1426 0.9846
vn -0.0176 0.2284 0.9734
vn 0.1044 0.0513 0.9932
vn 0.1090 -0.1729 0.9789
vn 0.1599 -0.3388 0.9272
vn 0.2400 -0.4870 0.8398
vn -0.1345 0.5544 0.8213
vn -0.1262 0.5157 0.8474
vn 0.2731 0.5482 0.7905
vn 0.2094 0.6007 0.7715
vn 0.0746 -0.3731 0.9248
vn 0.0931 -0.3971 0.9130
vn 0.1860 -0.3880 0.9027
vn 0.0780 -0.3734 0.9244
vn 0.0990 -0.3485 0.9321
vn 0.2459 -0.2593 0.9340
vn 0.1027 -0.2629 0.9593
vn 0.3003 -0.2065 0.9312
vn 0.0666 -0.1171 0.9909
vn 0.2609 -0.0339 0.9648
vn 0.0672 -0.0663 0.9955
vn 0.2895 -0.0168 0.9570
vn 0.1188 -0.1200 0.9856
vn 0.4518 0.0164 0.8920
vn 0.0487 0.0833 0.9953
vn 0.4320 0.1957 0.8804
vn -0.0269 0.2658 0.9637
vn 0.3096 0.3213 0.8949
vn -0.1061 0.4380 0.8927
vn 0.2151 0.4780 0.8516
vn -0.1552 0.5561 0.8165
vn 0.1863 0.5794 0.7934
vn -0.4891 0.5065 0.7101
vn -0.4785 0.4101 0.7764
vn 0.0707 -0.3728 0.9252
vn 0.0096 -0.4199 0.9075
vn -0.0662 -0.3365 0.9394
vn -0.0857 -0.3139 0.9456
vn -0.1485 -0.1301 0.9803
vn -0.1472 -0.1258 0.9811
vn -0.2189 -0.2175 0.9512
vn -0.3535 -0.0498 0.9341
vn -0.3696 0.1734 0.9129
vn -0.4168 0.3348 0.8451
vn -0.4813 0.4758 0.7362
vn -0.2456 -0.5748 0.7805
vn -0.2003 -0.5731 0.7946
vn -0.2502 -0.2017 0.9469
vn -0.3061 -0.2575 0.9165
vn 0.6627 -0.2893 0.6908
vn 0.6813 -0.2638 0.6828
vn 0.6692 -0.1788 0.7212
vn 0.6628 -0.2858 0.6921
vn 0.6419 -0.2748 0.7159
vn 0.5586 -0.1605 0.8138
vn 0.5705 -0.2972 0.7657
vn 0.5080 -0.1198 0.8530
vn 0.4438 -0.3665 0.8178
vn 0.3567 -0.1973 0.9132
vn 0.3976 -0.3761 0.8370
vn 0.3380 -0.1714 0.9254
vn 0.4448 -0.3178 0.8373
vn 0.2848 -0.0048 0.9586
vn 0.2566 -0.4164 0.8722
vn 0.1121 -0.0457 0.9926
vn 0.0741 -0.4979 0.8641
vn -0.0013 -0.1800 0.9837
vn -0.1120 -0.5632 0.8187
vn -0.1635 -0.2688 0.9492
vn -0.2489 -0.5911 0.7672
vn -0.2786 -0.2843 0.9174
vn -0.2381 -0.8293 0.5055
vn -0.1247 -0.8344 0.5369
vn 0.6625 -0.2927 0.6895
vn 0.7008 -0.3311 0.6319
vn 0.6330 -0.4253 0.6469
vn 0.6138 -0.4487 0.6495
vn 0.4523 -0.5489 0.7030
vn 0.4486 -0.5487 0.7055
vn 0.5250 -0.5837 0.6193
vn 0.3612 -0.7214 0.5908
vn 0.1438 -0.7618 0.6317
vn -0.0309 -0.7987 0.6010
vn -0.2003 -0.8293 0.5216
vn -0.0982 -0.6280 0.7720
vn -0.0706 -0.5991 0.7976
vn -0.3769 -0.3428 0.8605
vn -0.3751 -0.4203 0.8262
vn 0.4306 0.1607 0.8881
vn 0.4318 0.1925 0.8812
vn 0.3598 0.2504 0.8988
vn 0.4283 0.1631 0.8888
vn 0.3987 0.1581 0.9034
vn 0.2373 0.1933 0.9520
vn 0.3428 0.0947 0.9346
vn 0.1630 0.1927 0.9676
vn 0.2734 -0.0396 0.9611
vn 0.0778 0.0366 0.9963
vn 0.2390 -0.0762 0.9680
vn 0.0448 0.0450 0.9980
vn 0.2389 -0.0013 0.9710
vn -0.1040 0.1419 0.9844
vn 0.1472 -0.1961 0.9695
vn -0.2181 0.0020 0.9759
vn 0.0640 -0.3725 0.9258
vn -0.2190 -0.1732 0.9602
vn -0.0191 -0.5376 0.8430
vn -0.2744 -0.3421 0.8987
vn -0.0864 -0.6424 0.7615
vn -0.3394 -0.4244 0.8395
vn 0.1487 -0.8145 0.5607
vn 0.2246 -0.7495 0.6228
vn 0.4330 0.1577 0.8875
vn 0.5029 0.1530 0.8507
vn 0.5039 0.0365 0.8630
vn 0.5027 0.0065 0.8644
vn 0.4257 -0.1738 0.8880
vn 0.4220 -0.1760 0.8893
vn 0.5271 -0.1538 0.8357
vn 0.4975 -0.3622 0.7882
vn 0.3482 -0.5294 0.7736
vn 0.2517 -0.6655 0.7027
vn 0.1713 -0.7917 0.5863
vn 0.5999 0.0845 0.7956
vn 0.5648 0.0671 0.8225
vn 0.6439 -0.3103 0.6993
vn 0.6860 -0.2375 0.6877
vn -0.2809 -0.2665 0.9220
vn -0.3031 -0.2864 0.9089
vn -0.2829 -0.3744 0.8831
vn -0.2807 -0.2701 0.9210
vn -0.2526 -0.2883 0.9236
vn -0.1452 -0.4198 0.8959
vn -0.1651 -0.2840 0.9445
vn -0.0861 -0.4652 0.8810
vn -0.0231 -0.2330 0.9722
vn 0.0820 -0.4070 0.9097
vn 0.0275 -0.2272 0.9735
vn 0.1019 -0.4317 0.8962
vn -0.0197 -0.2836 0.9587
vn 0.1502 -0.5757 0.8038
vn 0.1729 -0.1877 0.9669
vn 0.3238 -0.5292 0.7843
vn 0.3406 -0.0831 0.9365
vn 0.4332 -0.3940 0.8106
vn 0.4944 0.0294 0.8687
vn 0.5721 -0.2728 0.7735
vn 0.5985 0.1058 0.7941
vn 0.6638 -0.2213 0.7145
vn 0.4973 0.4416 0.7468
vn 0.4092 0.4073 0.8165
vn -0.2810 -0.2630 0.9230
vn -0.3368 -0.2072 0.9185
vn -0.2615 -0.1261 0.9569
vn -0.2411 -0.1046 0.9648
vn -0.0648 -0.0227 0.9976
vn -0.0603 -0.0236 0.9979
vn -0.1627 0.0381 0.9859
vn -0.0158 0.1962 0.9804
vn 0.2007 0.2468 0.9481
vn 0.3482 0.3260 0.8789
vn 0.4700 0.4258 0.7732
vn -0.2638 0.5471 0.7944
vn -0.2511 0.5109 0.8222
vn 0.1408 0.6040 0.7844
vn 0.0709 0.6454 0.7605
vn 0.0803 -0.3333 0.9394
vn 0.1029 -0.3545 0.9294
vn 0.1938 -0.3311 0.9235
vn 0.0837 -0.3331 0.9392
vn 0.1002 -0.3050 0.9471
vn 0.2312 -0.1939 0.9534
vn 0.0891 -0.2192 0.9716
vn 0.2769 -0.1334 0.9516
vn 0.0291 -0.0801 0.9964
vn 0.2093 0.0317 0.9773
vn 0.0216 -0.0298 0.9993
vn 0.2353 0.0530 0.9705
vn 0.0814 -0.0749 0.9939
vn 0.3939 0.1095 0.9126
vn -0.0198 0.1151 0.9932
vn 0.3473 0.2831 0.8940
vn -0.1209 0.2826 0.9516
vn 0.2063 0.3883 0.8982
vn -0.2217 0.4385 0.8710
vn 0.0912 0.5272 0.8448
vn -0.2843 0.5455 0.7885
vn 0.0502 0.6213 0.7819
vn -0.6001 0.4415 0.6670
vn -0.5783 0.3497 0.7371
vn 0.0764 -0.3338 0.9396
vn 0.0244 -0.3902 0.9204
vn -0.0650 -0.3189 0.9456
vn -0.0881 -0.2994 0.9500
vn -0.1805 -0.1269 0.9754
vn -0.1798 -0.1224 0.9761
vn -0.2346 -0.2249 0.9457
vn -0.3925 -0.0808 0.9162
vn -0.4418 0.1365 0.8866
vn -0.5097 0.2867 0.8112
vn -0.5890 0.4131 0.6945
vn -0.1964 -0.5862 0.7860
vn -0.1527 -0.5771 0.8023
vn -0.2679 -0.2144 0.9393
vn -0.3126 -0.2789 0.9080
vn 0.6603 -0.1645 0.7328
vn 0.6752 -0.1366 0.7249
vn 0.6480 -0.0537 0.7598
vn 0.6597 -0.1610 0.7341
vn 0.6362 -0.1528 0.7563
vn 0.5309 -0.0506 0.8459
vn 0.5665 -0.1849 0.8031
vn 0.4725 -0.0173 0.8812
vn 0.4493 -0.2718 0.8510
vn 0.3320 -0.1159 0.9361
vn 0.4042 -0.2880 0.8681
vn 0.3088 -0.0929 0.9466
vn 0.4417 -0.2231 0.8690
vn 0.2288 0.0640 0.9714
vn 0.2694 -0.3489 0.8976
vn 0.0629 -0.0025 0.9980
vn 0.1025 -0.4582 0.8829
vn -0.0276 -0.1530 0.9878
vn -0.0684 -0.5529 0.8304
vn -0.1720 -0.2670 0.9482
vn -0.1963 -0.6032 0.7731
vn -0.2814 -0.3010 0.9112
vn -0.1343 -0.8433 0.5204
vn -0.0235 -0.8297 0.5577
vn 0.6608 -0.1681 0.7315
vn 0.7077 -0.2013 0.6773
vn 0.6546 -0.3044 0.6920
vn 0.6391 -0.3306 0.6944
vn 0.4923 -0.4534 0.7430
vn 0.4885 -0.4538 0.7453
vn 0.5741 -0.4786 0.6644
vn 0.4354 -0.6409 0.6322
vn 0.2250 -0.7137 0.6634
vn 0.0600 -0.7782 0.6251
vn -0.0979 -0.8370 0.5384
vn -0.0421 -0.6159 0.7867
vn -0.0208 -0.5824 0.8127
vn -0.3661 -0.3756 0.8514
vn -0.3505 -0.4528 0.8198
vn 0.3509 0.2483 0.9029
vn 0.3475 0.2797 0.8950
vn 0.2665 0.3262 0.9070
vn 0.3481 0.2503 0.9034
vn 0.3189 0.2413 0.9166
vn 0.1516 0.2521 0.9558
vn 0.2719 0.1708 0.9470
vn 0.0775 0.2403 0.9676
vn 0.2228 0.0280 0.9745
vn 0.0161 0.0735 0.9972
vn 0.1941 -0.0133 0.9809
vn -0.0178 0.0767 0.9969
vn 0.1822 0.0607 0.9814
vn -0.1789 0.1488 0.9726
vn 0.1221 -0.1461 0.9817
vn -0.2693 -0.0074 0.9630
vn 0.0697 -0.3344 0.9399
vn -0.2422 -0.1809 0.9532
vn 0.0179 -0.5124 0.8586
vn -0.2673 -0.3579 0.8947
vn -0.0278 -0.6286 0.7773
vn -0.3153 -0.4510 0.8350
vn 0.2419 -0.7668 0.5945
vn 0.3032 -0.6891 0.6581
vn 0.3538 0.2458 0.9025
vn 0.4254 0.2511 0.8695
vn 0.4438 0.1367 0.8856
vn 0.4472 0.1070 0.8880
vn 0.3978 -0.0825 0.9137
vn 0.3944 -0.0853 0.9150
vn 0.4976 -0.0482 0.8660
vn 0.5034 -0.2599 0.8241
vn 0.3827 -0.4487 0.8076
vn 0.3125 -0.5999 0.7365
vn 0.2592 -0.7401 0.6205
vn 0.5348 0.1974 0.8216
vn 0.5013 0.1754 0.8473
vn 0.6447 -0.1880 0.7410
vn 0.6755 -0.1098 0.7291
vn -0.2866 -0.2837 0.9151
vn -0.3047 -0.3071 0.9016
vn -0.2698 -0.3915 0.8797
vn -0.2859 -0.2873 0.9142
vn -0.2554 -0.3008 0.9189
vn -0.1277 -0.4145 0.9011
vn -0.1710 -0.2824 0.9439
vn -0.0615 -0.4505 0.8907
vn -0.0403 -0.2091 0.9771
vn 0.0937 -0.3661 0.9259
vn 0.0085 -0.1954 0.9807
vn 0.1179 -0.3877 0.9142
vn -0.0284 -0.2589 0.9655
vn 0.1930 -0.5247 0.8291
vn 0.1463 -0.1339 0.9801
vn 0.3581 -0.4521 0.8169
vn 0.2972 -0.0051 0.9548
vn 0.4436 -0.3007 0.8442
vn 0.4352 0.1284 0.8911
vn 0.5640 -0.1603 0.8101
vn 0.5301 0.2181 0.8194
vn 0.6496 -0.0966 0.7541
vn 0.3809 0.5327 0.7557
vn 0.2955 0.4868 0.8220
vn -0.2873 -0.2800 0.9160
vn -0.3507 -0.2339 0.9068
vn -0.2912 -0.1412 0.9462
vn -0.2749 -0.1167 0.9544
vn -0.1154 -0.0073 0.9933
vn -0.1108 -0.0075 0.9938
vn -0.2208 0.0371 0.9746
vn -0.1001 0.2160 0.9712
vn 0.1075 0.2990 0.9482
vn 0.2445 0.3985 0.8840
vn 0.3549 0.5135 0.7812
vn -0.2417 -0.5061 0.8279
vn -0.2203 -0.4723 0.8535
vn -0.5374 -0.2243 0.8130
vn -0.5273 -0.3059 0.7927
vn 0.2398 0.3152 0.9182
vn 0.2420 0.3456 0.9067
vn 0.1674 0.4021 0.9002
vn 0.2375 0.3177 0.9179
vn 0.2056 0.3137 0.9270
vn 0.0374 0.3481 0.9367
vn 0.1458 0.2532 0.9564
vn -0.0384 0.3464 0.9373
vn 0.0747 0.1214 0.9898
vn -0.1253 0.1927 0.9732
vn 0.0399 0.0845 0.9956
vn -0.1582 0.1996 0.9670
vn 0.0381 0.1591 0.9865
vn -0.3026 0.2862 0.9091
vn -0.0482 -0.0378 0.9981
vn -0.4104 0.1414 0.9009
vn -0.1181 -0.2227 0.9677
vn -0.4054 -0.0340 0.9135
vn -0.1803 -0.4022 0.8976
vn -0.4446 -0.2128 0.8701
vn -0.2279 -0.5214 0.8223
vn -0.4949 -0.3062 0.8132
vn 0.0457 -0.7109 0.7018
vn 0.1063 -0.6336 0.7663
vn 0.2424 0.3125 0.9185
vn 0.3184 0.3055 0.8974
vn 0.3187 0.1926 0.9281
vn 0.3179 0.1627 0.9341
vn 0.2406 -0.0152 0.9705
vn 0.2367 -0.0174 0.9714
vn 0.3502 0.0015 0.9367
vn 0.3341 -0.2129 0.9182
vn 0.1934 -0.3874 0.9014
vn 0.1153 -0.5372 0.8355
vn 0.0619 -0.6833 0.7275
vn 0.6050 0.2470 0.7570
vn 0.5712 0.2764 0.7729
vn 0.3623 -0.0315 0.9315
vn 0.4397 -0.0282 0.8977
vn -0.2582 0.6557 0.7095
vn -0.2896 0.6497 0.7029
vn -0.3367 0.5789 0.7426
vn -0.2606 0.6532 0.7109
vn -0.2517 0.6307 0.7340
vn -0.2640 0.4893 0.8312
vn -0.1820 0.5982 0.7804
vn -0.2529 0.4247 0.8693
vn -0.0399 0.5623 0.8260
vn -0.0868 0.3781 0.9217
vn 0.0014 0.5378 0.8430
vn -0.0901 0.3463 0.9338
vn -0.0728 0.5272 0.8466
vn -0.1629 0.1877 0.9686
vn 0.1336 0.4712 0.8719
vn -0.0071 0.1000 0.9950
vn 0.3223 0.4070 0.8547
vn 0.1668 0.1215 0.9785
vn 0.5010 0.3289 0.8005
vn 0.3444 0.0767 0.9357
vn 0.6179 0.2569 0.7431
vn 0.4378 0.0101 0.8990
vn 0.7601 0.4415 0.4767
vn 0.6819 0.5219 0.5125
vn -0.2558 0.6582 0.7081
vn -0.2603 0.7129 0.6512
vn -0.1461 0.7358 0.6613
vn -0.1160 0.7399 0.6626
vn 0.0727 0.7031 0.7074
vn 0.0755 0.7004 0.7097
vn 0.0394 0.7789 0.6259
vn 0.2517 0.7688 0.5878
vn 0.4401 0.6503 0.6192
vn 0.5919 0.5589 0.5808
vn 0.7332 0.4670 0.4942
vn 0.5327 0.3863 0.7530
vn 0.4940 0.3836 0.7803
vn 0.5470 -0.0132 0.8371
vn 0.5969 0.0452 0.8010
vn -0.3853 0.1661 0.9077
vn -0.4081 0.1437 0.9016
vn -0.3938 0.0520 0.9177
vn -0.3851 0.1627 0.9084
vn -0.3594 0.1461 0.9217
vn -0.2630 0.0102 0.9647
vn -0.2741 0.1543 0.9492
vn -0.2075 -0.0401 0.9774
vn -0.1308 0.2054 0.9699
vn -0.0377 0.0162 0.9992
vn -0.0804 0.2088 0.9747
vn -0.0192 -0.0124 0.9997
vn -0.1311 0.1537 0.9794
vn 0.0233 -0.1845 0.9826
vn 0.0684 0.2343 0.9698
vn 0.2016 -0.1593 0.9664
vn 0.2472 0.3076 0.9188
vn 0.3206 -0.0313 0.9467
vn 0.4165 0.3730 0.8291
vn 0.4732 0.0556 0.8792
vn 0.5335 0.4050 0.7426
vn 0.5741 0.0724 0.8156
vn 0.4692 0.6930 0.5473
vn 0.3723 0.6962 0.6138
vn -0.3851 0.1700 0.9071
vn -0.4347 0.2212 0.8730
vn -0.3557 0.3072 0.8827
vn -0.3344 0.3284 0.8833
vn -0.1544 0.4081 0.8998
vn -0.1501 0.4072 0.9009
vn -0.2446 0.4628 0.8520
vn -0.0835 0.5961 0.7986
vn 0.1389 0.6174 0.7743
vn 0.2989 0.6522 0.6966
vn 0.4384 0.6914 0.5743
vn -0.4615 0.3379 0.8202
vn -0.4228 0.3266 0.8454
vn -0.2298 0.6584 0.7167
vn -0.3107 0.6338 0.7084
vn 0.4275 -0.0044 0.9040
vn 0.4568 -0.0049 0.8896
vn 0.5007 0.0737 0.8625
vn 0.4299 -0.0017 0.9029
vn 0.4217 0.0307 0.9062
vn 0.4312 0.2004 0.8797
vn 0.3558 0.0868 0.9305
vn 0.4181 0.2741 0.8661
vn 0.2183 0.1456 0.9650
vn 0.2568 0.3454 0.9027
vn 0.1774 0.1757 0.9683
vn 0.2583 0.3771 0.8894
vn 0.2496 0.1852 0.9505
vn 0.3167 0.5165 0.7956
vn 0.0437 0.2457 0.9684
vn 0.1571 0.6006 0.7840
vn -0.1515 0.2833 0.9470
vn -0.0138 0.5755 0.8177
vn -0.3436 0.3060 0.8879
vn -0.1995 0.5814 0.7888
vn -0.4750 0.3214 0.8192
vn -0.3042 0.6065 0.7346
vn -0.6311 0.0067 0.7757
vn -0.5402 -0.0287 0.8410
vn 0.4252 -0.0073 0.9051
vn 0.4280 -0.0860 0.8997
vn 0.3196 -0.0947 0.9428
vn 0.2905 -0.0967 0.9520
vn 0.1071 -0.0372 0.9936
vn 0.1044 -0.0334 0.9940
vn 0.1370 -0.1482 0.9794
vn -0.0782 -0.1643 0.9833
vn -0.2726 -0.0539 0.9606
vn -0.4375 -0.0110 0.8992
vn -0.5992 -0.0005 0.8006
vn 0.1360 0.4565 0.8793
vn 0.1229 0.4163 0.9009
vn 0.4863 0.2501 0.8373
vn 0.4581 0.3292 0.8257
vn -0.1513 -0.4558 0.8771
vn -0.1469 -0.4845 0.8624
vn -0.0617 -0.5221 0.8506
vn -0.1485 -0.4577 0.8766
vn -0.1181 -0.4476 0.8864
vn 0.0537 -0.4449 0.8940
vn -0.0727 -0.3789 0.9226
vn 0.1273 -0.4266 0.8955
vn -0.0319 -0.2389 0.9705
vn 0.1786 -0.2621 0.9484
vn -0.0061 -0.1962 0.9806
vn 0.2121 -0.2610 0.9417
vn 0.0120 -0.2670 0.9636
vn 0.3712 -0.3069 0.8764
vn 0.0529 -0.0584 0.9969
vn 0.4443 -0.1418 0.8846
vn 0.0799 0.1396 0.9870
vn 0.4009 0.0258 0.9158
vn 0.0999 0.3347 0.9370
vn 0.3991 0.2124 0.8920
vn 0.1190 0.4688 0.8752
vn 0.4268 0.3201 0.8458
vn -0.1913 0.6049 0.7730
vn -0.2324 0.5097 0.8283
vn -0.1544 -0.4537 0.8777
vn -0.2304 -0.4616 0.8567
vn -0.2551 -0.3553 0.8993
vn -0.2609 -0.3268 0.9084
vn -0.2241 -0.1411 0.9643
vn -0.2208 -0.1382 0.9655
vn -0.3279 -0.1778 0.9278
vn -0.3597 0.0355 0.9324
vn -0.2612 0.2375 0.9356
vn -0.2190 0.4069 0.8868
vn -0.2007 0.5719 0.7954
vn -0.5248 -0.4531 0.7206
vn -0.4851 -0.4759 0.7336
vn -0.3470 -0.1480 0.9261
vn -0.4222 -0.1647 0.8914
vn 0.4066 -0.6539 0.6381
vn 0.4357 -0.6405 0.6324
vn 0.4667 -0.5655 0.6800
vn 0.4084 -0.6510 0.6399
vn 0.3951 -0.6337 0.6651
vn 0.3773 -0.5041 0.7769
vn 0.3206 -0.6223 0.7141
vn 0.3527 -0.4479 0.8216
vn 0.1747 -0.6238 0.7618
vn 0.1812 -0.4450 0.8770
vn 0.1293 -0.6110 0.7810
vn 0.1776 -0.4147 0.8925
vn 0.1993 -0.5847 0.7864
vn 0.2140 -0.2485 0.9447
vn -0.0139 -0.5786 0.8155
vn 0.0431 -0.2006 0.9787
vn -0.2123 -0.5562 0.8034
vn -0.1219 -0.2582 0.9584
vn -0.4046 -0.5142 0.7562
vn -0.3056 -0.2494 0.9189
vn -0.5354 -0.4641 0.7057
vn -0.4119 -0.2016 0.8886
vn -0.6372 -0.6463 0.4198
vn -0.5427 -0.7108 0.4475
vn 0.4048 -0.6568 0.6362
vn 0.4204 -0.7028 0.5739
vn 0.3141 -0.7511 0.5806
vn 0.2858 -0.7619 0.5813
vn 0.0943 -0.7725 0.6279
vn 0.0910 -0.7708 0.6305
vn 0.1423 -0.8301 0.5391
vn -0.0675 -0.8632 0.5003
vn -0.2770 -0.7932 0.5423
vn -0.4457 -0.7340 0.5124
vn -0.6051 -0.6670 0.4348
vn -0.4236 -0.5719 0.7025
vn -0.3861 -0.5636 0.7303
vn -0.5245 -0.1965 0.8284
vn -0.5607 -0.2604 0.7860
vn 0.4253 -0.1721 0.8885
vn 0.4425 -0.1447 0.8850
vn 0.4086 -0.0607 0.9107
vn 0.4244 -0.1690 0.8896
vn 0.3959 -0.1598 0.9043
vn 0.2725 -0.0539 0.9606
vn 0.3148 -0.1896 0.9300
vn 0.2074 -0.0187 0.9781
vn 0.1867 -0.2729 0.9437
vn 0.0546 -0.1132 0.9921
vn 0.1384 -0.2878 0.9476
vn 0.0302 -0.0896 0.9955
vn 0.1757 -0.2238 0.9587
vn -0.0494 0.0697 0.9963
vn -0.0011 -0.3449 0.9386
vn -0.2180 0.0077 0.9759
vn -0.1601 -0.4501 0.8785
vn -0.3061 -0.1406 0.9416
vn -0.3122 -0.5413 0.7807
vn -0.4367 -0.2514 0.8638
vn -0.4204 -0.5890 0.6902
vn -0.5323 -0.2833 0.7978
vn -0.2970 -0.8335 0.4660
vn -0.2007 -0.8222 0.5326
vn 0.4260 -0.1759 0.8875
vn 0.4851 -0.2109 0.8486
vn 0.4272 -0.3127 0.8483
vn 0.4111 -0.3381 0.8466
vn 0.2534 -0.4568 0.8527
vn 0.2490 -0.4570 0.8539
vn 0.3528 -0.4849 0.8002
vn 0.2242 -0.6440 0.7314
vn 0.0117 -0.7112 0.7029
vn -0.1377 -0.7721 0.6204
vn -0.2669 -0.8279 0.4933
vn 0.5364 -0.3125 0.7840
vn 0.4965 -0.3127 0.8098
vn 0.3797 -0.6633 0.6449
vn 0.4529 -0.6208 0.6399
vn -0.4051 -0.1857 0.8952
vn -0.4339 -0.1903 0.8807
vn -0.4597 -0.2735 0.8449
vn -0.4067 -0.1892 0.8937
vn -0.3916 -0.2189 0.8937
vn -0.3638 -0.3826 0.8492
vn -0.3145 -0.2612 0.9126
vn -0.3350 -0.4497 0.8280
vn -0.1670 -0.2915 0.9419
vn -0.1614 -0.4871 0.8583
vn -0.1204 -0.3120 0.9424
vn -0.1561 -0.5168 0.8418
vn -0.1890 -0.3353 0.9230
vn -0.1836 -0.6548 0.7331
vn 0.0254 -0.3503 0.9363
vn -0.0095 -0.6999 0.7142
vn 0.2238 -0.3415 0.9129
vn 0.1520 -0.6415 0.7519
vn 0.4153 -0.3147 0.8535
vn 0.3340 -0.6031 0.7244
vn 0.5458 -0.2934 0.7849
vn 0.4409 -0.5985 0.6689
vn 0.6281 0.0507 0.7765
vn 0.5325 0.0580 0.8444
vn -0.4034 -0.1823 0.8967
vn -0.4235 -0.1063 0.8996
vn -0.3191 -0.0786 0.9445
vn -0.2910 -0.0711 0.9541
vn -0.0984 -0.0927 0.9908
vn -0.0950 -0.0959 0.9908
vn -0.1523 0.0098 0.9883
vn 0.0541 0.0725 0.9959
vn 0.2677 0.0108 0.9634
vn 0.4371 0.0122 0.8993
vn 0.5957 0.0481 0.8017
vn 0.3365 0.4980 0.7992
vn 0.3154 0.4657 0.8268
vn 0.6137 0.1997 0.7639
vn 0.6066 0.2817 0.7435
vn -0.1811 -0.2939 0.9385
vn -0.1860 -0.3242 0.9275
vn -0.1154 -0.3849 0.9157
vn -0.1791 -0.2965 0.9381
vn -0.1463 -0.2943 0.9444
vn 0.0199 -0.3380 0.9409
vn -0.0811 -0.2371 0.9681
vn 0.0956 -0.3407 0.9353
vn -0.0001 -0.1092 0.9940
vn 0.1935 -0.1919 0.9622
vn 0.0370 -0.0744 0.9965
vn 0.2254 -0.2007 0.9534
vn 0.0338 -0.1490 0.9883
vn 0.3594 -0.2958 0.8850
vn 0.1317 0.0428 0.9904
vn 0.4742 -0.1574 0.8663
vn 0.2091 0.2232 0.9521
vn 0.4800 0.0182 0.8771
vn 0.2752 0.3983 0.8750
vn 0.5254 0.1941 0.8284
vn 0.3231 0.5140 0.7946
vn 0.5761 0.2840 0.7665
vn 0.0516 0.7178 0.6943
vn -0.0077 0.6446 0.7645
vn -0.1836 -0.2911 0.9389
vn -0.2605 -0.2801 0.9239
vn -0.2520 -0.1670 0.9532
vn -0.2491 -0.1371 0.9587
vn -0.1592 0.0363 0.9866
vn -0.1552 0.0383 0.9871
vn -0.2720 0.0256 0.9620
vn -0.2455 0.2386 0.9396
vn -0.0971 0.4047 0.9093
vn -0.0165 0.5493 0.8355
vn 0.0360 0.6914 0.7216
vn -0.5539 -0.2065 0.8066
vn -0.5207 -0.2376 0.8200
vn -0.2826 0.0592 0.9574
vn -0.3626 0.0600 0.9300
vn 0.2785 -0.6637 0.6943
vn 0.3094 -0.6596 0.6850
vn 0.3636 -0.5913 0.7199
vn 0.2811 -0.6615 0.6953
vn 0.2754 -0.6382 0.7189
vn 0.3034 -0.4970 0.8130
vn 0.2116 -0.6014 0.7704
vn 0.2990 -0.4315 0.8511
vn 0.0758 -0.5573 0.8269
vn 0.1406 -0.3753 0.9162
vn 0.0376 -0.5303 0.8470
vn 0.1467 -0.3436 0.9276
vn 0.1122 -0.5238 0.8444
vn 0.2308 -0.1891 0.9545
vn -0.0879 -0.4560 0.8856
vn 0.0828 -0.0924 0.9923
vn -0.2735 -0.3815 0.8830
vn -0.0927 -0.1042 0.9902
vn -0.4514 -0.2938 0.8425
vn -0.2705 -0.0498 0.9614
vn -0.5685 -0.2157 0.7939
vn -0.3627 0.0217 0.9316
vn -0.7421 -0.3941 0.5422
vn -0.6658 -0.4785 0.5725
vn 0.2758 -0.6659 0.6932
vn 0.2725 -0.7214 0.6367
vn 0.1584 -0.7377 0.6563
vn 0.1284 -0.7401 0.6602
vn -0.0537 -0.6923 0.7196
vn -0.0561 -0.6895 0.7221
vn -0.0315 -0.7705 0.6367
vn -0.2453 -0.7488 0.6158
vn -0.4236 -0.6195 0.6609
vn -0.5727 -0.5199 0.6338
vn -0.7153 -0.4209 0.5578
vn -0.4900 -0.3498 0.7984
vn -0.4491 -0.3491 0.8225
vn -0.4751 0.0506 0.8785
vn -0.5310 -0.0052 0.8474
vn 0.4482 -0.1808 0.8755
vn 0.4717 -0.1596 0.8672
vn 0.4640 -0.0670 0.8833
vn 0.4483 -0.1771 0.8762
vn 0.4249 -0.1590 0.8912
vn 0.3400 -0.0176 0.9403
vn 0.3417 -0.1622 0.9257
vn 0.2886 0.0359 0.9568
vn 0.1980 -0.2049 0.9585
vn 0.1183 -0.0106 0.9929
vn 0.1481 -0.2054 0.9674
vn 0.1015 0.0191 0.9947
vn 0.2019 -0.1533 0.9673
vn 0.0674 0.1931 0.9789
vn -0.0018 -0.2226 0.9749
vn -0.1127 0.1780 0.9776
vn -0.1880 -0.2860 0.9396
vn -0.2399 0.0567 0.9691
vn -0.3675 -0.3424 0.8647
vn -0.4021 -0.0219 0.9153
vn -0.4927 -0.3684 0.7884
vn -0.5086 -0.0335 0.8603
vn -0.4608 -0.6611 0.5921
vn -0.3590 -0.6694 0.6504
vn 0.4478 -0.1849 0.8748
vn 0.4916 -0.2389 0.8374
vn 0.4090 -0.3199 0.8546
vn 0.3867 -0.3399 0.8573
vn 0.2044 -0.4091 0.8893
vn 0.2003 -0.4080 0.8908
vn 0.2873 -0.4693 0.8350
vn 0.1151 -0.5936 0.7965
vn -0.1093 -0.6025 0.7906
vn -0.2768 -0.6288 0.7266
vn -0.4278 -0.6610 0.6165
vn 0.5075 -0.3571 0.7842
vn 0.4716 -0.3433 0.8122
vn 0.2507 -0.6647 0.7038
vn 0.3317 -0.6448 0.6887
vn -0.3512 0.0357 0.9356
vn -0.3815 0.0377 0.9236
vn -0.4318 -0.0386 0.9012
vn -0.3538 0.0331 0.9347
vn -0.3473 0.0002 0.9378
vn -0.3683 -0.1689 0.9142
vn -0.2828 -0.0593 0.9574
vn -0.3606 -0.2432 0.9005
vn -0.1464 -0.1255 0.9812
vn -0.2010 -0.3232 0.9247
vn -0.1071 -0.1578 0.9816
vn -0.2054 -0.3549 0.9121
vn -0.1809 -0.1634 0.9698
vn -0.2788 -0.4915 0.8250
vn 0.0220 -0.2353 0.9717
vn -0.1257 -0.5847 0.8015
vn 0.2124 -0.2841 0.9350
vn 0.0485 -0.5690 0.8209
vn 0.3975 -0.3180 0.8608
vn 0.2306 -0.5855 0.7771
vn 0.5217 -0.3414 0.7819
vn 0.3289 -0.6169 0.7150
vn 0.6911 -0.0364 0.7219
vn 0.6079 0.0046 0.7940
vn -0.3486 0.0384 0.9365
vn -0.3475 0.1171 0.9303
vn -0.2356 0.1200 0.9644
vn -0.2058 0.1204 0.9712
vn -0.0232 0.0509 0.9984
vn -0.0207 0.0470 0.9987
vn -0.0480 0.1634 0.9854
vn 0.1674 0.1673 0.9716
vn 0.3528 0.0458 0.9346
vn 0.5095 -0.0067 0.8605
vn 0.6618 -0.0272 0.7492
vn -0.2196 -0.5561 0.8016
vn -0.1962 -0.5247 0.8284
vn -0.5082 -0.2672 0.8187
vn -0.5010 -0.3475 0.7926
vn 0.2865 0.2458 0.9260
vn 0.2890 0.2768 0.9164
vn 0.2156 0.3353 0.9171
vn 0.2843 0.2483 0.9260
vn 0.2526 0.2445 0.9362
vn 0.0859 0.2820 0.9556
vn 0.1926 0.1835 0.9640
vn 0.0102 0.2820 0.9594
vn 0.1195 0.0514 0.9915
vn -0.0790 0.1281 0.9886
vn 0.0841 0.0150 0.9963
vn -0.1120 0.1363 0.9843
vn 0.0839 0.0900 0.9924
vn -0.2564 0.2299 0.9388
vn -0.0069 -0.1052 0.9944
vn -0.3682 0.0886 0.9255
vn -0.0828 -0.2859 0.9547
vn -0.3672 -0.0874 0.9260
vn -0.1525 -0.4586 0.8754
vn -0.4127 -0.2618 0.8724
vn -0.2064 -0.5713 0.7944
vn -0.4679 -0.3499 0.8116
vn 0.0569 -0.7583 0.6494
vn 0.1221 -0.6870 0.7163
vn 0.2890 0.2431 0.9259
vn 0.3639 0.2359 0.9011
vn 0.3625 0.1210 0.9241
vn 0.3612 0.0908 0.9281
vn 0.2809 -0.0873 0.9558
vn 0.2770 -0.0895 0.9567
vn 0.3894 -0.0709 0.9183
vn 0.3670 -0.2832 0.8861
vn 0.2212 -0.4527 0.8638
vn 0.1366 -0.5958 0.7914
vn 0.0749 -0.7329 0.6762
vn 0.6426 0.1804 0.7446
vn 0.6104 0.2094 0.7639
vn 0.4004 -0.1037 0.9104
vn 0.4764 -0.0998 0.8736
vn -0.2111 0.6111 0.7629
vn -0.2428 0.6064 0.7572
vn -0.2900 0.5341 0.7942
vn -0.2134 0.6086 0.7643
vn -0.2042 0.5844 0.7853
vn -0.2159 0.4370 0.8732
vn -0.1334 0.5471 0.8264
vn -0.2049 0.3696 0.9063
vn 0.0096 0.5050 0.8631
vn -0.0380 0.3158 0.9481
vn 0.0509 0.4785 0.8766
vn -0.0416 0.2833 0.9581
vn -0.0233 0.4693 0.8827
vn -0.1169 0.1244 0.9853
vn 0.1824 0.4070 0.8950
vn 0.0376 0.0315 0.9988
vn 0.3685 0.3399 0.8653
vn 0.2111 0.0501 0.9762
vn 0.5427 0.2616 0.7982
vn 0.3855 0.0043 0.9227
vn 0.6552 0.1910 0.7309
vn 0.4755 -0.0617 0.8775
vn 0.7908 0.3901 0.4717
vn 0.7163 0.4696 0.5161
vn -0.2087 0.6137 0.7615
vn -0.2141 0.6723 0.7086
vn -0.0990 0.6918 0.7153
vn -0.0688 0.6951 0.7157
vn 0.1207 0.6509 0.7495
vn 0.1234 0.6481 0.7515
vn 0.0859 0.7330 0.6748
vn 0.2960 0.7207 0.6268
vn 0.4826 0.5960 0.6418
vn 0.6301 0.5040 0.5907
vn 0.7653 0.4150 0.4920
vn 0.5739 0.3213 0.7533
vn 0.5363 0.3176 0.7820
vn 0.5813 -0.0834 0.8094
vn 0.6312 -0.0236 0.7753
vn -0.3421 0.1122 0.9329
vn -0.3657 0.0908 0.9263
vn -0.3532 -0.0022 0.9355
vn -0.3421 0.1085 0.9334
vn -0.3163 0.0906 0.9443
vn -0.2217 -0.0501 0.9738
vn -0.2296 0.0949 0.9686
vn -0.1669 -0.1025 0.9806
vn -0.0844 0.1412 0.9864
vn 0.0050 -0.0517 0.9987
vn -0.0337 0.1430 0.9891
vn 0.0228 -0.0806 0.9965
vn -0.0856 0.0890 0.9923
vn 0.0601 -0.2520 0.9659
vn 0.1153 0.1655 0.9794
vn 0.2381 -0.2299 0.9436
vn 0.2937 0.2381 0.9258
vn 0.3594 -0.1036 0.9274
vn 0.4607 0.3055 0.8333
vn 0.5112 -0.0158 0.8593
vn 0.5746 0.3407 0.7441
vn 0.6097 0.0030 0.7926
vn 0.5097 0.6429 0.5718
vn 0.4157 0.6437 0.6425
vn -0.3418 0.1165 0.9325
vn -0.3915 0.1708 0.9042
vn -0.3100 0.2539 0.9162
vn -0.2882 0.2745 0.9174
vn -0.1056 0.3487 0.9313
vn -0.1013 0.3476 0.9321
vn -0.1964 0.4087 0.8913
vn -0.0342 0.5415 0.8400
vn 0.1874 0.5594 0.8074
vn 0.3448 0.5959 0.7253
vn 0.4799 0.6401 0.6000
vn -0.4176 0.2913 0.8607
vn -0.3782 0.2774 0.8832
vn -0.1823 0.6126 0.7691
vn -0.2640 0.5905 0.7627
vn 0.4651 -0.0763 0.8820
vn 0.4936 -0.0765 0.8663
vn 0.5384 0.0026 0.8427
vn 0.4674 -0.0737 0.8810
vn 0.4603 -0.0413 0.8868
vn 0.4731 0.1295 0.8715
vn 0.3969 0.0145 0.9178
vn 0.4613 0.2043 0.8634
vn 0.2625 0.0739 0.9621
vn 0.3035 0.2765 0.9118
vn 0.2226 0.1046 0.9693
vn 0.3053 0.3091 0.9007
vn 0.2942 0.1137 0.9490
vn 0.3632 0.4532 0.8140
vn 0.0909 0.1775 0.9799
vn 0.2055 0.5415 0.8152
vn -0.1040 0.2209 0.9697
vn 0.0357 0.5180 0.8546
vn -0.2978 0.2520 0.9208
vn -0.1509 0.5301 0.8344
vn -0.4315 0.2751 0.8591
vn -0.2571 0.5613 0.7867
vn -0.5974 -0.0321 0.8013
vn -0.5048 -0.0738 0.8601
vn 0.4627 -0.0790 0.8830
vn 0.4633 -0.1574 0.8721
vn 0.3566 -0.1666 0.9193
vn 0.3278 -0.1685 0.9296
vn 0.1479 -0.1078 0.9831
vn 0.1454 -0.1040 0.9839
vn 0.1744 -0.2182 0.9602
vn -0.0408 -0.2296 0.9724
vn -0.2331 -0.1135 0.9658
vn -0.3993 -0.0628 0.9147
vn -0.5647 -0.0418 0.8242
vn 0.5286 0.1972 0.8256
vn 0.4917 0.1822 0.8515
vn 0.5869 -0.2051 0.7833
vn 0.6287 -0.1333 0.7662
vn -0.3538 -0.1588 0.9218
vn -0.3746 -0.1806 0.9094
vn -0.3509 -0.2705 0.8965
vn -0.3535 -0.1621 0.9213
vn -0.3256 -0.1792 0.9284
vn -0.2142 -0.3102 0.9262
vn -0.2404 -0.1702 0.9556
vn -0.1535 -0.3555 0.9220
vn -0.1020 -0.1123 0.9884
vn 0.0107 -0.2901 0.9569
vn -0.0518 -0.1050 0.9931
vn 0.0321 -0.3154 0.9484
vn -0.0967 -0.1642 0.9817
vn 0.0904 -0.4686 0.8788
vn 0.0930 -0.0631 0.9937
vn 0.2643 -0.4203 0.8680
vn 0.2611 0.0414 0.9644
vn 0.3690 -0.2800 0.8863
vn 0.4184 0.1488 0.8960
vn 0.5086 -0.1607 0.8458
vn 0.5270 0.2181 0.8214
vn 0.6040 -0.1146 0.7887
vn 0.4248 0.5429 0.7245
vn 0.3315 0.5152 0.7904
vn -0.3542 -0.1551 0.9222
vn -0.4103 -0.1016 0.9063
vn -0.3399 -0.0145 0.9404
vn -0.3206 0.0082 0.9472
vn -0.1490 0.0983 0.9839
vn -0.1445 0.0976 0.9847
vn -0.2465 0.1546 0.9567
vn -0.1023 0.3146 0.9437
vn 0.1155 0.3665 0.9232
vn 0.2671 0.4405 0.8571
vn 0.3959 0.5295 0.7503
vn -0.6041 0.1294 0.7864
vn -0.5952 0.0845 0.7992
vn -0.2359 0.1883 0.9534
vn -0.2999 0.2354 0.9245
vn -0.1787 -0.7194 0.6712
vn -0.1506 -0.7335 0.6628
vn -0.0684 -0.7092 0.7017
vn -0.1751 -0.7190 0.6726
vn -0.1676 -0.6973 0.6970
vn -0.0676 -0.5997 0.7974
vn -0.2008 -0.6317 0.7487
vn -0.0353 -0.5444 0.8381
vn -0.2891 -0.5191 0.8043
vn -0.1356 -0.4091 0.9024
vn -0.3059 -0.4756 0.8248
vn -0.1129 -0.3869 0.9152
vn -0.2409 -0.5130 0.8239
vn 0.0432 -0.3090 0.9501
vn -0.3678 -0.3438 0.8640
vn -0.0244 -0.1459 0.9890
vn -0.4773 -0.1764 0.8609
vn -0.1750 -0.0551 0.9830
vn -0.5714 -0.0018 0.8207
vn -0.2884 0.0920 0.9531
vn -0.6208 0.1304 0.7731
vn -0.3220 0.2040 0.9245
vn -0.8550 0.0894 0.5109
vn -0.8419 -0.0242 0.5390
vn -0.1823 -0.7199 0.6698
vn -0.2142 -0.7621 0.6110
vn -0.3178 -0.7104 0.6280
vn -0.3439 -0.6952 0.6312
vn -0.4682 -0.5532 0.6890
vn -0.4686 -0.5496 0.6916
vn -0.4914 -0.6282 0.6033
vn -0.6534 -0.4875 0.5792
vn -0.7275 -0.2804 0.6262
vn -0.7917 -0.1129 0.6004
vn -0.8490 0.0516 0.5259
vn -0.6333 -0.0244 0.7735
vn -0.6002 -0.0478 0.7984
vn -0.3955 0.2933 0.8704
vn -0.4719 0.2803 0.8359
vn 0.2295 -0.4248 0.8757
vn 0.2611 -0.4207 0.8688
vn 0.3070 -0.3410 0.8885
vn 0.2317 -0.4222 0.8764
vn 0.2220 -0.3940 0.8919
vn 0.2314 -0.2306 0.9451
vn 0.1507 -0.3498 0.9246
vn 0.2190 -0.1577 0.9629
vn 0.0071 -0.3033 0.9529
vn 0.0515 -0.0991 0.9937
vn -0.0344 -0.2753 0.9607
vn 0.0546 -0.0653 0.9964
vn 0.0395 -0.2635 0.9639
vn 0.1267 0.0972 0.9872
vn -0.1674 -0.2038 0.9646
vn -0.0296 0.1880 0.9817
vn -0.3549 -0.1484 0.9231
vn -0.2027 0.1616 0.9658
vn -0.5312 -0.0901 0.8424
vn -0.3785 0.1913 0.9056
vn -0.6457 -0.0380 0.7627
vn -0.4702 0.2440 0.8481
vn -0.7790 -0.2917 0.5551
vn -0.7025 -0.3579 0.6151
vn 0.2269 -0.4276 0.8750
vn 0.2333 -0.4962 0.8363
vn 0.1185 -0.5160 0.8484
vn 0.0886 -0.5197 0.8498
vn -0.1015 -0.4728 0.8753
vn -0.1043 -0.4695 0.8767
vn -0.0658 -0.5683 0.8202
vn -0.2765 -0.5707 0.7732
vn -0.4653 -0.4494 0.7626
vn -0.6151 -0.3737 0.6943
vn -0.7529 -0.3110 0.5801
vn 0.1808 -0.6012 0.7784
vn 0.1582 -0.5701 0.8062
vn -0.2023 -0.7045 0.6803
vn -0.1238 -0.7342 0.6676
vn -0.3047 0.2088 0.9293
vn -0.3279 0.2280 0.9168
vn -0.4118 0.1949 0.8902
vn -0.3082 0.2081 0.9283
vn -0.3218 0.1775 0.9300
vn -0.4348 0.0515 0.8991
vn -0.3037 0.0913 0.9484
vn -0.4703 -0.0136 0.8824
vn -0.2307 -0.0416 0.9721
vn -0.3861 -0.1711 0.9064
vn -0.2170 -0.0906 0.9720
vn -0.4073 -0.1943 0.8924
vn -0.2802 -0.0526 0.9585
vn -0.5422 -0.2622 0.7983
vn -0.1550 -0.2277 0.9613
vn -0.4689 -0.4256 0.7739
vn -0.0253 -0.3759 0.9263
vn -0.3180 -0.5129 0.7974
vn 0.1100 -0.5079 0.8544
vn -0.1764 -0.6298 0.7565
vn 0.2015 -0.5964 0.7770
vn -0.1113 -0.7104 0.6950
vn 0.5170 -0.4420 0.7330
vn 0.4695 -0.3625 0.8051
vn -0.3011 0.2095 0.9303
vn -0.2550 0.2736 0.9274
vn -0.1630 0.2111 0.9638
vn -0.1385 0.1941 0.9711
vn -0.0296 0.0321 0.9990
vn -0.0298 0.0275 0.9992
vn 0.0148 0.1387 0.9902
vn 0.1942 0.0190 0.9808
vn 0.2783 -0.1859 0.9423
vn 0.3796 -0.3169 0.8692
vn 0.4972 -0.4183 0.7602
vn 0.3186 0.4548 0.8317
vn 0.2855 0.4310 0.8560
vn 0.5100 0.0944 0.8550
vn 0.5279 0.1737 0.8313
vn -0.4041 -0.1681 0.8992
vn -0.4148 -0.1969 0.8884
vn -0.3615 -0.2742 0.8911
vn -0.4027 -0.1712 0.8992
vn -0.3719 -0.1768 0.9113
vn -0.2248 -0.2613 0.9387
vn -0.2988 -0.1363 0.9445
vn -0.1526 -0.2834 0.9468
vn -0.1927 -0.0315 0.9808
vn -0.0250 -0.1625 0.9864
vn -0.1487 -0.0071 0.9889
vn 0.0045 -0.1798 0.9837
vn -0.1698 -0.0788 0.9823
vn 0.1183 -0.3105 0.9432
vn -0.0270 0.0816 0.9963
vn 0.2668 -0.2073 0.9412
vn 0.1002 0.2332 0.9672
vn 0.3165 -0.0387 0.9478
vn 0.2217 0.3797 0.8982
vn 0.4138 0.1160 0.9030
vn 0.3108 0.4733 0.8243
vn 0.4957 0.1853 0.8485
vn 0.1225 0.7310 0.6713
vn 0.0353 0.6805 0.7319
vn -0.4057 -0.1646 0.8991
vn -0.4735 -0.1356 0.8703
vn -0.4406 -0.0266 0.8973
vn -0.4309 0.0019 0.9024
vn -0.3046 0.1486 0.9408
vn -0.3003 0.1495 0.9420
vn -0.4106 0.1650 0.8968
vn -0.3260 0.3621 0.8733
vn -0.1364 0.4826 0.8652
vn -0.0096 0.5962 0.8028
vn 0.0963 0.7115 0.6961
vn -0.7138 0.0008 0.7003
vn -0.6926 -0.0366 0.7204
vn -0.4112 0.1997 0.8894
vn -0.4824 0.2187 0.8482
vn -0.0235 -0.6591 0.7517
vn 0.0085 -0.6636 0.7480
vn 0.0721 -0.6087 0.7901
vn -0.0206 -0.6574 0.7533
vn -0.0239 -0.6319 0.7747
vn 0.0242 -0.4957 0.8681
vn -0.0834 -0.5764 0.8129
vn 0.0310 -0.4286 0.9029
vn -0.2102 -0.4953 0.8429
vn -0.1157 -0.3295 0.9371
vn -0.2429 -0.4581 0.8551
vn -0.1035 -0.2996 0.9484
vn -0.1697 -0.4709 0.8657
vn 0.0125 -0.1698 0.9854
vn -0.3491 -0.3519 0.8685
vn -0.1091 -0.0364 0.9934
vn -0.5056 -0.2333 0.8306
vn -0.2788 -0.0035 0.9603
vn -0.6452 -0.1067 0.7566
vn -0.4288 0.0918 0.8987
vn -0.7280 -0.0054 0.6856
vn -0.4929 0.1818 0.8509
vn -0.8983 -0.1523 0.4122
vn -0.8529 -0.2507 0.4580
vn -0.0265 -0.6608 0.7501
vn -0.0347 -0.7176 0.6956
vn -0.1508 -0.7029 0.6951
vn -0.1806 -0.6973 0.6936
vn -0.3511 -0.6008 0.7182
vn -0.3530 -0.5973 0.7202
vn -0.3367 -0.6880 0.6428
vn -0.5309 -0.6146 0.5835
vn -0.6741 -0.4414 0.5923
vn -0.7852 -0.3097 0.5362
vn -0.8824 -0.1838 0.4331
vn -0.6893 -0.1541 0.7079
vn -0.6541 -0.1620 0.7388
vn -0.5834 0.2342 0.7777
vn -0.6460 0.1922 0.7387
vn 0.2346 -0.2224 0.9463
vn 0.2638 -0.2086 0.9418
vn 0.2780 -0.1164 0.9535
vn 0.2355 -0.2192 0.9468
vn 0.2154 -0.1946 0.9570
vn 0.1637 -0.0330 0.9860
vn 0.1298 -0.1740 0.9761
vn 0.1260 0.0328 0.9915
vn -0.0235 -0.1765 0.9840
vn -0.0541 0.0337 0.9980
vn -0.0726 -0.1636 0.9838
vn -0.0626 0.0666 0.9958
vn -0.0077 -0.1270 0.9919
vn -0.0468 0.2420 0.9691
vn -0.2208 -0.1418 0.9650
vn -0.2218 0.2729 0.9361
vn -0.4087 -0.1585 0.8988
vn -0.3731 0.1874 0.9087
vn -0.5817 -0.1731 0.7947
vn -0.5391 0.1486 0.8291
vn -0.6950 -0.1722 0.6981
vn -0.6343 0.1602 0.7563
vn -0.7090 -0.4772 0.5192
vn -0.6240 -0.5065 0.5950
vn 0.2332 -0.2260 0.9458
vn 0.2668 -0.2922 0.9184
vn 0.1642 -0.3485 0.9228
vn 0.1372 -0.3620 0.9220
vn -0.0594 -0.3803 0.9230
vn -0.0633 -0.3780 0.9236
vn 0.0125 -0.4633 0.8861
vn -0.1774 -0.5425 0.8211
vn -0.3921 -0.4948 0.7755
vn -0.5477 -0.4827 0.6834
vn -0.6816 -0.4837 0.5491
vn 0.2597 -0.4145 0.8722
vn 0.2246 -0.3901 0.8930
vn -0.0518 -0.6523 0.7562
vn 0.0330 -0.6547 0.7552
vn -0.4790 0.1927 0.8564
vn -0.5053 0.2014 0.8391
vn -0.5693 0.1389 0.8103
vn -0.4819 0.1908 0.8552
vn -0.4849 0.1577 0.8603
vn -0.5453 -0.0018 0.8382
vn -0.4423 0.0854 0.8928
vn -0.5551 -0.0766 0.8283
vn -0.3340 -0.0112 0.9425
vn -0.4283 -0.1923 0.8830
vn -0.3051 -0.0522 0.9509
vn -0.4387 -0.2227 0.8706
vn -0.3748 -0.0398 0.9262
vn -0.5300 -0.3424 0.7758
vn -0.2010 -0.1603 0.9664
vn -0.4048 -0.4726 0.7828
vn -0.0266 -0.2582 0.9657
vn -0.2383 -0.5001 0.8325
vn 0.1527 -0.3432 0.9267
vn -0.0622 -0.5654 0.8225
vn 0.2778 -0.4031 0.8720
vn 0.0333 -0.6252 0.7798
vn 0.5286 -0.1562 0.8344
vn 0.4483 -0.0902 0.8893
vn -0.4760 0.1947 0.8576
vn -0.4533 0.2699 0.8495
vn -0.3517 0.2469 0.9029
vn -0.3244 0.2403 0.9149
vn -0.1734 0.1292 0.9763
vn -0.1721 0.1248 0.9771
vn -0.1654 0.2429 0.9558
vn 0.0427 0.1912 0.9806
vn 0.1934 0.0245 0.9808
vn 0.3408 -0.0714 0.9374
vn 0.4986 -0.1378 0.8558
vn -0.4451 -0.4132 0.7945
vn -0.4183 -0.3857 0.8223
vn -0.6554 -0.0654 0.7524
vn -0.6646 -0.1472 0.7325
vn 0.2197 0.2586 0.9407
vn 0.2308 0.2872 0.9297
vn 0.1741 0.3609 0.9162
vn 0.2182 0.2617 0.9402
vn 0.1855 0.2661 0.9459
vn 0.0317 0.3426 0.9390
vn 0.1096 0.2234 0.9685
vn -0.0417 0.3604 0.9318
vn 0.0040 0.1148 0.9934
vn -0.1682 0.2347 0.9574
vn -0.0394 0.0882 0.9953
vn -0.1975 0.2498 0.9479
vn -0.0211 0.1606 0.9868
vn -0.3083 0.3695 0.8766
vn -0.1558 -0.0074 0.9878
vn -0.4483 0.2570 0.8561
vn -0.2674 -0.1687 0.9487
vn -0.4898 0.0864 0.8676
vn -0.3662 -0.3273 0.8710
vn -0.5690 -0.0771 0.8187
vn -0.4351 -0.4317 0.7902
vn -0.6356 -0.1554 0.7562
vn -0.2087 -0.6870 0.6961
vn -0.1371 -0.6267 0.7671
vn 0.2215 0.2553 0.9412
vn 0.2949 0.2288 0.9277
vn 0.2630 0.1201 0.9573
vn 0.2540 0.0914 0.9629
vn 0.1304 -0.0600 0.9896
vn 0.1260 -0.0611 0.9901
vn 0.2434 -0.0726 0.9672
vn 0.1748 -0.2760 0.9451
vn -0.0036 -0.4088 0.9126
vn -0.1105 -0.5347 0.8378
vn -0.1886 -0.6640 0.7235
vn 0.5693 0.0964 0.8164
vn 0.5429 0.1337 0.8291
vn 0.2471 -0.1076 0.9630
vn 0.3257 -0.1248 0.9372
vn -0.1509 0.7119 0.6859
vn -0.1819 0.7140 0.6761
vn -0.2494 0.6583 0.7103
vn -0.1540 0.7101 0.6870
vn -0.1535 0.6865 0.7108
vn -0.2113 0.5546 0.8049
vn -0.0995 0.6379 0.7637
vn -0.2210 0.4899 0.8433
vn 0.0235 0.5676 0.8230
vn -0.0785 0.4032 0.9117
vn 0.0551 0.5336 0.8439
vn -0.0911 0.3735 0.9232
vn -0.0193 0.5424 0.8399
vn -0.2052 0.2394 0.9490
vn 0.1622 0.4358 0.8853
vn -0.0806 0.1152 0.9901
vn 0.3289 0.3252 0.8866
vn 0.0937 0.0911 0.9914
vn 0.4860 0.2030 0.8501
vn 0.2573 0.0016 0.9663
vn 0.5857 0.1024 0.8041
vn 0.3336 -0.0873 0.9387
vn 0.7964 0.2399 0.5551
vn 0.7383 0.3382 0.5835
vn -0.1478 0.7136 0.6848
vn -0.1324 0.7667 0.6282
vn -0.0177 0.7596 0.6501
vn 0.0122 0.7560 0.6545
vn 0.1796 0.6728 0.7177
vn 0.1814 0.6695 0.7203
vn 0.1752 0.7532 0.6340
vn 0.3805 0.6884 0.6174
vn 0.5281 0.5261 0.6666
vn 0.6544 0.3982 0.6428
vn 0.7753 0.2718 0.5701
vn 0.5360 0.2495 0.8065
vn 0.4954 0.2573 0.8297
vn 0.4388 -0.1389 0.8878
vn 0.5054 -0.0958 0.8576
vn -0.4184 0.2744 0.8658
vn -0.4455 0.2585 0.8572
vn -0.4570 0.1667 0.8737
vn -0.4193 0.2712 0.8664
vn -0.4001 0.2488 0.8820
vn -0.3466 0.0935 0.9333
vn -0.3187 0.2354 0.9182
vn -0.3074 0.0308 0.9511
vn -0.1700 0.2484 0.9536
vn -0.1319 0.0421 0.9904
vn -0.1211 0.2388 0.9635
vn -0.1215 0.0098 0.9925
vn -0.1844 0.1987 0.9626
vn -0.1231 -0.1677 0.9781
vn 0.0289 0.2253 0.9739
vn 0.0563 -0.1894 0.9803
vn 0.2248 0.2494 0.9419
vn 0.2056 -0.0965 0.9739
vn 0.4133 0.2677 0.8704
vn 0.3813 -0.0528 0.9229
vn 0.5425 0.2671 0.7964
vn 0.4890 -0.0634 0.8700
vn 0.5743 0.5587 0.5984
vn 0.4752 0.5878 0.6547
vn -0.4171 0.2780 0.8653
vn -0.4483 0.3398 0.8268
vn -0.3513 0.4029 0.8451
vn -0.3254 0.4180 0.8482
vn -0.1336 0.4491 0.8834
vn -0.1298 0.4471 0.8850
vn -0.2015 0.5243 0.8273
vn -0.0071 0.6109 0.7917
vn 0.2146 0.5741 0.7902
vn 0.3851 0.5655 0.7293
vn 0.5415 0.5655 0.6221
vn -0.4390 0.4587 0.7726
vn -0.4071 0.4382 0.8014
vn -0.1237 0.7072 0.6961
vn -0.2068 0.7040 0.6794
vn 0.3195 -0.0987 0.9424
vn 0.3489 -0.1068 0.9310
vn 0.4140 -0.0426 0.9093
vn 0.3225 -0.0967 0.9416
vn 0.3227 -0.0631 0.9444
vn 0.3781 0.0980 0.9206
vn 0.2713 0.0084 0.9625
vn 0.3858 0.1723 0.9064
vn 0.1508 0.1011 0.9834
vn 0.2453 0.2831 0.9272
vn 0.1188 0.1406 0.9829
vn 0.2562 0.3132 0.9145
vn 0.1924 0.1311 0.9725
vn 0.3575 0.4314 0.8283
vn 0.0083 0.2425 0.9701
vn 0.2268 0.5534 0.8015
vn -0.1676 0.3286 0.9295
vn 0.0527 0.5734 0.8175
vn -0.3406 0.3987 0.8515
vn -0.1214 0.6263 0.7701
vn -0.4560 0.4461 0.7701
vn -0.2102 0.6764 0.7059
vn -0.6825 0.1813 0.7080
vn -0.6108 0.1249 0.7819
vn 0.3165 -0.1007 0.9432
vn 0.2995 -0.1776 0.9374
vn 0.1887 -0.1575 0.9693
vn 0.1593 -0.1518 0.9755
vn -0.0059 -0.0467 0.9989
vn -0.0076 -0.0423 0.9991
vn -0.0042 -0.1619 0.9868
vn -0.2157 -0.1222 0.9688
vn -0.3719 0.0340 0.9276
vn -0.5133 0.1166 0.8503
vn -0.6562 0.1666 0.7360
vn -0.0612 0.5414 0.8386
vn -0.0720 0.5016 0.8621
vn 0.3156 0.3857 0.8670
vn 0.2793 0.4586 0.8436
vn -0.2212 -0.4001 0.8894
vn -0.2109 -0.4290 0.8783
vn -0.1206 -0.4548 0.8824
vn -0.2181 -0.4020 0.8893
vn -0.1912 -0.3866 0.9022
vn -0.0245 -0.3582 0.9333
vn -0.1614 -0.3093 0.9372
vn 0.0450 -0.3292 0.9432
vn -0.1473 -0.1614 0.9758
vn 0.0653 -0.1553 0.9857
vn -0.1292 -0.1146 0.9850
vn 0.0991 -0.1498 0.9837
vn -0.0995 -0.1833 0.9780
vn 0.2709 -0.1772 0.9462
vn -0.0922 0.0311 0.9953
vn 0.3194 -0.0031 0.9476
vn -0.0905 0.2295 0.9691
vn 0.2499 0.1585 0.9552
vn -0.0891 0.4207 0.9028
vn 0.2269 0.3402 0.9126
vn -0.0789 0.5507 0.8310
vn 0.2468 0.4467 0.8600
vn -0.3853 0.6312 0.6732
vn -0.4213 0.5360 0.7316
vn -0.2247 -0.3982 0.8893
vn -0.2948 -0.4189 0.8588
vn -0.3396 -0.3146 0.8864
vn -0.3504 -0.2866 0.8917
vn -0.3476 -0.0936 0.9330
vn -0.3449 -0.0900 0.9343
vn -0.4387 -0.1479 0.8864
vn -0.4989 0.0581 0.8647
vn -0.4297 0.2720 0.8610
vn -0.4035 0.4413 0.8016
vn -0.3935 0.5990 0.6974
vn -0.5635 -0.4650 0.6828
vn -0.5236 -0.4806 0.7035
vn -0.4611 -0.1215 0.8790
vn -0.5273 -0.1518 0.8360
vn 0.3879 -0.5333 0.7517
vn 0.4155 -0.5163 0.7489
vn 0.4286 -0.4340 0.7924
vn 0.3890 -0.5301 0.7535
vn 0.3699 -0.5129 0.7747
vn 0.3181 -0.3788 0.8691
vn 0.2879 -0.5087 0.8114
vn 0.2798 -0.3234 0.9039
vn 0.1379 -0.5276 0.8382
vn 0.1030 -0.3410 0.9344
vn 0.0888 -0.5201 0.8495
vn 0.0931 -0.3104 0.9460
vn 0.1531 -0.4834 0.8619
vn 0.0988 -0.1370 0.9856
vn -0.0610 -0.5063 0.8602
vn -0.0801 -0.1120 0.9905
vn -0.2564 -0.5142 0.8184
vn -0.2310 -0.1945 0.9533
vn -0.4431 -0.5047 0.7409
vn -0.4061 -0.2159 0.8880
vn -0.5702 -0.4785 0.6678
vn -0.5119 -0.1868 0.8385
vn -0.6022 -0.6963 0.3906
vn -0.5052 -0.7439 0.4375
vn 0.3868 -0.5366 0.7500
vn 0.4177 -0.5846 0.6955
vn 0.3190 -0.6474 0.6922
vn 0.2925 -0.6621 0.6899
vn 0.0993 -0.6969 0.7102
vn 0.0955 -0.6955 0.7121
vn 0.1674 -0.7539 0.6353
vn -0.0277 -0.8203 0.5712
vn -0.2486 -0.7785 0.5763
vn -0.4171 -0.7472 0.5174
vn -0.5703 -0.7107 0.4119
vn -0.4459 -0.5687 0.6912
vn -0.4145 -0.5528 0.7230
vn -0.6136 -0.2033 0.7630
vn -0.6342 -0.2749 0.7226
vn 0.3041 -0.0352 0.9520
vn 0.3179 -0.0060 0.9481
vn 0.2697 0.0741 0.9601
vn 0.3028 -0.0320 0.9525
vn 0.2713 -0.0262 0.9621
vn 0.1278 0.0648 0.9897
vn 0.1920 -0.0653 0.9792
vn 0.0568 0.0913 0.9942
vn 0.0755 -0.1652 0.9834
vn -0.0825 -0.0230 0.9963
vn 0.0295 -0.1866 0.9820
vn -0.1100 -0.0031 0.9939
vn 0.0559 -0.1170 0.9916
vn -0.2093 0.1425 0.9674
vn -0.0982 -0.2640 0.9595
vn -0.3630 0.0551 0.9301
vn -0.2308 -0.3958 0.8888
vn -0.4244 -0.1069 0.8991
vn -0.3527 -0.5159 0.7807
vn -0.5258 -0.2415 0.8156
vn -0.4386 -0.5861 0.6813
vn -0.6052 -0.2923 0.7405
vn -0.2512 -0.8273 0.5025
vn -0.1686 -0.7966 0.5805
vn 0.3053 -0.0390 0.9514
vn 0.3740 -0.0681 0.9249
vn 0.3309 -0.1770 0.9269
vn 0.3187 -0.2045 0.9255
vn 0.1790 -0.3441 0.9217
vn 0.1746 -0.3448 0.9223
vn 0.2881 -0.3615 0.8868
vn 0.1938 -0.5428 0.8172
vn -0.0011 -0.6424 0.7664
vn -0.1268 -0.7310 0.6705
vn -0.2266 -0.8152 0.5330
vn 0.4475 -0.1660 0.8787
vn 0.4045 -0.1699 0.8986
vn 0.3617 -0.5462 0.7555
vn 0.4285 -0.4940 0.7566
vn -0.5083 -0.1695 0.8443
vn -0.5337 -0.1794 0.8264
vn -0.5426 -0.2679 0.7962
vn -0.5093 -0.1724 0.8431
vn -0.4905 -0.2004 0.8481
vn -0.4348 -0.3614 0.8248
vn -0.4123 -0.2294 0.8817
vn -0.3945 -0.4251 0.8147
vn -0.2682 -0.2353 0.9342
vn -0.2241 -0.4341 0.8726
vn -0.2200 -0.2486 0.9433
vn -0.2124 -0.4639 0.8600
vn -0.2811 -0.2832 0.9169
vn -0.2045 -0.6129 0.7632
vn -0.0712 -0.2657 0.9614
vn -0.0252 -0.6335 0.7733
vn 0.1256 -0.2298 0.9651
vn 0.1196 -0.5491 0.8271
vn 0.3186 -0.1802 0.9306
vn 0.2970 -0.4868 0.8215
vn 0.4541 -0.1458 0.8790
vn 0.4094 -0.4713 0.7811
vn 0.4903 0.2049 0.8472
vn 0.3854 0.2038 0.9000
vn -0.5072 -0.1664 0.8456
vn -0.5376 -0.0937 0.8380
vn -0.4459 -0.0474 0.8939
vn -0.4208 -0.0352 0.9065
vn -0.2349 -0.0253 0.9717
vn -0.2311 -0.0279 0.9725
vn -0.3009 0.0676 0.9513
vn -0.1082 0.1603 0.9811
vn 0.1142 0.1280 0.9852
vn 0.2896 0.1489 0.9455
vn 0.4551 0.1996 0.8678
vn -0.5654 -0.1282 0.8148
vn -0.5277 -0.1170 0.8413
vn -0.5779 0.2776 0.7675
vn -0.6269 0.2107 0.7500
vn 0.3486 0.1293 0.9283
vn 0.3720 0.1485 0.9163
vn 0.3587 0.2404 0.9020
vn 0.3488 0.1327 0.9278
vn 0.3227 0.1528 0.9341
vn 0.2266 0.2952 0.9282
vn 0.2365 0.1535 0.9594
vn 0.1714 0.3469 0.9221
vn 0.0919 0.1117 0.9895
vn 0.0002 0.3004 0.9538
vn 0.0411 0.1100 0.9931
vn -0.0181 0.3279 0.9445
vn 0.0924 0.1638 0.9822
vn -0.0575 0.4857 0.8722
vn -0.1075 0.0843 0.9906
vn -0.2354 0.4569 0.8578
vn -0.2854 -0.0012 0.9584
vn -0.3553 0.3292 0.8749
vn -0.4521 -0.0914 0.8873
vn -0.5064 0.2256 0.8323
vn -0.5660 -0.1491 0.8108
vn -0.6050 0.1896 0.7733
vn -0.4983 -0.4842 0.7192
vn -0.4040 -0.4663 0.7870
vn 0.3485 0.1256 0.9289
vn 0.3988 0.0661 0.9147
vn 0.3184 -0.0124 0.9479
vn 0.2966 -0.0327 0.9544
vn 0.1153 -0.1028 0.9880
vn 0.1109 -0.1015 0.9886
vn 0.2066 -0.1699 0.9636
vn 0.0458 -0.3131 0.9486
vn -0.1758 -0.3408 0.9235
vn -0.3332 -0.3984 0.8545
vn -0.4686 -0.4738 0.7455
vn 0.5684 -0.1862 0.8014
vn 0.5643 -0.1404 0.8136
vn 0.1924 -0.2022 0.9603
vn 0.2514 -0.2564 0.9333
vn 0.2421 0.7030 0.6687
vn 0.2160 0.7200 0.6595
vn 0.1309 0.7053 0.6967
vn 0.2387 0.7027 0.6702
vn 0.2282 0.6825 0.6944
vn 0.1158 0.5977 0.7933
vn 0.2528 0.6143 0.7475
vn 0.0767 0.5468 0.8338
vn 0.3269 0.4933 0.8061
vn 0.1599 0.4020 0.9016
vn 0.3382 0.4484 0.8274
vn 0.1347 0.3825 0.9141
vn 0.2778 0.4927 0.8247
vn -0.0299 0.3227 0.9460
vn 0.3843 0.3110 0.8692
vn 0.0184 0.1537 0.9879
vn 0.4746 0.1324 0.8702
vn 0.1581 0.0467 0.9863
vn 0.5497 -0.0519 0.8337
vn 0.2552 -0.1123 0.9603
vn 0.5852 -0.1892 0.7885
vn 0.2768 -0.2277 0.9336
vn 0.8283 -0.1773 0.5315
vn 0.8273 -0.0626 0.5583
vn 0.2455 0.7032 0.6672
vn 0.2834 0.7407 0.6091
vn 0.3804 0.6781 0.6289
vn 0.4046 0.6603 0.6327
vn 0.5111 0.5060 0.6948
vn 0.5111 0.5024 0.6974
vn 0.5443 0.5770 0.6090
vn 0.6902 0.4190 0.5900
vn 0.7400 0.2055 0.6405
vn 0.7858 0.0317 0.6177
vn 0.8262 -0.1390 0.5460
vn 0.6147 -0.0367 0.7879
vn 0.5840 -0.0096 0.8117
vn 0.3411 -0.3250 0.8820
vn 0.4192 -0.3211 0.8492
vn -0.2005 0.4576 0.8662
vn -0.2322 0.4570 0.8586
vn -0.2870 0.3829 0.8781
vn -0.2029 0.4552 0.8670
vn -0.1968 0.4263 0.8829
vn -0.2254 0.2655 0.9374
vn -0.1315 0.3749 0.9177
vn -0.2216 0.1921 0.9560
vn 0.0053 0.3132 0.9497
vn -0.0622 0.1157 0.9913
vn 0.0433 0.2808 0.9588
vn -0.0691 0.0824 0.9942
vn -0.0315 0.2772 0.9603
vn -0.1586 -0.0713 0.9848
vn 0.1674 0.1951 0.9664
vn -0.0133 -0.1788 0.9838
vn 0.3485 0.1189 0.9297
vn 0.1621 -0.1719 0.9717
vn 0.5191 0.0405 0.8538
vn 0.3348 -0.2215 0.9159
vn 0.6288 -0.0248 0.7772
vn 0.4214 -0.2847 0.8610
vn 0.7940 0.2102 0.5704
vn 0.7241 0.2852 0.6280
vn -0.1976 0.4602 0.8655
vn -0.1954 0.5287 0.8260
vn -0.0795 0.5357 0.8407
vn -0.0494 0.5360 0.8428
vn 0.1337 0.4687 0.8732
vn 0.1361 0.4651 0.8747
vn 0.1101 0.5669 0.8164
vn 0.3207 0.5456 0.7743
vn 0.4951 0.4040 0.7692
vn 0.6371 0.3114 0.7051
vn 0.7696 0.2326 0.5946
vn -0.1304 0.6264 0.7685
vn -0.1120 0.5933 0.7972
vn 0.2639 0.6855 0.6785
vn 0.1895 0.7237 0.6636
vn 0.2590 -0.2305 0.9380
vn 0.2802 -0.2523 0.9262
vn 0.3678 -0.2288 0.9013
vn 0.2626 -0.2301 0.9371
vn 0.2794 -0.2012 0.9389
vn 0.4063 -0.0888 0.9094
vn 0.2706 -0.1134 0.9560
vn 0.4492 -0.0283 0.8930
vn 0.2123 0.0270 0.9768
vn 0.3825 0.1378 0.9136
vn 0.2040 0.0773 0.9759
vn 0.4064 0.1584 0.8998
vn 0.2630 0.0324 0.9643
vn 0.5500 0.2099 0.8083
vn 0.1579 0.2202 0.9626
vn 0.4959 0.3800 0.7808
vn 0.0462 0.3814 0.9233
vn 0.3550 0.4838 0.8000
vn -0.0720 0.5267 0.8470
vn 0.2282 0.6151 0.7547
vn -0.1515 0.6239 0.7667
vn 0.1737 0.7017 0.6910
vn -0.4811 0.5047 0.7168
vn -0.4442 0.4214 0.7907
vn 0.2553 -0.2310 0.9389
vn 0.2024 -0.2894 0.9355
vn 0.1171 -0.2167 0.9692
vn 0.0946 -0.1971 0.9758
vn 0.0037 -0.0237 0.9997
vn 0.0044 -0.0191 0.9998
vn -0.0521 -0.1248 0.9908
vn -0.2168 0.0138 0.9761
vn -0.2769 0.2262 0.9339
vn -0.3614 0.3669 0.8572
vn -0.4646 0.4793 0.7446
vn 0.5017 -0.0092 0.8650
vn 0.4612 0.0017 0.8873
vn 0.3316 -0.3808 0.8632
vn 0.4068 -0.3460 0.8455
vn -0.4349 0.1835 0.8816
vn -0.4636 0.1748 0.8686
vn -0.4925 0.0854 0.8661
vn -0.4366 0.1802 0.8814
vn -0.4231 0.1521 0.8932
vn -0.4021 -0.0171 0.9154
vn -0.3486 0.1174 0.9299
vn -0.3762 -0.0880 0.9224
vn -0.2034 0.0954 0.9744
vn -0.2054 -0.1175 0.9716
vn -0.1578 0.0750 0.9846
vn -0.2009 -0.1513 0.9679
vn -0.2270 0.0485 0.9727
vn -0.2325 -0.3194 0.9187
vn -0.0141 0.0320 0.9994
vn -0.0605 -0.3744 0.9253
vn 0.1851 0.0243 0.9824
vn 0.1028 -0.3117 0.9446
vn 0.3791 0.0196 0.9251
vn 0.2871 -0.2932 0.9119
vn 0.5121 0.0085 0.8589
vn 0.3953 -0.3140 0.8632
vn 0.6110 0.3204 0.7239
vn 0.5142 0.3566 0.7800
vn -0.4332 0.1872 0.8817
vn -0.4497 0.2594 0.8547
vn -0.3451 0.2984 0.8899
vn -0.3170 0.3078 0.8971
vn -0.1265 0.2952 0.9470
vn -0.1232 0.2923 0.9484
vn -0.1753 0.3909 0.9036
vn 0.0336 0.4444 0.8952
vn 0.2448 0.3674 0.8973
vn 0.4157 0.3383 0.8442
vn 0.5780 0.3284 0.7470
vn -0.4774 0.5396 0.6935
vn -0.4954 0.4992 0.7109
vn -0.1477 0.4127 0.8988
vn -0.1735 0.4825 0.8586
vn -0.5827 -0.4110 0.7011
vn -0.5665 -0.4390 0.6974
vn -0.4870 -0.4579 0.7437
vn -0.5797 -0.4126 0.7027
vn -0.5628 -0.3951 0.7261
vn -0.4316 -0.3542 0.8296
vn -0.5575 -0.3157 0.7678
vn -0.3766 -0.3201 0.8693
vn -0.5724 -0.1669 0.8028
vn -0.3895 -0.1449 0.9095
vn -0.5636 -0.1189 0.8174
vn -0.3592 -0.1369 0.9232
vn -0.5299 -0.1851 0.8276
vn -0.1882 -0.1516 0.9704
vn -0.5450 0.0294 0.8379
vn -0.1572 0.0257 0.9872
vn -0.5441 0.2271 0.8077
vn -0.2324 0.1816 0.9555
vn -0.5242 0.4177 0.7421
vn -0.2444 0.3609 0.9000
vn -0.4900 0.5477 0.6782
vn -0.2092 0.4683 0.8584
vn -0.6927 0.6043 0.3937
vn -0.7458 0.5067 0.4325
vn -0.5857 -0.4093 0.6996
vn -0.6323 -0.4352 0.6409
vn -0.6912 -0.3344 0.6406
vn -0.7049 -0.3073 0.6393
vn -0.7338 -0.1143 0.6697
vn -0.7323 -0.1108 0.6719
vn -0.7893 -0.1757 0.5883
vn -0.8456 0.0253 0.5332
vn -0.7963 0.2437 0.5536
vn -0.7563 0.4142 0.5065
vn -0.7093 0.5718 0.4123
vn -0.5855 0.4257 0.6899
vn -0.5723 0.3918 0.7204
vn -0.2182 0.5747 0.7887
vn -0.2871 0.6005 0.7463
vn -0.0923 -0.3583 0.9290
vn -0.0634 -0.3728 0.9257
vn 0.0175 -0.3286 0.9443
vn -0.0892 -0.3571 0.9298
vn -0.0826 -0.3265 0.9416
vn 0.0119 -0.1885 0.9820
vn -0.1197 -0.2469 0.9616
vn 0.0407 -0.1188 0.9921
vn -0.2154 -0.1270 0.9682
vn -0.0685 0.0243 0.9974
vn -0.2350 -0.0803 0.9687
vn -0.0475 0.0511 0.9976
vn -0.1671 -0.1098 0.9798
vn 0.1025 0.1462 0.9839
vn -0.3067 0.0514 0.9504
vn 0.0225 0.3051 0.9520
vn -0.4302 0.1929 0.8819
vn -0.1355 0.3743 0.9173
vn -0.5405 0.3255 0.7758
vn -0.2622 0.4856 0.8339
vn -0.6027 0.4197 0.6787
vn -0.3064 0.5711 0.7615
vn -0.8414 0.2525 0.4779
vn -0.8176 0.1642 0.5519
vn -0.0960 -0.3594 0.9282
vn -0.1262 -0.4249 0.8964
vn -0.2335 -0.3780 0.8959
vn -0.2605 -0.3648 0.8939
vn -0.3946 -0.2198 0.8922
vn -0.3952 -0.2154 0.8930
vn -0.4142 -0.3259 0.8498
vn -0.5884 -0.2208 0.7778
vn -0.6785 -0.0196 0.7344
vn -0.7578 0.1149 0.6423
vn -0.8316 0.2257 0.5073
vn -0.2244 -0.4920 0.8412
vn -0.2277 -0.4502 0.8634
vn -0.5947 -0.3847 0.7059
vn -0.5450 -0.4532 0.7054
vn -0.1924 0.4637 0.8648
vn -0.2005 0.4905 0.8481
vn -0.2870 0.5045 0.8143
vn -0.1957 0.4646 0.8636
vn -0.2239 0.4470 0.8661
vn -0.3856 0.3990 0.8319
vn -0.2573 0.3680 0.8935
vn -0.4501 0.3617 0.8165
vn -0.2709 0.2214 0.9368
vn -0.4679 0.1886 0.8634
vn -0.2864 0.1732 0.9423
vn -0.4975 0.1788 0.8488
vn -0.3174 0.2371 0.9182
vn -0.6417 0.1824 0.7450
vn -0.3094 0.0245 0.9506
vn -0.6690 0.0038 0.7432
vn -0.2808 -0.1734 0.9440
vn -0.5926 -0.1470 0.7920
vn -0.2365 -0.3659 0.9001
vn -0.5365 -0.3261 0.7783
vn -0.2044 -0.4992 0.8420
vn -0.5230 -0.4365 0.7321
vn 0.1459 -0.5469 0.8244
vn 0.1458 -0.4455 0.8833
vn -0.1891 0.4628 0.8661
vn -0.1153 0.4905 0.8638
vn -0.0750 0.3937 0.9162
vn -0.0644 0.3675 0.9278
vn -0.0643 0.1779 0.9820
vn -0.0670 0.1742 0.9824
vn 0.0319 0.2414 0.9699
vn 0.1161 0.0439 0.9923
vn 0.0758 -0.1770 0.9813
vn 0.0924 -0.3504 0.9320
vn 0.1409 -0.5128 0.8468
vn -0.2350 0.5621 0.7930
vn -0.2170 0.5282 0.8209
vn 0.1614 0.6488 0.7437
vn 0.0866 0.6836 0.7247
vn 0.1893 -0.2823 0.9405
vn 0.2126 -0.3021 0.9293
vn 0.3004 -0.2723 0.9141
vn 0.1927 -0.2819 0.9399
vn 0.2075 -0.2522 0.9452
vn 0.3293 -0.1313 0.9351
vn 0.1919 -0.1664 0.9672
vn 0.3697 -0.0677 0.9267
vn 0.1235 -0.0312 0.9919
vn 0.2918 0.0929 0.9519
vn 0.1123 0.0185 0.9935
vn 0.3154 0.1156 0.9419
vn 0.1748 -0.0222 0.9844
vn 0.4632 0.1812 0.8675
vn 0.0592 0.1594 0.9854
vn 0.4016 0.3498 0.8464
vn -0.0582 0.3167 0.9468
vn 0.2536 0.4442 0.8593
vn -0.1778 0.4606 0.8696
vn 0.1235 0.5713 0.8114
vn -0.2557 0.5586 0.7891
vn 0.0699 0.6590 0.7489
vn -0.5718 0.4256 0.7014
vn -0.5367 0.3390 0.7727
vn 0.1855 -0.2829 0.9410
vn 0.1366 -0.3440 0.9290
vn 0.0445 -0.2785 0.9594
vn 0.0203 -0.2607 0.9652
vn -0.0827 -0.0946 0.9921
vn -0.0824 -0.0900 0.9925
vn -0.1314 -0.1977 0.9714
vn -0.3022 -0.0675 0.9508
vn -0.3710 0.1439 0.9174
vn -0.4570 0.2850 0.8426
vn -0.5561 0.3995 0.7288
vn -0.0789 -0.5621 0.8233
vn -0.0348 -0.5489 0.8351
vn -0.1658 -0.1900 0.9677
vn -0.2079 -0.2591 0.9432
vn 0.7335 -0.0799 0.6750
vn 0.7454 -0.0514 0.6647
vn 0.7150 0.0307 0.6985
vn 0.7328 -0.0765 0.6761
vn 0.7108 -0.0690 0.7000
vn 0.6061 0.0290 0.7949
vn 0.6482 -0.1040 0.7543
vn 0.5485 0.0594 0.8340
vn 0.5431 -0.1972 0.8162
vn 0.4217 -0.0469 0.9055
vn 0.5010 -0.2160 0.8380
vn 0.3979 -0.0253 0.9171
vn 0.5332 -0.1485 0.8328
vn 0.3081 0.1262 0.9429
vn 0.3747 -0.2854 0.8821
vn 0.1510 0.0487 0.9873
vn 0.2163 -0.4075 0.8872
vn 0.0721 -0.1086 0.9915
vn 0.0494 -0.5173 0.8544
vn -0.0657 -0.2348 0.9698
vn -0.0787 -0.5797 0.8110
vn -0.1749 -0.2786 0.9443
vn -0.0204 -0.8258 0.5635
vn 0.0919 -0.8023 0.5899
vn 0.7341 -0.0832 0.6739
vn 0.7785 -0.1156 0.6169
vn 0.7353 -0.2218 0.6405
vn 0.7223 -0.2488 0.6453
vn 0.5906 -0.3799 0.7119
vn 0.5870 -0.3804 0.7146
vn 0.6668 -0.4025 0.6272
vn 0.5391 -0.5761 0.6144
vn 0.3387 -0.6630 0.6676
vn 0.1766 -0.7416 0.6472
vn 0.0168 -0.8160 0.5778
vn 0.0766 -0.5800 0.8110
vn 0.0974 -0.5438 0.8335
vn -0.2584 -0.3621 0.8956
vn -0.2395 -0.4393 0.8658
vn 0.4087 0.3158 0.8563
vn 0.4021 0.3466 0.8475
vn 0.3190 0.3873 0.8650
vn 0.4057 0.3179 0.8569
vn 0.3787 0.3071 0.8731
vn 0.2152 0.3070 0.9271
vn 0.3403 0.2347 0.9105
vn 0.1436 0.2902 0.9461
vn 0.3053 0.0901 0.9480
vn 0.0984 0.1209 0.9878
vn 0.2806 0.0470 0.9587
vn 0.0645 0.1214 0.9905
vn 0.2630 0.1198 0.9573
vn -0.1033 0.1800 0.9782
vn 0.2197 -0.0906 0.9714
vn -0.1816 0.0171 0.9832
vn 0.1790 -0.2840 0.9420
vn -0.1417 -0.1541 0.9778
vn 0.1344 -0.4691 0.8729
vn -0.1578 -0.3350 0.9289
vn 0.0911 -0.5920 0.8008
vn -0.2034 -0.4341 0.8776
vn 0.3537 -0.7179 0.5997
vn 0.4140 -0.6329 0.6542
vn 0.4118 0.3131 0.8558
vn 0.4795 0.3226 0.8161
vn 0.5082 0.2108 0.8350
vn 0.5142 0.1815 0.8382
vn 0.4824 -0.0097 0.8759
vn 0.4794 -0.0127 0.8775
vn 0.5746 0.0298 0.8179
vn 0.5934 -0.1825 0.7840
vn 0.4871 -0.3805 0.7861
vn 0.4231 -0.5397 0.7278
vn 0.3710 -0.6888 0.6228
vn 0.5881 0.2751 0.7606
vn 0.5589 0.2519 0.7901
vn 0.7206 -0.1043 0.6855
vn 0.7440 -0.0245 0.6677
vn -0.1810 -0.2616 0.9481
vn -0.1984 -0.2869 0.9372
vn -0.1589 -0.3694 0.9156
vn -0.1801 -0.2651 0.9473
vn -0.1484 -0.2761 0.9496
vn -0.0141 -0.3805 0.9247
vn -0.0638 -0.2502 0.9661
vn 0.0536 -0.4119 0.9096
vn 0.0630 -0.1658 0.9841
vn 0.2041 -0.3145 0.9271
vn 0.1108 -0.1483 0.9827
vn 0.2288 -0.3346 0.9142
vn 0.0778 -0.2150 0.9735
vn 0.3066 -0.4694 0.8281
vn 0.2426 -0.0766 0.9671
vn 0.4637 -0.3853 0.7978
vn 0.3801 0.0617 0.9229
vn 0.5391 -0.2268 0.8111
vn 0.5009 0.2021 0.8416
vn 0.6444 -0.0795 0.7606
vn 0.5816 0.2954 0.7580
vn 0.7194 -0.0121 0.6945
vn 0.4029 0.5945 0.6959
vn 0.3276 0.5455 0.7715
vn -0.1819 -0.2581 0.9488
vn -0.2494 -0.2173 0.9437
vn -0.1942 -0.1185 0.9738
vn -0.1792 -0.0925 0.9795
vn -0.0261 0.0303 0.9992
vn -0.0214 0.0304 0.9993
vn -0.1359 0.0657 0.9885
vn -0.0305 0.2529 0.9670
vn 0.1670 0.3501 0.9217
vn 0.2894 0.4565 0.8413
vn 0.3809 0.5746 0.7244
vn 0.0518 0.5009 0.8639
vn 0.0460 0.4597 0.8869
vn 0.4330 0.3582 0.8272
vn 0.3913 0.4307 0.8132
vn -0.0701 -0.4474 0.8916
vn -0.0607 -0.4754 0.8777
vn 0.0299 -0.4977 0.8668
vn -0.0670 -0.4488 0.8911
vn -0.0388 -0.4332 0.9005
vn 0.1297 -0.3998 0.9074
vn -0.0064 -0.3563 0.9344
vn 0.1990 -0.3687 0.9080
vn 0.0090 -0.2099 0.9777
vn 0.2204 -0.1963 0.9555
vn 0.0269 -0.1630 0.9863
vn 0.2532 -0.1894 0.9487
vn 0.0572 -0.2301 0.9715
vn 0.4180 -0.2087 0.8842
vn 0.0606 -0.0165 0.9980
vn 0.4608 -0.0331 0.8869
vn 0.0523 0.1828 0.9818
vn 0.3885 0.1252 0.9129
vn 0.0377 0.3767 0.9256
vn 0.3538 0.3076 0.8833
vn 0.0329 0.5100 0.8595
vn 0.3621 0.4170 0.8337
vn -0.2964 0.5860 0.7542
vn -0.3202 0.4868 0.8127
vn -0.0735 -0.4461 0.8920
vn -0.1468 -0.4677 0.8716
vn -0.1900 -0.3662 0.9109
vn -0.2007 -0.3387 0.9192
vn -0.1974 -0.1478 0.9691
vn -0.1947 -0.1444 0.9702
vn -0.2930 -0.2035 0.9342
vn -0.3620 0.0010 0.9322
vn -0.3006 0.2174 0.9286
vn -0.2889 0.3899 0.8743
vn -0.2998 0.5525 0.7777
vn -0.4379 -0.5155 0.7366
vn -0.3948 -0.5305 0.7501
vn -0.3170 -0.1776 0.9316
vn -0.3881 -0.2083 0.8978
vn 0.5144 -0.5514 0.6567
vn 0.5407 -0.5333 0.6505
vn 0.5578 -0.4527 0.6956
vn 0.5156 -0.5483 0.6584
vn 0.4995 -0.5327 0.6832
vn 0.4589 -0.4050 0.7908
vn 0.4241 -0.5331 0.7321
vn 0.4247 -0.3526 0.8339
vn 0.2806 -0.5587 0.7804
vn 0.2553 -0.3780 0.8899
vn 0.2337 -0.5535 0.7994
vn 0.2464 -0.3483 0.9044
vn 0.2979 -0.5152 0.8037
vn 0.2529 -0.1768 0.9512
vn 0.0869 -0.5459 0.8334
vn 0.0761 -0.1588 0.9844
vn -0.1123 -0.5592 0.8214
vn -0.0761 -0.2451 0.9665
vn -0.3089 -0.5533 0.7736
vn -0.2585 -0.2702 0.9275
vn -0.4464 -0.5286 0.7220
vn -0.3714 -0.2429 0.8961
vn -0.5140 -0.7349 0.4424
vn -0.4095 -0.7809 0.4717
vn 0.5132 -0.5546 0.6550
vn 0.5367 -0.5991 0.5941
vn 0.4407 -0.6651 0.6028
vn 0.4147 -0.6807 0.6039
vn 0.2279 -0.7235 0.6516
vn 0.2244 -0.7224 0.6541
vn 0.2855 -0.7746 0.5644
vn 0.0849 -0.8453 0.5274
vn -0.1337 -0.8120 0.5682
vn -0.3102 -0.7844 0.5372
vn -0.4787 -0.7490 0.4580
vn -0.3173 -0.6150 0.7218
vn -0.2819 -0.5993 0.7492
vn -0.4830 -0.2595 0.8363
vn -0.5074 -0.3302 0.7959
vn 0.4474 -0.0661 0.8919
vn 0.4595 -0.0361 0.8874
vn 0.4115 0.0411 0.9105
vn 0.4463 -0.0635 0.8926
vn 0.4163 -0.0586 0.9074
vn 0.2761 0.0255 0.9608
vn 0.3417 -0.1014 0.9343
vn 0.2057 0.0491 0.9774
vn 0.2303 -0.2056 0.9512
vn 0.0719 -0.0703 0.9949
vn 0.1853 -0.2287 0.9557
vn 0.0438 -0.0512 0.9977
vn 0.2108 -0.1587 0.9646
vn -0.0627 0.0915 0.9938
vn 0.0580 -0.3098 0.9490
vn -0.2177 -0.0000 0.9760
vn -0.0798 -0.4432 0.8928
vn -0.2781 -0.1626 0.9467
vn -0.2131 -0.5629 0.7986
vn -0.3870 -0.2970 0.8729
vn -0.3111 -0.6317 0.7100
vn -0.4754 -0.3472 0.8084
vn -0.1461 -0.8576 0.4932
vn -0.0535 -0.8274 0.5591
vn 0.4485 -0.0692 0.8911
vn 0.5131 -0.0946 0.8531
vn 0.4742 -0.2053 0.8562
vn 0.4628 -0.2332 0.8552
vn 0.3285 -0.3776 0.8658
vn 0.3242 -0.3785 0.8669
vn 0.4314 -0.3893 0.8138
vn 0.3331 -0.5708 0.7505
vn 0.1357 -0.6753 0.7250
vn -0.0004 -0.7642 0.6450
vn -0.1175 -0.8460 0.5201
vn 0.5817 -0.1881 0.7913
vn 0.5424 -0.1947 0.8172
vn 0.4895 -0.5656 0.6637
vn 0.5541 -0.5106 0.6574
vn -0.3675 -0.2254 0.9023
vn -0.3951 -0.2355 0.8880
vn -0.4059 -0.3230 0.8550
vn -0.3686 -0.2289 0.9010
vn -0.3484 -0.2559 0.9017
vn -0.2921 -0.4136 0.8623
vn -0.2651 -0.2836 0.9216
vn -0.2519 -0.4753 0.8430
vn -0.1146 -0.2865 0.9512
vn -0.0745 -0.4806 0.8738
vn -0.0651 -0.2983 0.9522
vn -0.0640 -0.5093 0.8582
vn -0.1285 -0.3339 0.9338
vn -0.0665 -0.6534 0.7541
vn 0.0851 -0.3104 0.9468
vn 0.1128 -0.6676 0.7359
vn 0.2789 -0.2675 0.9223
vn 0.2614 -0.5804 0.7712
vn 0.4628 -0.2094 0.8614
vn 0.4339 -0.5116 0.7416
vn 0.5877 -0.1674 0.7916
vn 0.5384 -0.4899 0.6857
vn 0.6079 0.1854 0.7721
vn 0.5126 0.1776 0.8401
vn -0.3664 -0.2219 0.9036
vn -0.3997 -0.1506 0.9042
vn -0.3019 -0.1036 0.9477
vn -0.2756 -0.0913 0.9569
vn -0.0823 -0.0772 0.9936
vn -0.0783 -0.0796 0.9937
vn -0.1534 0.0141 0.9881
vn 0.0387 0.1125 0.9929
vn 0.2599 0.0884 0.9616
vn 0.4265 0.1177 0.8968
vn 0.5765 0.1779 0.7975
vn 0.2847 0.5511 0.7844
vn 0.2651 0.5186 0.8129
vn 0.5817 0.2708 0.7670
vn 0.5696 0.3512 0.7431
vn -0.1828 -0.2673 0.9461
vn -0.1854 -0.2983 0.9363
vn -0.1107 -0.3547 0.9284
vn -0.1805 -0.2700 0.9458
vn -0.1481 -0.2652 0.9527
vn 0.0206 -0.2979 0.9544
vn -0.0874 -0.2028 0.9753
vn 0.0964 -0.2957 0.9504
vn -0.0157 -0.0689 0.9975
vn 0.1836 -0.1397 0.9730
vn 0.0190 -0.0316 0.9993
vn 0.2162 -0.1468 0.9652
vn 0.0210 -0.1065 0.9941
vn 0.3578 -0.2354 0.9036
vn 0.1059 0.0912 0.9902
vn 0.4636 -0.0905 0.8814
vn 0.1721 0.2748 0.9460
vn 0.4576 0.0854 0.8851
vn 0.2284 0.4506 0.8630
vn 0.4924 0.2618 0.8300
vn 0.2704 0.5660 0.7788
vn 0.5385 0.3524 0.7654
vn -0.0116 0.7470 0.6647
vn -0.0676 0.6728 0.7367
vn -0.1855 -0.2646 0.9464
vn -0.2626 -0.2594 0.9294
vn -0.2622 -0.1449 0.9541
vn -0.2614 -0.1147 0.9584
vn -0.1838 0.0653 0.9808
vn -0.1799 0.0676 0.9814
vn -0.2950 0.0462 0.9544
vn -0.2821 0.2594 0.9237
vn -0.1443 0.4336 0.8895
vn -0.0717 0.5802 0.8113
vn -0.0260 0.7207 0.6927
vn -0.5574 -0.2102 0.8032
vn -0.5225 -0.2386 0.8186
vn -0.3077 0.0787 0.9482
vn -0.3869 0.0731 0.9192
vn 0.3055 -0.6152 0.7267
vn 0.3363 -0.6094 0.7180
vn 0.3850 -0.5363 0.7511
vn 0.3079 -0.6127 0.7279
vn 0.3002 -0.5890 0.7503
vn 0.3167 -0.4426 0.8389
vn 0.2330 -0.5545 0.7989
vn 0.3072 -0.3761 0.8742
vn 0.0934 -0.5172 0.8507
vn 0.1440 -0.3279 0.9337
vn 0.0530 -0.4921 0.8689
vn 0.1477 -0.2954 0.9439
vn 0.1271 -0.4808 0.8676
vn 0.2208 -0.1347 0.9660
vn -0.0779 -0.4249 0.9019
vn 0.0660 -0.0467 0.9967
vn -0.2679 -0.3630 0.8924
vn -0.1083 -0.0703 0.9916
vn -0.4502 -0.2891 0.8448
vn -0.2885 -0.0290 0.9570
vn -0.5710 -0.2209 0.7906
vn -0.3846 0.0349 0.9224
vn -0.7268 -0.4205 0.5432
vn -0.6459 -0.4983 0.5784
vn 0.3031 -0.6178 0.7256
vn 0.3048 -0.6755 0.6714
vn 0.1915 -0.6985 0.6895
vn 0.1616 -0.7027 0.6929
vn -0.0245 -0.6648 0.7466
vn -0.0271 -0.6621 0.7490
vn 0.0047 -0.7447 0.6674
vn -0.2095 -0.7381 0.6414
vn -0.3970 -0.6193 0.6775
vn -0.5515 -0.5310 0.6433
vn -0.6986 -0.4448 0.5604
vn -0.4841 -0.3492 0.8023
vn -0.4439 -0.3448 0.8271
vn -0.4974 0.0542 0.8658
vn -0.5488 -0.0064 0.8360
vn 0.4391 -0.1149 0.8911
vn 0.4612 -0.0926 0.8824
vn 0.4471 -0.0004 0.8945
vn 0.4390 -0.1114 0.8916
vn 0.4139 -0.0943 0.9054
vn 0.3189 0.0430 0.9468
vn 0.3304 -0.1017 0.9383
vn 0.2637 0.0935 0.9601
vn 0.1891 -0.1526 0.9700
vn 0.0960 0.0373 0.9947
vn 0.1391 -0.1559 0.9779
vn 0.0773 0.0658 0.9948
vn 0.1894 -0.1004 0.9767
vn 0.0322 0.2364 0.9711
vn -0.0094 -0.1827 0.9831
vn -0.1465 0.2093 0.9668
vn -0.1902 -0.2598 0.9467
vn -0.2652 0.0796 0.9609
vn -0.3639 -0.3310 0.8707
vn -0.4206 -0.0117 0.9072
vn -0.4853 -0.3683 0.7930
vn -0.5249 -0.0326 0.8506
vn -0.4298 -0.6660 0.6097
vn -0.3290 -0.6650 0.6704
vn 0.4388 -0.1188 0.8907
vn 0.4869 -0.1715 0.8565
vn 0.4095 -0.2573 0.8753
vn 0.3885 -0.2787 0.8783
vn 0.2105 -0.3585 0.9095
vn 0.2063 -0.3575 0.9108
vn 0.2984 -0.4151 0.8595
vn 0.1357 -0.5521 0.8227
vn -0.0875 -0.5761 0.8127
vn -0.2514 -0.6161 0.7464
vn -0.3974 -0.6627 0.6348
vn 0.5118 -0.2906 0.8084
vn 0.4745 -0.2782 0.8351
vn 0.2777 -0.6176 0.7358
vn 0.3576 -0.5930 0.7215
vn -0.3741 0.0499 0.9260
vn -0.4042 0.0494 0.9134
vn -0.4488 -0.0309 0.8931
vn -0.3764 0.0471 0.9252
vn -0.3679 0.0149 0.9297
vn -0.3773 -0.1560 0.9129
vn -0.3001 -0.0394 0.9531
vn -0.3643 -0.2303 0.9024
vn -0.1602 -0.0954 0.9825
vn -0.2004 -0.2984 0.9332
vn -0.1189 -0.1250 0.9850
vn -0.2024 -0.3308 0.9217
vn -0.1919 -0.1359 0.9719
vn -0.2647 -0.4754 0.8390
vn 0.0152 -0.1940 0.9809
vn -0.1053 -0.5589 0.8225
vn 0.2092 -0.2314 0.9501
vn 0.0670 -0.5309 0.8448
vn 0.3978 -0.2559 0.8811
vn 0.2508 -0.5371 0.8054
vn 0.5250 -0.2741 0.8057
vn 0.3524 -0.5644 0.7465
vn 0.6753 0.0388 0.7365
vn 0.5880 0.0770 0.8052
vn -0.3718 0.0528 0.9268
vn -0.3757 0.1311 0.9174
vn -0.2650 0.1427 0.9536
vn -0.2354 0.1453 0.9610
vn -0.0493 0.0894 0.9948
vn -0.0466 0.0857 0.9952
vn -0.0811 0.1993 0.9766
vn 0.1338 0.2170 0.9670
vn 0.3276 0.1068 0.9388
vn 0.4890 0.0619 0.8701
vn 0.6448 0.0472 0.7629
vt 0.897525 0.642841
vt 0.955856 0.685588
vt 0.908565 0.706644
vt 0.825758 0.708276
vt 0.041710 0.261768
vt 0.158277 0.300420
vt 0.154958 0.323827
vt 0.038818 0.266164
vt 0.257397 0.336935
vt 0.249337 0.368677
vt 0.359575 0.371351
vt 0.344389 0.402864
vt 0.426984 0.401640
vt 0.388841 0.469509
vt 0.513398 0.435746
vt 0.488706 0.464613
vt 0.584465 0.462449
vt 0.519620 0.557609
vt 0.633412 0.488194
vt 0.620309 0.505325
vt 0.679556 0.511240
vt 0.605591 0.632308
vt 0.743649 0.546754
vt 0.718985 0.583780
vt 0.803101 0.583130
vt 0.743229 0.694772
vt 0.903167 0.565294
vt 0.945356 0.624918
vt 0.043691 0.256949
vt 0.166863 0.287098
vt 0.294151 0.307484
vt 0.375244 0.344542
vt 0.461561 0.340284
vt 0.538371 0.399921
vt 0.631008 0.378995
vt 0.643138 0.464575
vt 0.745409 0.410750
vt 0.757039 0.510379
vt 0.847070 0.494174
s 1
usemtl taraxacum_leaf
f 15/1/1 2/2/2 4/3/3 16/4/4
f 1/5/5 5/6/6 26/7/7 3/8/8
f 5/6/6 6/9/9 25/10/10 26/7/7
f 6/9/9 7/11/11 24/12/12 25/10/10
f 7/11/11 8/13/13 23/14/14 24/12/12
f 8/13/13 9/15/15 22/16/16 23/14/14
f 9/15/15 10/17/17 21/18/18 22/16/16
f 10/17/17 11/19/19 20/20/20 21/18/18
f 11/19/19 12/21/21 19/22/22 20/20/20
f 12/21/21 13/23/23 18/24/24 19/22/22
f 13/23/23 14/25/25 17/26/26 18/24/24
f 14/25/25 15/1/1 16/4/4 17/26/26
f 15/1/1 29/27/27 28/28/28 2/2/2
f 1/5/5 27/29/29 39/30/30 5/6/6
f 5/6/6 39/30/30 38/31/31 6/9/9
f 6/9/9 38/31/31 37/32/32 7/11/11
f 7/11/11 37/32/32 36/33/33 8/13/13
f 8/13/13 36/33/33 35/34/34 9/15/15
f 9/15/15 35/34/34 34/35/35 10/17/17
f 10/17/17 34/35/35 33/36/36 11/19/19
f 11/19/19 33/36/36 32/37/37 12/21/21
f 12/21/21 32/37/37 31/38/38 13/23/23
f 13/23/23 31/38/38 30/39/39 14/25/25
f 14/25/25 30/39/39 29/27/27 15/1/1
f 54/1/40 41/2/41 43/3/42 55/4/43
f 40/5/44 44/6/45 65/7/46 42/8/47
f 44/6/45 45/9/48 64/10/49 65/7/46
f 45/9/48 46/11/50 63/12/51 64/10/49
f 46/11/50 47/13/52 62/14/53 63/12/51
f 47/13/52 48/15/54 61/16/55 62/14/53
f 48/15/54 49/17/56 60/18/57 61/16/55
f 49/17/56 50/19/58 59/20/59 60/18/57
f 50/19/58 51/21/60 58/22/61 59/20/59
f 51/21/60 52/23/62 57/24/63 58/22/61
f 52/23/62 53/25/64 56/26/65 57/24/63
f 53/25/64 54/1/40 55/4/43 56/26/65
f 54/1/40 68/27/66 67/28/67 41/2/41
f 40/5/44 66/29/68 78/30/69 44/6/45
f 44/6/45 78/30/69 77/31/70 45/9/48
f 45/9/48 77/31/70 76/32/71 46/11/50
f 46/11/50 76/32/71 75/33/72 47/13/52
f 47/13/52 75/33/72 74/34/73 48/15/54
f 48/15/54 74/34/73 73/35/74 49/17/56
f 49/17/56 73/35/74 72/36/75 50/19/58
f 50/19/58 72/36/75 71/37/76 51/21/60
f 51/21/60 71/37/76 70/38/77 52/23/62
f 52/23/62 70/38/77 69/39/78 53/25/64
f 53/25/64 69/39/78 68/27/66 54/1/40
f 93/1/79 80/2/80 82/3/81 94/4/82
f 79/5/83 83/6/84 104/7/85 81/8/86
f 83/6/84 84/9/87 103/10/88 104/7/85
f 84/9/87 85/11/89 102/12/90 103/10/88
f 85/11/89 86/13/91 101/14/92 102/12/90
f 86/13/91 87/15/93 100/16/94 101/14/92
f 87/15/93 88/17/95 99/18/96 100/16/94
f 88/17/95 89/19/97 98/20/98 99/18/96
f 89/19/97 90/21/99 97/22/100 98/20/98
f 90/21/99 91/23/101 96/24/102 97/22/100
f 91/23/101 92/25/103 95/26/104 96/24/102
f 92/25/103 93/1/79 94/4/82 95/26/104
f 93/1/79 107/27/105 106/28/106 80/2/80
f 79/5/83 105/29/107 117/30/108 83/6/84
f 83/6/84 117/30/108 116/31/109 84/9/87
f 84/9/87 116/31/109 115/32/110 85/11/89
f 85/11/89 115/32/110 114/33/111 86/13/91
f 86/13/91 114/33/111 113/34/112 87/15/93
f 87/15/93 113/34/112 112/35/113 88/17/95
f 88/17/95 112/35/113 111/36/114 89/19/97
f 89/19/97 111/36/114 110/37/115 90/21/99
f 90/21/99 110/37/115 109/38/116 91/23/101
f 91/23/101 109/38/116 108/39/117 92/25/103
f 92/25/103 108/39/117 107/27/105 93/1/79
f 132/1/118 119/2/119 121/3/120 133/4/121
f 118/5/122 122/6/123 143/7/124 120/8/125
f 122/6/123 123/9/126 142/10/127 143/7/124
f 123/9/126 124/11/128 141/12/129 142/10/127
f 124/11/128 125/13/130 140/14/131 141/12/129
f 125/13/130 126/15/132 139/16/133 140/14/131
f 126/15/132 127/17/134 138/18/135 139/16/133
f 127/17/134 128/19/136 137/20/137 138/18/135
f 128/19/136 129/21/138 136/22/139 137/20/137
f 129/21/138 130/23/140 135/24/141 136/22/139
f 130/23/140 131/25/142 134/26/143 135/24/141
f 131/25/142 132/1/118 133/4/121 134/26/143
f 132/1/118 146/27/144 145/28/145 119/2/119
f 118/5/122 144/29/146 156/30/147 122/6/123
f 122/6/123 156/30/147 155/31/148 123/9/126
f 123/9/126 155/31/148 154/32/149 124/11/128
f 124/11/128 154/32/149 153/33/150 125/13/130
f 125/13/130 153/33/150 152/34/151 126/15/132
f 126/15/132 152/34/151 151/35/152 127/17/134
f 127/17/134 151/35/152 150/36/153 128/19/136
f 128/19/136 150/36/153 149/37/154 129/21/138
f 129/21/138 149/37/154 148/38/155 130/23/140
f 130/23/140 148/38/155 147/39/156 131/25/142
f 131/25/142 147/39/156 146/27/144 132/1/118
f 171/1/157 158/2/158 160/3/159 172/4/160
f 157/5/161 161/6/162 182/7/163 159/8/164
f 161/6/162 162/9/165 181/10/166 182/7/163
f 162/9/165 163/11/167 180/12/168 181/10/166
f 163/11/167 164/13/169 179/14/170 180/12/168
f 164/13/169 165/15/171 178/16/172 179/14/170
f 165/15/171 166/17/173 177/18/174 178/16/172
f 166/17/173 167/19/175 176/20/176 177/18/174
f 167/19/175 168/21/177 175/22/178 176/20/176
f 168/21/177 169/23/179 174/24/180 175/22/178
f 169/23/179 170/25/181 173/26/182 174/24/180
f 170/25/181 171/1/157 172/4/160 173/26/182
f 171/1/157 185/27/183 184/28/184 158/2/158
f 157/5/161 183/29/185 195/30/186 161/6/162
f 161/6/162 195/30/186 194/31/187 162/9/165
f 162/9/165 194/31/187 193/32/188 163/11/167
f 163/11/167 193/32/188 192/33/189 164/13/169
f 164/13/169 192/33/189 191/34/190 165/15/171
f 165/15/171 191/34/190 190/35/191 166/17/173
f 166/17/173 190/35/191 189/36/192 167/19/175
f 167/19/175 189/36/192 188/37/193 168/21/177
f 168/21/177 188/37/193 187/38/194 169/23/179
f 169/23/179 187/38/194 186/39/195 170/25/181
f 170/25/181 186/39/195 185/27/183 171/1/157
f 210/1/196 197/2/197 199/3/198 211/4/199
f 196/5/200 200/6/201 221/7/202 198/8/203
f 200/6/201 201/9/204 220/10/205 221/7/202
f 201/9/204 202/11/206 219/12/207 220/10/205
f 202/11/206 203/13/208 218/14/209 219/12/207
f 203/13/208 204/15/210 217/16/211 218/14/209
f 204/15/210 205/17/212 216/18/213 217/16/211
f 205/17/212 206/19/214 215/20/215 216/18/213
f 206/19/214 207/21/216 214/22/217 215/20/215
f 207/21/216 208/23/218 213/24/219 214/22/217
f 208/23/218 209/25/220 212/26/221 213/24/219
f 209/25/220 210/1/196 211/4/199 212/26/221
f 210/1/196 224/27/222 223/28/223 197/2/197
f 196/5/200 222/29/224 234/30/225 200/6/201
f 200/6/201 234/30/225 233/31/226 201/9/204
f 201/9/204 233/31/226 232/32/227 202/11/206
f 202/11/206 232/32/227 231/33/228 203/13/208
f 203/13/208 231/33/228 230/34/229 204/15/210
f 204/15/210 230/34/229 229/35/230 205/17/212
f 205/17/212 229/35/230 228/36/231 206/19/214
f 206/19/214 228/36/231 227/37/232 207/21/216
f 207/21/216 227/37/232 226/38/233 208/23/218
f 208/23/218 226/38/233 225/39/234 209/25/220
f 209/25/220 225/39/234 224/27/222 210/1/196
f 249/1/235 236/2/236 238/3/237 250/4/238
f 235/5/239 239/6/240 260/7/241 237/8/242
f 239/6/240 240/9/243 259/10/244 260/7/241
f 240/9/243 241/11/245 258/12/246 259/10/244
f 241/11/245 242/13/247 257/14/248 258/12/246
f 242/13/247 243/15/249 256/16/250 257/14/248
f 243/15/249 244/17/251 255/18/252 256/16/250
f 244/17/251 245/19/253 254/20/254 255/18/252
f 245/19/253 246/21/255 253/22/256 254/20/254
f 246/21/255 247/23/257 252/24/258 253/22/256
f 247/23/257 248/25/259 251/26/260 252/24/258
f 248/25/259 249/1/235 250/4/238 251/26/260
f 249/1/235 263/27/261 262/28/262 236/2/236
f 235/5/239 261/29/263 273/30/264 239/6/240
f 239/6/240 273/30/264 272/31/265 240/9/243
f 240/9/243 272/31/265 271/32/266 241/11/245
f 241/11/245 271/32/266 270/33/267 242/13/247
f 242/13/247 270/33/267 269/34/268 243/15/249
f 243/15/249 269/34/268 268/35/269 244/17/251
f 244/17/251 268/35/269 267/36/270 245/19/253
f 245/19/253 267/36/270 266/37/271 246/21/255
f 246/21/255 266/37/271 265/38/272 247/23/257
f 247/23/257 265/38/272 264/39/273 248/25/259
f 248/25/259 264/39/273 263/27/261 249/1/235
f 288/1/274 275/2/275 277/3/276 289/4/277
f 274/5/278 278/6/279 299/7/280 276/8/281
f 278/6/279 279/9/282 298/10/283 299/7/280
f 279/9/282 280/11/284 297/12/285 298/10/283
f 280/11/284 281/13/286 296/14/287 297/12/285
f 281/13/286 282/15/288 295/16/289 296/14/287
f 282/15/288 283/17/290 294/18/291 295/16/289
f 283/17/290 284/19/292 293/20/293 294/18/291
f 284/19/292 285/21/294 292/22/295 293/20/293
f 285/21/294 286/23/296 291/24/297 292/22/295
f 286/23/296 287/25/298 290/26/299 291/24/297
f 287/25/298 288/1/274 289/4/277 290/26/299
f 288/1/274 302/27/300 301/28/301 275/2/275
f 274/5/278 300/29/302 312/30/303 278/6/279
f 278/6/279 312/30/303 311/31/304 279/9/282
f 279/9/282 311/31/304 310/32/305 280/11/284
f 280/11/284 310/32/305 309/33/306 281/13/286
f 281/13/286 309/33/306 308/34/307 282/15/288
f 282/15/288 308/34/307 307/35/308 283/17/290
f 283/17/290 307/35/308 306/36/309 284/19/292
f 284/19/292 306/36/309 305/37/310 285/21/294
f 285/21/294 305/37/310 304/38/311 286/23/296
f 286/23/296 304/38/311 303/39/312 287/25/298
f 287/25/298 303/39/312 302/27/300 288/1/274
f 327/1/313 314/2/314 316/3/315 328/4/316
f 313/5/317 317/6/318 338/7/319 315/8/320
f 317/6/318 318/9/321 337/10/322 338/7/319
f 318/9/321 319/11/323 336/12/324 337/10/322
f 319/11/323 320/13/325 335/14/326 336/12/324
f 320/13/325 321/15/327 334/16/328 335/14/326
f 321/15/327 322/17/329 333/18/330 334/16/328
f 322/17/329 323/19/331 332/20/332 333/18/330
f 323/19/331 324/21/333 331/22/334 332/20/332
f 324/21/333 325/23/335 330/24/336 331/22/334
f 325/23/335 326/25/337 329/26/338 330/24/336
f 326/25/337 327/1/313 328/4/316 329/26/338
f 327/1/313 341/27/339 340/28/340 314/2/314
f 313/5/317 339/29/341 351/30/342 317/6/318
f 317/6/318 351/30/342 350/31/343 318/9/321
f 318/9/321 350/31/343 349/32/344 319/11/323
f 319/11/323 349/32/344 348/33/345 320/13/325
f 320/13/325 348/33/345 347/34/346 321/15/327
f 321/15/327 347/34/346 346/35/347 322/17/329
f 322/17/329 346/35/347 345/36/348 323/19/331
f 323/19/331 345/36/348 344/37/349 324/21/333
f 324/21/333 344/37/349 343/38/350 325/23/335
f 325/23/335 343/38/350 342/39/351 326/25/337
f 326/25/337 342/39/351 341/27/339 327/1/313
f 366/1/352 353/2/353 355/3/354 367/4/355
f 352/5/356 356/6/357 377/7/358 354/8/359
f 356/6/357 357/9/360 376/10/361 377/7/358
f 357/9/360 358/11/362 375/12/363 376/10/361
f 358/11/362 359/13/364 374/14/365 375/12/363
f 359/13/364 360/15/366 373/16/367 374/14/365
f 360/15/366 361/17/368 372/18/369 373/16/367
f 361/17/368 362/19/370 371/20/371 372/18/369
f 362/19/370 363/21/372 370/22/373 371/20/371
f 363/21/372 364/23/374 369/24/375 370/22/373
f 364/23/374 365/25/376 368/26/377 369/24/375
f 365/25/376 366/1/352 367/4/355 368/26/377
f 366/1/352 380/27/378 379/28/379 353/2/353
f 352/5/356 378/29/380 390/30/381 356/6/357
f 356/6/357 390/30/381 389/31/382 357/9/360
f 357/9/360 389/31/382 388/32/383 358/11/362
f 358/11/362 388/32/383 387/33/384 359/13/364
f 359/13/364 387/33/384 386/34/385 360/15/366
f 360/15/366 386/34/385 385/35/386 361/17/368
f 361/17/368 385/35/386 384/36/387 362/19/370
f 362/19/370 384/36/387 383/37/388 363/21/372
f 363/21/372 383/37/388 382/38/389 364/23/374
f 364/23/374 382/38/389 381/39/390 365/25/376
f 365/25/376 381/39/390 380/27/378 366/1/352
f 405/1/391 392/2/392 394/3/393 406/4/394
f 391/5/395 395/6/396 416/7/397 393/8/398
f 395/6/396 396/9/399 415/10/400 416/7/397
f 396/9/399 397/11/401 414/12/402 415/10/400
f 397/11/401 398/13/403 413/14/404 414/12/402
f 398/13/403 399/15/405 412/16/406 413/14/404
f 399/15/405 400/17/407 411/18/408 412/16/406
f 400/17/407 401/19/409 410/20/410 411/18/408
f 401/19/409 402/21/411 409/22/412 410/20/410
f 402/21/411 403/23/413 408/24/414 409/22/412
f 403/23/413 404/25/415 407/26/416 408/24/414
f 404/25/415 405/1/391 406/4/394 407/26/416
f 405/1/391 419/27/417 418/28/418 392/2/392
f 391/5/395 417/29/419 429/30/420 395/6/396
f 395/6/396 429/30/420 428/31/421 396/9/399
f 396/9/399 428/31/421 427/32/422 397/11/401
f 397/11/401 427/32/422 426/33/423 398/13/403
f 398/13/403 426/33/423 425/34/424 399/15/405
f 399/15/405 425/34/424 424/35/425 400/17/407
f 400/17/407 424/35/425 423/36/426 401/19/409
f 401/19/409 423/36/426 422/37/427 402/21/411
f 402/21/411 422/37/427 421/38/428 403/23/413
f 403/23/413 421/38/428 420/39/429 404/25/415
f 404/25/415 420/39/429 419/27/417 405/1/391
f 444/1/430 431/2/431 433/3/432 445/4/433
f 430/5/434 434/6/435 455/7/436 432/8/437
f 434/6/435 435/9/438 454/10/439 455/7/436
f 435/9/438 436/11/440 453/12/441 454/10/439
f 436/11/440 437/13/442 452/14/443 453/12/441
f 437/13/442 438/15/444 451/16/445 452/14/443
f 438/15/444 439/17/446 450/18/447 451/16/445
f 439/17/446 440/19/448 449/20/449 450/18/447
f 440/19/448 441/21/450 448/22/451 449/20/449
f 441/21/450 442/23/452 447/24/453 448/22/451
f 442/23/452 443/25/454 446/26/455 447/24/453
f 443/25/454 444/1/430 445/4/433 446/26/455
f 444/1/430 458/27/456 457/28/457 431/2/431
f 430/5/434 456/29/458 468/30/459 434/6/435
f 434/6/435 468/30/459 467/31/460 435/9/438
f 435/9/438 467/31/460 466/32/461 436/11/440
f 436/11/440 466/32/461 465/33/462 437/13/442
f 437/13/442 465/33/462 464/34/463 438/15/444
f 438/15/444 464/34/463 463/35/464 439/17/446
f 439/17/446 463/35/464 462/36/465 440/19/448
f 440/19/448 462/36/465 461/37/466 441/21/450
f 441/21/450 461/37/466 460/38/467 442/23/452
f 442/23/452 460/38/467 459/39/468 443/25/454
f 443/25/454 459/39/468 458/27/456 444/1/430
f 483/1/469 470/2/470 472/3/471 484/4/472
f 469/5/473 473/6/474 494/7/475 471/8/476
f 473/6/474 474/9/477 493/10/478 494/7/475
f 474/9/477 475/11/479 492/12/480 493/10/478
f 475/11/479 476/13/481 491/14/482 492/12/480
f 476/13/481 477/15/483 490/16/484 491/14/482
f 477/15/483 478/17/485 489/18/486 490/16/484
f 478/17/485 479/19/487 488/20/488 489/18/486
f 479/19/487 480/21/489 487/22/490 488/20/488
f 480/21/489 481/23/491 486/24/492 487/22/490
f 481/23/491 482/25/493 485/26/494 486/24/492
f 482/25/493 483/1/469 484/4/472 485/26/494
f 483/1/469 497/27/495 496/28/496 470/2/470
f 469/5/473 495/29/497 507/30/498 473/6/474
f 473/6/474 507/30/498 506/31/499 474/9/477
f 474/9/477 506/31/499 505/32/500 475/11/479
f 475/11/479 505/32/500 504/33/501 476/13/481
f 476/13/481 504/33/501 503/34/502 477/15/483
f 477/15/483 503/34/502 502/35/503 478/17/485
f 478/17/485 502/35/503 501/36/504 479/19/487
f 479/19/487 501/36/504 500/37/505 480/21/489
f 480/21/489 500/37/505 499/38/506 481/23/491
f 481/23/491 499/38/506 498/39/507 482/25/493
f 482/25/493 498/39/507 497/27/495 483/1/469
f 522/1/508 509/2/509 511/3/510 523/4/511
f 508/5/512 512/6/513 533/7/514 510/8/515
f 512/6/513 513/9/516 532/10/517 533/7/514
f 513/9/516 514/11/518 531/12/519 532/10/517
f 514/11/518 515/13/520 530/14/521 531/12/519
f 515/13/520 516/15/522 529/16/523 530/14/521
f 516/15/522 517/17/524 528/18/525 529/16/523
f 517/17/524 518/19/526 527/20/527 528/18/525
f 518/19/526 519/21/528 526/22/529 527/20/527
f 519/21/528 520/23/530 525/24/531 526/22/529
f 520/23/530 521/25/532 524/26/533 525/24/531
f 521/25/532 522/1/508 523/4/511 524/26/533
f 522/1/508 536/27/534 535/28/535 509/2/509
f 508/5/512 534/29/536 546/30/537 512/6/513
f 512/6/513 546/30/537 545/31/538 513/9/516
f 513/9/516 545/31/538 544/32/539 514/11/518
f 514/11/518 544/32/539 543/33/540 515/13/520
f 515/13/520 543/33/540 542/34/541 516/15/522
f 516/15/522 542/34/541 541/35/542 517/17/524
f 517/17/524 541/35/542 540/36/543 518/19/526
f 518/19/526 540/36/543 539/37/544 519/21/528
f 519/21/528 539/37/544 538/38/545 520/23/530
f 520/23/530 538/38/545 537/39/546 521/25/532
f 521/25/532 537/39/546 536/27/534 522/1/508
f 561/1/547 548/2/548 550/3/549 562/4/550
f 547/5/551 551/6/552 572/7/553 549/8/554
f 551/6/552 552/9/555 571/10/556 572/7/553
f 552/9/555 553/11/557 570/12/558 571/10/556
f 553/11/557 554/13/559 569/14/560 570/12/558
f 554/13/559 555/15/561 568/16/562 569/14/560
f 555/15/561 556/17/563 567/18/564 568/16/562
f 556/17/563 557/19/565 566/20/566 567/18/564
f 557/19/565 558/21/567 565/22/568 566/20/566
f 558/21/567 559/23/569 564/24/570 565/22/568
f 559/23/569 560/25/571 563/26/572 564/24/570
f 560/25/571 561/1/547 562/4/550 563/26/572
f 561/1/547 575/27/573 574/28/574 548/2/548
f 547/5/551 573/29/575 585/30/576 551/6/552
f 551/6/552 585/30/576 584/31/577 552/9/555
f 552/9/555 584/31/577 583/32/578 553/11/557
f 553/11/557 583/32/578 582/33/579 554/13/559
f 554/13/559 582/33/579 581/34/580 555/15/561
f 555/15/561 581/34/580 580/35/581 556/17/563
f 556/17/563 580/35/581 579/36/582 557/19/565
f 557/19/565 579/36/582 578/37/583 558/21/567
f 558/21/567 578/37/583 577/38/584 559/23/569
f 559/23/569 577/38/584 576/39/585 560/25/571
f 560/25/571 576/39/585 575/27/573 561/1/547
f 600/1/586 587/2/587 589/3/588 601/4/589
f 586/5/590 590/6/591 611/7/592 588/8/593
f 590/6/591 591/9/594 610/10/595 611/7/592
f 591/9/594 592/11/596 609/12/597 610/10/595
f 592/11/596 593/13/598 608/14/599 609/12/597
f 593/13/598 594/15/600 607/16/601 608/14/599
f 594/15/600 595/17/602 606/18/603 607/16/601
f 595/17/602 596/19/604 605/20/605 606/18/603
f 596/19/604 597/21/606 604/22/607 605/20/605
f 597/21/606 598/23/608 603/24/609 604/22/607
f 598/23/608 599/25/610 602/26/611 603/24/609
f 599/25/610 600/1/586 601/4/589 602/26/611
f 600/1/586 614/27/612 613/28/613 587/2/587
f 586/5/590 612/29/614 624/30/615 590/6/591
f 590/6/591 624/30/615 623/31/616 591/9/594
f 591/9/594 623/31/616 622/32/617 592/11/596
f 592/11/596 622/32/617 621/33/618 593/13/598
f 593/13/598 621/33/618 620/34/619 594/15/600
f 594/15/600 620/34/619 619/35/620 595/17/602
f 595/17/602 619/35/620 618/36/621 596/19/604
f 596/19/604 618/36/621 617/37/622 597/21/606
f 597/21/606 617/37/622 616/38/623 598/23/608
f 598/23/608 616/38/623 615/39/624 599/25/610
f 599/25/610 615/39/624 614/27/612 600/1/586
f 639/1/625 626/2/626 628/3/627 640/4/628
f 625/5/629 629/6/630 650/7/631 627/8/632
f 629/6/630 630/9/633 649/10/634 650/7/631
f 630/9/633 631/11/635 648/12/636 649/10/634
f 631/11/635 632/13/637 647/14/638 648/12/636
f 632/13/637 633/15/639 646/16/640 647/14/638
f 633/15/639 634/17/641 645/18/642 646/16/640
f 634/17/641 635/19/643 644/20/644 645/18/642
f 635/19/643 636/21/645 643/22/646 644/20/644
f 636/21/645 637/23/647 642/24/648 643/22/646
f 637/23/647 638/25/649 641/26/650 642/24/648
f 638/25/649 639/1/625 640/4/628 641/26/650
f 639/1/625 653/27/651 652/28/652 626/2/626
f 625/5/629 651/29/653 663/30/654 629/6/630
f 629/6/630 663/30/654 662/31/655 630/9/633
f 630/9/633 662/31/655 661/32/656 631/11/635
f 631/11/635 661/32/656 660/33/657 632/13/637
f 632/13/637 660/33/657 659/34/658 633/15/639
f 633/15/639 659/34/658 658/35/659 634/17/641
f 634/17/641 658/35/659 657/36/660 635/19/643
f 635/19/643 657/36/660 656/37/661 636/21/645
f 636/21/645 656/37/661 655/38/662 637/23/647
f 637/23/647 655/38/662 654/39/663 638/25/649
f 638/25/649 654/39/663 653/27/651 639/1/625
f 678/1/664 665/2/665 667/3/666 679/4/667
f 664/5/668 668/6/669 689/7/670 666/8/671
f 668/6/669 669/9/672 688/10/673 689/7/670
f 669/9/672 670/11/674 687/12/675 688/10/673
f 670/11/674 671/13/676 686/14/677 687/12/675
f 671/13/676 672/15/678 685/16/679 686/14/677
f 672/15/678 673/17/680 684/18/681 685/16/679
f 673/17/680 674/19/682 683/20/683 684/18/681
f 674/19/682 675/21/684 682/22/685 683/20/683
f 675/21/684 676/23/686 681/24/687 682/22/685
f 676/23/686 677/25/688 680/26/689 681/24/687
f 677/25/688 678/1/664 679/4/667 680/26/689
f 678/1/664 692/27/690 691/28/691 665/2/665
f 664/5/668 690/29/692 702/30/693 668/6/669
f 668/6/669 702/30/693 701/31/694 669/9/672
f 669/9/672 701/31/694 700/32/695 670/11/674
f 670/11/674 700/32/695 699/33/696 671/13/676
f 671/13/676 699/33/696 698/34/697 672/15/678
f 672/15/678 698/34/697 697/35/698 673/17/680
f 673/17/680 697/35/698 696/36/699 674/19/682
f 674/19/682 696/36/699 695/37/700 675/21/684
f 675/21/684 695/37/700 694/38/701 676/23/686
f 676/23/686 694/38/701 693/39/702 677/25/688
f 677/25/688 693/39/702 692/27/690 678/1/664
f 717/1/703 704/2/704 706/3/705 718/4/706
f 703/5/707 707/6/708 728/7/709 705/8/710
f 707/6/708 708/9/711 727/10/712 728/7/709
f 708/9/711 709/11/713 726/12/714 727/10/712
f 709/11/713 710/13/715 725/14/716 726/12/714
f 710/13/715 711/15/717 724/16/718 725/14/716
f 711/15/717 712/17/719 723/18/720 724/16/718
f 712/17/719 713/19/721 722/20/722 723/18/720
f 713/19/721 714/21/723 721/22/724 722/20/722
f 714/21/723 715/23/725 720/24/726 721/22/724
f 715/23/725 716/25/727 719/26/728 720/24/726
f 716/25/727 717/1/703 718/4/706 719/26/728
f 717/1/703 731/27/729 730/28/730 704/2/704
f 703/5/707 729/29/731 741/30/732 707/6/708
f 707/6/708 741/30/732 740/31/733 708/9/711
f 708/9/711 740/31/733 739/32/734 709/11/713
f 709/11/713 739/32/734 738/33/735 710/13/715
f 710/13/715 738/33/735 737/34/736 711/15/717
f 711/15/717 737/34/736 736/35/737 712/17/719
f 712/17/719 736/35/737 735/36/738 713/19/721
f 713/19/721 735/36/738 734/37/739 714/21/723
f 714/21/723 734/37/739 733/38/740 715/23/725
f 715/23/725 733/38/740 732/39/741 716/25/727
f 716/25/727 732/39/741 731/27/729 717/1/703
f 756/1/742 743/2/743 745/3/744 757/4/745
f 742/5/746 746/6/747 767/7/748 744/8/749
f 746/6/747 747/9/750 766/10/751 767/7/748
f 747/9/750 748/11/752 765/12/753 766/10/751
f 748/11/752 749/13/754 764/14/755 765/12/753
f 749/13/754 750/15/756 763/16/757 764/14/755
f 750/15/756 751/17/758 762/18/759 763/16/757
f 751/17/758 752/19/760 761/20/761 762/18/759
f 752/19/760 753/21/762 760/22/763 761/20/761
f 753/21/762 754/23/764 759/24/765 760/22/763
f 754/23/764 755/25/766 758/26/767 759/24/765
f 755/25/766 756/1/742 757/4/745 758/26/767
f 756/1/742 770/27/768 769/28/769 743/2/743
f 742/5/746 768/29/770 780/30/771 746/6/747
f 746/6/747 780/30/771 779/31/772 747/9/750
f 747/9/750 779/31/772 778/32/773 748/11/752
f 748/11/752 778/32/773 777/33/774 749/13/754
f 749/13/754 777/33/774 776/34/775 750/15/756
f 750/15/756 776/34/775 775/35/776 751/17/758
f 751/17/758 775/35/776 774/36/777 752/19/760
f 752/19/760 774/36/777 773/37/778 753/21/762
f 753/21/762 773/37/778 772/38/779 754/23/764
f 754/23/764 772/38/779 771/39/780 755/25/766
f 755/25/766 771/39/780 770/27/768 756/1/742
f 795/1/781 782/2/782 784/3/783 796/4/784
f 781/5/785 785/6/786 806/7/787 783/8/788
f 785/6/786 786/9/789 805/10/790 806/7/787
f 786/9/789 787/11/791 804/12/792 805/10/790
f 787/11/791 788/13/793 803/14/794 804/12/792
f 788/13/793 789/15/795 802/16/796 803/14/794
f 789/15/795 790/17/797 801/18/798 802/16/796
f 790/17/797 791/19/799 800/20/800 801/18/798
f 791/19/799 792/21/801 799/22/802 800/20/800
f 792/21/801 793/23/803 798/24/804 799/22/802
f 793/23/803 794/25/805 797/26/806 798/24/804
f 794/25/805 795/1/781 796/4/784 797/26/806
f 795/1/781 809/27/807 808/28/808 782/2/782
f 781/5/785 807/29/809 819/30/810 785/6/786
f 785/6/786 819/30/810 818/31/811 786/9/789
f 786/9/789 818/31/811 817/32/812 787/11/791
f 787/11/791 817/32/812 816/33/813 788/13/793
f 788/13/793 816/33/813 815/34/814 789/15/795
f 789/15/795 815/34/814 814/35/815 790/17/797
f 790/17/797 814/35/815 813/36/816 791/19/799
f 791/19/799 813/36/816 812/37/817 792/21/801
f 792/21/801 812/37/817 811/38/818 793/23/803
f 793/23/803 811/38/818 810/39/819 794/25/805
f 794/25/805 810/39/819 809/27/807 795/1/781
f 834/1/820 821/2/821 823/3/822 835/4/823
f 820/5/824 824/6/825 845/7/826 822/8/827
f 824/6/825 825/9/828 844/10/829 845/7/826
f 825/9/828 826/11/830 843/12/831 844/10/829
f 826/11/830 827/13/832 842/14/833 843/12/831
f 827/13/832 828/15/834 841/16/835 842/14/833
f 828/15/834 829/17/836 840/18/837 841/16/835
f 829/17/836 830/19/838 839/20/839 840/18/837
f 830/19/838 831/21/840 838/22/841 839/20/839
f 831/21/840 832/23/842 837/24/843 838/22/841
f 832/23/842 833/25/844 836/26/845 837/24/843
f 833/25/844 834/1/820 835/4/823 836/26/845
f 834/1/820 848/27/846 847/28/847 821/2/821
f 820/5/824 846/29/848 858/30/849 824/6/825
f 824/6/825 858/30/849 857/31/850 825/9/828
f 825/9/828 857/31/850 856/32/851 826/11/830
f 826/11/830 856/32/851 855/33/852 827/13/832
f 827/13/832 855/33/852 854/34/853 828/15/834
f 828/15/834 854/34/853 853/35/854 829/17/836
f 829/17/836 853/35/854 852/36/855 830/19/838
f 830/19/838 852/36/855 851/37/856 831/21/840
f 831/21/840 851/37/856 850/38/857 832/23/842
f 832/23/842 850/38/857 849/39/858 833/25/844
f 833/25/844 849/39/858 848/27/846 834/1/820
f 873/1/859 860/2/860 862/3/861 874/4/862
f 859/5/863 863/6/864 884/7/865 861/8/866
f 863/6/864 864/9/867 883/10/868 884/7/865
f 864/9/867 865/11/869 882/12/870 883/10/868
f 865/11/869 866/13/871 881/14/872 882/12/870
f 866/13/871 867/15/873 880/16/874 881/14/872
f 867/15/873 868/17/875 879/18/876 880/16/874
f 868/17/875 869/19/877 878/20/878 879/18/876
f 869/19/877 870/21/879 877/22/880 878/20/878
f 870/21/879 871/23/881 876/24/882 877/22/880
f 871/23/881 872/25/883 875/26/884 876/24/882
f 872/25/883 873/1/859 874/4/862 875/26/884
f 873/1/859 887/27/885 886/28/886 860/2/860
f 859/5/863 885/29/887 897/30/888 863/6/864
f 863/6/864 897/30/888 896/31/889 864/9/867
f 864/9/867 896/31/889 895/32/890 865/11/869
f 865/11/869 895/32/890 894/33/891 866/13/871
f 866/13/871 894/33/891 893/34/892 867/15/873
f 867/15/873 893/34/892 892/35/893 868/17/875
f 868/17/875 892/35/893 891/36/894 869/19/877
f 869/19/877 891/36/894 890/37/895 870/21/879
f 870/21/879 890/37/895 889/38/896 871/23/881
f 871/23/881 889/38/896 888/39/897 872/25/883
f 872/25/883 888/39/897 887/27/885 873/1/859
f 912/1/898 899/2/899 901/3/900 913/4/901
f 898/5/902 902/6/903 923/7/904 900/8/905
f 902/6/903 903/9/906 922/10/907 923/7/904
f 903/9/906 904/11/908 921/12/909 922/10/907
f 904/11/908 905/13/910 920/14/911 921/12/909
f 905/13/910 906/15/912 919/16/913 920/14/911
f 906/15/912 907/17/914 918/18/915 919/16/913
f 907/17/914 908/19/916 917/20/917 918/18/915
f 908/19/916 909/21/918 916/22/919 917/20/917
f 909/21/918 910/23/920 915/24/921 916/22/919
f 910/23/920 911/25/922 914/26/923 915/24/921
f 911/25/922 912/1/898 913/4/901 914/26/923
f 912/1/898 926/27/924 925/28/925 899/2/899
f 898/5/902 924/29/926 936/30/927 902/6/903
f 902/6/903 936/30/927 935/31/928 903/9/906
f 903/9/906 935/31/928 934/32/929 904/11/908
f 904/11/908 934/32/929 933/33/930 905/13/910
f 905/13/910 933/33/930 932/34/931 906/15/912
f 906/15/912 932/34/931 931/35/932 907/17/914
f 907/17/914 931/35/932 930/36/933 908/19/916
f 908/19/916 930/36/933 929/37/934 909/21/918
f 909/21/918 929/37/934 928/38/935 910/23/920
f 910/23/920 928/38/935 927/39/936 911/25/922
f 911/25/922 927/39/936 926/27/924 912/1/898
f 951/1/937 938/2/938 940/3/939 952/4/940
f 937/5/941 941/6/942 962/7/943 939/8/944
f 941/6/942 942/9/945 961/10/946 962/7/943
f 942/9/945 943/11/947 960/12/948 961/10/946
f 943/11/947 944/13/949 959/14/950 960/12/948
f 944/13/949 945/15/951 958/16/952 959/14/950
f 945/15/951 946/17/953 957/18/954 958/16/952
f 946/17/953 947/19/955 956/20/956 957/18/954
f 947/19/955 948/21/957 955/22/958 956/20/956
f 948/21/957 949/23/959 954/24/960 955/22/958
f 949/23/959 950/25/961 953/26/962 954/24/960
f 950/25/961 951/1/937 952/4/940 953/26/962
f 951/1/937 965/27/963 964/28/964 938/2/938
f 937/5/941 963/29/965 975/30/966 941/6/942
f 941/6/942 975/30/966 974/31/967 942/9/945
f 942/9/945 974/31/967 973/32/968 943/11/947
f 943/11/947 973/32/968 972/33/969 944/13/949
f 944/13/949 972/33/969 971/34/970 945/15/951
f 945/15/951 971/34/970 970/35/971 946/17/953
f 946/17/953 970/35/971 969/36/972 947/19/955
f 947/19/955 969/36/972 968/37/973 948/21/957
f 948/21/957 968/37/973 967/38/974 949/23/959
f 949/23/959 967/38/974 966/39/975 950/25/961
f 950/25/961 966/39/975 965/27/963 951/1/937
f 990/1/976 977/2/977 979/3/978 991/4/979
f 976/5/980 980/6/981 1001/7/982 978/8/983
f 980/6/981 981/9/984 1000/10/985 1001/7/982
f 981/9/984 982/11/986 999/12/987 1000/10/985
f 982/11/986 983/13/988 998/14/989 999/12/987
f 983/13/988 984/15/990 997/16/991 998/14/989
f 984/15/990 985/17/992 996/18/993 997/16/991
f 985/17/992 986/19/994 995/20/995 996/18/993
f 986/19/994 987/21/996 994/22/997 995/20/995
f 987/21/996 988/23/998 993/24/999 994/22/997
f 988/23/998 989/25/1000 992/26/1001 993/24/999
f 989/25/1000 990/1/976 991/4/979 992/26/1001
f 990/1/976 1004/27/1002 1003/28/1003 977/2/977
f 976/5/980 1002/29/1004 1014/30/1005 980/6/981
f 980/6/981 1014/30/1005 1013/31/1006 981/9/984
f 981/9/984 1013/31/1006 1012/32/1007 982/11/986
f 982/11/986 1012/32/1007 1011/33/1008 983/13/988
f 983/13/988 1011/33/1008 1010/34/1009 984/15/990
f 984/15/990 1010/34/1009 1009/35/1010 985/17/992
f 985/17/992 1009/35/1010 1008/36/1011 986/19/994
f 986/19/994 1008/36/1011 1007/37/1012 987/21/996
f 987/21/996 1007/37/1012 1006/38/1013 988/23/998
f 988/23/998 1006/38/1013 1005/39/1014 989/25/1000
f 989/25/1000 1005/39/1014 1004/27/1002 990/1/976
f 1029/1/1015 1016/2/1016 1018/3/1017 1030/4/1018
f 1015/5/1019 1019/6/1020 1040/7/1021 1017/8/1022
f 1019/6/1020 1020/9/1023 1039/10/1024 1040/7/1021
f 1020/9/1023 1021/11/1025 1038/12/1026 1039/10/1024
f 1021/11/1025 1022/13/1027 1037/14/1028 1038/12/1026
f 1022/13/1027 1023/15/1029 1036/16/1030 1037/14/1028
f 1023/15/1029 1024/17/1031 1035/18/1032 1036/16/1030
f 1024/17/1031 1025/19/1033 1034/20/1034 1035/18/1032
f 1025/19/1033 1026/21/1035 1033/22/1036 1034/20/1034
f 1026/21/1035 1027/23/1037 1032/24/1038 1033/22/1036
f 1027/23/1037 1028/25/1039 1031/26/1040 1032/24/1038
f 1028/25/1039 1029/1/1015 1030/4/1018 1031/26/1040
f 1029/1/1015 1043/27/1041 1042/28/1042 1016/2/1016
f 1015/5/1019 1041/29/1043 1053/30/1044 1019/6/1020
f 1019/6/1020 1053/30/1044 1052/31/1045 1020/9/1023
f 1020/9/1023 1052/31/1045 1051/32/1046 1021/11/1025
f 1021/11/1025 1051/32/1046 1050/33/1047 1022/13/1027
f 1022/13/1027 1050/33/1047 1049/34/1048 1023/15/1029
f 1023/15/1029 1049/34/1048 1048/35/1049 1024/17/1031
f 1024/17/1031 1048/35/1049 1047/36/1050 1025/19/1033
f 1025/19/1033 1047/36/1050 1046/37/1051 1026/21/1035
f 1026/21/1035 1046/37/1051 1045/38/1052 1027/23/1037
f 1027/23/1037 1045/38/1052 1044/39/1053 1028/25/1039
f 1028/25/1039 1044/39/1053 1043/27/1041 1029/1/1015
f 1068/1/1054 1055/2/1055 1057/3/1056 1069/4/1057
f 1054/5/1058 1058/6/1059 1079/7/1060 1056/8/1061
f 1058/6/1059 1059/9/1062 1078/10/1063 1079/7/1060
f 1059/9/1062 1060/11/1064 1077/12/1065 1078/10/1063
f 1060/11/1064 1061/13/1066 1076/14/1067 1077/12/1065
f 1061/13/1066 1062/15/1068 1075/16/1069 1076/14/1067
f 1062/15/1068 1063/17/1070 1074/18/1071 1075/16/1069
f 1063/17/1070 1064/19/1072 1073/20/1073 1074/18/1071
f 1064/19/1072 1065/21/1074 1072/22/1075 1073/20/1073
f 1065/21/1074 1066/23/1076 1071/24/1077 1072/22/1075
f 1066/23/1076 1067/25/1078 1070/26/1079 1071/24/1077
f 1067/25/1078 1068/1/1054 1069/4/1057 1070/26/1079
f 1068/1/1054 1082/27/1080 1081/28/1081 1055/2/1055
f 1054/5/1058 1080/29/1082 1092/30/1083 1058/6/1059
f 1058/6/1059 1092/30/1083 1091/31/1084 1059/9/1062
f 1059/9/1062 1091/31/1084 1090/32/1085 1060/11/1064
f 1060/11/1064 1090/32/1085 1089/33/1086 1061/13/1066
f 1061/13/1066 1089/33/1086 1088/34/1087 1062/15/1068
f 1062/15/1068 1088/34/1087 1087/35/1088 1063/17/1070
f 1063/17/1070 1087/35/1088 1086/36/1089 1064/19/1072
f 1064/19/1072 1086/36/1089 1085/37/1090 1065/21/1074
f 1065/21/1074 1085/37/1090 1084/38/1091 1066/23/1076
f 1066/23/1076 1084/38/1091 1083/39/1092 1067/25/1078
f 1067/25/1078 1083/39/1092 1082/27/1080 1068/1/1054
f 1107/1/1093 1094/2/1094 1096/3/1095 1108/4/1096
f 1093/5/1097 1097/6/1098 1118/7/1099 1095/8/1100
f 1097/6/1098 1098/9/1101 1117/10/1102 1118/7/1099
f 1098/9/1101 1099/11/1103 1116/12/1104 1117/10/1102
f 1099/11/1103 1100/13/1105 1115/14/1106 1116/12/1104
f 1100/13/1105 1101/15/1107 1114/16/1108 1115/14/1106
f 1101/15/1107 1102/17/1109 1113/18/1110 1114/16/1108
f 1102/17/1109 1103/19/1111 1112/20/1112 1113/18/1110
f 1103/19/1111 1104/21/1113 1111/22/1114 1112/20/1112
f 1104/21/1113 1105/23/1115 1110/24/1116 1111/22/1114
f 1105/23/1115 1106/25/1117 1109/26/1118 1110/24/1116
f 1106/25/1117 1107/1/1093 1108/4/1096 1109/26/1118
f 1107/1/1093 1121/27/1119 1120/28/1120 1094/2/1094
f 1093/5/1097 1119/29/1121 1131/30/1122 1097/6/1098
f 1097/6/1098 1131/30/1122 1130/31/1123 1098/9/1101
f 1098/9/1101 1130/31/1123 1129/32/1124 1099/11/1103
f 1099/11/1103 1129/32/1124 1128/33/1125 1100/13/1105
f 1100/13/1105 1128/33/1125 1127/34/1126 1101/15/1107
f 1101/15/1107 1127/34/1126 1126/35/1127 1102/17/1109
f 1102/17/1109 1126/35/1127 1125/36/1128 1103/19/1111
f 1103/19/1111 1125/36/1128 1124/37/1129 1104/21/1113
f 1104/21/1113 1124/37/1129 1123/38/1130 1105/23/1115
f 1105/23/1115 1123/38/1130 1122/39/1131 1106/25/1117
f 1106/25/1117 1122/39/1131 1121/27/1119 1107/1/1093
f 1146/1/1132 1133/2/1133 1135/3/1134 1147/4/1135
f 1132/5/1136 1136/6/1137 1157/7/1138 1134/8/1139
f 1136/6/1137 1137/9/1140 1156/10/1141 1157/7/1138
f 1137/9/1140 1138/11/1142 1155/12/1143 1156/10/1141
f 1138/11/1142 1139/13/1144 1154/14/1145 1155/12/1143
f 1139/13/1144 1140/15/1146 1153/16/1147 1154/14/1145
f 1140/15/1146 1141/17/1148 1152/18/1149 1153/16/1147
f 1141/17/1148 1142/19/1150 1151/20/1151 1152/18/1149
f 1142/19/1150 1143/21/1152 1150/22/1153 1151/20/1151
f 1143/21/1152 1144/23/1154 1149/24/1155 1150/22/1153
f 1144/23/1154 1145/25/1156 1148/26/1157 1149/24/1155
f 1145/25/1156 1146/1/1132 1147/4/1135 1148/26/1157
f 1146/1/1132 1160/27/1158 1159/28/1159 1133/2/1133
f 1132/5/1136 1158/29/1160 1170/30/1161 1136/6/1137
f 1136/6/1137 1170/30/1161 1169/31/1162 1137/9/1140
f 1137/9/1140 1169/31/1162 1168/32/1163 1138/11/1142
f 1138/11/1142 1168/32/1163 1167/33/1164 1139/13/1144
f 1139/13/1144 1167/33/1164 1166/34/1165 1140/15/1146
f 1140/15/1146 1166/34/1165 1165/35/1166 1141/17/1148
f 1141/17/1148 1165/35/1166 1164/36/1167 1142/19/1150
f 1142/19/1150 1164/36/1167 1163/37/1168 1143/21/1152
f 1143/21/1152 1163/37/1168 1162/38/1169 1144/23/1154
f 1144/23/1154 1162/38/1169 1161/39/1170 1145/25/1156
f 1145/25/1156 1161/39/1170 1160/27/1158 1146/1/1132
f 1185/1/1171 1172/2/1172 1174/3/1173 1186/4/1174
f 1171/5/1175 1175/6/1176 1196/7/1177 1173/8/1178
f 1175/6/1176 1176/9/1179 1195/10/1180 1196/7/1177
f 1176/9/1179 1177/11/1181 1194/12/1182 1195/10/1180
f 1177/11/1181 1178/13/1183 1193/14/1184 1194/12/1182
f 1178/13/1183 1179/15/1185 1192/16/1186 1193/14/1184
f 1179/15/1185 1180/17/1187 1191/18/1188 1192/16/1186
f 1180/17/1187 1181/19/1189 1190/20/1190 1191/18/1188
f 1181/19/1189 1182/21/1191 1189/22/1192 1190/20/1190
f 1182/21/1191 1183/23/1193 1188/24/1194 1189/22/1192
f 1183/23/1193 1184/25/1195 1187/26/1196 1188/24/1194
f 1184/25/1195 1185/1/1171 1186/4/1174 1187/26/1196
f 1185/1/1171 1199/27/1197 1198/28/1198 1172/2/1172
f 1171/5/1175 1197/29/1199 1209/30/1200 1175/6/1176
f 1175/6/1176 1209/30/1200 1208/31/1201 1176/9/1179
f 1176/9/1179 1208/31/1201 1207/32/1202 1177/11/1181
f 1177/11/1181 1207/32/1202 1206/33/1203 1178/13/1183
f 1178/13/1183 1206/33/1203 1205/34/1204 1179/15/1185
f 1179/15/1185 1205/34/1204 1204/35/1205 1180/17/1187
f 1180/17/1187 1204/35/1205 1203/36/1206 1181/19/1189
f 1181/19/1189 1203/36/1206 1202/37/1207 1182/21/1191
f 1182/21/1191 1202/37/1207 1201/38/1208 1183/23/1193
f 1183/23/1193 1201/38/1208 1200/39/1209 1184/25/1195
f 1184/25/1195 1200/39/1209 1199/27/1197 1185/1/1171
f 1224/1/1210 1211/2/1211 1213/3/1212 1225/4/1213
f 1210/5/1214 1214/6/1215 1235/7/1216 1212/8/1217
f 1214/6/1215 1215/9/1218 1234/10/1219 1235/7/1216
f 1215/9/1218 1216/11/1220 1233/12/1221 1234/10/1219
f 1216/11/1220 1217/13/1222 1232/14/1223 1233/12/1221
f 1217/13/1222 1218/15/1224 1231/16/1225 1232/14/1223
f 1218/15/1224 1219/17/1226 1230/18/1227 1231/16/1225
f 1219/17/1226 1220/19/1228 1229/20/1229 1230/18/1227
f 1220/19/1228 1221/21/1230 1228/22/1231 1229/20/1229
f 1221/21/1230 1222/23/1232 1227/24/1233 1228/22/1231
f 1222/23/1232 1223/25/1234 1226/26/1235 1227/24/1233
f 1223/25/1234 1224/1/1210 1225/4/1213 1226/26/1235
f 1224/1/1210 1238/27/1236 1237/28/1237 1211/2/1211
f 1210/5/1214 1236/29/1238 1248/30/1239 1214/6/1215
f 1214/6/1215 1248/30/1239 1247/31/1240 1215/9/1218
f 1215/9/1218 1247/31/1240 1246/32/1241 1216/11/1220
f 1216/11/1220 1246/32/1241 1245/33/1242 1217/13/1222
f 1217/13/1222 1245/33/1242 1244/34/1243 1218/15/1224
f 1218/15/1224 1244/34/1243 1243/35/1244 1219/17/1226
f 1219/17/1226 1243/35/1244 1242/36/1245 1220/19/1228
f 1220/19/1228 1242/36/1245 1241/37/1246 1221/21/1230
f 1221/21/1230 1241/37/1246 1240/38/1247 1222/23/1232
f 1222/23/1232 1240/38/1247 1239/39/1248 1223/25/1234
f 1223/25/1234 1239/39/1248 1238/27/1236 1224/1/1210
f 1263/1/1249 1250/2/1250 1252/3/1251 1264/4/1252
f 1249/5/1253 1253/6/1254 1274/7/1255 1251/8/1256
f 1253/6/1254 1254/9/1257 1273/10/1258 1274/7/1255
f 1254/9/1257 1255/11/1259 1272/12/1260 1273/10/1258
f 1255/11/1259 1256/13/1261 1271/14/1262 1272/12/1260
f 1256/13/1261 1257/15/1263 1270/16/1264 1271/14/1262
f 1257/15/1263 1258/17/1265 1269/18/1266 1270/16/1264
f 1258/17/1265 1259/19/1267 1268/20/1268 1269/18/1266
f 1259/19/1267 1260/21/1269 1267/22/1270 1268/20/1268
f 1260/21/1269 1261/23/1271 1266/24/1272 1267/22/1270
f 1261/23/1271 1262/25/1273 1265/26/1274 1266/24/1272
f 1262/25/1273 1263/1/1249 1264/4/1252 1265/26/1274
f 1263/1/1249 1277/27/1275 1276/28/1276 1250/2/1250
f 1249/5/1253 1275/29/1277 1287/30/1278 1253/6/1254
f 1253/6/1254 1287/30/1278 1286/31/1279 1254/9/1257
f 1254/9/1257 1286/31/1279 1285/32/1280 1255/11/1259
f 1255/11/1259 1285/32/1280 1284/33/1281 1256/13/1261
f 1256/13/1261 1284/33/1281 1283/34/1282 1257/15/1263
f 1257/15/1263 1283/34/1282 1282/35/1283 1258/17/1265
f 1258/17/1265 1282/35/1283 1281/36/1284 1259/19/1267
f 1259/19/1267 1281/36/1284 1280/37/1285 1260/21/1269
f 1260/21/1269 1280/37/1285 1279/38/1286 1261/23/1271
f 1261/23/1271 1279/38/1286 1278/39/1287 1262/25/1273
f 1262/25/1273 1278/39/1287 1277/27/1275 1263/1/1249
f 1302/1/1288 1289/2/1289 1291/3/1290 1303/4/1291
f 1288/5/1292 1292/6/1293 1313/7/1294 1290/8/1295
f 1292/6/1293 1293/9/1296 1312/10/1297 1313/7/1294
f 1293/9/1296 1294/11/1298 1311/12/1299 1312/10/1297
f 1294/11/1298 1295/13/1300 1310/14/1301 1311/12/1299
f 1295/13/1300 1296/15/1302 1309/16/1303 1310/14/1301
f 1296/15/1302 1297/17/1304 1308/18/1305 1309/16/1303
f 1297/17/1304 1298/19/1306 1307/20/1307 1308/18/1305
f 1298/19/1306 1299/21/1308 1306/22/1309 1307/20/1307
f 1299/21/1308 1300/23/1310 1305/24/1311 1306/22/1309
f 1300/23/1310 1301/25/1312 1304/26/1313 1305/24/1311
f 1301/25/1312 1302/1/1288 1303/4/1291 1304/26/1313
f 1302/1/1288 1316/27/1314 1315/28/1315 1289/2/1289
f 1288/5/1292 1314/29/1316 1326/30/1317 1292/6/1293
f 1292/6/1293 1326/30/1317 1325/31/1318 1293/9/1296
f 1293/9/1296 1325/31/1318 1324/32/1319 1294/11/1298
f 1294/11/1298 1324/32/1319 1323/33/1320 1295/13/1300
f 1295/13/1300 1323/33/1320 1322/34/1321 1296/15/1302
f 1296/15/1302 1322/34/1321 1321/35/1322 1297/17/1304
f 1297/17/1304 1321/35/1322 1320/36/1323 1298/19/1306
f 1298/19/1306 1320/36/1323 1319/37/1324 1299/21/1308
f 1299/21/1308 1319/37/1324 1318/38/1325 1300/23/1310
f 1300/23/1310 1318/38/1325 1317/39/1326 1301/25/1312
f 1301/25/1312 1317/39/1326 1316/27/1314 1302/1/1288
f 1341/1/1327 1328/2/1328 1330/3/1329 1342/4/1330
f 1327/5/1331 1331/6/1332 1352/7/1333 1329/8/1334
f 1331/6/1332 1332/9/1335 1351/10/1336 1352/7/1333
f 1332/9/1335 1333/11/1337 1350/12/1338 1351/10/1336
f 1333/11/1337 1334/13/1339 1349/14/1340 1350/12/1338
f 1334/13/1339 1335/15/1341 1348/16/1342 1349/14/1340
f 1335/15/1341 1336/17/1343 1347/18/1344 1348/16/1342
f 1336/17/1343 1337/19/1345 1346/20/1346 1347/18/1344
f 1337/19/1345 1338/21/1347 1345/22/1348 1346/20/1346
f 1338/21/1347 1339/23/1349 1344/24/1350 1345/22/1348
f 1339/23/1349 1340/25/1351 1343/26/1352 1344/24/1350
f 1340/25/1351 1341/1/1327 1342/4/1330 1343/26/1352
f 1341/1/1327 1355/27/1353 1354/28/1354 1328/2/1328
f 1327/5/1331 1353/29/1355 1365/30/1356 1331/6/1332
f 1331/6/1332 1365/30/1356 1364/31/1357 1332/9/1335
f 1332/9/1335 1364/31/1357 1363/32/1358 1333/11/1337
f 1333/11/1337 1363/32/1358 1362/33/1359 1334/13/1339
f 1334/13/1339 1362/33/1359 1361/34/1360 1335/15/1341
f 1335/15/1341 1361/34/1360 1360/35/1361 1336/17/1343
f 1336/17/1343 1360/35/1361 1359/36/1362 1337/19/1345
f 1337/19/1345 1359/36/1362 1358/37/1363 1338/21/1347
f 1338/21/1347 1358/37/1363 1357/38/1364 1339/23/1349
f 1339/23/1349 1357/38/1364 1356/39/1365 1340/25/1351
f 1340/25/1351 1356/39/1365 1355/27/1353 1341/1/1327
f 1380/1/1366 1367/2/1367 1369/3/1368 1381/4/1369
f 1366/5/1370 1370/6/1371 1391/7/1372 1368/8/1373
f 1370/6/1371 1371/9/1374 1390/10/1375 1391/7/1372
f 1371/9/1374 1372/11/1376 1389/12/1377 1390/10/1375
f 1372/11/1376 1373/13/1378 1388/14/1379 1389/12/1377
f 1373/13/1378 1374/15/1380 1387/16/1381 1388/14/1379
f 1374/15/1380 1375/17/1382 1386/18/1383 1387/16/1381
f 1375/17/1382 1376/19/1384 1385/20/1385 1386/18/1383
f 1376/19/1384 1377/21/1386 1384/22/1387 1385/20/1385
f 1377/21/1386 1378/23/1388 1383/24/1389 1384/22/1387
f 1378/23/1388 1379/25/1390 1382/26/1391 1383/24/1389
f 1379/25/1390 1380/1/1366 1381/4/1369 1382/26/1391
f 1380/1/1366 1394/27/1392 1393/28/1393 1367/2/1367
f 1366/5/1370 1392/29/1394 1404/30/1395 1370/6/1371
f 1370/6/1371 1404/30/1395 1403/31/1396 1371/9/1374
f 1371/9/1374 1403/31/1396 1402/32/1397 1372/11/1376
f 1372/11/1376 1402/32/1397 1401/33/1398 1373/13/1378
f 1373/13/1378 1401/33/1398 1400/34/1399 1374/15/1380
f 1374/15/1380 1400/34/1399 1399/35/1400 1375/17/1382
f 1375/17/1382 1399/35/1400 1398/36/1401 1376/19/1384
f 1376/19/1384 1398/36/1401 1397/37/1402 1377/21/1386
f 1377/21/1386 1397/37/1402 1396/38/1403 1378/23/1388
f 1378/23/1388 1396/38/1403 1395/39/1404 1379/25/1390
f 1379/25/1390 1395/39/1404 1394/27/1392 1380/1/1366
f 1419/1/1405 1406/2/1406 1408/3/1407 1420/4/1408
f 1405/5/1409 1409/6/1410 1430/7/1411 1407/8/1412
f 1409/6/1410 1410/9/1413 1429/10/1414 1430/7/1411
f 1410/9/1413 1411/11/1415 1428/12/1416 1429/10/1414
f 1411/11/1415 1412/13/1417 1427/14/1418 1428/12/1416
f 1412/13/1417 1413/15/1419 1426/16/1420 1427/14/1418
f 1413/15/1419 1414/17/1421 1425/18/1422 1426/16/1420
f 1414/17/1421 1415/19/1423 1424/20/1424 1425/18/1422
f 1415/19/1423 1416/21/1425 1423/22/1426 1424/20/1424
f 1416/21/1425 1417/23/1427 1422/24/1428 1423/22/1426
f 1417/23/1427 1418/25/1429 1421/26/1430 1422/24/1428
f 1418/25/1429 1419/1/1405 1420/4/1408 1421/26/1430
f 1419/1/1405 1433/27/1431 1432/28/1432 1406/2/1406
f 1405/5/1409 1431/29/1433 1443/30/1434 1409/6/1410
f 1409/6/1410 1443/30/1434 1442/31/1435 1410/9/1413
f 1410/9/1413 1442/31/1435 1441/32/1436 1411/11/1415
f 1411/11/1415 1441/32/1436 1440/33/1437 1412/13/1417
f 1412/13/1417 1440/33/1437 1439/34/1438 1413/15/1419
f 1413/15/1419 1439/34/1438 1438/35/1439 1414/17/1421
f 1414/17/1421 1438/35/1439 1437/36/1440 1415/19/1423
f 1415/19/1423 1437/36/1440 1436/37/1441 1416/21/1425
f 1416/21/1425 1436/37/1441 1435/38/1442 1417/23/1427
f 1417/23/1427 1435/38/1442 1434/39/1443 1418/25/1429
f 1418/25/1429 1434/39/1443 1433/27/1431 1419/1/1405
f 1458/1/1444 1445/2/1445 1447/3/1446 1459/4/1447
f 1444/5/1448 1448/6/1449 1469/7/1450 1446/8/1451
f 1448/6/1449 1449/9/1452 1468/10/1453 1469/7/1450
f 1449/9/1452 1450/11/1454 1467/12/1455 1468/10/1453
f 1450/11/1454 1451/13/1456 1466/14/1457 1467/12/1455
f 1451/13/1456 1452/15/1458 1465/16/1459 1466/14/1457
f 1452/15/1458 1453/17/1460 1464/18/1461 1465/16/1459
f 1453/17/1460 1454/19/1462 1463/20/1463 1464/18/1461
f 1454/19/1462 1455/21/1464 1462/22/1465 1463/20/1463
f 1455/21/1464 1456/23/1466 1461/24/1467 1462/22/1465
f 1456/23/1466 1457/25/1468 1460/26/1469 1461/24/1467
f 1457/25/1468 1458/1/1444 1459/4/1447 1460/26/1469
f 1458/1/1444 1472/27/1470 1471/28/1471 1445/2/1445
f 1444/5/1448 1470/29/1472 1482/30/1473 1448/6/1449
f 1448/6/1449 1482/30/1473 1481/31/1474 1449/9/1452
f 1449/9/1452 1481/31/1474 1480/32/1475 1450/11/1454
f 1450/11/1454 1480/32/1475 1479/33/1476 1451/13/1456
f 1451/13/1456 1479/33/1476 1478/34/1477 1452/15/1458
f 1452/15/1458 1478/34/1477 1477/35/1478 1453/17/1460
f 1453/17/1460 1477/35/1478 1476/36/1479 1454/19/1462
f 1454/19/1462 1476/36/1479 1475/37/1480 1455/21/1464
f 1455/21/1464 1475/37/1480 1474/38/1481 1456/23/1466
f 1456/23/1466 1474/38/1481 1473/39/1482 1457/25/1468
f 1457/25/1468 1473/39/1482 1472/27/1470 1458/1/1444
f 1497/1/1483 1484/2/1484 1486/3/1485 1498/4/1486
f 1483/5/1487 1487/6/1488 1508/7/1489 1485/8/1490
f 1487/6/1488 1488/9/1491 1507/10/1492 1508/7/1489
f 1488/9/1491 1489/11/1493 1506/12/1494 1507/10/1492
f 1489/11/1493 1490/13/1495 1505/14/1496 1506/12/1494
f 1490/13/1495 1491/15/1497 1504/16/1498 1505/14/1496
f 1491/15/1497 1492/17/1499 1503/18/1500 1504/16/1498
f 1492/17/1499 1493/19/1501 1502/20/1502 1503/18/1500
f 1493/19/1501 1494/21/1503 1501/22/1504 1502/20/1502
f 1494/21/1503 1495/23/1505 1500/24/1506 1501/22/1504
f 1495/23/1505 1496/25/1507 1499/26/1508 1500/24/1506
f 1496/25/1507 1497/1/1483 1498/4/1486 1499/26/1508
f 1497/1/1483 1511/27/1509 1510/28/1510 1484/2/1484
f 1483/5/1487 1509/29/1511 1521/30/1512 1487/6/1488
f 1487/6/1488 1521/30/1512 1520/31/1513 1488/9/1491
f 1488/9/1491 1520/31/1513 1519/32/1514 1489/11/1493
f 1489/11/1493 1519/32/1514 1518/33/1515 1490/13/1495
f 1490/13/1495 1518/33/1515 1517/34/1516 1491/15/1497
f 1491/15/1497 1517/34/1516 1516/35/1517 1492/17/1499
f 1492/17/1499 1516/35/1517 1515/36/1518 1493/19/1501
f 1493/19/1501 1515/36/1518 1514/37/1519 1494/21/1503
f 1494/21/1503 1514/37/1519 1513/38/1520 1495/23/1505
f 1495/23/1505 1513/38/1520 1512/39/1521 1496/25/1507
f 1496/25/1507 1512/39/1521 1511/27/1509 1497/1/1483
f 1536/1/1522 1523/2/1523 1525/3/1524 1537/4/1525
f 1522/5/1526 1526/6/1527 1547/7/1528 1524/8/1529
f 1526/6/1527 1527/9/1530 1546/10/1531 1547/7/1528
f 1527/9/1530 1528/11/1532 1545/12/1533 1546/10/1531
f 1528/11/1532 1529/13/1534 1544/14/1535 1545/12/1533
f 1529/13/1534 1530/15/1536 1543/16/1537 1544/14/1535
f 1530/15/1536 1531/17/1538 1542/18/1539 1543/16/1537
f 1531/17/1538 1532/19/1540 1541/20/1541 1542/18/1539
f 1532/19/1540 1533/21/1542 1540/22/1543 1541/20/1541
f 1533/21/1542 1534/23/1544 1539/24/1545 1540/22/1543
f 1534/23/1544 1535/25/1546 1538/26/1547 1539/24/1545
f 1535/25/1546 1536/1/1522 1537/4/1525 1538/26/1547
f 1536/1/1522 1550/27/1548 1549/28/1549 1523/2/1523
f 1522/5/1526 1548/29/1550 1560/30/1551 1526/6/1527
f 1526/6/1527 1560/30/1551 1559/31/1552 1527/9/1530
f 1527/9/1530 1559/31/1552 1558/32/1553 1528/11/1532
f 1528/11/1532 1558/32/1553 1557/33/1554 1529/13/1534
f 1529/13/1534 1557/33/1554 1556/34/1555 1530/15/1536
f 1530/15/1536 1556/34/1555 1555/35/1556 1531/17/1538
f 1531/17/1538 1555/35/1556 1554/36/1557 1532/19/1540
f 1532/19/1540 1554/36/1557 1553/37/1558 1533/21/1542
f 1533/21/1542 1553/37/1558 1552/38/1559 1534/23/1544
f 1534/23/1544 1552/38/1559 1551/39/1560 1535/25/1546
f 1535/25/1546 1551/39/1560 1550/27/1548 1536/1/1522
f 1575/1/1561 1562/2/1562 1564/3/1563 1576/4/1564
f 1561/5/1565 1565/6/1566 1586/7/1567 1563/8/1568
f 1565/6/1566 1566/9/1569 1585/10/1570 1586/7/1567
f 1566/9/1569 1567/11/1571 1584/12/1572 1585/10/1570
f 1567/11/1571 1568/13/1573 1583/14/1574 1584/12/1572
f 1568/13/1573 1569/15/1575 1582/16/1576 1583/14/1574
f 1569/15/1575 1570/17/1577 1581/18/1578 1582/16/1576
f 1570/17/1577 1571/19/1579 1580/20/1580 1581/18/1578
f 1571/19/1579 1572/21/1581 1579/22/1582 1580/20/1580
f 1572/21/1581 1573/23/1583 1578/24/1584 1579/22/1582
f 1573/23/1583 1574/25/1585 1577/26/1586 1578/24/1584
f 1574/25/1585 1575/1/1561 1576/4/1564 1577/26/1586
f 1575/1/1561 1589/27/1587 1588/28/1588 1562/2/1562
f 1561/5/1565 1587/29/1589 1599/30/1590 1565/6/1566
f 1565/6/1566 1599/30/1590 1598/31/1591 1566/9/1569
f 1566/9/1569 1598/31/1591 1597/32/1592 1567/11/1571
f 1567/11/1571 1597/32/1592 1596/33/1593 1568/13/1573
f 1568/13/1573 1596/33/1593 1595/34/1594 1569/15/1575
f 1569/15/1575 1595/34/1594 1594/35/1595 1570/17/1577
f 1570/17/1577 1594/35/1595 1593/36/1596 1571/19/1579
f 1571/19/1579 1593/36/1596 1592/37/1597 1572/21/1581
f 1572/21/1581 1592/37/1597 1591/38/1598 1573/23/1583
f 1573/23/1583 1591/38/1598 1590/39/1599 1574/25/1585
f 1574/25/1585 1590/39/1599 1589/27/1587 1575/1/1561
f 1614/1/1600 1601/2/1601 1603/3/1602 1615/4/1603
f 1600/5/1604 1604/6/1605 1625/7/1606 1602/8/1607
f 1604/6/1605 1605/9/1608 1624/10/1609 1625/7/1606
f 1605/9/1608 1606/11/1610 1623/12/1611 1624/10/1609
f 1606/11/1610 1607/13/1612 1622/14/1613 1623/12/1611
f 1607/13/1612 1608/15/1614 1621/16/1615 1622/14/1613
f 1608/15/1614 1609/17/1616 1620/18/1617 1621/16/1615
f 1609/17/1616 1610/19/1618 1619/20/1619 1620/18/1617
f 1610/19/1618 1611/21/1620 1618/22/1621 1619/20/1619
f 1611/21/1620 1612/23/1622 1617/24/1623 1618/22/1621
f 1612/23/1622 1613/25/1624 1616/26/1625 1617/24/1623
f 1613/25/1624 1614/1/1600 1615/4/1603 1616/26/1625
f 1614/1/1600 1628/27/1626 1627/28/1627 1601/2/1601
f 1600/5/1604 1626/29/1628 1638/30/1629 1604/6/1605
f 1604/6/1605 1638/30/1629 1637/31/1630 1605/9/1608
f 1605/9/1608 1637/31/1630 1636/32/1631 1606/11/1610
f 1606/11/1610 1636/32/1631 1635/33/1632 1607/13/1612
f 1607/13/1612 1635/33/1632 1634/34/1633 1608/15/1614
f 1608/15/1614 1634/34/1633 1633/35/1634 1609/17/1616
f 1609/17/1616 1633/35/1634 1632/36/1635 1610/19/1618
f 1610/19/1618 1632/36/1635 1631/37/1636 1611/21/1620
f 1611/21/1620 1631/37/1636 1630/38/1637 1612/23/1622
f 1612/23/1622 1630/38/1637 1629/39/1638 1613/25/1624
f 1613/25/1624 1629/39/1638 1628/27/1626 1614/1/1600
f 1653/1/1639 1640/2/1640 1642/3/1641 1654/4/1642
f 1639/5/1643 1643/6/1644 1664/7/1645 1641/8/1646
f 1643/6/1644 1644/9/1647 1663/10/1648 1664/7/1645
f 1644/9/1647 1645/11/1649 1662/12/1650 1663/10/1648
f 1645/11/1649 1646/13/1651 1661/14/1652 1662/12/1650
f 1646/13/1651 1647/15/1653 1660/16/1654 1661/14/1652
f 1647/15/1653 1648/17/1655 1659/18/1656 1660/16/1654
f 1648/17/1655 1649/19/1657 1658/20/1658 1659/18/1656
f 1649/19/1657 1650/21/1659 1657/22/1660 1658/20/1658
f 1650/21/1659 1651/23/1661 1656/24/1662 1657/22/1660
f 1651/23/1661 1652/25/1663 1655/26/1664 1656/24/1662
f 1652/25/1663 1653/1/1639 1654/4/1642 1655/26/1664
f 1653/1/1639 1667/27/1665 1666/28/1666 1640/2/1640
f 1639/5/1643 1665/29/1667 1677/30/1668 1643/6/1644
f 1643/6/1644 1677/30/1668 1676/31/1669 1644/9/1647
f 1644/9/1647 1676/31/1669 1675/32/1670 1645/11/1649
f 1645/11/1649 1675/32/1670 1674/33/1671 1646/13/1651
f 1646/13/1651 1674/33/1671 1673/34/1672 1647/15/1653
f 1647/15/1653 1673/34/1672 1672/35/1673 1648/17/1655
f 1648/17/1655 1672/35/1673 1671/36/1674 1649/19/1657
f 1649/19/1657 1671/36/1674 1670/37/1675 1650/21/1659
f 1650/21/1659 1670/37/1675 1669/38/1676 1651/23/1661
f 1651/23/1661 1669/38/1676 1668/39/1677 1652/25/1663
f 1652/25/1663 1668/39/1677 1667/27/1665 1653/1/1639
f 1692/1/1678 1679/2/1679 1681/3/1680 1693/4/1681
f 1678/5/1682 1682/6/1683 1703/7/1684 1680/8/1685
f 1682/6/1683 1683/9/1686 1702/10/1687 1703/7/1684
f 1683/9/1686 1684/11/1688 1701/12/1689 1702/10/1687
f 1684/11/1688 1685/13/1690 1700/14/1691 1701/12/1689
f 1685/13/1690 1686/15/1692 1699/16/1693 1700/14/1691
f 1686/15/1692 1687/17/1694 1698/18/1695 1699/16/1693
f 1687/17/1694 1688/19/1696 1697/20/1697 1698/18/1695
f 1688/19/1696 1689/21/1698 1696/22/1699 1697/20/1697
f 1689/21/1698 1690/23/1700 1695/24/1701 1696/22/1699
f 1690/23/1700 1691/25/1702 1694/26/1703 1695/24/1701
f 1691/25/1702 1692/1/1678 1693/4/1681 1694/26/1703
f 1692/1/1678 1706/27/1704 1705/28/1705 1679/2/1679
f 1678/5/1682 1704/29/1706 1716/30/1707 1682/6/1683
f 1682/6/1683 1716/30/1707 1715/31/1708 1683/9/1686
f 1683/9/1686 1715/31/1708 1714/32/1709 1684/11/1688
f 1684/11/1688 1714/32/1709 1713/33/1710 1685/13/1690
f 1685/13/1690 1713/33/1710 1712/34/1711 1686/15/1692
f 1686/15/1692 1712/34/1711 1711/35/1712 1687/17/1694
f 1687/17/1694 1711/35/1712 1710/36/1713 1688/19/1696
f 1688/19/1696 1710/36/1713 1709/37/1714 1689/21/1698
f 1689/21/1698 1709/37/1714 1708/38/1715 1690/23/1700
f 1690/23/1700 1708/38/1715 1707/39/1716 1691/25/1702
f 1691/25/1702 1707/39/1716 1706/27/1704 1692/1/1678
f 1731/1/1717 1718/2/1718 1720/3/1719 1732/4/1720
f 1717/5/1721 1721/6/1722 1742/7/1723 1719/8/1724
f 1721/6/1722 1722/9/1725 1741/10/1726 1742/7/1723
f 1722/9/1725 1723/11/1727 1740/12/1728 1741/10/1726
f 1723/11/1727 1724/13/1729 1739/14/1730 1740/12/1728
f 1724/13/1729 1725/15/1731 1738/16/1732 1739/14/1730
f 1725/15/1731 1726/17/1733 1737/18/1734 1738/16/1732
f 1726/17/1733 1727/19/1735 1736/20/1736 1737/18/1734
f 1727/19/1735 1728/21/1737 1735/22/1738 1736/20/1736
f 1728/21/1737 1729/23/1739 1734/24/1740 1735/22/1738
f 1729/23/1739 1730/25/1741 1733/26/1742 1734/24/1740
f 1730/25/1741 1731/1/1717 1732/4/1720 1733/26/1742
f 1731/1/1717 1745/27/1743 1744/28/1744 1718/2/1718
f 1717/5/1721 1743/29/1745 1755/30/1746 1721/6/1722
f 1721/6/1722 1755/30/1746 1754/31/1747 1722/9/1725
f 1722/9/1725 1754/31/1747 1753/32/1748 1723/11/1727
f 1723/11/1727 1753/32/1748 1752/33/1749 1724/13/1729
f 1724/13/1729 1752/33/1749 1751/34/1750 1725/15/1731
f 1725/15/1731 1751/34/1750 1750/35/1751 1726/17/1733
f 1726/17/1733 1750/35/1751 1749/36/1752 1727/19/1735
f 1727/19/1735 1749/36/1752 1748/37/1753 1728/21/1737
f 1728/21/1737 1748/37/1753 1747/38/1754 1729/23/1739
f 1729/23/1739 1747/38/1754 1746/39/1755 1730/25/1741
f 1730/25/1741 1746/39/1755 1745/27/1743 1731/1/1717
f 1770/1/1756 1757/2/1757 1759/3/1758 1771/4/1759
f 1756/5/1760 1760/6/1761 1781/7/1762 1758/8/1763
f 1760/6/1761 1761/9/1764 1780/10/1765 1781/7/1762
f 1761/9/1764 1762/11/1766 1779/12/1767 1780/10/1765
f 1762/11/1766 1763/13/1768 1778/14/1769 1779/12/1767
f 1763/13/1768 1764/15/1770 1777/16/1771 1778/14/1769
f 1764/15/1770 1765/17/1772 1776/18/1773 1777/16/1771
f 1765/17/1772 1766/19/1774 1775/20/1775 1776/18/1773
f 1766/19/1774 1767/21/1776 1774/22/1777 1775/20/1775
f 1767/21/1776 1768/23/1778 1773/24/1779 1774/22/1777
f 1768/23/1778 1769/25/1780 1772/26/1781 1773/24/1779
f 1769/25/1780 1770/1/1756 1771/4/1759 1772/26/1781
f 1770/1/1756 1784/27/1782 1783/28/1783 1757/2/1757
f 1756/5/1760 1782/29/1784 1794/30/1785 1760/6/1761
f 1760/6/1761 1794/30/1785 1793/31/1786 1761/9/1764
f 1761/9/1764 1793/31/1786 1792/32/1787 1762/11/1766
f 1762/11/1766 1792/32/1787 1791/33/1788 1763/13/1768
f 1763/13/1768 1791/33/1788 1790/34/1789 1764/15/1770
f 1764/15/1770 1790/34/1789 1789/35/1790 1765/17/1772
f 1765/17/1772 1789/35/1790 1788/36/1791 1766/19/1774
f 1766/19/1774 1788/36/1791 1787/37/1792 1767/21/1776
f 1767/21/1776 1787/37/1792 1786/38/1793 1768/23/1778
f 1768/23/1778 1786/38/1793 1785/39/1794 1769/25/1780
f 1769/25/1780 1785/39/1794 1784/27/1782 1770/1/1756
f 1809/1/1795 1796/2/1796 1798/3/1797 1810/4/1798
f 1795/5/1799 1799/6/1800 1820/7/1801 1797/8/1802
f 1799/6/1800 1800/9/1803 1819/10/1804 1820/7/1801
f 1800/9/1803 1801/11/1805 1818/12/1806 1819/10/1804
f 1801/11/1805 1802/13/1807 1817/14/1808 1818/12/1806
f 1802/13/1807 1803/15/1809 1816/16/1810 1817/14/1808
f 1803/15/1809 1804/17/1811 1815/18/1812 1816/16/1810
f 1804/17/1811 1805/19/1813 1814/20/1814 1815/18/1812
f 1805/19/1813 1806/21/1815 1813/22/1816 1814/20/1814
f 1806/21/1815 1807/23/1817 1812/24/1818 1813/22/1816
f 1807/23/1817 1808/25/1819 1811/26/1820 1812/24/1818
f 1808/25/1819 1809/1/1795 1810/4/1798 1811/26/1820
f 1809/1/1795 1823/27/1821 1822/28/1822 1796/2/1796
f 1795/5/1799 1821/29/1823 1833/30/1824 1799/6/1800
f 1799/6/1800 1833/30/1824 1832/31/1825 1800/9/1803
f 1800/9/1803 1832/31/1825 1831/32/1826 1801/11/1805
f 1801/11/1805 1831/32/1826 1830/33/1827 1802/13/1807
f 1802/13/1807 1830/33/1827 1829/34/1828 1803/15/1809
f 1803/15/1809 1829/34/1828 1828/35/1829 1804/17/1811
f 1804/17/1811 1828/35/1829 1827/36/1830 1805/19/1813
f 1805/19/1813 1827/36/1830 1826/37/1831 1806/21/1815
f 1806/21/1815 1826/37/1831 1825/38/1832 1807/23/1817
f 1807/23/1817 1825/38/1832 1824/39/1833 1808/25/1819
f 1808/25/1819 1824/39/1833 1823/27/1821 1809/1/1795
f 1848/1/1834 1835/2/1835 1837/3/1836 1849/4/1837
f 1834/5/1838 1838/6/1839 1859/7/1840 1836/8/1841
f 1838/6/1839 1839/9/1842 1858/10/1843 1859/7/1840
f 1839/9/1842 1840/11/1844 1857/12/1845 1858/10/1843
f 1840/11/1844 1841/13/1846 1856/14/1847 1857/12/1845
f 1841/13/1846 1842/15/1848 1855/16/1849 1856/14/1847
f 1842/15/1848 1843/17/1850 1854/18/1851 1855/16/1849
f 1843/17/1850 1844/19/1852 1853/20/1853 1854/18/1851
f 1844/19/1852 1845/21/1854 1852/22/1855 1853/20/1853
f 1845/21/1854 1846/23/1856 1851/24/1857 1852/22/1855
f 1846/23/1856 1847/25/1858 1850/26/1859 1851/24/1857
f 1847/25/1858 1848/1/1834 1849/4/1837 1850/26/1859
f 1848/1/1834 1862/27/1860 1861/28/1861 1835/2/1835
f 1834/5/1838 1860/29/1862 1872/30/1863 1838/6/1839
f 1838/6/1839 1872/30/1863 1871/31/1864 1839/9/1842
f 1839/9/1842 1871/31/1864 1870/32/1865 1840/11/1844
f 1840/11/1844 1870/32/1865 1869/33/1866 1841/13/1846
f 1841/13/1846 1869/33/1866 1868/34/1867 1842/15/1848
f 1842/15/1848 1868/34/1867 1867/35/1868 1843/17/1850
f 1843/17/1850 1867/35/1868 1866/36/1869 1844/19/1852
f 1844/19/1852 1866/36/1869 1865/37/1870 1845/21/1854
f 1845/21/1854 1865/37/1870 1864/38/1871 1846/23/1856
f 1846/23/1856 1864/38/1871 1863/39/1872 1847/25/1858
f 1847/25/1858 1863/39/1872 1862/27/1860 1848/1/1834
f 1887/1/1873 1874/2/1874 1876/3/1875 1888/4/1876
f 1873/5/1877 1877/6/1878 1898/7/1879 1875/8/1880
f 1877/6/1878 1878/9/1881 1897/10/1882 1898/7/1879
f 1878/9/1881 1879/11/1883 1896/12/1884 1897/10/1882
f 1879/11/1883 1880/13/1885 1895/14/1886 1896/12/1884
f 1880/13/1885 1881/15/1887 1894/16/1888 1895/14/1886
f 1881/15/1887 1882/17/1889 1893/18/1890 1894/16/1888
f 1882/17/1889 1883/19/1891 1892/20/1892 1893/18/1890
f 1883/19/1891 1884/21/1893 1891/22/1894 1892/20/1892
f 1884/21/1893 1885/23/1895 1890/24/1896 1891/22/1894
f 1885/23/1895 1886/25/1897 1889/26/1898 1890/24/1896
f 1886/25/1897 1887/1/1873 1888/4/1876 1889/26/1898
f 1887/1/1873 1901/27/1899 1900/28/1900 1874/2/1874
f 1873/5/1877 1899/29/1901 1911/30/1902 1877/6/1878
f 1877/6/1878 1911/30/1902 1910/31/1903 1878/9/1881
f 1878/9/1881 1910/31/1903 1909/32/1904 1879/11/1883
f 1879/11/1883 1909/32/1904 1908/33/1905 1880/13/1885
f 1880/13/1885 1908/33/1905 1907/34/1906 1881/15/1887
f 1881/15/1887 1907/34/1906 1906/35/1907 1882/17/1889
f 1882/17/1889 1906/35/1907 1905/36/1908 1883/19/1891
f 1883/19/1891 1905/36/1908 1904/37/1909 1884/21/1893
f 1884/21/1893 1904/37/1909 1903/38/1910 1885/23/1895
f 1885/23/1895 1903/38/1910 1902/39/1911 1886/25/1897
f 1886/25/1897 1902/39/1911 1901/27/1899 1887/1/1873
f 1926/1/1912 1913/2/1913 1915/3/1914 1927/4/1915
f 1912/5/1916 1916/6/1917 1937/7/1918 1914/8/1919
f 1916/6/1917 1917/9/1920 1936/10/1921 1937/7/1918
f 1917/9/1920 1918/11/1922 1935/12/1923 1936/10/1921
f 1918/11/1922 1919/13/1924 1934/14/1925 1935/12/1923
f 1919/13/1924 1920/15/1926 1933/16/1927 1934/14/1925
f 1920/15/1926 1921/17/1928 1932/18/1929 1933/16/1927
f 1921/17/1928 1922/19/1930 1931/20/1931 1932/18/1929
f 1922/19/1930 1923/21/1932 1930/22/1933 1931/20/1931
f 1923/21/1932 1924/23/1934 1929/24/1935 1930/22/1933
f 1924/23/1934 1925/25/1936 1928/26/1937 1929/24/1935
f 1925/25/1936 1926/1/1912 1927/4/1915 1928/26/1937
f 1926/1/1912 1940/27/1938 1939/28/1939 1913/2/1913
f 1912/5/1916 1938/29/1940 1950/30/1941 1916/6/1917
f 1916/6/1917 1950/30/1941 1949/31/1942 1917/9/1920
f 1917/9/1920 1949/31/1942 1948/32/1943 1918/11/1922
f 1918/11/1922 1948/32/1943 1947/33/1944 1919/13/1924
f 1919/13/1924 1947/33/1944 1946/34/1945 1920/15/1926
f 1920/15/1926 1946/34/1945 1945/35/1946 1921/17/1928
f 1921/17/1928 1945/35/1946 1944/36/1947 1922/19/1930
f 1922/19/1930 1944/36/1947 1943/37/1948 1923/21/1932
f 1923/21/1932 1943/37/1948 1942/38/1949 1924/23/1934
f 1924/23/1934 1942/38/1949 1941/39/1950 1925/25/1936
f 1925/25/1936 1941/39/1950 1940/27/1938 1926/1/1912
f 1965/1/1951 1952/2/1952 1954/3/1953 1966/4/1954
f 1951/5/1955 1955/6/1956 1976/7/1957 1953/8/1958
f 1955/6/1956 1956/9/1959 1975/10/1960 1976/7/1957
f 1956/9/1959 1957/11/1961 1974/12/1962 1975/10/1960
f 1957/11/1961 1958/13/1963 1973/14/1964 1974/12/1962
f 1958/13/1963 1959/15/1965 1972/16/1966 1973/14/1964
f 1959/15/1965 1960/17/1967 1971/18/1968 1972/16/1966
f 1960/17/1967 1961/19/1969 1970/20/1970 1971/18/1968
f 1961/19/1969 1962/21/1971 1969/22/1972 1970/20/1970
f 1962/21/1971 1963/23/1973 1968/24/1974 1969/22/1972
f 1963/23/1973 1964/25/1975 1967/26/1976 1968/24/1974
f 1964/25/1975 1965/1/1951 1966/4/1954 1967/26/1976
f 1965/1/1951 1979/27/1977 1978/28/1978 1952/2/1952
f 1951/5/1955 1977/29/1979 1989/30/1980 1955/6/1956
f 1955/6/1956 1989/30/1980 1988/31/1981 1956/9/1959
f 1956/9/1959 1988/31/1981 1987/32/1982 1957/11/1961
f 1957/11/1961 1987/32/1982 1986/33/1983 1958/13/1963
f 1958/13/1963 1986/33/1983 1985/34/1984 1959/15/1965
f 1959/15/1965 1985/34/1984 1984/35/1985 1960/17/1967
f 1960/17/1967 1984/35/1985 1983/36/1986 1961/19/1969
f 1961/19/1969 1983/36/1986 1982/37/1987 1962/21/1971
f 1962/21/1971 1982/37/1987 1981/38/1988 1963/23/1973
f 1963/23/1973 1981/38/1988 1980/39/1989 1964/25/1975
f 1964/25/1975 1980/39/1989 1979/27/1977 1965/1/1951
f 2004/1/1990 1991/2/1991 1993/3/1992 2005/4/1993
f 1990/5/1994 1994/6/1995 2015/7/1996 1992/8/1997
f 1994/6/1995 1995/9/1998 2014/10/1999 2015/7/1996
f 1995/9/1998 1996/11/2000 2013/12/2001 2014/10/1999
f 1996/11/2000 1997/13/2002 2012/14/2003 2013/12/2001
f 1997/13/2002 1998/15/2004 2011/16/2005 2012/14/2003
f 1998/15/2004 1999/17/2006 2010/18/2007 2011/16/2005
f 1999/17/2006 2000/19/2008 2009/20/2009 2010/18/2007
f 2000/19/2008 2001/21/2010 2008/22/2011 2009/20/2009
f 2001/21/2010 2002/23/2012 2007/24/2013 2008/22/2011
f 2002/23/2012 2003/25/2014 2006/26/2015 2007/24/2013
f 2003/25/2014 2004/1/1990 2005/4/1993 2006/26/2015
f 2004/1/1990 2018/27/2016 2017/28/2017 1991/2/1991
f 1990/5/1994 2016/29/2018 2028/30/2019 1994/6/1995
f 1994/6/1995 2028/30/2019 2027/31/2020 1995/9/1998
f 1995/9/1998 2027/31/2020 2026/32/2021 1996/11/2000
f 1996/11/2000 2026/32/2021 2025/33/2022 1997/13/2002
f 1997/13/2002 2025/33/2022 2024/34/2023 1998/15/2004
f 1998/15/2004 2024/34/2023 2023/35/2024 1999/17/2006
f 1999/17/2006 2023/35/2024 2022/36/2025 2000/19/2008
f 2000/19/2008 2022/36/2025 2021/37/2026 2001/21/2010
f 2001/21/2010 2021/37/2026 2020/38/2027 2002/23/2012
f 2002/23/2012 2020/38/2027 2019/39/2028 2003/25/2014
f 2003/25/2014 2019/39/2028 2018/27/2016 2004/1/1990
f 2043/1/2029 2030/2/2030 2032/3/2031 2044/4/2032
f 2029/5/2033 2033/6/2034 2054/7/2035 2031/8/2036
f 2033/6/2034 2034/9/2037 2053/10/2038 2054/7/2035
f 2034/9/2037 2035/11/2039 2052/12/2040 2053/10/2038
f 2035/11/2039 2036/13/2041 2051/14/2042 2052/12/2040
f 2036/13/2041 2037/15/2043 2050/16/2044 2051/14/2042
f 2037/15/2043 2038/17/2045 2049/18/2046 2050/16/2044
f 2038/17/2045 2039/19/2047 2048/20/2048 2049/18/2046
f 2039/19/2047 2040/21/2049 2047/22/2050 2048/20/2048
f 2040/21/2049 2041/23/2051 2046/24/2052 2047/22/2050
f 2041/23/2051 2042/25/2053 2045/26/2054 2046/24/2052
f 2042/25/2053 2043/1/2029 2044/4/2032 2045/26/2054
f 2043/1/2029 2057/27/2055 2056/28/2056 2030/2/2030
f 2029/5/2033 2055/29/2057 2067/30/2058 2033/6/2034
f 2033/6/2034 2067/30/2058 2066/31/2059 2034/9/2037
f 2034/9/2037 2066/31/2059 2065/32/2060 2035/11/2039
f 2035/11/2039 2065/32/2060 2064/33/2061 2036/13/2041
f 2036/13/2041 2064/33/2061 2063/34/2062 2037/15/2043
f 2037/15/2043 2063/34/2062 2062/35/2063 2038/17/2045
f 2038/17/2045 2062/35/2063 2061/36/2064 2039/19/2047
f 2039/19/2047 2061/36/2064 2060/37/2065 2040/21/2049
f 2040/21/2049 2060/37/2065 2059/38/2066 2041/23/2051
f 2041/23/2051 2059/38/2066 2058/39/2067 2042/25/2053
f 2042/25/2053 2058/39/2067 2057/27/2055 2043/1/2029
f 2082/1/2068 2069/2/2069 2071/3/2070 2083/4/2071
f 2068/5/2072 2072/6/2073 2093/7/2074 2070/8/2075
f 2072/6/2073 2073/9/2076 2092/10/2077 2093/7/2074
f 2073/9/2076 2074/11/2078 2091/12/2079 2092/10/2077
f 2074/11/2078 2075/13/2080 2090/14/2081 2091/12/2079
f 2075/13/2080 2076/15/2082 2089/16/2083 2090/14/2081
f 2076/15/2082 2077/17/2084 2088/18/2085 2089/16/2083
f 2077/17/2084 2078/19/2086 2087/20/2087 2088/18/2085
f 2078/19/2086 2079/21/2088 2086/22/2089 2087/20/2087
f 2079/21/2088 2080/23/2090 2085/24/2091 2086/22/2089
f 2080/23/2090 2081/25/2092 2084/26/2093 2085/24/2091
f 2081/25/2092 2082/1/2068 2083/4/2071 2084/26/2093
f 2082/1/2068 2096/27/2094 2095/28/2095 2069/2/2069
f 2068/5/2072 2094/29/2096 2106/30/2097 2072/6/2073
f 2072/6/2073 2106/30/2097 2105/31/2098 2073/9/2076
f 2073/9/2076 2105/31/2098 2104/32/2099 2074/11/2078
f 2074/11/2078 2104/32/2099 2103/33/2100 2075/13/2080
f 2075/13/2080 2103/33/2100 2102/34/2101 2076/15/2082
f 2076/15/2082 2102/34/2101 2101/35/2102 2077/17/2084
f 2077/17/2084 2101/35/2102 2100/36/2103 2078/19/2086
f 2078/19/2086 2100/36/2103 2099/37/2104 2079/21/2088
f 2079/21/2088 2099/37/2104 2098/38/2105 2080/23/2090
f 2080/23/2090 2098/38/2105 2097/39/2106 2081/25/2092
f 2081/25/2092 2097/39/2106 2096/27/2094 2082/1/2068
f 2121/1/2107 2108/2/2108 2110/3/2109 2122/4/2110
f 2107/5/2111 2111/6/2112 2132/7/2113 2109/8/2114
f 2111/6/2112 2112/9/2115 2131/10/2116 2132/7/2113
f 2112/9/2115 2113/11/2117 2130/12/2118 2131/10/2116
f 2113/11/2117 2114/13/2119 2129/14/2120 2130/12/2118
f 2114/13/2119 2115/15/2121 2128/16/2122 2129/14/2120
f 2115/15/2121 2116/17/2123 2127/18/2124 2128/16/2122
f 2116/17/2123 2117/19/2125 2126/20/2126 2127/18/2124
f 2117/19/2125 2118/21/2127 2125/22/2128 2126/20/2126
f 2118/21/2127 2119/23/2129 2124/24/2130 2125/22/2128
f 2119/23/2129 2120/25/2131 2123/26/2132 2124/24/2130
f 2120/25/2131 2121/1/2107 2122/4/2110 2123/26/2132
f 2121/1/2107 2135/27/2133 2134/28/2134 2108/2/2108
f 2107/5/2111 2133/29/2135 2145/30/2136 2111/6/2112
f 2111/6/2112 2145/30/2136 2144/31/2137 2112/9/2115
f 2112/9/2115 2144/31/2137 2143/32/2138 2113/11/2117
f 2113/11/2117 2143/32/2138 2142/33/2139 2114/13/2119
f 2114/13/2119 2142/33/2139 2141/34/2140 2115/15/2121
f 2115/15/2121 2141/34/2140 2140/35/2141 2116/17/2123
f 2116/17/2123 2140/35/2141 2139/36/2142 2117/19/2125
f 2117/19/2125 2139/36/2142 2138/37/2143 2118/21/2127
f 2118/21/2127 2138/37/2143 2137/38/2144 2119/23/2129
f 2119/23/2129 2137/38/2144 2136/39/2145 2120/25/2131
f 2120/25/2131 2136/39/2145 2135/27/2133 2121/1/2107
f 2160/1/2146 2147/2/2147 2149/3/2148 2161/4/2149
f 2146/5/2150 2150/6/2151 2171/7/2152 2148/8/2153
f 2150/6/2151 2151/9/2154 2170/10/2155 2171/7/2152
f 2151/9/2154 2152/11/2156 2169/12/2157 2170/10/2155
f 2152/11/2156 2153/13/2158 2168/14/2159 2169/12/2157
f 2153/13/2158 2154/15/2160 2167/16/2161 2168/14/2159
f 2154/15/2160 2155/17/2162 2166/18/2163 2167/16/2161
f 2155/17/2162 2156/19/2164 2165/20/2165 2166/18/2163
f 2156/19/2164 2157/21/2166 2164/22/2167 2165/20/2165
f 2157/21/2166 2158/23/2168 2163/24/2169 2164/22/2167
f 2158/23/2168 2159/25/2170 2162/26/2171 2163/24/2169
f 2159/25/2170 2160/1/2146 2161/4/2149 2162/26/2171
f 2160/1/2146 2174/27/2172 2173/28/2173 2147/2/2147
f 2146/5/2150 2172/29/2174 2184/30/2175 2150/6/2151
f 2150/6/2151 2184/30/2175 2183/31/2176 2151/9/2154
f 2151/9/2154 2183/31/2176 2182/32/2177 2152/11/2156
f 2152/11/2156 2182/32/2177 2181/33/2178 2153/13/2158
f 2153/13/2158 2181/33/2178 2180/34/2179 2154/15/2160
f 2154/15/2160 2180/34/2179 2179/35/2180 2155/17/2162
f 2155/17/2162 2179/35/2180 2178/36/2181 2156/19/2164
f 2156/19/2164 2178/36/2181 2177/37/2182 2157/21/2166
f 2157/21/2166 2177/37/2182 2176/38/2183 2158/23/2168
f 2158/23/2168 2176/38/2183 2175/39/2184 2159/25/2170
f 2159/25/2170 2175/39/2184 2174/27/2172 2160/1/2146
f 2199/1/2185 2186/2/2186 2188/3/2187 2200/4/2188
f 2185/5/2189 2189/6/2190 2210/7/2191 2187/8/2192
f 2189/6/2190 2190/9/2193 2209/10/2194 2210/7/2191
f 2190/9/2193 2191/11/2195 2208/12/2196 2209/10/2194
f 2191/11/2195 2192/13/2197 2207/14/2198 2208/12/2196
f 2192/13/2197 2193/15/2199 2206/16/2200 2207/14/2198
f 2193/15/2199 2194/17/2201 2205/18/2202 2206/16/2200
f 2194/17/2201 2195/19/2203 2204/20/2204 2205/18/2202
f 2195/19/2203 2196/21/2205 2203/22/2206 2204/20/2204
f 2196/21/2205 2197/23/2207 2202/24/2208 2203/22/2206
f 2197/23/2207 2198/25/2209 2201/26/2210 2202/24/2208
f 2198/25/2209 2199/1/2185 2200/4/2188 2201/26/2210
f 2199/1/2185 2213/27/2211 2212/28/2212 2186/2/2186
f 2185/5/2189 2211/29/2213 2223/30/2214 2189/6/2190
f 2189/6/2190 2223/30/2214 2222/31/2215 2190/9/2193
f 2190/9/2193 2222/31/2215 2221/32/2216 2191/11/2195
f 2191/11/2195 2221/32/2216 2220/33/2217 2192/13/2197
f 2192/13/2197 2220/33/2217 2219/34/2218 2193/15/2199
f 2193/15/2199 2219/34/2218 2218/35/2219 2194/17/2201
f 2194/17/2201 2218/35/2219 2217/36/2220 2195/19/2203
f 2195/19/2203 2217/36/2220 2216/37/2221 2196/21/2205
f 2196/21/2205 2216/37/2221 2215/38/2222 2197/23/2207
f 2197/23/2207 2215/38/2222 2214/39/2223 2198/25/2209
f 2198/25/2209 2214/39/2223 2213/27/2211 2199/1/2185
f 2238/1/2224 2225/2/2225 2227/3/2226 2239/4/2227
f 2224/5/2228 2228/6/2229 2249/7/2230 2226/8/2231
f 2228/6/2229 2229/9/2232 2248/10/2233 2249/7/2230
f 2229/9/2232 2230/11/2234 2247/12/2235 2248/10/2233
f 2230/11/2234 2231/13/2236 2246/14/2237 2247/12/2235
f 2231/13/2236 2232/15/2238 2245/16/2239 2246/14/2237
f 2232/15/2238 2233/17/2240 2244/18/2241 2245/16/2239
f 2233/17/2240 2234/19/2242 2243/20/2243 2244/18/2241
f 2234/19/2242 2235/21/2244 2242/22/2245 2243/20/2243
f 2235/21/2244 2236/23/2246 2241/24/2247 2242/22/2245
f 2236/23/2246 2237/25/2248 2240/26/2249 2241/24/2247
f 2237/25/2248 2238/1/2224 2239/4/2227 2240/26/2249
f 2238/1/2224 2252/27/2250 2251/28/2251 2225/2/2225
f 2224/5/2228 2250/29/2252 2262/30/2253 2228/6/2229
f 2228/6/2229 2262/30/2253 2261/31/2254 2229/9/2232
f 2229/9/2232 2261/31/2254 2260/32/2255 2230/11/2234
f 2230/11/2234 2260/32/2255 2259/33/2256 2231/13/2236
f 2231/13/2236 2259/33/2256 2258/34/2257 2232/15/2238
f 2232/15/2238 2258/34/2257 2257/35/2258 2233/17/2240
f 2233/17/2240 2257/35/2258 2256/36/2259 2234/19/2242
f 2234/19/2242 2256/36/2259 2255/37/2260 2235/21/2244
f 2235/21/2244 2255/37/2260 2254/38/2261 2236/23/2246
f 2236/23/2246 2254/38/2261 2253/39/2262 2237/25/2248
f 2237/25/2248 2253/39/2262 2252/27/2250 2238/1/2224
f 2277/1/2263 2264/2/2264 2266/3/2265 2278/4/2266
f 2263/5/2267 2267/6/2268 2288/7/2269 2265/8/2270
f 2267/6/2268 2268/9/2271 2287/10/2272 2288/7/2269
f 2268/9/2271 2269/11/2273 2286/12/2274 2287/10/2272
f 2269/11/2273 2270/13/2275 2285/14/2276 2286/12/2274
f 2270/13/2275 2271/15/2277 2284/16/2278 2285/14/2276
f 2271/15/2277 2272/17/2279 2283/18/2280 2284/16/2278
f 2272/17/2279 2273/19/2281 2282/20/2282 2283/18/2280
f 2273/19/2281 2274/21/2283 2281/22/2284 2282/20/2282
f 2274/21/2283 2275/23/2285 2280/24/2286 2281/22/2284
f 2275/23/2285 2276/25/2287 2279/26/2288 2280/24/2286
f 2276/25/2287 2277/1/2263 2278/4/2266 2279/26/2288
f 2277/1/2263 2291/27/2289 2290/28/2290 2264/2/2264
f 2263/5/2267 2289/29/2291 2301/30/2292 2267/6/2268
f 2267/6/2268 2301/30/2292 2300/31/2293 2268/9/2271
f 2268/9/2271 2300/31/2293 2299/32/2294 2269/11/2273
f 2269/11/2273 2299/32/2294 2298/33/2295 2270/13/2275
f 2270/13/2275 2298/33/2295 2297/34/2296 2271/15/2277
f 2271/15/2277 2297/34/2296 2296/35/2297 2272/17/2279
f 2272/17/2279 2296/35/2297 2295/36/2298 2273/19/2281
f 2273/19/2281 2295/36/2298 2294/37/2299 2274/21/2283
f 2274/21/2283 2294/37/2299 2293/38/2300 2275/23/2285
f 2275/23/2285 2293/38/2300 2292/39/2301 2276/25/2287
f 2276/25/2287 2292/39/2301 2291/27/2289 2277/1/2263
f 2316/1/2302 2303/2/2303 2305/3/2304 2317/4/2305
f 2302/5/2306 2306/6/2307 2327/7/2308 2304/8/2309
f 2306/6/2307 2307/9/2310 2326/10/2311 2327/7/2308
f 2307/9/2310 2308/11/2312 2325/12/2313 2326/10/2311
f 2308/11/2312 2309/13/2314 2324/14/2315 2325/12/2313
f 2309/13/2314 2310/15/2316 2323/16/2317 2324/14/2315
f 2310/15/2316 2311/17/2318 2322/18/2319 2323/16/2317
f 2311/17/2318 2312/19/2320 2321/20/2321 2322/18/2319
f 2312/19/2320 2313/21/2322 2320/22/2323 2321/20/2321
f 2313/21/2322 2314/23/2324 2319/24/2325 2320/22/2323
f 2314/23/2324 2315/25/2326 2318/26/2327 2319/24/2325
f 2315/25/2326 2316/1/2302 2317/4/2305 2318/26/2327
f 2316/1/2302 2330/27/2328 2329/28/2329 2303/2/2303
f 2302/5/2306 2328/29/2330 2340/30/2331 2306/6/2307
f 2306/6/2307 2340/30/2331 2339/31/2332 2307/9/2310
f 2307/9/2310 2339/31/2332 2338/32/2333 2308/11/2312
f 2308/11/2312 2338/32/2333 2337/33/2334 2309/13/2314
f 2309/13/2314 2337/33/2334 2336/34/2335 2310/15/2316
f 2310/15/2316 2336/34/2335 2335/35/2336 2311/17/2318
f 2311/17/2318 2335/35/2336 2334/36/2337 2312/19/2320
f 2312/19/2320 2334/36/2337 2333/37/2338 2313/21/2322
f 2313/21/2322 2333/37/2338 2332/38/2339 2314/23/2324
f 2314/23/2324 2332/38/2339 2331/39/2340 2315/25/2326
f 2315/25/2326 2331/39/2340 2330/27/2328 2316/1/2302
f 2355/1/2341 2342/2/2342 2344/3/2343 2356/4/2344
f 2341/5/2345 2345/6/2346 2366/7/2347 2343/8/2348
f 2345/6/2346 2346/9/2349 2365/10/2350 2366/7/2347
f 2346/9/2349 2347/11/2351 2364/12/2352 2365/10/2350
f 2347/11/2351 2348/13/2353 2363/14/2354 2364/12/2352
f 2348/13/2353 2349/15/2355 2362/16/2356 2363/14/2354
f 2349/15/2355 2350/17/2357 2361/18/2358 2362/16/2356
f 2350/17/2357 2351/19/2359 2360/20/2360 2361/18/2358
f 2351/19/2359 2352/21/2361 2359/22/2362 2360/20/2360
f 2352/21/2361 2353/23/2363 2358/24/2364 2359/22/2362
f 2353/23/2363 2354/25/2365 2357/26/2366 2358/24/2364
f 2354/25/2365 2355/1/2341 2356/4/2344 2357/26/2366
f 2355/1/2341 2369/27/2367 2368/28/2368 2342/2/2342
f 2341/5/2345 2367/29/2369 2379/30/2370 2345/6/2346
f 2345/6/2346 2379/30/2370 2378/31/2371 2346/9/2349
f 2346/9/2349 2378/31/2371 2377/32/2372 2347/11/2351
f 2347/11/2351 2377/32/2372 2376/33/2373 2348/13/2353
f 2348/13/2353 2376/33/2373 2375/34/2374 2349/15/2355
f 2349/15/2355 2375/34/2374 2374/35/2375 2350/17/2357
f 2350/17/2357 2374/35/2375 2373/36/2376 2351/19/2359
f 2351/19/2359 2373/36/2376 2372/37/2377 2352/21/2361
f 2352/21/2361 2372/37/2377 2371/38/2378 2353/23/2363
f 2353/23/2363 2371/38/2378 2370/39/2379 2354/25/2365
f 2354/25/2365 2370/39/2379 2369/27/2367 2355/1/2341
f 2394/1/2380 2381/2/2381 2383/3/2382 2395/4/2383
f 2380/5/2384 2384/6/2385 2405/7/2386 2382/8/2387
f 2384/6/2385 2385/9/2388 2404/10/2389 2405/7/2386
f 2385/9/2388 2386/11/2390 2403/12/2391 2404/10/2389
f 2386/11/2390 2387/13/2392 2402/14/2393 2403/12/2391
f 2387/13/2392 2388/15/2394 2401/16/2395 2402/14/2393
f 2388/15/2394 2389/17/2396 2400/18/2397 2401/16/2395
f 2389/17/2396 2390/19/2398 2399/20/2399 2400/18/2397
f 2390/19/2398 2391/21/2400 2398/22/2401 2399/20/2399
f 2391/21/2400 2392/23/2402 2397/24/2403 2398/22/2401
f 2392/23/2402 2393/25/2404 2396/26/2405 2397/24/2403
f 2393/25/2404 2394/1/2380 2395/4/2383 2396/26/2405
f 2394/1/2380 2408/27/2406 2407/28/2407 2381/2/2381
f 2380/5/2384 2406/29/2408 2418/30/2409 2384/6/2385
f 2384/6/2385 2418/30/2409 2417/31/2410 2385/9/2388
f 2385/9/2388 2417/31/2410 2416/32/2411 2386/11/2390
f 2386/11/2390 2416/32/2411 2415/33/2412 2387/13/2392
f 2387/13/2392 2415/33/2412 2414/34/2413 2388/15/2394
f 2388/15/2394 2414/34/2413 2413/35/2414 2389/17/2396
f 2389/17/2396 2413/35/2414 2412/36/2415 2390/19/2398
f 2390/19/2398 2412/36/2415 2411/37/2416 2391/21/2400
f 2391/21/2400 2411/37/2416 2410/38/2417 2392/23/2402
f 2392/23/2402 2410/38/2417 2409/39/2418 2393/25/2404
f 2393/25/2404 2409/39/2418 2408/27/2406 2394/1/2380
f 2433/1/2419 2420/2/2420 2422/3/2421 2434/4/2422
f 2419/5/2423 2423/6/2424 2444/7/2425 2421/8/2426
f 2423/6/2424 2424/9/2427 2443/10/2428 2444/7/2425
f 2424/9/2427 2425/11/2429 2442/12/2430 2443/10/2428
f 2425/11/2429 2426/13/2431 2441/14/2432 2442/12/2430
f 2426/13/2431 2427/15/2433 2440/16/2434 2441/14/2432
f 2427/15/2433 2428/17/2435 2439/18/2436 2440/16/2434
f 2428/17/2435 2429/19/2437 2438/20/2438 2439/18/2436
f 2429/19/2437 2430/21/2439 2437/22/2440 2438/20/2438
f 2430/21/2439 2431/23/2441 2436/24/2442 2437/22/2440
f 2431/23/2441 2432/25/2443 2435/26/2444 2436/24/2442
f 2432/25/2443 2433/1/2419 2434/4/2422 2435/26/2444
f 2433/1/2419 2447/27/2445 2446/28/2446 2420/2/2420
f 2419/5/2423 2445/29/2447 2457/30/2448 2423/6/2424
f 2423/6/2424 2457/30/2448 2456/31/2449 2424/9/2427
f 2424/9/2427 2456/31/2449 2455/32/2450 2425/11/2429
f 2425/11/2429 2455/32/2450 2454/33/2451 2426/13/2431
f 2426/13/2431 2454/33/2451 2453/34/2452 2427/15/2433
f 2427/15/2433 2453/34/2452 2452/35/2453 2428/17/2435
f 2428/17/2435 2452/35/2453 2451/36/2454 2429/19/2437
f 2429/19/2437 2451/36/2454 2450/37/2455 2430/21/2439
f 2430/21/2439 2450/37/2455 2449/38/2456 2431/23/2441
f 2431/23/2441 2449/38/2456 2448/39/2457 2432/25/2443
f 2432/25/2443 2448/39/2457 2447/27/2445 2433/1/2419
f 2472/1/2458 2459/2/2459 2461/3/2460 2473/4/2461
f 2458/5/2462 2462/6/2463 2483/7/2464 2460/8/2465
f 2462/6/2463 2463/9/2466 2482/10/2467 2483/7/2464
f 2463/9/2466 2464/11/2468 2481/12/2469 2482/10/2467
f 2464/11/2468 2465/13/2470 2480/14/2471 2481/12/2469
f 2465/13/2470 2466/15/2472 2479/16/2473 2480/14/2471
f 2466/15/2472 2467/17/2474 2478/18/2475 2479/16/2473
f 2467/17/2474 2468/19/2476 2477/20/2477 2478/18/2475
f 2468/19/2476 2469/21/2478 2476/22/2479 2477/20/2477
f 2469/21/2478 2470/23/2480 2475/24/2481 2476/22/2479
f 2470/23/2480 2471/25/2482 2474/26/2483 2475/24/2481
f 2471/25/2482 2472/1/2458 2473/4/2461 2474/26/2483
f 2472/1/2458 2486/27/2484 2485/28/2485 2459/2/2459
f 2458/5/2462 2484/29/2486 2496/30/2487 2462/6/2463
f 2462/6/2463 2496/30/2487 2495/31/2488 2463/9/2466
f 2463/9/2466 2495/31/2488 2494/32/2489 2464/11/2468
f 2464/11/2468 2494/32/2489 2493/33/2490 2465/13/2470
f 2465/13/2470 2493/33/2490 2492/34/2491 2466/15/2472
f 2466/15/2472 2492/34/2491 2491/35/2492 2467/17/2474
f 2467/17/2474 2491/35/2492 2490/36/2493 2468/19/2476
f 2468/19/2476 2490/36/2493 2489/37/2494 2469/21/2478
f 2469/21/2478 2489/37/2494 2488/38/2495 2470/23/2480
f 2470/23/2480 2488/38/2495 2487/39/2496 2471/25/2482
f 2471/25/2482 2487/39/2496 2486/27/2484 2472/1/2458
f 2511/1/2497 2498/2/2498 2500/3/2499 2512/4/2500
f 2497/5/2501 2501/6/2502 2522/7/2503 2499/8/2504
f 2501/6/2502 2502/9/2505 2521/10/2506 2522/7/2503
f 2502/9/2505 2503/11/2507 2520/12/2508 2521/10/2506
f 2503/11/2507 2504/13/2509 2519/14/2510 2520/12/2508
f 2504/13/2509 2505/15/2511 2518/16/2512 2519/14/2510
f 2505/15/2511 2506/17/2513 2517/18/2514 2518/16/2512
f 2506/17/2513 2507/19/2515 2516/20/2516 2517/18/2514
f 2507/19/2515 2508/21/2517 2515/22/2518 2516/20/2516
f 2508/21/2517 2509/23/2519 2514/24/2520 2515/22/2518
f 2509/23/2519 2510/25/2521 2513/26/2522 2514/24/2520
f 2510/25/2521 2511/1/2497 2512/4/2500 2513/26/2522
f 2511/1/2497 2525/27/2523 2524/28/2524 2498/2/2498
f 2497/5/2501 2523/29/2525 2535/30/2526 2501/6/2502
f 2501/6/2502 2535/30/2526 2534/31/2527 2502/9/2505
f 2502/9/2505 2534/31/2527 2533/32/2528 2503/11/2507
f 2503/11/2507 2533/32/2528 2532/33/2529 2504/13/2509
f 2504/13/2509 2532/33/2529 2531/34/2530 2505/15/2511
f 2505/15/2511 2531/34/2530 2530/35/2531 2506/17/2513
f 2506/17/2513 2530/35/2531 2529/36/2532 2507/19/2515
f 2507/19/2515 2529/36/2532 2528/37/2533 2508/21/2517
f 2508/21/2517 2528/37/2533 2527/38/2534 2509/23/2519
f 2509/23/2519 2527/38/2534 2526/39/2535 2510/25/2521
f 2510/25/2521 2526/39/2535 2525/27/2523 2511/1/2497
f 2550/1/2536 2537/2/2537 2539/3/2538 2551/4/2539
f 2536/5/2540 2540/6/2541 2561/7/2542 2538/8/2543
f 2540/6/2541 2541/9/2544 2560/10/2545 2561/7/2542
f 2541/9/2544 2542/11/2546 2559/12/2547 2560/10/2545
f 2542/11/2546 2543/13/2548 2558/14/2549 2559/12/2547
f 2543/13/2548 2544/15/2550 2557/16/2551 2558/14/2549
f 2544/15/2550 2545/17/2552 2556/18/2553 2557/16/2551
f 2545/17/2552 2546/19/2554 2555/20/2555 2556/18/2553
f 2546/19/2554 2547/21/2556 2554/22/2557 2555/20/2555
f 2547/21/2556 2548/23/2558 2553/24/2559 2554/22/2557
f 2548/23/2558 2549/25/2560 2552/26/2561 2553/24/2559
f 2549/25/2560 2550/1/2536 2551/4/2539 2552/26/2561
f 2550/1/2536 2564/27/2562 2563/28/2563 2537/2/2537
f 2536/5/2540 2562/29/2564 2574/30/2565 2540/6/2541
f 2540/6/2541 2574/30/2565 2573/31/2566 2541/9/2544
f 2541/9/2544 2573/31/2566 2572/32/2567 2542/11/2546
f 2542/11/2546 2572/32/2567 2571/33/2568 2543/13/2548
f 2543/13/2548 2571/33/2568 2570/34/2569 2544/15/2550
f 2544/15/2550 2570/34/2569 2569/35/2570 2545/17/2552
f 2545/17/2552 2569/35/2570 2568/36/2571 2546/19/2554
f 2546/19/2554 2568/36/2571 2567/37/2572 2547/21/2556
f 2547/21/2556 2567/37/2572 2566/38/2573 2548/23/2558
f 2548/23/2558 2566/38/2573 2565/39/2574 2549/25/2560
f 2549/25/2560 2565/39/2574 2564/27/2562 2550/1/2536
f 2589/1/2575 2576/2/2576 2578/3/2577 2590/4/2578
f 2575/5/2579 2579/6/2580 2600/7/2581 2577/8/2582
f 2579/6/2580 2580/9/2583 2599/10/2584 2600/7/2581
f 2580/9/2583 2581/11/2585 2598/12/2586 2599/10/2584
f 2581/11/2585 2582/13/2587 2597/14/2588 2598/12/2586
f 2582/13/2587 2583/15/2589 2596/16/2590 2597/14/2588
f 2583/15/2589 2584/17/2591 2595/18/2592 2596/16/2590
f 2584/17/2591 2585/19/2593 2594/20/2594 2595/18/2592
f 2585/19/2593 2586/21/2595 2593/22/2596 2594/20/2594
f 2586/21/2595 2587/23/2597 2592/24/2598 2593/22/2596
f 2587/23/2597 2588/25/2599 2591/26/2600 2592/24/2598
f 2588/25/2599 2589/1/2575 2590/4/2578 2591/26/2600
f 2589/1/2575 2603/27/2601 2602/28/2602 2576/2/2576
f 2575/5/2579 2601/29/2603 2613/30/2604 2579/6/2580
f 2579/6/2580 2613/30/2604 2612/31/2605 2580/9/2583
f 2580/9/2583 2612/31/2605 2611/32/2606 2581/11/2585
f 2581/11/2585 2611/32/2606 2610/33/2607 2582/13/2587
f 2582/13/2587 2610/33/2607 2609/34/2608 2583/15/2589
f 2583/15/2589 2609/34/2608 2608/35/2609 2584/17/2591
f 2584/17/2591 2608/35/2609 2607/36/2610 2585/19/2593
f 2585/19/2593 2607/36/2610 2606/37/2611 2586/21/2595
f 2586/21/2595 2606/37/2611 2605/38/2612 2587/23/2597
f 2587/23/2597 2605/38/2612 2604/39/2613 2588/25/2599
f 2588/25/2599 2604/39/2613 2603/27/2601 2589/1/2575
f 2628/1/2614 2615/2/2615 2617/3/2616 2629/4/2617
f 2614/5/2618 2618/6/2619 2639/7/2620 2616/8/2621
f 2618/6/2619 2619/9/2622 2638/10/2623 2639/7/2620
f 2619/9/2622 2620/11/2624 2637/12/2625 2638/10/2623
f 2620/11/2624 2621/13/2626 2636/14/2627 2637/12/2625
f 2621/13/2626 2622/15/2628 2635/16/2629 2636/14/2627
f 2622/15/2628 2623/17/2630 2634/18/2631 2635/16/2629
f 2623/17/2630 2624/19/2632 2633/20/2633 2634/18/2631
f 2624/19/2632 2625/21/2634 2632/22/2635 2633/20/2633
f 2625/21/2634 2626/23/2636 2631/24/2637 2632/22/2635
f 2626/23/2636 2627/25/2638 2630/26/2639 2631/24/2637
f 2627/25/2638 2628/1/2614 2629/4/2617 2630/26/2639
f 2628/1/2614 2642/27/2640 2641/28/2641 2615/2/2615
f 2614/5/2618 2640/29/2642 2652/30/2643 2618/6/2619
f 2618/6/2619 2652/30/2643 2651/31/2644 2619/9/2622
f 2619/9/2622 2651/31/2644 2650/32/2645 2620/11/2624
f 2620/11/2624 2650/32/2645 2649/33/2646 2621/13/2626
f 2621/13/2626 2649/33/2646 2648/34/2647 2622/15/2628
f 2622/15/2628 2648/34/2647 2647/35/2648 2623/17/2630
f 2623/17/2630 2647/35/2648 2646/36/2649 2624/19/2632
f 2624/19/2632 2646/36/2649 2645/37/2650 2625/21/2634
f 2625/21/2634 2645/37/2650 2644/38/2651 2626/23/2636
f 2626/23/2636 2644/38/2651 2643/39/2652 2627/25/2638
f 2627/25/2638 2643/39/2652 2642/27/2640 2628/1/2614
f 2667/1/2653 2654/2/2654 2656/3/2655 2668/4/2656
f 2653/5/2657 2657/6/2658 2678/7/2659 2655/8/2660
f 2657/6/2658 2658/9/2661 2677/10/2662 2678/7/2659
f 2658/9/2661 2659/11/2663 2676/12/2664 2677/10/2662
f 2659/11/2663 2660/13/2665 2675/14/2666 2676/12/2664
f 2660/13/2665 2661/15/2667 2674/16/2668 2675/14/2666
f 2661/15/2667 2662/17/2669 2673/18/2670 2674/16/2668
f 2662/17/2669 2663/19/2671 2672/20/2672 2673/18/2670
f 2663/19/2671 2664/21/2673 2671/22/2674 2672/20/2672
f 2664/21/2673 2665/23/2675 2670/24/2676 2671/22/2674
f 2665/23/2675 2666/25/2677 2669/26/2678 2670/24/2676
f 2666/25/2677 2667/1/2653 2668/4/2656 2669/26/2678
f 2667/1/2653 2681/27/2679 2680/28/2680 2654/2/2654
f 2653/5/2657 2679/29/2681 2691/30/2682 2657/6/2658
f 2657/6/2658 2691/30/2682 2690/31/2683 2658/9/2661
f 2658/9/2661 2690/31/2683 2689/32/2684 2659/11/2663
f 2659/11/2663 2689/32/2684 2688/33/2685 2660/13/2665
f 2660/13/2665 2688/33/2685 2687/34/2686 2661/15/2667
f 2661/15/2667 2687/34/2686 2686/35/2687 2662/17/2669
f 2662/17/2669 2686/35/2687 2685/36/2688 2663/19/2671
f 2663/19/2671 2685/36/2688 2684/37/2689 2664/21/2673
f 2664/21/2673 2684/37/2689 2683/38/2690 2665/23/2675
f 2665/23/2675 2683/38/2690 2682/39/2691 2666/25/2677
f 2666/25/2677 2682/39/2691 2681/27/2679 2667/1/2653
f 2706/1/2692 2693/2/2693 2695/3/2694 2707/4/2695
f 2692/5/2696 2696/6/2697 2717/7/2698 2694/8/2699
f 2696/6/2697 2697/9/2700 2716/10/2701 2717/7/2698
f 2697/9/2700 2698/11/2702 2715/12/2703 2716/10/2701
f 2698/11/2702 2699/13/2704 2714/14/2705 2715/12/2703
f 2699/13/2704 2700/15/2706 2713/16/2707 2714/14/2705
f 2700/15/2706 2701/17/2708 2712/18/2709 2713/16/2707
f 2701/17/2708 2702/19/2710 2711/20/2711 2712/18/2709
f 2702/19/2710 2703/21/2712 2710/22/2713 2711/20/2711
f 2703/21/2712 2704/23/2714 2709/24/2715 2710/22/2713
f 2704/23/2714 2705/25/2716 2708/26/2717 2709/24/2715
f 2705/25/2716 2706/1/2692 2707/4/2695 2708/26/2717
f 2706/1/2692 2720/27/2718 2719/28/2719 2693/2/2693
f 2692/5/2696 2718/29/2720 2730/30/2721 2696/6/2697
f 2696/6/2697 2730/30/2721 2729/31/2722 2697/9/2700
f 2697/9/2700 2729/31/2722 2728/32/2723 2698/11/2702
f 2698/11/2702 2728/32/2723 2727/33/2724 2699/13/2704
f 2699/13/2704 2727/33/2724 2726/34/2725 2700/15/2706
f 2700/15/2706 2726/34/2725 2725/35/2726 2701/17/2708
f 2701/17/2708 2725/35/2726 2724/36/2727 2702/19/2710
f 2702/19/2710 2724/36/2727 2723/37/2728 2703/21/2712
f 2703/21/2712 2723/37/2728 2722/38/2729 2704/23/2714
f 2704/23/2714 2722/38/2729 2721/39/2730 2705/25/2716
f 2705/25/2716 2721/39/2730 2720/27/2718 2706/1/2692
f 2745/1/2731 2732/2/2732 2734/3/2733 2746/4/2734
f 2731/5/2735 2735/6/2736 2756/7/2737 2733/8/2738
f 2735/6/2736 2736/9/2739 2755/10/2740 2756/7/2737
f 2736/9/2739 2737/11/2741 2754/12/2742 2755/10/2740
f 2737/11/2741 2738/13/2743 2753/14/2744 2754/12/2742
f 2738/13/2743 2739/15/2745 2752/16/2746 2753/14/2744
f 2739/15/2745 2740/17/2747 2751/18/2748 2752/16/2746
f 2740/17/2747 2741/19/2749 2750/20/2750 2751/18/2748
f 2741/19/2749 2742/21/2751 2749/22/2752 2750/20/2750
f 2742/21/2751 2743/23/2753 2748/24/2754 2749/22/2752
f 2743/23/2753 2744/25/2755 2747/26/2756 2748/24/2754
f 2744/25/2755 2745/1/2731 2746/4/2734 2747/26/2756
f 2745/1/2731 2759/27/2757 2758/28/2758 2732/2/2732
f 2731/5/2735 2757/29/2759 2769/30/2760 2735/6/2736
f 2735/6/2736 2769/30/2760 2768/31/2761 2736/9/2739
f 2736/9/2739 2768/31/2761 2767/32/2762 2737/11/2741
f 2737/11/2741 2767/32/2762 2766/33/2763 2738/13/2743
f 2738/13/2743 2766/33/2763 2765/34/2764 2739/15/2745
f 2739/15/2745 2765/34/2764 2764/35/2765 2740/17/2747
f 2740/17/2747 2764/35/2765 2763/36/2766 2741/19/2749
f 2741/19/2749 2763/36/2766 2762/37/2767 2742/21/2751
f 2742/21/2751 2762/37/2767 2761/38/2768 2743/23/2753
f 2743/23/2753 2761/38/2768 2760/39/2769 2744/25/2755
f 2744/25/2755 2760/39/2769 2759/27/2757 2745/1/2731
f 2784/1/2770 2771/2/2771 2773/3/2772 2785/4/2773
f 2770/5/2774 2774/6/2775 2795/7/2776 2772/8/2777
f 2774/6/2775 2775/9/2778 2794/10/2779 2795/7/2776
f 2775/9/2778 2776/11/2780 2793/12/2781 2794/10/2779
f 2776/11/2780 2777/13/2782 2792/14/2783 2793/12/2781
f 2777/13/2782 2778/15/2784 2791/16/2785 2792/14/2783
f 2778/15/2784 2779/17/2786 2790/18/2787 2791/16/2785
f 2779/17/2786 2780/19/2788 2789/20/2789 2790/18/2787
f 2780/19/2788 2781/21/2790 2788/22/2791 2789/20/2789
f 2781/21/2790 2782/23/2792 2787/24/2793 2788/22/2791
f 2782/23/2792 2783/25/2794 2786/26/2795 2787/24/2793
f 2783/25/2794 2784/1/2770 2785/4/2773 2786/26/2795
f 2784/1/2770 2798/27/2796 2797/28/2797 2771/2/2771
f 2770/5/2774 2796/29/2798 2808/30/2799 2774/6/2775
f 2774/6/2775 2808/30/2799 2807/31/2800 2775/9/2778
f 2775/9/2778 2807/31/2800 2806/32/2801 2776/11/2780
f 2776/11/2780 2806/32/2801 2805/33/2802 2777/13/2782
f 2777/13/2782 2805/33/2802 2804/34/2803 2778/15/2784
f 2778/15/2784 2804/34/2803 2803/35/2804 2779/17/2786
f 2779/17/2786 2803/35/2804 2802/36/2805 2780/19/2788
f 2780/19/2788 2802/36/2805 2801/37/2806 2781/21/2790
f 2781/21/2790 2801/37/2806 2800/38/2807 2782/23/2792
f 2782/23/2792 2800/38/2807 2799/39/2808 2783/25/2794
f 2783/25/2794 2799/39/2808 2798/27/2796 2784/1/2770
f 2823/1/2809 2810/2/2810 2812/3/2811 2824/4/2812
f 2809/5/2813 2813/6/2814 2834/7/2815 2811/8/2816
f 2813/6/2814 2814/9/2817 2833/10/2818 2834/7/2815
f 2814/9/2817 2815/11/2819 2832/12/2820 2833/10/2818
f 2815/11/2819 2816/13/2821 2831/14/2822 2832/12/2820
f 2816/13/2821 2817/15/2823 2830/16/2824 2831/14/2822
f 2817/15/2823 2818/17/2825 2829/18/2826 2830/16/2824
f 2818/17/2825 2819/19/2827 2828/20/2828 2829/18/2826
f 2819/19/2827 2820/21/2829 2827/22/2830 2828/20/2828
f 2820/21/2829 2821/23/2831 2826/24/2832 2827/22/2830
f 2821/23/2831 2822/25/2833 2825/26/2834 2826/24/2832
f 2822/25/2833 2823/1/2809 2824/4/2812 2825/26/2834
f 2823/1/2809 2837/27/2835 2836/28/2836 2810/2/2810
f 2809/5/2813 2835/29/2837 2847/30/2838 2813/6/2814
f 2813/6/2814 2847/30/2838 2846/31/2839 2814/9/2817
f 2814/9/2817 2846/31/2839 2845/32/2840 2815/11/2819
f 2815/11/2819 2845/32/2840 2844/33/2841 2816/13/2821
f 2816/13/2821 2844/33/2841 2843/34/2842 2817/15/2823
f 2817/15/2823 2843/34/2842 2842/35/2843 2818/17/2825
f 2818/17/2825 2842/35/2843 2841/36/2844 2819/19/2827
f 2819/19/2827 2841/36/2844 2840/37/2845 2820/21/2829
f 2820/21/2829 2840/37/2845 2839/38/2846 2821/23/2831
f 2821/23/2831 2839/38/2846 2838/39/2847 2822/25/2833
f 2822/25/2833 2838/39/2847 2837/27/2835 2823/1/2809
f 2862/1/2848 2849/2/2849 2851/3/2850 2863/4/2851
f 2848/5/2852 2852/6/2853 2873/7/2854 2850/8/2855
f 2852/6/2853 2853/9/2856 2872/10/2857 2873/7/2854
f 2853/9/2856 2854/11/2858 2871/12/2859 2872/10/2857
f 2854/11/2858 2855/13/2860 2870/14/2861 2871/12/2859
f 2855/13/2860 2856/15/2862 2869/16/2863 2870/14/2861
f 2856/15/2862 2857/17/2864 2868/18/2865 2869/16/2863
f 2857/17/2864 2858/19/2866 2867/20/2867 2868/18/2865
f 2858/19/2866 2859/21/2868 2866/22/2869 2867/20/2867
f 2859/21/2868 2860/23/2870 2865/24/2871 2866/22/2869
f 2860/23/2870 2861/25/2872 2864/26/2873 2865/24/2871
f 2861/25/2872 2862/1/2848 2863/4/2851 2864/26/2873
f 2862/1/2848 2876/27/2874 2875/28/2875 2849/2/2849
f 2848/5/2852 2874/29/2876 2886/30/2877 2852/6/2853
f 2852/6/2853 2886/30/2877 2885/31/2878 2853/9/2856
f 2853/9/2856 2885/31/2878 2884/32/2879 2854/11/2858
f 2854/11/2858 2884/32/2879 2883/33/2880 2855/13/2860
f 2855/13/2860 2883/33/2880 2882/34/2881 2856/15/2862
f 2856/15/2862 2882/34/2881 2881/35/2882 2857/17/2864
f 2857/17/2864 2881/35/2882 2880/36/2883 2858/19/2866
f 2858/19/2866 2880/36/2883 2879/37/2884 2859/21/2868
f 2859/21/2868 2879/37/2884 2878/38/2885 2860/23/2870
f 2860/23/2870 2878/38/2885 2877/39/2886 2861/25/2872
f 2861/25/2872 2877/39/2886 2876/27/2874 2862/1/2848
f 2901/1/2887 2888/2/2888 2890/3/2889 2902/4/2890
f 2887/5/2891 2891/6/2892 2912/7/2893 2889/8/2894
f 2891/6/2892 2892/9/2895 2911/10/2896 2912/7/2893
f 2892/9/2895 2893/11/2897 2910/12/2898 2911/10/2896
f 2893/11/2897 2894/13/2899 2909/14/2900 2910/12/2898
f 2894/13/2899 2895/15/2901 2908/16/2902 2909/14/2900
f 2895/15/2901 2896/17/2903 2907/18/2904 2908/16/2902
f 2896/17/2903 2897/19/2905 2906/20/2906 2907/18/2904
f 2897/19/2905 2898/21/2907 2905/22/2908 2906/20/2906
f 2898/21/2907 2899/23/2909 2904/24/2910 2905/22/2908
f 2899/23/2909 2900/25/2911 2903/26/2912 2904/24/2910
f 2900/25/2911 2901/1/2887 2902/4/2890 2903/26/2912
f 2901/1/2887 2915/27/2913 2914/28/2914 2888/2/2888
f 2887/5/2891 2913/29/2915 2925/30/2916 2891/6/2892
f 2891/6/2892 2925/30/2916 2924/31/2917 2892/9/2895
f 2892/9/2895 2924/31/2917 2923/32/2918 2893/11/2897
f 2893/11/2897 2923/32/2918 2922/33/2919 2894/13/2899
f 2894/13/2899 2922/33/2919 2921/34/2920 2895/15/2901
f 2895/15/2901 2921/34/2920 2920/35/2921 2896/17/2903
f 2896/17/2903 2920/35/2921 2919/36/2922 2897/19/2905
f 2897/19/2905 2919/36/2922 2918/37/2923 2898/21/2907
f 2898/21/2907 2918/37/2923 2917/38/2924 2899/23/2909
f 2899/23/2909 2917/38/2924 2916/39/2925 2900/25/2911
f 2900/25/2911 2916/39/2925 2915/27/2913 2901/1/2887
f 2940/1/2926 2927/2/2927 2929/3/2928 2941/4/2929
f 2926/5/2930 2930/6/2931 2951/7/2932 2928/8/2933
f 2930/6/2931 2931/9/2934 2950/10/2935 2951/7/2932
f 2931/9/2934 2932/11/2936 2949/12/2937 2950/10/2935
f 2932/11/2936 2933/13/2938 2948/14/2939 2949/12/2937
f 2933/13/2938 2934/15/2940 2947/16/2941 2948/14/2939
f 2934/15/2940 2935/17/2942 2946/18/2943 2947/16/2941
f 2935/17/2942 2936/19/2944 2945/20/2945 2946/18/2943
f 2936/19/2944 2937/21/2946 2944/22/2947 2945/20/2945
f 2937/21/2946 2938/23/2948 2943/24/2949 2944/22/2947
f 2938/23/2948 2939/25/2950 2942/26/2951 2943/24/2949
f 2939/25/2950 2940/1/2926 2941/4/2929 2942/26/2951
f 2940/1/2926 2954/27/2952 2953/28/2953 2927/2/2927
f 2926/5/2930 2952/29/2954 2964/30/2955 2930/6/2931
f 2930/6/2931 2964/30/2955 2963/31/2956 2931/9/2934
f 2931/9/2934 2963/31/2956 2962/32/2957 2932/11/2936
f 2932/11/2936 2962/32/2957 2961/33/2958 2933/13/2938
f 2933/13/2938 2961/33/2958 2960/34/2959 2934/15/2940
f 2934/15/2940 2960/34/2959 2959/35/2960 2935/17/2942
f 2935/17/2942 2959/35/2960 2958/36/2961 2936/19/2944
f 2936/19/2944 2958/36/2961 2957/37/2962 2937/21/2946
f 2937/21/2946 2957/37/2962 2956/38/2963 2938/23/2948
f 2938/23/2948 2956/38/2963 2955/39/2964 2939/25/2950
f 2939/25/2950 2955/39/2964 2954/27/2952 2940/1/2926
f 2979/1/2965 2966/2/2966 2968/3/2967 2980/4/2968
f 2965/5/2969 2969/6/2970 2990/7/2971 2967/8/2972
f 2969/6/2970 2970/9/2973 2989/10/2974 2990/7/2971
f 2970/9/2973 2971/11/2975 2988/12/2976 2989/10/2974
f 2971/11/2975 2972/13/2977 2987/14/2978 2988/12/2976
f 2972/13/2977 2973/15/2979 2986/16/2980 2987/14/2978
f 2973/15/2979 2974/17/2981 2985/18/2982 2986/16/2980
f 2974/17/2981 2975/19/2983 2984/20/2984 2985/18/2982
f 2975/19/2983 2976/21/2985 2983/22/2986 2984/20/2984
f 2976/21/2985 2977/23/2987 2982/24/2988 2983/22/2986
f 2977/23/2987 2978/25/2989 2981/26/2990 2982/24/2988
f 2978/25/2989 2979/1/2965 2980/4/2968 2981/26/2990
f 2979/1/2965 2993/27/2991 2992/28/2992 2966/2/2966
f 2965/5/2969 2991/29/2993 3003/30/2994 2969/6/2970
f 2969/6/2970 3003/30/2994 3002/31/2995 2970/9/2973
f 2970/9/2973 3002/31/2995 3001/32/2996 2971/11/2975
f 2971/11/2975 3001/32/2996 3000/33/2997 2972/13/2977
f 2972/13/2977 3000/33/2997 2999/34/2998 2973/15/2979
f 2973/15/2979 2999/34/2998 2998/35/2999 2974/17/2981
f 2974/17/2981 2998/35/2999 2997/36/3000 2975/19/2983
f 2975/19/2983 2997/36/3000 2996/37/3001 2976/21/2985
f 2976/21/2985 2996/37/3001 2995/38/3002 2977/23/2987
f 2977/23/2987 2995/38/3002 2994/39/3003 2978/25/2989
f 2978/25/2989 2994/39/3003 2993/27/2991 2979/1/2965
f 3018/1/3004 3005/2/3005 3007/3/3006 3019/4/3007
f 3004/5/3008 3008/6/3009 3029/7/3010 3006/8/3011
f 3008/6/3009 3009/9/3012 3028/10/3013 3029/7/3010
f 3009/9/3012 3010/11/3014 3027/12/3015 3028/10/3013
f 3010/11/3014 3011/13/3016 3026/14/3017 3027/12/3015
f 3011/13/3016 3012/15/3018 3025/16/3019 3026/14/3017
f 3012/15/3018 3013/17/3020 3024/18/3021 3025/16/3019
f 3013/17/3020 3014/19/3022 3023/20/3023 3024/18/3021
f 3014/19/3022 3015/21/3024 3022/22/3025 3023/20/3023
f 3015/21/3024 3016/23/3026 3021/24/3027 3022/22/3025
f 3016/23/3026 3017/25/3028 3020/26/3029 3021/24/3027
f 3017/25/3028 3018/1/3004 3019/4/3007 3020/26/3029
f 3018/1/3004 3032/27/3030 3031/28/3031 3005/2/3005
f 3004/5/3008 3030/29/3032 3042/30/3033 3008/6/3009
f 3008/6/3009 3042/30/3033 3041/31/3034 3009/9/3012
f 3009/9/3012 3041/31/3034 3040/32/3035 3010/11/3014
f 3010/11/3014 3040/32/3035 3039/33/3036 3011/13/3016
f 3011/13/3016 3039/33/3036 3038/34/3037 3012/15/3018
f 3012/15/3018 3038/34/3037 3037/35/3038 3013/17/3020
f 3013/17/3020 3037/35/3038 3036/36/3039 3014/19/3022
f 3014/19/3022 3036/36/3039 3035/37/3040 3015/21/3024
f 3015/21/3024 3035/37/3040 3034/38/3041 3016/23/3026
f 3016/23/3026 3034/38/3041 3033/39/3042 3017/25/3028
f 3017/25/3028 3033/39/3042 3032/27/3030 3018/1/3004
f 3057/1/3043 3044/2/3044 3046/3/3045 3058/4/3046
f 3043/5/3047 3047/6/3048 3068/7/3049 3045/8/3050
f 3047/6/3048 3048/9/3051 3067/10/3052 3068/7/3049
f 3048/9/3051 3049/11/3053 3066/12/3054 3067/10/3052
f 3049/11/3053 3050/13/3055 3065/14/3056 3066/12/3054
f 3050/13/3055 3051/15/3057 3064/16/3058 3065/14/3056
f 3051/15/3057 3052/17/3059 3063/18/3060 3064/16/3058
f 3052/17/3059 3053/19/3061 3062/20/3062 3063/18/3060
f 3053/19/3061 3054/21/3063 3061/22/3064 3062/20/3062
f 3054/21/3063 3055/23/3065 3060/24/3066 3061/22/3064
f 3055/23/3065 3056/25/3067 3059/26/3068 3060/24/3066
f 3056/25/3067 3057/1/3043 3058/4/3046 3059/26/3068
f 3057/1/3043 3071/27/3069 3070/28/3070 3044/2/3044
f 3043/5/3047 3069/29/3071 3081/30/3072 3047/6/3048
f 3047/6/3048 3081/30/3072 3080/31/3073 3048/9/3051
f 3048/9/3051 3080/31/3073 3079/32/3074 3049/11/3053
f 3049/11/3053 3079/32/3074 3078/33/3075 3050/13/3055
f 3050/13/3055 3078/33/3075 3077/34/3076 3051/15/3057
f 3051/15/3057 3077/34/3076 3076/35/3077 3052/17/3059
f 3052/17/3059 3076/35/3077 3075/36/3078 3053/19/3061
f 3053/19/3061 3075/36/3078 3074/37/3079 3054/21/3063
f 3054/21/3063 3074/37/3079 3073/38/3080 3055/23/3065
f 3055/23/3065 3073/38/3080 3072/39/3081 3056/25/3067
f 3056/25/3067 3072/39/3081 3071/27/3069 3057/1/3043
f 3096/1/3082 3083/2/3083 3085/3/3084 3097/4/3085
f 3082/5/3086 3086/6/3087 3107/7/3088 3084/8/3089
f 3086/6/3087 3087/9/3090 3106/10/3091 3107/7/3088
f 3087/9/3090 3088/11/3092 3105/12/3093 3106/10/3091
f 3088/11/3092 3089/13/3094 3104/14/3095 3105/12/3093
f 3089/13/3094 3090/15/3096 3103/16/3097 3104/14/3095
f 3090/15/3096 3091/17/3098 3102/18/3099 3103/16/3097
f 3091/17/3098 3092/19/3100 3101/20/3101 3102/18/3099
f 3092/19/3100 3093/21/3102 3100/22/3103 3101/20/3101
f 3093/21/3102 3094/23/3104 3099/24/3105 3100/22/3103
f 3094/23/3104 3095/25/3106 3098/26/3107 3099/24/3105
f 3095/25/3106 3096/1/3082 3097/4/3085 3098/26/3107
f 3096/1/3082 3110/27/3108 3109/28/3109 3083/2/3083
f 3082/5/3086 3108/29/3110 3120/30/3111 3086/6/3087
f 3086/6/3087 3120/30/3111 3119/31/3112 3087/9/3090
f 3087/9/3090 3119/31/3112 3118/32/3113 3088/11/3092
f 3088/11/3092 3118/32/3113 3117/33/3114 3089/13/3094
f 3089/13/3094 3117/33/3114 3116/34/3115 3090/15/3096
f 3090/15/3096 3116/34/3115 3115/35/3116 3091/17/3098
f 3091/17/3098 3115/35/3116 3114/36/3117 3092/19/3100
f 3092/19/3100 3114/36/3117 3113/37/3118 3093/21/3102
f 3093/21/3102 3113/37/3118 3112/38/3119 3094/23/3104
f 3094/23/3104 3112/38/3119 3111/39/3120 3095/25/3106
f 3095/25/3106 3111/39/3120 3110/27/3108 3096/1/3082
f 3135/1/3121 3122/2/3122 3124/3/3123 3136/4/3124
f 3121/5/3125 3125/6/3126 3146/7/3127 3123/8/3128
f 3125/6/3126 3126/9/3129 3145/10/3130 3146/7/3127
f 3126/9/3129 3127/11/3131 3144/12/3132 3145/10/3130
f 3127/11/3131 3128/13/3133 3143/14/3134 3144/12/3132
f 3128/13/3133 3129/15/3135 3142/16/3136 3143/14/3134
f 3129/15/3135 3130/17/3137 3141/18/3138 3142/16/3136
f 3130/17/3137 3131/19/3139 3140/20/3140 3141/18/3138
f 3131/19/3139 3132/21/3141 3139/22/3142 3140/20/3140
f 3132/21/3141 3133/23/3143 3138/24/3144 3139/22/3142
f 3133/23/3143 3134/25/3145 3137/26/3146 3138/24/3144
f 3134/25/3145 3135/1/3121 3136/4/3124 3137/26/3146
f 3135/1/3121 3149/27/3147 3148/28/3148 3122/2/3122
f 3121/5/3125 3147/29/3149 3159/30/3150 3125/6/3126
f 3125/6/3126 3159/30/3150 3158/31/3151 3126/9/3129
f 3126/9/3129 3158/31/3151 3157/32/3152 3127/11/3131
f 3127/11/3131 3157/32/3152 3156/33/3153 3128/13/3133
f 3128/13/3133 3156/33/3153 3155/34/3154 3129/15/3135
f 3129/15/3135 3155/34/3154 3154/35/3155 3130/17/3137
f 3130/17/3137 3154/35/3155 3153/36/3156 3131/19/3139
f 3131/19/3139 3153/36/3156 3152/37/3157 3132/21/3141
f 3132/21/3141 3152/37/3157 3151/38/3158 3133/23/3143
f 3133/23/3143 3151/38/3158 3150/39/3159 3134/25/3145
f 3134/25/3145 3150/39/3159 3149/27/3147 3135/1/3121
f 3174/1/3160 3161/2/3161 3163/3/3162 3175/4/3163
f 3160/5/3164 3164/6/3165 3185/7/3166 3162/8/3167
f 3164/6/3165 3165/9/3168 3184/10/3169 3185/7/3166
f 3165/9/3168 3166/11/3170 3183/12/3171 3184/10/3169
f 3166/11/3170 3167/13/3172 3182/14/3173 3183/12/3171
f 3167/13/3172 3168/15/3174 3181/16/3175 3182/14/3173
f 3168/15/3174 3169/17/3176 3180/18/3177 3181/16/3175
f 3169/17/3176 3170/19/3178 3179/20/3179 3180/18/3177
f 3170/19/3178 3171/21/3180 3178/22/3181 3179/20/3179
f 3171/21/3180 3172/23/3182 3177/24/3183 3178/22/3181
f 3172/23/3182 3173/25/3184 3176/26/3185 3177/24/3183
f 3173/25/3184 3174/1/3160 3175/4/3163 3176/26/3185
f 3174/1/3160 3188/27/3186 3187/28/3187 3161/2/3161
f 3160/5/3164 3186/29/3188 3198/30/3189 3164/6/3165
f 3164/6/3165 3198/30/3189 3197/31/3190 3165/9/3168
f 3165/9/3168 3197/31/3190 3196/32/3191 3166/11/3170
f 3166/11/3170 3196/32/3191 3195/33/3192 3167/13/3172
f 3167/13/3172 3195/33/3192 3194/34/3193 3168/15/3174
f 3168/15/3174 3194/34/3193 3193/35/3194 3169/17/3176
f 3169/17/3176 3193/35/3194 3192/36/3195 3170/19/3178
f 3170/19/3178 3192/36/3195 3191/37/3196 3171/21/3180
f 3171/21/3180 3191/37/3196 3190/38/3197 3172/23/3182
f 3172/23/3182 3190/38/3197 3189/39/3198 3173/25/3184
f 3173/25/3184 3189/39/3198 3188/27/3186 3174/1/3160
f 3213/1/3199 3200/2/3200 3202/3/3201 3214/4/3202
f 3199/5/3203 3203/6/3204 3224/7/3205 3201/8/3206
f 3203/6/3204 3204/9/3207 3223/10/3208 3224/7/3205
f 3204/9/3207 3205/11/3209 3222/12/3210 3223/10/3208
f 3205/11/3209 3206/13/3211 3221/14/3212 3222/12/3210
f 3206/13/3211 3207/15/3213 3220/16/3214 3221/14/3212
f 3207/15/3213 3208/17/3215 3219/18/3216 3220/16/3214
f 3208/17/3215 3209/19/3217 3218/20/3218 3219/18/3216
f 3209/19/3217 3210/21/3219 3217/22/3220 3218/20/3218
f 3210/21/3219 3211/23/3221 3216/24/3222 3217/22/3220
f 3211/23/3221 3212/25/3223 3215/26/3224 3216/24/3222
f 3212/25/3223 3213/1/3199 3214/4/3202 3215/26/3224
f 3213/1/3199 3227/27/3225 3226/28/3226 3200/2/3200
f 3199/5/3203 3225/29/3227 3237/30/3228 3203/6/3204
f 3203/6/3204 3237/30/3228 3236/31/3229 3204/9/3207
f 3204/9/3207 3236/31/3229 3235/32/3230 3205/11/3209
f 3205/11/3209 3235/32/3230 3234/33/3231 3206/13/3211
f 3206/13/3211 3234/33/3231 3233/34/3232 3207/15/3213
f 3207/15/3213 3233/34/3232 3232/35/3233 3208/17/3215
f 3208/17/3215 3232/35/3233 3231/36/3234 3209/19/3217
f 3209/19/3217 3231/36/3234 3230/37/3235 3210/21/3219
f 3210/21/3219 3230/37/3235 3229/38/3236 3211/23/3221
f 3211/23/3221 3229/38/3236 3228/39/3237 3212/25/3223
f 3212/25/3223 3228/39/3237 3227/27/3225 3213/1/3199
f 3252/1/3238 3239/2/3239 3241/3/3240 3253/4/3241
f 3238/5/3242 3242/6/3243 3263/7/3244 3240/8/3245
f 3242/6/3243 3243/9/3246 3262/10/3247 3263/7/3244
f 3243/9/3246 3244/11/3248 3261/12/3249 3262/10/3247
f 3244/11/3248 3245/13/3250 3260/14/3251 3261/12/3249
f 3245/13/3250 3246/15/3252 3259/16/3253 3260/14/3251
f 3246/15/3252 3247/17/3254 3258/18/3255 3259/16/3253
f 3247/17/3254 3248/19/3256 3257/20/3257 3258/18/3255
f 3248/19/3256 3249/21/3258 3256/22/3259 3257/20/3257
f 3249/21/3258 3250/23/3260 3255/24/3261 3256/22/3259
f 3250/23/3260 3251/25/3262 3254/26/3263 3255/24/3261
f 3251/25/3262 3252/1/3238 3253/4/3241 3254/26/3263
f 3252/1/3238 3266/27/3264 3265/28/3265 3239/2/3239
f 3238/5/3242 3264/29/3266 3276/30/3267 3242/6/3243
f 3242/6/3243 3276/30/3267 3275/31/3268 3243/9/3246
f 3243/9/3246 3275/31/3268 3274/32/3269 3244/11/3248
f 3244/11/3248 3274/32/3269 3273/33/3270 3245/13/3250
f 3245/13/3250 3273/33/3270 3272/34/3271 3246/15/3252
f 3246/15/3252 3272/34/3271 3271/35/3272 3247/17/3254
f 3247/17/3254 3271/35/3272 3270/36/3273 3248/19/3256
f 3248/19/3256 3270/36/3273 3269/37/3274 3249/21/3258
f 3249/21/3258 3269/37/3274 3268/38/3275 3250/23/3260
f 3250/23/3260 3268/38/3275 3267/39/3276 3251/25/3262
f 3251/25/3262 3267/39/3276 3266/27/3264 3252/1/3238
f 3291/1/3277 3278/2/3278 3280/3/3279 3292/4/3280
f 3277/5/3281 3281/6/3282 3302/7/3283 3279/8/3284
f 3281/6/3282 3282/9/3285 3301/10/3286 3302/7/3283
f 3282/9/3285 3283/11/3287 3300/12/3288 3301/10/3286
f 3283/11/3287 3284/13/3289 3299/14/3290 3300/12/3288
f 3284/13/3289 3285/15/3291 3298/16/3292 3299/14/3290
f 3285/15/3291 3286/17/3293 3297/18/3294 3298/16/3292
f 3286/17/3293 3287/19/3295 3296/20/3296 3297/18/3294
f 3287/19/3295 3288/21/3297 3295/22/3298 3296/20/3296
f 3288/21/3297 3289/23/3299 3294/24/3300 3295/22/3298
f 3289/23/3299 3290/25/3301 3293/26/3302 3294/24/3300
f 3290/25/3301 3291/1/3277 3292/4/3280 3293/26/3302
f 3291/1/3277 3305/27/3303 3304/28/3304 3278/2/3278
f 3277/5/3281 3303/29/3305 3315/30/3306 3281/6/3282
f 3281/6/3282 3315/30/3306 3314/31/3307 3282/9/3285
f 3282/9/3285 3314/31/3307 3313/32/3308 3283/11/3287
f 3283/11/3287 3313/32/3308 3312/33/3309 3284/13/3289
f 3284/13/3289 3312/33/3309 3311/34/3310 3285/15/3291
f 3285/15/3291 3311/34/3310 3310/35/3311 3286/17/3293
f 3286/17/3293 3310/35/3311 3309/36/3312 3287/19/3295
f 3287/19/3295 3309/36/3312 3308/37/3313 3288/21/3297
f 3288/21/3297 3308/37/3313 3307/38/3314 3289/23/3299
f 3289/23/3299 3307/38/3314 3306/39/3315 3290/25/3301
f 3290/25/3301 3306/39/3315 3305/27/3303 3291/1/3277
f 3330/1/3316 3317/2/3317 3319/3/3318 3331/4/3319
f 3316/5/3320 3320/6/3321 3341/7/3322 3318/8/3323
f 3320/6/3321 3321/9/3324 3340/10/3325 3341/7/3322
f 3321/9/3324 3322/11/3326 3339/12/3327 3340/10/3325
f 3322/11/3326 3323/13/3328 3338/14/3329 3339/12/3327
f 3323/13/3328 3324/15/3330 3337/16/3331 3338/14/3329
f 3324/15/3330 3325/17/3332 3336/18/3333 3337/16/3331
f 3325/17/3332 3326/19/3334 3335/20/3335 3336/18/3333
f 3326/19/3334 3327/21/3336 3334/22/3337 3335/20/3335
f 3327/21/3336 3328/23/3338 3333/24/3339 3334/22/3337
f 3328/23/3338 3329/25/3340 3332/26/3341 3333/24/3339
f 3329/25/3340 3330/1/3316 3331/4/3319 3332/26/3341
f 3330/1/3316 3344/27/3342 3343/28/3343 3317/2/3317
f 3316/5/3320 3342/29/3344 3354/30/3345 3320/6/3321
f 3320/6/3321 3354/30/3345 3353/31/3346 3321/9/3324
f 3321/9/3324 3353/31/3346 3352/32/3347 3322/11/3326
f 3322/11/3326 3352/32/3347 3351/33/3348 3323/13/3328
f 3323/13/3328 3351/33/3348 3350/34/3349 3324/15/3330
f 3324/15/3330 3350/34/3349 3349/35/3350 3325/17/3332
f 3325/17/3332 3349/35/3350 3348/36/3351 3326/19/3334
f 3326/19/3334 3348/36/3351 3347/37/3352 3327/21/3336
f 3327/21/3336 3347/37/3352 3346/38/3353 3328/23/3338
f 3328/23/3338 3346/38/3353 3345/39/3354 3329/25/3340
f 3329/25/3340 3345/39/3354 3344/27/3342 3330/1/3316
f 3369/1/3355 3356/2/3356 3358/3/3357 3370/4/3358
f 3355/5/3359 3359/6/3360 3380/7/3361 3357/8/3362
f 3359/6/3360 3360/9/3363 3379/10/3364 3380/7/3361
f 3360/9/3363 3361/11/3365 3378/12/3366 3379/10/3364
f 3361/11/3365 3362/13/3367 3377/14/3368 3378/12/3366
f 3362/13/3367 3363/15/3369 3376/16/3370 3377/14/3368
f 3363/15/3369 3364/17/3371 3375/18/3372 3376/16/3370
f 3364/17/3371 3365/19/3373 3374/20/3374 3375/18/3372
f 3365/19/3373 3366/21/3375 3373/22/3376 3374/20/3374
f 3366/21/3375 3367/23/3377 3372/24/3378 3373/22/3376
f 3367/23/3377 3368/25/3379 3371/26/3380 3372/24/3378
f 3368/25/3379 3369/1/3355 3370/4/3358 3371/26/3380
f 3369/1/3355 3383/27/3381 3382/28/3382 3356/2/3356
f 3355/5/3359 3381/29/3383 3393/30/3384 3359/6/3360
f 3359/6/3360 3393/30/3384 3392/31/3385 3360/9/3363
f 3360/9/3363 3392/31/3385 3391/32/3386 3361/11/3365
f 3361/11/3365 3391/32/3386 3390/33/3387 3362/13/3367
f 3362/13/3367 3390/33/3387 3389/34/3388 3363/15/3369
f 3363/15/3369 3389/34/3388 3388/35/3389 3364/17/3371
f 3364/17/3371 3388/35/3389 3387/36/3390 3365/19/3373
f 3365/19/3373 3387/36/3390 3386/37/3391 3366/21/3375
f 3366/21/3375 3386/37/3391 3385/38/3392 3367/23/3377
f 3367/23/3377 3385/38/3392 3384/39/3393 3368/25/3379
f 3368/25/3379 3384/39/3393 3383/27/3381 3369/1/3355
f 3408/1/3394 3395/2/3395 3397/3/3396 3409/4/3397
f 3394/5/3398 3398/6/3399 3419/7/3400 3396/8/3401
f 3398/6/3399 3399/9/3402 3418/10/3403 3419/7/3400
f 3399/9/3402 3400/11/3404 3417/12/3405 3418/10/3403
f 3400/11/3404 3401/13/3406 3416/14/3407 3417/12/3405
f 3401/13/3406 3402/15/3408 3415/16/3409 3416/14/3407
f 3402/15/3408 3403/17/3410 3414/18/3411 3415/16/3409
f 3403/17/3410 3404/19/3412 3413/20/3413 3414/18/3411
f 3404/19/3412 3405/21/3414 3412/22/3415 3413/20/3413
f 3405/21/3414 3406/23/3416 3411/24/3417 3412/22/3415
f 3406/23/3416 3407/25/3418 3410/26/3419 3411/24/3417
f 3407/25/3418 3408/1/3394 3409/4/3397 3410/26/3419
f 3408/1/3394 3422/27/3420 3421/28/3421 3395/2/3395
f 3394/5/3398 3420/29/3422 3432/30/3423 3398/6/3399
f 3398/6/3399 3432/30/3423 3431/31/3424 3399/9/3402
f 3399/9/3402 3431/31/3424 3430/32/3425 3400/11/3404
f 3400/11/3404 3430/32/3425 3429/33/3426 3401/13/3406
f 3401/13/3406 3429/33/3426 3428/34/3427 3402/15/3408
f 3402/15/3408 3428/34/3427 3427/35/3428 3403/17/3410
f 3403/17/3410 3427/35/3428 3426/36/3429 3404/19/3412
f 3404/19/3412 3426/36/3429 3425/37/3430 3405/21/3414
f 3405/21/3414 3425/37/3430 3424/38/3431 3406/23/3416
f 3406/23/3416 3424/38/3431 3423/39/3432 3407/25/3418
f 3407/25/3418 3423/39/3432 3422/27/3420 3408/1/3394
f 3447/1/3433 3434/2/3434 3436/3/3435 3448/4/3436
f 3433/5/3437 3437/6/3438 3458/7/3439 3435/8/3440
f 3437/6/3438 3438/9/3441 3457/10/3442 3458/7/3439
f 3438/9/3441 3439/11/3443 3456/12/3444 3457/10/3442
f 3439/11/3443 3440/13/3445 3455/14/3446 3456/12/3444
f 3440/13/3445 3441/15/3447 3454/16/3448 3455/14/3446
f 3441/15/3447 3442/17/3449 3453/18/3450 3454/16/3448
f 3442/17/3449 3443/19/3451 3452/20/3452 3453/18/3450
f 3443/19/3451 3444/21/3453 3451/22/3454 3452/20/3452
f 3444/21/3453 3445/23/3455 3450/24/3456 3451/22/3454
f 3445/23/3455 3446/25/3457 3449/26/3458 3450/24/3456
f 3446/25/3457 3447/1/3433 3448/4/3436 3449/26/3458
f 3447/1/3433 3461/27/3459 3460/28/3460 3434/2/3434
f 3433/5/3437 3459/29/3461 3471/30/3462 3437/6/3438
f 3437/6/3438 3471/30/3462 3470/31/3463 3438/9/3441
f 3438/9/3441 3470/31/3463 3469/32/3464 3439/11/3443
f 3439/11/3443 3469/32/3464 3468/33/3465 3440/13/3445
f 3440/13/3445 3468/33/3465 3467/34/3466 3441/15/3447
f 3441/15/3447 3467/34/3466 3466/35/3467 3442/17/3449
f 3442/17/3449 3466/35/3467 3465/36/3468 3443/19/3451
f 3443/19/3451 3465/36/3468 3464/37/3469 3444/21/3453
f 3444/21/3453 3464/37/3469 3463/38/3470 3445/23/3455
f 3445/23/3455 3463/38/3470 3462/39/3471 3446/25/3457
f 3446/25/3457 3462/39/3471 3461/27/3459 3447/1/3433
f 3486/1/3472 3473/2/3473 3475/3/3474 3487/4/3475
f 3472/5/3476 3476/6/3477 3497/7/3478 3474/8/3479
f 3476/6/3477 3477/9/3480 3496/10/3481 3497/7/3478
f 3477/9/3480 3478/11/3482 3495/12/3483 3496/10/3481
f 3478/11/3482 3479/13/3484 3494/14/3485 3495/12/3483
f 3479/13/3484 3480/15/3486 3493/16/3487 3494/14/3485
f 3480/15/3486 3481/17/3488 3492/18/3489 3493/16/3487
f 3481/17/3488 3482/19/3490 3491/20/3491 3492/18/3489
f 3482/19/3490 3483/21/3492 3490/22/3493 3491/20/3491
f 3483/21/3492 3484/23/3494 3489/24/3495 3490/22/3493
f 3484/23/3494 3485/25/3496 3488/26/3497 3489/24/3495
f 3485/25/3496 3486/1/3472 3487/4/3475 3488/26/3497
f 3486/1/3472 3500/27/3498 3499/28/3499 3473/2/3473
f 3472/5/3476 3498/29/3500 3510/30/3501 3476/6/3477
f 3476/6/3477 3510/30/3501 3509/31/3502 3477/9/3480
f 3477/9/3480 3509/31/3502 3508/32/3503 3478/11/3482
f 3478/11/3482 3508/32/3503 3507/33/3504 3479/13/3484
f 3479/13/3484 3507/33/3504 3506/34/3505 3480/15/3486
f 3480/15/3486 3506/34/3505 3505/35/3506 3481/17/3488
f 3481/17/3488 3505/35/3506 3504/36/3507 3482/19/3490
f 3482/19/3490 3504/36/3507 3503/37/3508 3483/21/3492
f 3483/21/3492 3503/37/3508 3502/38/3509 3484/23/3494
f 3484/23/3494 3502/38/3509 3501/39/3510 3485/25/3496
f 3485/25/3496 3501/39/3510 3500/27/3498 3486/1/3472
f 3525/1/3511 3512/2/3512 3514/3/3513 3526/4/3514
f 3511/5/3515 3515/6/3516 3536/7/3517 3513/8/3518
f 3515/6/3516 3516/9/3519 3535/10/3520 3536/7/3517
f 3516/9/3519 3517/11/3521 3534/12/3522 3535/10/3520
f 3517/11/3521 3518/13/3523 3533/14/3524 3534/12/3522
f 3518/13/3523 3519/15/3525 3532/16/3526 3533/14/3524
f 3519/15/3525 3520/17/3527 3531/18/3528 3532/16/3526
f 3520/17/3527 3521/19/3529 3530/20/3530 3531/18/3528
f 3521/19/3529 3522/21/3531 3529/22/3532 3530/20/3530
f 3522/21/3531 3523/23/3533 3528/24/3534 3529/22/3532
f 3523/23/3533 3524/25/3535 3527/26/3536 3528/24/3534
f 3524/25/3535 3525/1/3511 3526/4/3514 3527/26/3536
f 3525/1/3511 3539/27/3537 3538/28/3538 3512/2/3512
f 3511/5/3515 3537/29/3539 3549/30/3540 3515/6/3516
f 3515/6/3516 3549/30/3540 3548/31/3541 3516/9/3519
f 3516/9/3519 3548/31/3541 3547/32/3542 3517/11/3521
f 3517/11/3521 3547/32/3542 3546/33/3543 3518/13/3523
f 3518/13/3523 3546/33/3543 3545/34/3544 3519/15/3525
f 3519/15/3525 3545/34/3544 3544/35/3545 3520/17/3527
f 3520/17/3527 3544/35/3545 3543/36/3546 3521/19/3529
f 3521/19/3529 3543/36/3546 3542/37/3547 3522/21/3531
f 3522/21/3531 3542/37/3547 3541/38/3548 3523/23/3533
f 3523/23/3533 3541/38/3548 3540/39/3549 3524/25/3535
f 3524/25/3535 3540/39/3549 3539/27/3537 3525/1/3511
f 3564/1/3550 3551/2/3551 3553/3/3552 3565/4/3553
f 3550/5/3554 3554/6/3555 3575/7/3556 3552/8/3557
f 3554/6/3555 3555/9/3558 3574/10/3559 3575/7/3556
f 3555/9/3558 3556/11/3560 3573/12/3561 3574/10/3559
f 3556/11/3560 3557/13/3562 3572/14/3563 3573/12/3561
f 3557/13/3562 3558/15/3564 3571/16/3565 3572/14/3563
f 3558/15/3564 3559/17/3566 3570/18/3567 3571/16/3565
f 3559/17/3566 3560/19/3568 3569/20/3569 3570/18/3567
f 3560/19/3568 3561/21/3570 3568/22/3571 3569/20/3569
f 3561/21/3570 3562/23/3572 3567/24/3573 3568/22/3571
f 3562/23/3572 3563/25/3574 3566/26/3575 3567/24/3573
f 3563/25/3574 3564/1/3550 3565/4/3553 3566/26/3575
f 3564/1/3550 3578/27/3576 3577/28/3577 3551/2/3551
f 3550/5/3554 3576/29/3578 3588/30/3579 3554/6/3555
f 3554/6/3555 3588/30/3579 3587/31/3580 3555/9/3558
f 3555/9/3558 3587/31/3580 3586/32/3581 3556/11/3560
f 3556/11/3560 3586/32/3581 3585/33/3582 3557/13/3562
f 3557/13/3562 3585/33/3582 3584/34/3583 3558/15/3564
f 3558/15/3564 3584/34/3583 3583/35/3584 3559/17/3566
f 3559/17/3566 3583/35/3584 3582/36/3585 3560/19/3568
f 3560/19/3568 3582/36/3585 3581/37/3586 3561/21/3570
f 3561/21/3570 3581/37/3586 3580/38/3587 3562/23/3572
f 3562/23/3572 3580/38/3587 3579/39/3588 3563/25/3574
f 3563/25/3574 3579/39/3588 3578/27/3576 3564/1/3550
f 3603/1/3589 3590/2/3590 3592/3/3591 3604/4/3592
f 3589/5/3593 3593/6/3594 3614/7/3595 3591/8/3596
f 3593/6/3594 3594/9/3597 3613/10/3598 3614/7/3595
f 3594/9/3597 3595/11/3599 3612/12/3600 3613/10/3598
f 3595/11/3599 3596/13/3601 3611/14/3602 3612/12/3600
f 3596/13/3601 3597/15/3603 3610/16/3604 3611/14/3602
f 3597/15/3603 3598/17/3605 3609/18/3606 3610/16/3604
f 3598/17/3605 3599/19/3607 3608/20/3608 3609/18/3606
f 3599/19/3607 3600/21/3609 3607/22/3610 3608/20/3608
f 3600/21/3609 3601/23/3611 3606/24/3612 3607/22/3610
f 3601/23/3611 3602/25/3613 3605/26/3614 3606/24/3612
f 3602/25/3613 3603/1/3589 3604/4/3592 3605/26/3614
f 3603/1/3589 3617/27/3615 3616/28/3616 3590/2/3590
f 3589/5/3593 3615/29/3617 3627/30/3618 3593/6/3594
f 3593/6/3594 3627/30/3618 3626/31/3619 3594/9/3597
f 3594/9/3597 3626/31/3619 3625/32/3620 3595/11/3599
f 3595/11/3599 3625/32/3620 3624/33/3621 3596/13/3601
f 3596/13/3601 3624/33/3621 3623/34/3622 3597/15/3603
f 3597/15/3603 3623/34/3622 3622/35/3623 3598/17/3605
f 3598/17/3605 3622/35/3623 3621/36/3624 3599/19/3607
f 3599/19/3607 3621/36/3624 3620/37/3625 3600/21/3609
f 3600/21/3609 3620/37/3625 3619/38/3626 3601/23/3611
f 3601/23/3611 3619/38/3626 3618/39/3627 3602/25/3613
f 3602/25/3613 3618/39/3627 3617/27/3615 3603/1/3589
f 3642/1/3628 3629/2/3629 3631/3/3630 3643/4/3631
f 3628/5/3632 3632/6/3633 3653/7/3634 3630/8/3635
f 3632/6/3633 3633/9/3636 3652/10/3637 3653/7/3634
f 3633/9/3636 3634/11/3638 3651/12/3639 3652/10/3637
f 3634/11/3638 3635/13/3640 3650/14/3641 3651/12/3639
f 3635/13/3640 3636/15/3642 3649/16/3643 3650/14/3641
f 3636/15/3642 3637/17/3644 3648/18/3645 3649/16/3643
f 3637/17/3644 3638/19/3646 3647/20/3647 3648/18/3645
f 3638/19/3646 3639/21/3648 3646/22/3649 3647/20/3647
f 3639/21/3648 3640/23/3650 3645/24/3651 3646/22/3649
f 3640/23/3650 3641/25/3652 3644/26/3653 3645/24/3651
f 3641/25/3652 3642/1/3628 3643/4/3631 3644/26/3653
f 3642/1/3628 3656/27/3654 3655/28/3655 3629/2/3629
f 3628/5/3632 3654/29/3656 3666/30/3657 3632/6/3633
f 3632/6/3633 3666/30/3657 3665/31/3658 3633/9/3636
f 3633/9/3636 3665/31/3658 3664/32/3659 3634/11/3638
f 3634/11/3638 3664/32/3659 3663/33/3660 3635/13/3640
f 3635/13/3640 3663/33/3660 3662/34/3661 3636/15/3642
f 3636/15/3642 3662/34/3661 3661/35/3662 3637/17/3644
f 3637/17/3644 3661/35/3662 3660/36/3663 3638/19/3646
f 3638/19/3646 3660/36/3663 3659/37/3664 3639/21/3648
f 3639/21/3648 3659/37/3664 3658/38/3665 3640/23/3650
f 3640/23/3650 3658/38/3665 3657/39/3666 3641/25/3652
f 3641/25/3652 3657/39/3666 3656/27/3654 3642/1/3628
f 3681/1/3667 3668/2/3668 3670/3/3669 3682/4/3670
f 3667/5/3671 3671/6/3672 3692/7/3673 3669/8/3674
f 3671/6/3672 3672/9/3675 3691/10/3676 3692/7/3673
f 3672/9/3675 3673/11/3677 3690/12/3678 3691/10/3676
f 3673/11/3677 3674/13/3679 3689/14/3680 3690/12/3678
f 3674/13/3679 3675/15/3681 3688/16/3682 3689/14/3680
f 3675/15/3681 3676/17/3683 3687/18/3684 3688/16/3682
f 3676/17/3683 3677/19/3685 3686/20/3686 3687/18/3684
f 3677/19/3685 3678/21/3687 3685/22/3688 3686/20/3686
f 3678/21/3687 3679/23/3689 3684/24/3690 3685/22/3688
f 3679/23/3689 3680/25/3691 3683/26/3692 3684/24/3690
f 3680/25/3691 3681/1/3667 3682/4/3670 3683/26/3692
f 3681/1/3667 3695/27/3693 3694/28/3694 3668/2/3668
f 3667/5/3671 3693/29/3695 3705/30/3696 3671/6/3672
f 3671/6/3672 3705/30/3696 3704/31/3697 3672/9/3675
f 3672/9/3675 3704/31/3697 3703/32/3698 3673/11/3677
f 3673/11/3677 3703/32/3698 3702/33/3699 3674/13/3679
f 3674/13/3679 3702/33/3699 3701/34/3700 3675/15/3681
f 3675/15/3681 3701/34/3700 3700/35/3701 3676/17/3683
f 3676/17/3683 3700/35/3701 3699/36/3702 3677/19/3685
f 3677/19/3685 3699/36/3702 3698/37/3703 3678/21/3687
f 3678/21/3687 3698/37/3703 3697/38/3704 3679/23/3689
f 3679/23/3689 3697/38/3704 3696/39/3705 3680/25/3691
f 3680/25/3691 3696/39/3705 3695/27/3693 3681/1/3667
f 3720/1/3706 3707/2/3707 3709/3/3708 3721/4/3709
f 3706/5/3710 3710/6/3711 3731/7/3712 3708/8/3713
f 3710/6/3711 3711/9/3714 3730/10/3715 3731/7/3712
f 3711/9/3714 3712/11/3716 3729/12/3717 3730/10/3715
f 3712/11/3716 3713/13/3718 3728/14/3719 3729/12/3717
f 3713/13/3718 3714/15/3720 3727/16/3721 3728/14/3719
f 3714/15/3720 3715/17/3722 3726/18/3723 3727/16/3721
f 3715/17/3722 3716/19/3724 3725/20/3725 3726/18/3723
f 3716/19/3724 3717/21/3726 3724/22/3727 3725/20/3725
f 3717/21/3726 3718/23/3728 3723/24/3729 3724/22/3727
f 3718/23/3728 3719/25/3730 3722/26/3731 3723/24/3729
f 3719/25/3730 3720/1/3706 3721/4/3709 3722/26/3731
f 3720/1/3706 3734/27/3732 3733/28/3733 3707/2/3707
f 3706/5/3710 3732/29/3734 3744/30/3735 3710/6/3711
f 3710/6/3711 3744/30/3735 3743/31/3736 3711/9/3714
f 3711/9/3714 3743/31/3736 3742/32/3737 3712/11/3716
f 3712/11/3716 3742/32/3737 3741/33/3738 3713/13/3718
f 3713/13/3718 3741/33/3738 3740/34/3739 3714/15/3720
f 3714/15/3720 3740/34/3739 3739/35/3740 3715/17/3722
f 3715/17/3722 3739/35/3740 3738/36/3741 3716/19/3724
f 3716/19/3724 3738/36/3741 3737/37/3742 3717/21/3726
f 3717/21/3726 3737/37/3742 3736/38/3743 3718/23/3728
f 3718/23/3728 3736/38/3743 3735/39/3744 3719/25/3730
f 3719/25/3730 3735/39/3744 3734/27/3732 3720/1/3706
f 3759/1/3745 3746/2/3746 3748/3/3747 3760/4/3748
f 3745/5/3749 3749/6/3750 3770/7/3751 3747/8/3752
f 3749/6/3750 3750/9/3753 3769/10/3754 3770/7/3751
f 3750/9/3753 3751/11/3755 3768/12/3756 3769/10/3754
f 3751/11/3755 3752/13/3757 3767/14/3758 3768/12/3756
f 3752/13/3757 3753/15/3759 3766/16/3760 3767/14/3758
f 3753/15/3759 3754/17/3761 3765/18/3762 3766/16/3760
f 3754/17/3761 3755/19/3763 3764/20/3764 3765/18/3762
f 3755/19/3763 3756/21/3765 3763/22/3766 3764/20/3764
f 3756/21/3765 3757/23/3767 3762/24/3768 3763/22/3766
f 3757/23/3767 3758/25/3769 3761/26/3770 3762/24/3768
f 3758/25/3769 3759/1/3745 3760/4/3748 3761/26/3770
f 3759/1/3745 3773/27/3771 3772/28/3772 3746/2/3746
f 3745/5/3749 3771/29/3773 3783/30/3774 3749/6/3750
f 3749/6/3750 3783/30/3774 3782/31/3775 3750/9/3753
f 3750/9/3753 3782/31/3775 3781/32/3776 3751/11/3755
f 3751/11/3755 3781/32/3776 3780/33/3777 3752/13/3757
f 3752/13/3757 3780/33/3777 3779/34/3778 3753/15/3759
f 3753/15/3759 3779/34/3778 3778/35/3779 3754/17/3761
f 3754/17/3761 3778/35/3779 3777/36/3780 3755/19/3763
f 3755/19/3763 3777/36/3780 3776/37/3781 3756/21/3765
f 3756/21/3765 3776/37/3781 3775/38/3782 3757/23/3767
f 3757/23/3767 3775/38/3782 3774/39/3783 3758/25/3769
f 3758/25/3769 3774/39/3783 3773/27/3771 3759/1/3745
f 3798/1/3784 3785/2/3785 3787/3/3786 3799/4/3787
f 3784/5/3788 3788/6/3789 3809/7/3790 3786/8/3791
f 3788/6/3789 3789/9/3792 3808/10/3793 3809/7/3790
f 3789/9/3792 3790/11/3794 3807/12/3795 3808/10/3793
f 3790/11/3794 3791/13/3796 3806/14/3797 3807/12/3795
f 3791/13/3796 3792/15/3798 3805/16/3799 3806/14/3797
f 3792/15/3798 3793/17/3800 3804/18/3801 3805/16/3799
f 3793/17/3800 3794/19/3802 3803/20/3803 3804/18/3801
f 3794/19/3802 3795/21/3804 3802/22/3805 3803/20/3803
f 3795/21/3804 3796/23/3806 3801/24/3807 3802/22/3805
f 3796/23/3806 3797/25/3808 3800/26/3809 3801/24/3807
f 3797/25/3808 3798/1/3784 3799/4/3787 3800/26/3809
f 3798/1/3784 3812/27/3810 3811/28/3811 3785/2/3785
f 3784/5/3788 3810/29/3812 3822/30/3813 3788/6/3789
f 3788/6/3789 3822/30/3813 3821/31/3814 3789/9/3792
f 3789/9/3792 3821/31/3814 3820/32/3815 3790/11/3794
f 3790/11/3794 3820/32/3815 3819/33/3816 3791/13/3796
f 3791/13/3796 3819/33/3816 3818/34/3817 3792/15/3798
f 3792/15/3798 3818/34/3817 3817/35/3818 3793/17/3800
f 3793/17/3800 3817/35/3818 3816/36/3819 3794/19/3802
f 3794/19/3802 3816/36/3819 3815/37/3820 3795/21/3804
f 3795/21/3804 3815/37/3820 3814/38/3821 3796/23/3806
f 3796/23/3806 3814/38/3821 3813/39/3822 3797/25/3808
f 3797/25/3808 3813/39/3822 3812/27/3810 3798/1/3784
f 3837/1/3823 3824/2/3824 3826/3/3825 3838/4/3826
f 3823/5/3827 3827/6/3828 3848/7/3829 3825/8/3830
f 3827/6/3828 3828/9/3831 3847/10/3832 3848/7/3829
f 3828/9/3831 3829/11/3833 3846/12/3834 3847/10/3832
f 3829/11/3833 3830/13/3835 3845/14/3836 3846/12/3834
f 3830/13/3835 3831/15/3837 3844/16/3838 3845/14/3836
f 3831/15/3837 3832/17/3839 3843/18/3840 3844/16/3838
f 3832/17/3839 3833/19/3841 3842/20/3842 3843/18/3840
f 3833/19/3841 3834/21/3843 3841/22/3844 3842/20/3842
f 3834/21/3843 3835/23/3845 3840/24/3846 3841/22/3844
f 3835/23/3845 3836/25/3847 3839/26/3848 3840/24/3846
f 3836/25/3847 3837/1/3823 3838/4/3826 3839/26/3848
f 3837/1/3823 3851/27/3849 3850/28/3850 3824/2/3824
f 3823/5/3827 3849/29/3851 3861/30/3852 3827/6/3828
f 3827/6/3828 3861/30/3852 3860/31/3853 3828/9/3831
f 3828/9/3831 3860/31/3853 3859/32/3854 3829/11/3833
f 3829/11/3833 3859/32/3854 3858/33/3855 3830/13/3835
f 3830/13/3835 3858/33/3855 3857/34/3856 3831/15/3837
f 3831/15/3837 3857/34/3856 3856/35/3857 3832/17/3839
f 3832/17/3839 3856/35/3857 3855/36/3858 3833/19/3841
f 3833/19/3841 3855/36/3858 3854/37/3859 3834/21/3843
f 3834/21/3843 3854/37/3859 3853/38/3860 3835/23/3845
f 3835/23/3845 3853/38/3860 3852/39/3861 3836/25/3847
f 3836/25/3847 3852/39/3861 3851/27/3849 3837/1/3823
f 3876/1/3862 3863/2/3863 3865/3/3864 3877/4/3865
f 3862/5/3866 3866/6/3867 3887/7/3868 3864/8/3869
f 3866/6/3867 3867/9/3870 3886/10/3871 3887/7/3868
f 3867/9/3870 3868/11/3872 3885/12/3873 3886/10/3871
f 3868/11/3872 3869/13/3874 3884/14/3875 3885/12/3873
f 3869/13/3874 3870/15/3876 3883/16/3877 3884/14/3875
f 3870/15/3876 3871/17/3878 3882/18/3879 3883/16/3877
f 3871/17/3878 3872/19/3880 3881/20/3881 3882/18/3879
f 3872/19/3880 3873/21/3882 3880/22/3883 3881/20/3881
f 3873/21/3882 3874/23/3884 3879/24/3885 3880/22/3883
f 3874/23/3884 3875/25/3886 3878/26/3887 3879/24/3885
f 3875/25/3886 3876/1/3862 3877/4/3865 3878/26/3887
f 3876/1/3862 3890/27/3888 3889/28/3889 3863/2/3863
f 3862/5/3866 3888/29/3890 3900/30/3891 3866/6/3867
f 3866/6/3867 3900/30/3891 3899/31/3892 3867/9/3870
f 3867/9/3870 3899/31/3892 3898/32/3893 3868/11/3872
f 3868/11/3872 3898/32/3893 3897/33/3894 3869/13/3874
f 3869/13/3874 3897/33/3894 3896/34/3895 3870/15/3876
f 3870/15/3876 3896/34/3895 3895/35/3896 3871/17/3878
f 3871/17/3878 3895/35/3896 3894/36/3897 3872/19/3880
f 3872/19/3880 3894/36/3897 3893/37/3898 3873/21/3882
f 3873/21/3882 3893/37/3898 3892/38/3899 3874/23/3884
f 3874/23/3884 3892/38/3899 3891/39/3900 3875/25/3886
f 3875/25/3886 3891/39/3900 3890/27/3888 3876/1/3862
f 3915/1/3901 3902/2/3902 3904/3/3903 3916/4/3904
f 3901/5/3905 3905/6/3906 3926/7/3907 3903/8/3908
f 3905/6/3906 3906/9/3909 3925/10/3910 3926/7/3907
f 3906/9/3909 3907/11/3911 3924/12/3912 3925/10/3910
f 3907/11/3911 3908/13/3913 3923/14/3914 3924/12/3912
f 3908/13/3913 3909/15/3915 3922/16/3916 3923/14/3914
f 3909/15/3915 3910/17/3917 3921/18/3918 3922/16/3916
f 3910/17/3917 3911/19/3919 3920/20/3920 3921/18/3918
f 3911/19/3919 3912/21/3921 3919/22/3922 3920/20/3920
f 3912/21/3921 3913/23/3923 3918/24/3924 3919/22/3922
f 3913/23/3923 3914/25/3925 3917/26/3926 3918/24/3924
f 3914/25/3925 3915/1/3901 3916/4/3904 3917/26/3926
f 3915/1/3901 3929/27/3927 3928/28/3928 3902/2/3902
f 3901/5/3905 3927/29/3929 3939/30/3930 3905/6/3906
f 3905/6/3906 3939/30/3930 3938/31/3931 3906/9/3909
f 3906/9/3909 3938/31/3931 3937/32/3932 3907/11/3911
f 3907/11/3911 3937/32/3932 3936/33/3933 3908/13/3913
f 3908/13/3913 3936/33/3933 3935/34/3934 3909/15/3915
f 3909/15/3915 3935/34/3934 3934/35/3935 3910/17/3917
f 3910/17/3917 3934/35/3935 3933/36/3936 3911/19/3919
f 3911/19/3919 3933/36/3936 3932/37/3937 3912/21/3921
f 3912/21/3921 3932/37/3937 3931/38/3938 3913/23/3923
f 3913/23/3923 3931/38/3938 3930/39/3939 3914/25/3925
f 3914/25/3925 3930/39/3939 3929/27/3927 3915/1/3901
f 3954/1/3940 3941/2/3941 3943/3/3942 3955/4/3943
f 3940/5/3944 3944/6/3945 3965/7/3946 3942/8/3947
f 3944/6/3945 3945/9/3948 3964/10/3949 3965/7/3946
f 3945/9/3948 3946/11/3950 3963/12/3951 3964/10/3949
f 3946/11/3950 3947/13/3952 3962/14/3953 3963/12/3951
f 3947/13/3952 3948/15/3954 3961/16/3955 3962/14/3953
f 3948/15/3954 3949/17/3956 3960/18/3957 3961/16/3955
f 3949/17/3956 3950/19/3958 3959/20/3959 3960/18/3957
f 3950/19/3958 3951/21/3960 3958/22/3961 3959/20/3959
f 3951/21/3960 3952/23/3962 3957/24/3963 3958/22/3961
f 3952/23/3962 3953/25/3964 3956/26/3965 3957/24/3963
f 3953/25/3964 3954/1/3940 3955/4/3943 3956/26/3965
f 3954/1/3940 3968/27/3966 3967/28/3967 3941/2/3941
f 3940/5/3944 3966/29/3968 3978/30/3969 3944/6/3945
f 3944/6/3945 3978/30/3969 3977/31/3970 3945/9/3948
f 3945/9/3948 3977/31/3970 3976/32/3971 3946/11/3950
f 3946/11/3950 3976/32/3971 3975/33/3972 3947/13/3952
f 3947/13/3952 3975/33/3972 3974/34/3973 3948/15/3954
f 3948/15/3954 3974/34/3973 3973/35/3974 3949/17/3956
f 3949/17/3956 3973/35/3974 3972/36/3975 3950/19/3958
f 3950/19/3958 3972/36/3975 3971/37/3976 3951/21/3960
f 3951/21/3960 3971/37/3976 3970/38/3977 3952/23/3962
f 3952/23/3962 3970/38/3977 3969/39/3978 3953/25/3964
f 3953/25/3964 3969/39/3978 3968/27/3966 3954/1/3940
f 3993/1/3979 3980/2/3980 3982/3/3981 3994/4/3982
f 3979/5/3983 3983/6/3984 4004/7/3985 3981/8/3986
f 3983/6/3984 3984/9/3987 4003/10/3988 4004/7/3985
f 3984/9/3987 3985/11/3989 4002/12/3990 4003/10/3988
f 3985/11/3989 3986/13/3991 4001/14/3992 4002/12/3990
f 3986/13/3991 3987/15/3993 4000/16/3994 4001/14/3992
f 3987/15/3993 3988/17/3995 3999/18/3996 4000/16/3994
f 3988/17/3995 3989/19/3997 3998/20/3998 3999/18/3996
f 3989/19/3997 3990/21/3999 3997/22/4000 3998/20/3998
f 3990/21/3999 3991/23/4001 3996/24/4002 3997/22/4000
f 3991/23/4001 3992/25/4003 3995/26/4004 3996/24/4002
f 3992/25/4003 3993/1/3979 3994/4/3982 3995/26/4004
f 3993/1/3979 4007/27/4005 4006/28/4006 3980/2/3980
f 3979/5/3983 4005/29/4007 4017/30/4008 3983/6/3984
f 3983/6/3984 4017/30/4008 4016/31/4009 3984/9/3987
f 3984/9/3987 4016/31/4009 4015/32/4010 3985/11/3989
f 3985/11/3989 4015/32/4010 4014/33/4011 3986/13/3991
f 3986/13/3991 4014/33/4011 4013/34/4012 3987/15/3993
f 3987/15/3993 4013/34/4012 4012/35/4013 3988/17/3995
f 3988/17/3995 4012/35/4013 4011/36/4014 3989/19/3997
f 3989/19/3997 4011/36/4014 4010/37/4015 3990/21/3999
f 3990/21/3999 4010/37/4015 4009/38/4016 3991/23/4001
f 3991/23/4001 4009/38/4016 4008/39/4017 3992/25/4003
f 3992/25/4003 4008/39/4017 4007/27/4005 3993/1/3979
f 4032/1/4018 4019/2/4019 4021/3/4020 4033/4/4021
f 4018/5/4022 4022/6/4023 4043/7/4024 4020/8/4025
f 4022/6/4023 4023/9/4026 4042/10/4027 4043/7/4024
f 4023/9/4026 4024/11/4028 4041/12/4029 4042/10/4027
f 4024/11/4028 4025/13/4030 4040/14/4031 4041/12/4029
f 4025/13/4030 4026/15/4032 4039/16/4033 4040/14/4031
f 4026/15/4032 4027/17/4034 4038/18/4035 4039/16/4033
f 4027/17/4034 4028/19/4036 4037/20/4037 4038/18/4035
f 4028/19/4036 4029/21/4038 4036/22/4039 4037/20/4037
f 4029/21/4038 4030/23/4040 4035/24/4041 4036/22/4039
f 4030/23/4040 4031/25/4042 4034/26/4043 4035/24/4041
f 4031/25/4042 4032/1/4018 4033/4/4021 4034/26/4043
f 4032/1/4018 4046/27/4044 4045/28/4045 4019/2/4019
f 4018/5/4022 4044/29/4046 4056/30/4047 4022/6/4023
f 4022/6/4023 4056/30/4047 4055/31/4048 4023/9/4026
f 4023/9/4026 4055/31/4048 4054/32/4049 4024/11/4028
f 4024/11/4028 4054/32/4049 4053/33/4050 4025/13/4030
f 4025/13/4030 4053/33/4050 4052/34/4051 4026/15/4032
f 4026/15/4032 4052/34/4051 4051/35/4052 4027/17/4034
f 4027/17/4034 4051/35/4052 4050/36/4053 4028/19/4036
f 4028/19/4036 4050/36/4053 4049/37/4054 4029/21/4038
f 4029/21/4038 4049/37/4054 4048/38/4055 4030/23/4040
f 4030/23/4040 4048/38/4055 4047/39/4056 4031/25/4042
f 4031/25/4042 4047/39/4056 4046/27/4044 4032/1/4018
f 4071/1/4057 4058/2/4058 4060/3/4059 4072/4/4060
f 4057/5/4061 4061/6/4062 4082/7/4063 4059/8/4064
f 4061/6/4062 4062/9/4065 4081/10/4066 4082/7/4063
f 4062/9/4065 4063/11/4067 4080/12/4068 4081/10/4066
f 4063/11/4067 4064/13/4069 4079/14/4070 4080/12/4068
f 4064/13/4069 4065/15/4071 4078/16/4072 4079/14/4070
f 4065/15/4071 4066/17/4073 4077/18/4074 4078/16/4072
f 4066/17/4073 4067/19/4075 4076/20/4076 4077/18/4074
f 4067/19/4075 4068/21/4077 4075/22/4078 4076/20/4076
f 4068/21/4077 4069/23/4079 4074/24/4080 4075/22/4078
f 4069/23/4079 4070/25/4081 4073/26/4082 4074/24/4080
f 4070/25/4081 4071/1/4057 4072/4/4060 4073/26/4082
f 4071/1/4057 4085/27/4083 4084/28/4084 4058/2/4058
f 4057/5/4061 4083/29/4085 4095/30/4086 4061/6/4062
f 4061/6/4062 4095/30/4086 4094/31/4087 4062/9/4065
f 4062/9/4065 4094/31/4087 4093/32/4088 4063/11/4067
f 4063/11/4067 4093/32/4088 4092/33/4089 4064/13/4069
f 4064/13/4069 4092/33/4089 4091/34/4090 4065/15/4071
f 4065/15/4071 4091/34/4090 4090/35/4091 4066/17/4073
f 4066/17/4073 4090/35/4091 4089/36/4092 4067/19/4075
f 4067/19/4075 4089/36/4092 4088/37/4093 4068/21/4077
f 4068/21/4077 4088/37/4093 4087/38/4094 4069/23/4079
f 4069/23/4079 4087/38/4094 4086/39/4095 4070/25/4081
f 4070/25/4081 4086/39/4095 4085/27/4083 4071/1/4057
f 4110/1/4096 4097/2/4097 4099/3/4098 4111/4/4099
f 4096/5/4100 4100/6/4101 4121/7/4102 4098/8/4103
f 4100/6/4101 4101/9/4104 4120/10/4105 4121/7/4102
f 4101/9/4104 4102/11/4106 4119/12/4107 4120/10/4105
f 4102/11/4106 4103/13/4108 4118/14/4109 4119/12/4107
f 4103/13/4108 4104/15/4110 4117/16/4111 4118/14/4109
f 4104/15/4110 4105/17/4112 4116/18/4113 4117/16/4111
f 4105/17/4112 4106/19/4114 4115/20/4115 4116/18/4113
f 4106/19/4114 4107/21/4116 4114/22/4117 4115/20/4115
f 4107/21/4116 4108/23/4118 4113/24/4119 4114/22/4117
f 4108/23/4118 4109/25/4120 4112/26/4121 4113/24/4119
f 4109/25/4120 4110/1/4096 4111/4/4099 4112/26/4121
f 4110/1/4096 4124/27/4122 4123/28/4123 4097/2/4097
f 4096/5/4100 4122/29/4124 4134/30/4125 4100/6/4101
f 4100/6/4101 4134/30/4125 4133/31/4126 4101/9/4104
f 4101/9/4104 4133/31/4126 4132/32/4127 4102/11/4106
f 4102/11/4106 4132/32/4127 4131/33/4128 4103/13/4108
f 4103/13/4108 4131/33/4128 4130/34/4129 4104/15/4110
f 4104/15/4110 4130/34/4129 4129/35/4130 4105/17/4112
f 4105/17/4112 4129/35/4130 4128/36/4131 4106/19/4114
f 4106/19/4114 4128/36/4131 4127/37/4132 4107/21/4116
f 4107/21/4116 4127/37/4132 4126/38/4133 4108/23/4118
f 4108/23/4118 4126/38/4133 4125/39/4134 4109/25/4120
f 4109/25/4120 4125/39/4134 4124/27/4122 4110/1/4096
f 4149/1/4135 4136/2/4136 4138/3/4137 4150/4/4138
f 4135/5/4139 4139/6/4140 4160/7/4141 4137/8/4142
f 4139/6/4140 4140/9/4143 4159/10/4144 4160/7/4141
f 4140/9/4143 4141/11/4145 4158/12/4146 4159/10/4144
f 4141/11/4145 4142/13/4147 4157/14/4148 4158/12/4146
f 4142/13/4147 4143/15/4149 4156/16/4150 4157/14/4148
f 4143/15/4149 4144/17/4151 4155/18/4152 4156/16/4150
f 4144/17/4151 4145/19/4153 4154/20/4154 4155/18/4152
f 4145/19/4153 4146/21/4155 4153/22/4156 4154/20/4154
f 4146/21/4155 4147/23/4157 4152/24/4158 4153/22/4156
f 4147/23/4157 4148/25/4159 4151/26/4160 4152/24/4158
f 4148/25/4159 4149/1/4135 4150/4/4138 4151/26/4160
f 4149/1/4135 4163/27/4161 4162/28/4162 4136/2/4136
f 4135/5/4139 4161/29/4163 4173/30/4164 4139/6/4140
f 4139/6/4140 4173/30/4164 4172/31/4165 4140/9/4143
f 4140/9/4143 4172/31/4165 4171/32/4166 4141/11/4145
f 4141/11/4145 4171/32/4166 4170/33/4167 4142/13/4147
f 4142/13/4147 4170/33/4167 4169/34/4168 4143/15/4149
f 4143/15/4149 4169/34/4168 4168/35/4169 4144/17/4151
f 4144/17/4151 4168/35/4169 4167/36/4170 4145/19/4153
f 4145/19/4153 4167/36/4170 4166/37/4171 4146/21/4155
f 4146/21/4155 4166/37/4171 4165/38/4172 4147/23/4157
f 4147/23/4157 4165/38/4172 4164/39/4173 4148/25/4159
f 4148/25/4159 4164/39/4173 4163/27/4161 4149/1/4135
f 4188/1/4174 4175/2/4175 4177/3/4176 4189/4/4177
f 4174/5/4178 4178/6/4179 4199/7/4180 4176/8/4181
f 4178/6/4179 4179/9/4182 4198/10/4183 4199/7/4180
f 4179/9/4182 4180/11/4184 4197/12/4185 4198/10/4183
f 4180/11/4184 4181/13/4186 4196/14/4187 4197/12/4185
f 4181/13/4186 4182/15/4188 4195/16/4189 4196/14/4187
f 4182/15/4188 4183/17/4190 4194/18/4191 4195/16/4189
f 4183/17/4190 4184/19/4192 4193/20/4193 4194/18/4191
f 4184/19/4192 4185/21/4194 4192/22/4195 4193/20/4193
f 4185/21/4194 4186/23/4196 4191/24/4197 4192/22/4195
f 4186/23/4196 4187/25/4198 4190/26/4199 4191/24/4197
f 4187/25/4198 4188/1/4174 4189/4/4177 4190/26/4199
f 4188/1/4174 4202/27/4200 4201/28/4201 4175/2/4175
f 4174/5/4178 4200/29/4202 4212/30/4203 4178/6/4179
f 4178/6/4179 4212/30/4203 4211/31/4204 4179/9/4182
f 4179/9/4182 4211/31/4204 4210/32/4205 4180/11/4184
f 4180/11/4184 4210/32/4205 4209/33/4206 4181/13/4186
f 4181/13/4186 4209/33/4206 4208/34/4207 4182/15/4188
f 4182/15/4188 4208/34/4207 4207/35/4208 4183/17/4190
f 4183/17/4190 4207/35/4208 4206/36/4209 4184/19/4192
f 4184/19/4192 4206/36/4209 4205/37/4210 4185/21/4194
f 4185/21/4194 4205/37/4210 4204/38/4211 4186/23/4196
f 4186/23/4196 4204/38/4211 4203/39/4212 4187/25/4198
f 4187/25/4198 4203/39/4212 4202/27/4200 4188/1/4174
f 4227/1/4213 4214/2/4214 4216/3/4215 4228/4/4216
f 4213/5/4217 4217/6/4218 4238/7/4219 4215/8/4220
f 4217/6/4218 4218/9/4221 4237/10/4222 4238/7/4219
f 4218/9/4221 4219/11/4223 4236/12/4224 4237/10/4222
f 4219/11/4223 4220/13/4225 4235/14/4226 4236/12/4224
f 4220/13/4225 4221/15/4227 4234/16/4228 4235/14/4226
f 4221/15/4227 4222/17/4229 4233/18/4230 4234/16/4228
f 4222/17/4229 4223/19/4231 4232/20/4232 4233/18/4230
f 4223/19/4231 4224/21/4233 4231/22/4234 4232/20/4232
f 4224/21/4233 4225/23/4235 4230/24/4236 4231/22/4234
f 4225/23/4235 4226/25/4237 4229/26/4238 4230/24/4236
f 4226/25/4237 4227/1/4213 4228/4/4216 4229/26/4238
f 4227/1/4213 4241/27/4239 4240/28/4240 4214/2/4214
f 4213/5/4217 4239/29/4241 4251/30/4242 4217/6/4218
f 4217/6/4218 4251/30/4242 4250/31/4243 4218/9/4221
f 4218/9/4221 4250/31/4243 4249/32/4244 4219/11/4223
f 4219/11/4223 4249/32/4244 4248/33/4245 4220/13/4225
f 4220/13/4225 4248/33/4245 4247/34/4246 4221/15/4227
f 4221/15/4227 4247/34/4246 4246/35/4247 4222/17/4229
f 4222/17/4229 4246/35/4247 4245/36/4248 4223/19/4231
f 4223/19/4231 4245/36/4248 4244/37/4249 4224/21/4233
f 4224/21/4233 4244/37/4249 4243/38/4250 4225/23/4235
f 4225/23/4235 4243/38/4250 4242/39/4251 4226/25/4237
f 4226/25/4237 4242/39/4251 4241/27/4239 4227/1/4213
f 4266/1/4252 4253/2/4253 4255/3/4254 4267/4/4255
f 4252/5/4256 4256/6/4257 4277/7/4258 4254/8/4259
f 4256/6/4257 4257/9/4260 4276/10/4261 4277/7/4258
f 4257/9/4260 4258/11/4262 4275/12/4263 4276/10/4261
f 4258/11/4262 4259/13/4264 4274/14/4265 4275/12/4263
f 4259/13/4264 4260/15/4266 4273/16/4267 4274/14/4265
f 4260/15/4266 4261/17/4268 4272/18/4269 4273/16/4267
f 4261/17/4268 4262/19/4270 4271/20/4271 4272/18/4269
f 4262/19/4270 4263/21/4272 4270/22/4273 4271/20/4271
f 4263/21/4272 4264/23/4274 4269/24/4275 4270/22/4273
f 4264/23/4274 4265/25/4276 4268/26/4277 4269/24/4275
f 4265/25/4276 4266/1/4252 4267/4/4255 4268/26/4277
f 4266/1/4252 4280/27/4278 4279/28/4279 4253/2/4253
f 4252/5/4256 4278/29/4280 4290/30/4281 4256/6/4257
f 4256/6/4257 4290/30/4281 4289/31/4282 4257/9/4260
f 4257/9/4260 4289/31/4282 4288/32/4283 4258/11/4262
f 4258/11/4262 4288/32/4283 4287/33/4284 4259/13/4264
f 4259/13/4264 4287/33/4284 4286/34/4285 4260/15/4266
f 4260/15/4266 4286/34/4285 4285/35/4286 4261/17/4268
f 4261/17/4268 4285/35/4286 4284/36/4287 4262/19/4270
f 4262/19/4270 4284/36/4287 4283/37/4288 4263/21/4272
f 4263/21/4272 4283/37/4288 4282/38/4289 4264/23/4274
f 4264/23/4274 4282/38/4289 4281/39/4290 4265/25/4276
f 4265/25/4276 4281/39/4290 4280/27/4278 4266/1/4252
f 4305/1/4291 4292/2/4292 4294/3/4293 4306/4/4294
f 4291/5/4295 4295/6/4296 4316/7/4297 4293/8/4298
f 4295/6/4296 4296/9/4299 4315/10/4300 4316/7/4297
f 4296/9/4299 4297/11/4301 4314/12/4302 4315/10/4300
f 4297/11/4301 4298/13/4303 4313/14/4304 4314/12/4302
f 4298/13/4303 4299/15/4305 4312/16/4306 4313/14/4304
f 4299/15/4305 4300/17/4307 4311/18/4308 4312/16/4306
f 4300/17/4307 4301/19/4309 4310/20/4310 4311/18/4308
f 4301/19/4309 4302/21/4311 4309/22/4312 4310/20/4310
f 4302/21/4311 4303/23/4313 4308/24/4314 4309/22/4312
f 4303/23/4313 4304/25/4315 4307/26/4316 4308/24/4314
f 4304/25/4315 4305/1/4291 4306/4/4294 4307/26/4316
f 4305/1/4291 4319/27/4317 4318/28/4318 4292/2/4292
f 4291/5/4295 4317/29/4319 4329/30/4320 4295/6/4296
f 4295/6/4296 4329/30/4320 4328/31/4321 4296/9/4299
f 4296/9/4299 4328/31/4321 4327/32/4322 4297/11/4301
f 4297/11/4301 4327/32/4322 4326/33/4323 4298/13/4303
f 4298/13/4303 4326/33/4323 4325/34/4324 4299/15/4305
f 4299/15/4305 4325/34/4324 4324/35/4325 4300/17/4307
f 4300/17/4307 4324/35/4325 4323/36/4326 4301/19/4309
f 4301/19/4309 4323/36/4326 4322/37/4327 4302/21/4311
f 4302/21/4311 4322/37/4327 4321/38/4328 4303/23/4313
f 4303/23/4313 4321/38/4328 4320/39/4329 4304/25/4315
f 4304/25/4315 4320/39/4329 4319/27/4317 4305/1/4291
f 4344/1/4330 4331/2/4331 4333/3/4332 4345/4/4333
f 4330/5/4334 4334/6/4335 4355/7/4336 4332/8/4337
f 4334/6/4335 4335/9/4338 4354/10/4339 4355/7/4336
f 4335/9/4338 4336/11/4340 4353/12/4341 4354/10/4339
f 4336/11/4340 4337/13/4342 4352/14/4343 4353/12/4341
f 4337/13/4342 4338/15/4344 4351/16/4345 4352/14/4343
f 4338/15/4344 4339/17/4346 4350/18/4347 4351/16/4345
f 4339/17/4346 4340/19/4348 4349/20/4349 4350/18/4347
f 4340/19/4348 4341/21/4350 4348/22/4351 4349/20/4349
f 4341/21/4350 4342/23/4352 4347/24/4353 4348/22/4351
f 4342/23/4352 4343/25/4354 4346/26/4355 4347/24/4353
f 4343/25/4354 4344/1/4330 4345/4/4333 4346/26/4355
f 4344/1/4330 4358/27/4356 4357/28/4357 4331/2/4331
f 4330/5/4334 4356/29/4358 4368/30/4359 4334/6/4335
f 4334/6/4335 4368/30/4359 4367/31/4360 4335/9/4338
f 4335/9/4338 4367/31/4360 4366/32/4361 4336/11/4340
f 4336/11/4340 4366/32/4361 4365/33/4362 4337/13/4342
f 4337/13/4342 4365/33/4362 4364/34/4363 4338/15/4344
f 4338/15/4344 4364/34/4363 4363/35/4364 4339/17/4346
f 4339/17/4346 4363/35/4364 4362/36/4365 4340/19/4348
f 4340/19/4348 4362/36/4365 4361/37/4366 4341/21/4350
f 4341/21/4350 4361/37/4366 4360/38/4367 4342/23/4352
f 4342/23/4352 4360/38/4367 4359/39/4368 4343/25/4354
f 4343/25/4354 4359/39/4368 4358/27/4356 4344/1/4330
f 4383/1/4369 4370/2/4370 4372/3/4371 4384/4/4372
f 4369/5/4373 4373/6/4374 4394/7/4375 4371/8/4376
f 4373/6/4374 4374/9/4377 4393/10/4378 4394/7/4375
f 4374/9/4377 4375/11/4379 4392/12/4380 4393/10/4378
f 4375/11/4379 4376/13/4381 4391/14/4382 4392/12/4380
f 4376/13/4381 4377/15/4383 4390/16/4384 4391/14/4382
f 4377/15/4383 4378/17/4385 4389/18/4386 4390/16/4384
f 4378/17/4385 4379/19/4387 4388/20/4388 4389/18/4386
f 4379/19/4387 4380/21/4389 4387/22/4390 4388/20/4388
f 4380/21/4389 4381/23/4391 4386/24/4392 4387/22/4390
f 4381/23/4391 4382/25/4393 4385/26/4394 4386/24/4392
f 4382/25/4393 4383/1/4369 4384/4/4372 4385/26/4394
f 4383/1/4369 4397/27/4395 4396/28/4396 4370/2/4370
f 4369/5/4373 4395/29/4397 4407/30/4398 4373/6/4374
f 4373/6/4374 4407/30/4398 4406/31/4399 4374/9/4377
f 4374/9/4377 4406/31/4399 4405/32/4400 4375/11/4379
f 4375/11/4379 4405/32/4400 4404/33/4401 4376/13/4381
f 4376/13/4381 4404/33/4401 4403/34/4402 4377/15/4383
f 4377/15/4383 4403/34/4402 4402/35/4403 4378/17/4385
f 4378/17/4385 4402/35/4403 4401/36/4404 4379/19/4387
f 4379/19/4387 4401/36/4404 4400/37/4405 4380/21/4389
f 4380/21/4389 4400/37/4405 4399/38/4406 4381/23/4391
f 4381/23/4391 4399/38/4406 4398/39/4407 4382/25/4393
f 4382/25/4393 4398/39/4407 4397/27/4395 4383/1/4369
f 4422/1/4408 4409/2/4409 4411/3/4410 4423/4/4411
f 4408/5/4412 4412/6/4413 4433/7/4414 4410/8/4415
f 4412/6/4413 4413/9/4416 4432/10/4417 4433/7/4414
f 4413/9/4416 4414/11/4418 4431/12/4419 4432/10/4417
f 4414/11/4418 4415/13/4420 4430/14/4421 4431/12/4419
f 4415/13/4420 4416/15/4422 4429/16/4423 4430/14/4421
f 4416/15/4422 4417/17/4424 4428/18/4425 4429/16/4423
f 4417/17/4424 4418/19/4426 4427/20/4427 4428/18/4425
f 4418/19/4426 4419/21/4428 4426/22/4429 4427/20/4427
f 4419/21/4428 4420/23/4430 4425/24/4431 4426/22/4429
f 4420/23/4430 4421/25/4432 4424/26/4433 4425/24/4431
f 4421/25/4432 4422/1/4408 4423/4/4411 4424/26/4433
f 4422/1/4408 4436/27/4434 4435/28/4435 4409/2/4409
f 4408/5/4412 4434/29/4436 4446/30/4437 4412/6/4413
f 4412/6/4413 4446/30/4437 4445/31/4438 4413/9/4416
f 4413/9/4416 4445/31/4438 4444/32/4439 4414/11/4418
f 4414/11/4418 4444/32/4439 4443/33/4440 4415/13/4420
f 4415/13/4420 4443/33/4440 4442/34/4441 4416/15/4422
f 4416/15/4422 4442/34/4441 4441/35/4442 4417/17/4424
f 4417/17/4424 4441/35/4442 4440/36/4443 4418/19/4426
f 4418/19/4426 4440/36/4443 4439/37/4444 4419/21/4428
f 4419/21/4428 4439/37/4444 4438/38/4445 4420/23/4430
f 4420/23/4430 4438/38/4445 4437/39/4446 4421/25/4432
f 4421/25/4432 4437/39/4446 4436/27/4434 4422/1/4408
f 4461/1/4447 4448/2/4448 4450/3/4449 4462/4/4450
f 4447/5/4451 4451/6/4452 4472/7/4453 4449/8/4454
f 4451/6/4452 4452/9/4455 4471/10/4456 4472/7/4453
f 4452/9/4455 4453/11/4457 4470/12/4458 4471/10/4456
f 4453/11/4457 4454/13/4459 4469/14/4460 4470/12/4458
f 4454/13/4459 4455/15/4461 4468/16/4462 4469/14/4460
f 4455/15/4461 4456/17/4463 4467/18/4464 4468/16/4462
f 4456/17/4463 4457/19/4465 4466/20/4466 4467/18/4464
f 4457/19/4465 4458/21/4467 4465/22/4468 4466/20/4466
f 4458/21/4467 4459/23/4469 4464/24/4470 4465/22/4468
f 4459/23/4469 4460/25/4471 4463/26/4472 4464/24/4470
f 4460/25/4471 4461/1/4447 4462/4/4450 4463/26/4472
f 4461/1/4447 4475/27/4473 4474/28/4474 4448/2/4448
f 4447/5/4451 4473/29/4475 4485/30/4476 4451/6/4452
f 4451/6/4452 4485/30/4476 4484/31/4477 4452/9/4455
f 4452/9/4455 4484/31/4477 4483/32/4478 4453/11/4457
f 4453/11/4457 4483/32/4478 4482/33/4479 4454/13/4459
f 4454/13/4459 4482/33/4479 4481/34/4480 4455/15/4461
f 4455/15/4461 4481/34/4480 4480/35/4481 4456/17/4463
f 4456/17/4463 4480/35/4481 4479/36/4482 4457/19/4465
f 4457/19/4465 4479/36/4482 4478/37/4483 4458/21/4467
f 4458/21/4467 4478/37/4483 4477/38/4484 4459/23/4469
f 4459/23/4469 4477/38/4484 4476/39/4485 4460/25/4471
f 4460/25/4471 4476/39/4485 4475/27/4473 4461/1/4447
f 4500/1/4486 4487/2/4487 4489/3/4488 4501/4/4489
f 4486/5/4490 4490/6/4491 4511/7/4492 4488/8/4493
f 4490/6/4491 4491/9/4494 4510/10/4495 4511/7/4492
f 4491/9/4494 4492/11/4496 4509/12/4497 4510/10/4495
f 4492/11/4496 4493/13/4498 4508/14/4499 4509/12/4497
f 4493/13/4498 4494/15/4500 4507/16/4501 4508/14/4499
f 4494/15/4500 4495/17/4502 4506/18/4503 4507/16/4501
f 4495/17/4502 4496/19/4504 4505/20/4505 4506/18/4503
f 4496/19/4504 4497/21/4506 4504/22/4507 4505/20/4505
f 4497/21/4506 4498/23/4508 4503/24/4509 4504/22/4507
f 4498/23/4508 4499/25/4510 4502/26/4511 4503/24/4509
f 4499/25/4510 4500/1/4486 4501/4/4489 4502/26/4511
f 4500/1/4486 4514/27/4512 4513/28/4513 4487/2/4487
f 4486/5/4490 4512/29/4514 4524/30/4515 4490/6/4491
f 4490/6/4491 4524/30/4515 4523/31/4516 4491/9/4494
f 4491/9/4494 4523/31/4516 4522/32/4517 4492/11/4496
f 4492/11/4496 4522/32/4517 4521/33/4518 4493/13/4498
f 4493/13/4498 4521/33/4518 4520/34/4519 4494/15/4500
f 4494/15/4500 4520/34/4519 4519/35/4520 4495/17/4502
f 4495/17/4502 4519/35/4520 4518/36/4521 4496/19/4504
f 4496/19/4504 4518/36/4521 4517/37/4522 4497/21/4506
f 4497/21/4506 4517/37/4522 4516/38/4523 4498/23/4508
f 4498/23/4508 4516/38/4523 4515/39/4524 4499/25/4510
f 4499/25/4510 4515/39/4524 4514/27/4512 4500/1/4486
f 4539/1/4525 4526/2/4526 4528/3/4527 4540/4/4528
f 4525/5/4529 4529/6/4530 4550/7/4531 4527/8/4532
f 4529/6/4530 4530/9/4533 4549/10/4534 4550/7/4531
f 4530/9/4533 4531/11/4535 4548/12/4536 4549/10/4534
f 4531/11/4535 4532/13/4537 4547/14/4538 4548/12/4536
f 4532/13/4537 4533/15/4539 4546/16/4540 4547/14/4538
f 4533/15/4539 4534/17/4541 4545/18/4542 4546/16/4540
f 4534/17/4541 4535/19/4543 4544/20/4544 4545/18/4542
f 4535/19/4543 4536/21/4545 4543/22/4546 4544/20/4544
f 4536/21/4545 4537/23/4547 4542/24/4548 4543/22/4546
f 4537/23/4547 4538/25/4549 4541/26/4550 4542/24/4548
f 4538/25/4549 4539/1/4525 4540/4/4528 4541/26/4550
f 4539/1/4525 4553/27/4551 4552/28/4552 4526/2/4526
f 4525/5/4529 4551/29/4553 4563/30/4554 4529/6/4530
f 4529/6/4530 4563/30/4554 4562/31/4555 4530/9/4533
f 4530/9/4533 4562/31/4555 4561/32/4556 4531/11/4535
f 4531/11/4535 4561/32/4556 4560/33/4557 4532/13/4537
f 4532/13/4537 4560/33/4557 4559/34/4558 4533/15/4539
f 4533/15/4539 4559/34/4558 4558/35/4559 4534/17/4541
f 4534/17/4541 4558/35/4559 4557/36/4560 4535/19/4543
f 4535/19/4543 4557/36/4560 4556/37/4561 4536/21/4545
f 4536/21/4545 4556/37/4561 4555/38/4562 4537/23/4547
f 4537/23/4547 4555/38/4562 4554/39/4563 4538/25/4549
f 4538/25/4549 4554/39/4563 4553/27/4551 4539/1/4525
f 4578/1/4564 4565/2/4565 4567/3/4566 4579/4/4567
f 4564/5/4568 4568/6/4569 4589/7/4570 4566/8/4571
f 4568/6/4569 4569/9/4572 4588/10/4573 4589/7/4570
f 4569/9/4572 4570/11/4574 4587/12/4575 4588/10/4573
f 4570/11/4574 4571/13/4576 4586/14/4577 4587/12/4575
f 4571/13/4576 4572/15/4578 4585/16/4579 4586/14/4577
f 4572/15/4578 4573/17/4580 4584/18/4581 4585/16/4579
f 4573/17/4580 4574/19/4582 4583/20/4583 4584/18/4581
f 4574/19/4582 4575/21/4584 4582/22/4585 4583/20/4583
f 4575/21/4584 4576/23/4586 4581/24/4587 4582/22/4585
f 4576/23/4586 4577/25/4588 4580/26/4589 4581/24/4587
f 4577/25/4588 4578/1/4564 4579/4/4567 4580/26/4589
f 4578/1/4564 4592/27/4590 4591/28/4591 4565/2/4565
f 4564/5/4568 4590/29/4592 4602/30/4593 4568/6/4569
f 4568/6/4569 4602/30/4593 4601/31/4594 4569/9/4572
f 4569/9/4572 4601/31/4594 4600/32/4595 4570/11/4574
f 4570/11/4574 4600/32/4595 4599/33/4596 4571/13/4576
f 4571/13/4576 4599/33/4596 4598/34/4597 4572/15/4578
f 4572/15/4578 4598/34/4597 4597/35/4598 4573/17/4580
f 4573/17/4580 4597/35/4598 4596/36/4599 4574/19/4582
f 4574/19/4582 4596/36/4599 4595/37/4600 4575/21/4584
f 4575/21/4584 4595/37/4600 4594/38/4601 4576/23/4586
f 4576/23/4586 4594/38/4601 4593/39/4602 4577/25/4588
f 4577/25/4588 4593/39/4602 4592/27/4590 4578/1/4564
f 4617/1/4603 4604/2/4604 4606/3/4605 4618/4/4606
f 4603/5/4607 4607/6/4608 4628/7/4609 4605/8/4610
f 4607/6/4608 4608/9/4611 4627/10/4612 4628/7/4609
f 4608/9/4611 4609/11/4613 4626/12/4614 4627/10/4612
f 4609/11/4613 4610/13/4615 4625/14/4616 4626/12/4614
f 4610/13/4615 4611/15/4617 4624/16/4618 4625/14/4616
f 4611/15/4617 4612/17/4619 4623/18/4620 4624/16/4618
f 4612/17/4619 4613/19/4621 4622/20/4622 4623/18/4620
f 4613/19/4621 4614/21/4623 4621/22/4624 4622/20/4622
f 4614/21/4623 4615/23/4625 4620/24/4626 4621/22/4624
f 4615/23/4625 4616/25/4627 4619/26/4628 4620/24/4626
f 4616/25/4627 4617/1/4603 4618/4/4606 4619/26/4628
f 4617/1/4603 4631/27/4629 4630/28/4630 4604/2/4604
f 4603/5/4607 4629/29/4631 4641/30/4632 4607/6/4608
f 4607/6/4608 4641/30/4632 4640/31/4633 4608/9/4611
f 4608/9/4611 4640/31/4633 4639/32/4634 4609/11/4613
f 4609/11/4613 4639/32/4634 4638/33/4635 4610/13/4615
f 4610/13/4615 4638/33/4635 4637/34/4636 4611/15/4617
f 4611/15/4617 4637/34/4636 4636/35/4637 4612/17/4619
f 4612/17/4619 4636/35/4637 4635/36/4638 4613/19/4621
f 4613/19/4621 4635/36/4638 4634/37/4639 4614/21/4623
f 4614/21/4623 4634/37/4639 4633/38/4640 4615/23/4625
f 4615/23/4625 4633/38/4640 4632/39/4641 4616/25/4627
f 4616/25/4627 4632/39/4641 4631/27/4629 4617/1/4603
f 4656/1/4642 4643/2/4643 4645/3/4644 4657/4/4645
f 4642/5/4646 4646/6/4647 4667/7/4648 4644/8/4649
f 4646/6/4647 4647/9/4650 4666/10/4651 4667/7/4648
f 4647/9/4650 4648/11/4652 4665/12/4653 4666/10/4651
f 4648/11/4652 4649/13/4654 4664/14/4655 4665/12/4653
f 4649/13/4654 4650/15/4656 4663/16/4657 4664/14/4655
f 4650/15/4656 4651/17/4658 4662/18/4659 4663/16/4657
f 4651/17/4658 4652/19/4660 4661/20/4661 4662/18/4659
f 4652/19/4660 4653/21/4662 4660/22/4663 4661/20/4661
f 4653/21/4662 4654/23/4664 4659/24/4665 4660/22/4663
f 4654/23/4664 4655/25/4666 4658/26/4667 4659/24/4665
f 4655/25/4666 4656/1/4642 4657/4/4645 4658/26/4667
f 4656/1/4642 4670/27/4668 4669/28/4669 4643/2/4643
f 4642/5/4646 4668/29/4670 4680/30/4671 4646/6/4647
f 4646/6/4647 4680/30/4671 4679/31/4672 4647/9/4650
f 4647/9/4650 4679/31/4672 4678/32/4673 4648/11/4652
f 4648/11/4652 4678/32/4673 4677/33/4674 4649/13/4654
f 4649/13/4654 4677/33/4674 4676/34/4675 4650/15/4656
f 4650/15/4656 4676/34/4675 4675/35/4676 4651/17/4658
f 4651/17/4658 4675/35/4676 4674/36/4677 4652/19/4660
f 4652/19/4660 4674/36/4677 4673/37/4678 4653/21/4662
f 4653/21/4662 4673/37/4678 4672/38/4679 4654/23/4664
f 4654/23/4664 4672/38/4679 4671/39/4680 4655/25/4666
f 4655/25/4666 4671/39/4680 4670/27/4668 4656/1/4642
f 4695/1/4681 4682/2/4682 4684/3/4683 4696/4/4684
f 4681/5/4685 4685/6/4686 4706/7/4687 4683/8/4688
f 4685/6/4686 4686/9/4689 4705/10/4690 4706/7/4687
f 4686/9/4689 4687/11/4691 4704/12/4692 4705/10/4690
f 4687/11/4691 4688/13/4693 4703/14/4694 4704/12/4692
f 4688/13/4693 4689/15/4695 4702/16/4696 4703/14/4694
f 4689/15/4695 4690/17/4697 4701/18/4698 4702/16/4696
f 4690/17/4697 4691/19/4699 4700/20/4700 4701/18/4698
f 4691/19/4699 4692/21/4701 4699/22/4702 4700/20/4700
f 4692/21/4701 4693/23/4703 4698/24/4704 4699/22/4702
f 4693/23/4703 4694/25/4705 4697/26/4706 4698/24/4704
f 4694/25/4705 4695/1/4681 4696/4/4684 4697/26/4706
f 4695/1/4681 4709/27/4707 4708/28/4708 4682/2/4682
f 4681/5/4685 4707/29/4709 4719/30/4710 4685/6/4686
f 4685/6/4686 4719/30/4710 4718/31/4711 4686/9/4689
f 4686/9/4689 4718/31/4711 4717/32/4712 4687/11/4691
f 4687/11/4691 4717/32/4712 4716/33/4713 4688/13/4693
f 4688/13/4693 4716/33/4713 4715/34/4714 4689/15/4695
f 4689/15/4695 4715/34/4714 4714/35/4715 4690/17/4697
f 4690/17/4697 4714/35/4715 4713/36/4716 4691/19/4699
f 4691/19/4699 4713/36/4716 4712/37/4717 4692/21/4701
f 4692/21/4701 4712/37/4717 4711/38/4718 4693/23/4703
f 4693/23/4703 4711/38/4718 4710/39/4719 4694/25/4705
f 4694/25/4705 4710/39/4719 4709/27/4707 4695/1/4681
f 4734/1/4720 4721/2/4721 4723/3/4722 4735/4/4723
f 4720/5/4724 4724/6/4725 4745/7/4726 4722/8/4727
f 4724/6/4725 4725/9/4728 4744/10/4729 4745/7/4726
f 4725/9/4728 4726/11/4730 4743/12/4731 4744/10/4729
f 4726/11/4730 4727/13/4732 4742/14/4733 4743/12/4731
f 4727/13/4732 4728/15/4734 4741/16/4735 4742/14/4733
f 4728/15/4734 4729/17/4736 4740/18/4737 4741/16/4735
f 4729/17/4736 4730/19/4738 4739/20/4739 4740/18/4737
f 4730/19/4738 4731/21/4740 4738/22/4741 4739/20/4739
f 4731/21/4740 4732/23/4742 4737/24/4743 4738/22/4741
f 4732/23/4742 4733/25/4744 4736/26/4745 4737/24/4743
f 4733/25/4744 4734/1/4720 4735/4/4723 4736/26/4745
f 4734/1/4720 4748/27/4746 4747/28/4747 4721/2/4721
f 4720/5/4724 4746/29/4748 4758/30/4749 4724/6/4725
f 4724/6/4725 4758/30/4749 4757/31/4750 4725/9/4728
f 4725/9/4728 4757/31/4750 4756/32/4751 4726/11/4730
f 4726/11/4730 4756/32/4751 4755/33/4752 4727/13/4732
f 4727/13/4732 4755/33/4752 4754/34/4753 4728/15/4734
f 4728/15/4734 4754/34/4753 4753/35/4754 4729/17/4736
f 4729/17/4736 4753/35/4754 4752/36/4755 4730/19/4738
f 4730/19/4738 4752/36/4755 4751/37/4756 4731/21/4740
f 4731/21/4740 4751/37/4756 4750/38/4757 4732/23/4742
f 4732/23/4742 4750/38/4757 4749/39/4758 4733/25/4744
f 4733/25/4744 4749/39/4758 4748/27/4746 4734/1/4720
f 4773/1/4759 4760/2/4760 4762/3/4761 4774/4/4762
f 4759/5/4763 4763/6/4764 4784/7/4765 4761/8/4766
f 4763/6/4764 4764/9/4767 4783/10/4768 4784/7/4765
f 4764/9/4767 4765/11/4769 4782/12/4770 4783/10/4768
f 4765/11/4769 4766/13/4771 4781/14/4772 4782/12/4770
f 4766/13/4771 4767/15/4773 4780/16/4774 4781/14/4772
f 4767/15/4773 4768/17/4775 4779/18/4776 4780/16/4774
f 4768/17/4775 4769/19/4777 4778/20/4778 4779/18/4776
f 4769/19/4777 4770/21/4779 4777/22/4780 4778/20/4778
f 4770/21/4779 4771/23/4781 4776/24/4782 4777/22/4780
f 4771/23/4781 4772/25/4783 4775/26/4784 4776/24/4782
f 4772/25/4783 4773/1/4759 4774/4/4762 4775/26/4784
f 4773/1/4759 4787/27/4785 4786/28/4786 4760/2/4760
f 4759/5/4763 4785/29/4787 4797/30/4788 4763/6/4764
f 4763/6/4764 4797/30/4788 4796/31/4789 4764/9/4767
f 4764/9/4767 4796/31/4789 4795/32/4790 4765/11/4769
f 4765/11/4769 4795/32/4790 4794/33/4791 4766/13/4771
f 4766/13/4771 4794/33/4791 4793/34/4792 4767/15/4773
f 4767/15/4773 4793/34/4792 4792/35/4793 4768/17/4775
f 4768/17/4775 4792/35/4793 4791/36/4794 4769/19/4777
f 4769/19/4777 4791/36/4794 4790/37/4795 4770/21/4779
f 4770/21/4779 4790/37/4795 4789/38/4796 4771/23/4781
f 4771/23/4781 4789/38/4796 4788/39/4797 4772/25/4783
f 4772/25/4783 4788/39/4797 4787/27/4785 4773/1/4759
f 4812/1/4798 4799/2/4799 4801/3/4800 4813/4/4801
f 4798/5/4802 4802/6/4803 4823/7/4804 4800/8/4805
f 4802/6/4803 4803/9/4806 4822/10/4807 4823/7/4804
f 4803/9/4806 4804/11/4808 4821/12/4809 4822/10/4807
f 4804/11/4808 4805/13/4810 4820/14/4811 4821/12/4809
f 4805/13/4810 4806/15/4812 4819/16/4813 4820/14/4811
f 4806/15/4812 4807/17/4814 4818/18/4815 4819/16/4813
f 4807/17/4814 4808/19/4816 4817/20/4817 4818/18/4815
f 4808/19/4816 4809/21/4818 4816/22/4819 4817/20/4817
f 4809/21/4818 4810/23/4820 4815/24/4821 4816/22/4819
f 4810/23/4820 4811/25/4822 4814/26/4823 4815/24/4821
f 4811/25/4822 4812/1/4798 4813/4/4801 4814/26/4823
f 4812/1/4798 4826/27/4824 4825/28/4825 4799/2/4799
f 4798/5/4802 4824/29/4826 4836/30/4827 4802/6/4803
f 4802/6/4803 4836/30/4827 4835/31/4828 4803/9/4806
f 4803/9/4806 4835/31/4828 4834/32/4829 4804/11/4808
f 4804/11/4808 4834/32/4829 4833/33/4830 4805/13/4810
f 4805/13/4810 4833/33/4830 4832/34/4831 4806/15/4812
f 4806/15/4812 4832/34/4831 4831/35/4832 4807/17/4814
f 4807/17/4814 4831/35/4832 4830/36/4833 4808/19/4816
f 4808/19/4816 4830/36/4833 4829/37/4834 4809/21/4818
f 4809/21/4818 4829/37/4834 4828/38/4835 4810/23/4820
f 4810/23/4820 4828/38/4835 4827/39/4836 4811/25/4822
f 4811/25/4822 4827/39/4836 4826/27/4824 4812/1/4798
f 4851/1/4837 4838/2/4838 4840/3/4839 4852/4/4840
f 4837/5/4841 4841/6/4842 4862/7/4843 4839/8/4844
f 4841/6/4842 4842/9/4845 4861/10/4846 4862/7/4843
f 4842/9/4845 4843/11/4847 4860/12/4848 4861/10/4846
f 4843/11/4847 4844/13/4849 4859/14/4850 4860/12/4848
f 4844/13/4849 4845/15/4851 4858/16/4852 4859/14/4850
f 4845/15/4851 4846/17/4853 4857/18/4854 4858/16/4852
f 4846/17/4853 4847/19/4855 4856/20/4856 4857/18/4854
f 4847/19/4855 4848/21/4857 4855/22/4858 4856/20/4856
f 4848/21/4857 4849/23/4859 4854/24/4860 4855/22/4858
f 4849/23/4859 4850/25/4861 4853/26/4862 4854/24/4860
f 4850/25/4861 4851/1/4837 4852/4/4840 4853/26/4862
f 4851/1/4837 4865/27/4863 4864/28/4864 4838/2/4838
f 4837/5/4841 4863/29/4865 4875/30/4866 4841/6/4842
f 4841/6/4842 4875/30/4866 4874/31/4867 4842/9/4845
f 4842/9/4845 4874/31/4867 4873/32/4868 4843/11/4847
f 4843/11/4847 4873/32/4868 4872/33/4869 4844/13/4849
f 4844/13/4849 4872/33/4869 4871/34/4870 4845/15/4851
f 4845/15/4851 4871/34/4870 4870/35/4871 4846/17/4853
f 4846/17/4853 4870/35/4871 4869/36/4872 4847/19/4855
f 4847/19/4855 4869/36/4872 4868/37/4873 4848/21/4857
f 4848/21/4857 4868/37/4873 4867/38/4874 4849/23/4859
f 4849/23/4859 4867/38/4874 4866/39/4875 4850/25/4861
f 4850/25/4861 4866/39/4875 4865/27/4863 4851/1/4837
f 4890/1/4876 4877/2/4877 4879/3/4878 4891/4/4879
f 4876/5/4880 4880/6/4881 4901/7/4882 4878/8/4883
f 4880/6/4881 4881/9/4884 4900/10/4885 4901/7/4882
f 4881/9/4884 4882/11/4886 4899/12/4887 4900/10/4885
f 4882/11/4886 4883/13/4888 4898/14/4889 4899/12/4887
f 4883/13/4888 4884/15/4890 4897/16/4891 4898/14/4889
f 4884/15/4890 4885/17/4892 4896/18/4893 4897/16/4891
f 4885/17/4892 4886/19/4894 4895/20/4895 4896/18/4893
f 4886/19/4894 4887/21/4896 4894/22/4897 4895/20/4895
f 4887/21/4896 4888/23/4898 4893/24/4899 4894/22/4897
f 4888/23/4898 4889/25/4900 4892/26/4901 4893/24/4899
f 4889/25/4900 4890/1/4876 4891/4/4879 4892/26/4901
f 4890/1/4876 4904/27/4902 4903/28/4903 4877/2/4877
f 4876/5/4880 4902/29/4904 4914/30/4905 4880/6/4881
f 4880/6/4881 4914/30/4905 4913/31/4906 4881/9/4884
f 4881/9/4884 4913/31/4906 4912/32/4907 4882/11/4886
f 4882/11/4886 4912/32/4907 4911/33/4908 4883/13/4888
f 4883/13/4888 4911/33/4908 4910/34/4909 4884/15/4890
f 4884/15/4890 4910/34/4909 4909/35/4910 4885/17/4892
f 4885/17/4892 4909/35/4910 4908/36/4911 4886/19/4894
f 4886/19/4894 4908/36/4911 4907/37/4912 4887/21/4896
f 4887/21/4896 4907/37/4912 4906/38/4913 4888/23/4898
f 4888/23/4898 4906/38/4913 4905/39/4914 4889/25/4900
f 4889/25/4900 4905/39/4914 4904/27/4902 4890/1/4876
f 4929/1/4915 4916/2/4916 4918/3/4917 4930/4/4918
f 4915/5/4919 4919/6/4920 4940/7/4921 4917/8/4922
f 4919/6/4920 4920/9/4923 4939/10/4924 4940/7/4921
f 4920/9/4923 4921/11/4925 4938/12/4926 4939/10/4924
f 4921/11/4925 4922/13/4927 4937/14/4928 4938/12/4926
f 4922/13/4927 4923/15/4929 4936/16/4930 4937/14/4928
f 4923/15/4929 4924/17/4931 4935/18/4932 4936/16/4930
f 4924/17/4931 4925/19/4933 4934/20/4934 4935/18/4932
f 4925/19/4933 4926/21/4935 4933/22/4936 4934/20/4934
f 4926/21/4935 4927/23/4937 4932/24/4938 4933/22/4936
f 4927/23/4937 4928/25/4939 4931/26/4940 4932/24/4938
f 4928/25/4939 4929/1/4915 4930/4/4918 4931/26/4940
f 4929/1/4915 4943/27/4941 4942/28/4942 4916/2/4916
f 4915/5/4919 4941/29/4943 4953/30/4944 4919/6/4920
f 4919/6/4920 4953/30/4944 4952/31/4945 4920/9/4923
f 4920/9/4923 4952/31/4945 4951/32/4946 4921/11/4925
f 4921/11/4925 4951/32/4946 4950/33/4947 4922/13/4927
f 4922/13/4927 4950/33/4947 4949/34/4948 4923/15/4929
f 4923/15/4929 4949/34/4948 4948/35/4949 4924/17/4931
f 4924/17/4931 4948/35/4949 4947/36/4950 4925/19/4933
f 4925/19/4933 4947/36/4950 4946/37/4951 4926/21/4935
f 4926/21/4935 4946/37/4951 4945/38/4952 4927/23/4937
f 4927/23/4937 4945/38/4952 4944/39/4953 4928/25/4939
f 4928/25/4939 4944/39/4953 4943/27/4941 4929/1/4915
f 4968/1/4954 4955/2/4955 4957/3/4956 4969/4/4957
f 4954/5/4958 4958/6/4959 4979/7/4960 4956/8/4961
f 4958/6/4959 4959/9/4962 4978/10/4963 4979/7/4960
f 4959/9/4962 4960/11/4964 4977/12/4965 4978/10/4963
f 4960/11/4964 4961/13/4966 4976/14/4967 4977/12/4965
f 4961/13/4966 4962/15/4968 4975/16/4969 4976/14/4967
f 4962/15/4968 4963/17/4970 4974/18/4971 4975/16/4969
f 4963/17/4970 4964/19/4972 4973/20/4973 4974/18/4971
f 4964/19/4972 4965/21/4974 4972/22/4975 4973/20/4973
f 4965/21/4974 4966/23/4976 4971/24/4977 4972/22/4975
f 4966/23/4976 4967/25/4978 4970/26/4979 4971/24/4977
f 4967/25/4978 4968/1/4954 4969/4/4957 4970/26/4979
f 4968/1/4954 4982/27/4980 4981/28/4981 4955/2/4955
f 4954/5/4958 4980/29/4982 4992/30/4983 4958/6/4959
f 4958/6/4959 4992/30/4983 4991/31/4984 4959/9/4962
f 4959/9/4962 4991/31/4984 4990/32/4985 4960/11/4964
f 4960/11/4964 4990/32/4985 4989/33/4986 4961/13/4966
f 4961/13/4966 4989/33/4986 4988/34/4987 4962/15/4968
f 4962/15/4968 4988/34/4987 4987/35/4988 4963/17/4970
f 4963/17/4970 4987/35/4988 4986/36/4989 4964/19/4972
f 4964/19/4972 4986/36/4989 4985/37/4990 4965/21/4974
f 4965/21/4974 4985/37/4990 4984/38/4991 4966/23/4976
f 4966/23/4976 4984/38/4991 4983/39/4992 4967/25/4978
f 4967/25/4978 4983/39/4992 4982/27/4980 4968/1/4954
f 5007/1/4993 4994/2/4994 4996/3/4995 5008/4/4996
f 4993/5/4997 4997/6/4998 5018/7/4999 4995/8/5000
f 4997/6/4998 4998/9/5001 5017/10/5002 5018/7/4999
f 4998/9/5001 4999/11/5003 5016/12/5004 5017/10/5002
f 4999/11/5003 5000/13/5005 5015/14/5006 5016/12/5004
f 5000/13/5005 5001/15/5007 5014/16/5008 5015/14/5006
f 5001/15/5007 5002/17/5009 5013/18/5010 5014/16/5008
f 5002/17/5009 5003/19/5011 5012/20/5012 5013/18/5010
f 5003/19/5011 5004/21/5013 5011/22/5014 5012/20/5012
f 5004/21/5013 5005/23/5015 5010/24/5016 5011/22/5014
f 5005/23/5015 5006/25/5017 5009/26/5018 5010/24/5016
f 5006/25/5017 5007/1/4993 5008/4/4996 5009/26/5018
f 5007/1/4993 5021/27/5019 5020/28/5020 4994/2/4994
f 4993/5/4997 5019/29/5021 5031/30/5022 4997/6/4998
f 4997/6/4998 5031/30/5022 5030/31/5023 4998/9/5001
f 4998/9/5001 5030/31/5023 5029/32/5024 4999/11/5003
f 4999/11/5003 5029/32/5024 5028/33/5025 5000/13/5005
f 5000/13/5005 5028/33/5025 5027/34/5026 5001/15/5007
f 5001/15/5007 5027/34/5026 5026/35/5027 5002/17/5009
f 5002/17/5009 5026/35/5027 5025/36/5028 5003/19/5011
f 5003/19/5011 5025/36/5028 5024/37/5029 5004/21/5013
f 5004/21/5013 5024/37/5029 5023/38/5030 5005/23/5015
f 5005/23/5015 5023/38/5030 5022/39/5031 5006/25/5017
f 5006/25/5017 5022/39/5031 5021/27/5019 5007/1/4993
f 5046/1/5032 5033/2/5033 5035/3/5034 5047/4/5035
f 5032/5/5036 5036/6/5037 5057/7/5038 5034/8/5039
f 5036/6/5037 5037/9/5040 5056/10/5041 5057/7/5038
f 5037/9/5040 5038/11/5042 5055/12/5043 5056/10/5041
f 5038/11/5042 5039/13/5044 5054/14/5045 5055/12/5043
f 5039/13/5044 5040/15/5046 5053/16/5047 5054/14/5045
f 5040/15/5046 5041/17/5048 5052/18/5049 5053/16/5047
f 5041/17/5048 5042/19/5050 5051/20/5051 5052/18/5049
f 5042/19/5050 5043/21/5052 5050/22/5053 5051/20/5051
f 5043/21/5052 5044/23/5054 5049/24/5055 5050/22/5053
f 5044/23/5054 5045/25/5056 5048/26/5057 5049/24/5055
f 5045/25/5056 5046/1/5032 5047/4/5035 5048/26/5057
f 5046/1/5032 5060/27/5058 5059/28/5059 5033/2/5033
f 5032/5/5036 5058/29/5060 5070/30/5061 5036/6/5037
f 5036/6/5037 5070/30/5061 5069/31/5062 5037/9/5040
f 5037/9/5040 5069/31/5062 5068/32/5063 5038/11/5042
f 5038/11/5042 5068/32/5063 5067/33/5064 5039/13/5044
f 5039/13/5044 5067/33/5064 5066/34/5065 5040/15/5046
f 5040/15/5046 5066/34/5065 5065/35/5066 5041/17/5048
f 5041/17/5048 5065/35/5066 5064/36/5067 5042/19/5050
f 5042/19/5050 5064/36/5067 5063/37/5068 5043/21/5052
f 5043/21/5052 5063/37/5068 5062/38/5069 5044/23/5054
f 5044/23/5054 5062/38/5069 5061/39/5070 5045/25/5056
f 5045/25/5056 5061/39/5070 5060/27/5058 5046/1/5032
f 5085/1/5071 5072/2/5072 5074/3/5073 5086/4/5074
f 5071/5/5075 5075/6/5076 5096/7/5077 5073/8/5078
f 5075/6/5076 5076/9/5079 5095/10/5080 5096/7/5077
f 5076/9/5079 5077/11/5081 5094/12/5082 5095/10/5080
f 5077/11/5081 5078/13/5083 5093/14/5084 5094/12/5082
f 5078/13/5083 5079/15/5085 5092/16/5086 5093/14/5084
f 5079/15/5085 5080/17/5087 5091/18/5088 5092/16/5086
f 5080/17/5087 5081/19/5089 5090/20/5090 5091/18/5088
f 5081/19/5089 5082/21/5091 5089/22/5092 5090/20/5090
f 5082/21/5091 5083/23/5093 5088/24/5094 5089/22/5092
f 5083/23/5093 5084/25/5095 5087/26/5096 5088/24/5094
f 5084/25/5095 5085/1/5071 5086/4/5074 5087/26/5096
f 5085/1/5071 5099/27/5097 5098/28/5098 5072/2/5072
f 5071/5/5075 5097/29/5099 5109/30/5100 5075/6/5076
f 5075/6/5076 5109/30/5100 5108/31/5101 5076/9/5079
f 5076/9/5079 5108/31/5101 5107/32/5102 5077/11/5081
f 5077/11/5081 5107/32/5102 5106/33/5103 5078/13/5083
f 5078/13/5083 5106/33/5103 5105/34/5104 5079/15/5085
f 5079/15/5085 5105/34/5104 5104/35/5105 5080/17/5087
f 5080/17/5087 5104/35/5105 5103/36/5106 5081/19/5089
f 5081/19/5089 5103/36/5106 5102/37/5107 5082/21/5091
f 5082/21/5091 5102/37/5107 5101/38/5108 5083/23/5093
f 5083/23/5093 5101/38/5108 5100/39/5109 5084/25/5095
f 5084/25/5095 5100/39/5109 5099/27/5097 5085/1/5071
f 5124/1/5110 5111/2/5111 5113/3/5112 5125/4/5113
f 5110/5/5114 5114/6/5115 5135/7/5116 5112/8/5117
f 5114/6/5115 5115/9/5118 5134/10/5119 5135/7/5116
f 5115/9/5118 5116/11/5120 5133/12/5121 5134/10/5119
f 5116/11/5120 5117/13/5122 5132/14/5123 5133/12/5121
f 5117/13/5122 5118/15/5124 5131/16/5125 5132/14/5123
f 5118/15/5124 5119/17/5126 5130/18/5127 5131/16/5125
f 5119/17/5126 5120/19/5128 5129/20/5129 5130/18/5127
f 5120/19/5128 5121/21/5130 5128/22/5131 5129/20/5129
f 5121/21/5130 5122/23/5132 5127/24/5133 5128/22/5131
f 5122/23/5132 5123/25/5134 5126/26/5135 5127/24/5133
f 5123/25/5134 5124/1/5110 5125/4/5113 5126/26/5135
f 5124/1/5110 5138/27/5136 5137/28/5137 5111/2/5111
f 5110/5/5114 5136/29/5138 5148/30/5139 5114/6/5115
f 5114/6/5115 5148/30/5139 5147/31/5140 5115/9/5118
f 5115/9/5118 5147/31/5140 5146/32/5141 5116/11/5120
f 5116/11/5120 5146/32/5141 5145/33/5142 5117/13/5122
f 5117/13/5122 5145/33/5142 5144/34/5143 5118/15/5124
f 5118/15/5124 5144/34/5143 5143/35/5144 5119/17/5126
f 5119/17/5126 5143/35/5144 5142/36/5145 5120/19/5128
f 5120/19/5128 5142/36/5145 5141/37/5146 5121/21/5130
f 5121/21/5130 5141/37/5146 5140/38/5147 5122/23/5132
f 5122/23/5132 5140/38/5147 5139/39/5148 5123/25/5134
f 5123/25/5134 5139/39/5148 5138/27/5136 5124/1/5110
f 5163/1/5149 5150/2/5150 5152/3/5151 5164/4/5152
f 5149/5/5153 5153/6/5154 5174/7/5155 5151/8/5156
f 5153/6/5154 5154/9/5157 5173/10/5158 5174/7/5155
f 5154/9/5157 5155/11/5159 5172/12/5160 5173/10/5158
f 5155/11/5159 5156/13/5161 5171/14/5162 5172/12/5160
f 5156/13/5161 5157/15/5163 5170/16/5164 5171/14/5162
f 5157/15/5163 5158/17/5165 5169/18/5166 5170/16/5164
f 5158/17/5165 5159/19/5167 5168/20/5168 5169/18/5166
f 5159/19/5167 5160/21/5169 5167/22/5170 5168/20/5168
f 5160/21/5169 5161/23/5171 5166/24/5172 5167/22/5170
f 5161/23/5171 5162/25/5173 5165/26/5174 5166/24/5172
f 5162/25/5173 5163/1/5149 5164/4/5152 5165/26/5174
f 5163/1/5149 5177/27/5175 5176/28/5176 5150/2/5150
f 5149/5/5153 5175/29/5177 5187/30/5178 5153/6/5154
f 5153/6/5154 5187/30/5178 5186/31/5179 5154/9/5157
f 5154/9/5157 5186/31/5179 5185/32/5180 5155/11/5159
f 5155/11/5159 5185/32/5180 5184/33/5181 5156/13/5161
f 5156/13/5161 5184/33/5181 5183/34/5182 5157/15/5163
f 5157/15/5163 5183/34/5182 5182/35/5183 5158/17/5165
f 5158/17/5165 5182/35/5183 5181/36/5184 5159/19/5167
f 5159/19/5167 5181/36/5184 5180/37/5185 5160/21/5169
f 5160/21/5169 5180/37/5185 5179/38/5186 5161/23/5171
f 5161/23/5171 5179/38/5186 5178/39/5187 5162/25/5173
f 5162/25/5173 5178/39/5187 5177/27/5175 5163/1/5149
f 5202/1/5188 5189/2/5189 5191/3/5190 5203/4/5191
f 5188/5/5192 5192/6/5193 5213/7/5194 5190/8/5195
f 5192/6/5193 5193/9/5196 5212/10/5197 5213/7/5194
f 5193/9/5196 5194/11/5198 5211/12/5199 5212/10/5197
f 5194/11/5198 5195/13/5200 5210/14/5201 5211/12/5199
f 5195/13/5200 5196/15/5202 5209/16/5203 5210/14/5201
f 5196/15/5202 5197/17/5204 5208/18/5205 5209/16/5203
f 5197/17/5204 5198/19/5206 5207/20/5207 5208/18/5205
f 5198/19/5206 5199/21/5208 5206/22/5209 5207/20/5207
f 5199/21/5208 5200/23/5210 5205/24/5211 5206/22/5209
f 5200/23/5210 5201/25/5212 5204/26/5213 5205/24/5211
f 5201/25/5212 5202/1/5188 5203/4/5191 5204/26/5213
f 5202/1/5188 5216/27/5214 5215/28/5215 5189/2/5189
f 5188/5/5192 5214/29/5216 5226/30/5217 5192/6/5193
f 5192/6/5193 5226/30/5217 5225/31/5218 5193/9/5196
f 5193/9/5196 5225/31/5218 5224/32/5219 5194/11/5198
f 5194/11/5198 5224/32/5219 5223/33/5220 5195/13/5200
f 5195/13/5200 5223/33/5220 5222/34/5221 5196/15/5202
f 5196/15/5202 5222/34/5221 5221/35/5222 5197/17/5204
f 5197/17/5204 5221/35/5222 5220/36/5223 5198/19/5206
f 5198/19/5206 5220/36/5223 5219/37/5224 5199/21/5208
f 5199/21/5208 5219/37/5224 5218/38/5225 5200/23/5210
f 5200/23/5210 5218/38/5225 5217/39/5226 5201/25/5212
f 5201/25/5212 5217/39/5226 5216/27/5214 5202/1/5188
f 5241/1/5227 5228/2/5228 5230/3/5229 5242/4/5230
f 5227/5/5231 5231/6/5232 5252/7/5233 5229/8/5234
f 5231/6/5232 5232/9/5235 5251/10/5236 5252/7/5233
f 5232/9/5235 5233/11/5237 5250/12/5238 5251/10/5236
f 5233/11/5237 5234/13/5239 5249/14/5240 5250/12/5238
f 5234/13/5239 5235/15/5241 5248/16/5242 5249/14/5240
f 5235/15/5241 5236/17/5243 5247/18/5244 5248/16/5242
f 5236/17/5243 5237/19/5245 5246/20/5246 5247/18/5244
f 5237/19/5245 5238/21/5247 5245/22/5248 5246/20/5246
f 5238/21/5247 5239/23/5249 5244/24/5250 5245/22/5248
f 5239/23/5249 5240/25/5251 5243/26/5252 5244/24/5250
f 5240/25/5251 5241/1/5227 5242/4/5230 5243/26/5252
f 5241/1/5227 5255/27/5253 5254/28/5254 5228/2/5228
f 5227/5/5231 5253/29/5255 5265/30/5256 5231/6/5232
f 5231/6/5232 5265/30/5256 5264/31/5257 5232/9/5235
f 5232/9/5235 5264/31/5257 5263/32/5258 5233/11/5237
f 5233/11/5237 5263/32/5258 5262/33/5259 5234/13/5239
f 5234/13/5239 5262/33/5259 5261/34/5260 5235/15/5241
f 5235/15/5241 5261/34/5260 5260/35/5261 5236/17/5243
f 5236/17/5243 5260/35/5261 5259/36/5262 5237/19/5245
f 5237/19/5245 5259/36/5262 5258/37/5263 5238/21/5247
f 5238/21/5247 5258/37/5263 5257/38/5264 5239/23/5249
f 5239/23/5249 5257/38/5264 5256/39/5265 5240/25/5251
f 5240/25/5251 5256/39/5265 5255/27/5253 5241/1/5227
f 5280/1/5266 5267/2/5267 5269/3/5268 5281/4/5269
f 5266/5/5270 5270/6/5271 5291/7/5272 5268/8/5273
f 5270/6/5271 5271/9/5274 5290/10/5275 5291/7/5272
f 5271/9/5274 5272/11/5276 5289/12/5277 5290/10/5275
f 5272/11/5276 5273/13/5278 5288/14/5279 5289/12/5277
f 5273/13/5278 5274/15/5280 5287/16/5281 5288/14/5279
f 5274/15/5280 5275/17/5282 5286/18/5283 5287/16/5281
f 5275/17/5282 5276/19/5284 5285/20/5285 5286/18/5283
f 5276/19/5284 5277/21/5286 5284/22/5287 5285/20/5285
f 5277/21/5286 5278/23/5288 5283/24/5289 5284/22/5287
f 5278/23/5288 5279/25/5290 5282/26/5291 5283/24/5289
f 5279/25/5290 5280/1/5266 5281/4/5269 5282/26/5291
f 5280/1/5266 5294/27/5292 5293/28/5293 5267/2/5267
f 5266/5/5270 5292/29/5294 5304/30/5295 5270/6/5271
f 5270/6/5271 5304/30/5295 5303/31/5296 5271/9/5274
f 5271/9/5274 5303/31/5296 5302/32/5297 5272/11/5276
f 5272/11/5276 5302/32/5297 5301/33/5298 5273/13/5278
f 5273/13/5278 5301/33/5298 5300/34/5299 5274/15/5280
f 5274/15/5280 5300/34/5299 5299/35/5300 5275/17/5282
f 5275/17/5282 5299/35/5300 5298/36/5301 5276/19/5284
f 5276/19/5284 5298/36/5301 5297/37/5302 5277/21/5286
f 5277/21/5286 5297/37/5302 5296/38/5303 5278/23/5288
f 5278/23/5288 5296/38/5303 5295/39/5304 5279/25/5290
f 5279/25/5290 5295/39/5304 5294/27/5292 5280/1/5266
f 5319/1/5305 5306/2/5306 5308/3/5307 5320/4/5308
f 5305/5/5309 5309/6/5310 5330/7/5311 5307/8/5312
f 5309/6/5310 5310/9/5313 5329/10/5314 5330/7/5311
f 5310/9/5313 5311/11/5315 5328/12/5316 5329/10/5314
f 5311/11/5315 5312/13/5317 5327/14/5318 5328/12/5316
f 5312/13/5317 5313/15/5319 5326/16/5320 5327/14/5318
f 5313/15/5319 5314/17/5321 5325/18/5322 5326/16/5320
f 5314/17/5321 5315/19/5323 5324/20/5324 5325/18/5322
f 5315/19/5323 5316/21/5325 5323/22/5326 5324/20/5324
f 5316/21/5325 5317/23/5327 5322/24/5328 5323/22/5326
f 5317/23/5327 5318/25/5329 5321/26/5330 5322/24/5328
f 5318/25/5329 5319/1/5305 5320/4/5308 5321/26/5330
f 5319/1/5305 5333/27/5331 5332/28/5332 5306/2/5306
f 5305/5/5309 5331/29/5333 5343/30/5334 5309/6/5310
f 5309/6/5310 5343/30/5334 5342/31/5335 5310/9/5313
f 5310/9/5313 5342/31/5335 5341/32/5336 5311/11/5315
f 5311/11/5315 5341/32/5336 5340/33/5337 5312/13/5317
f 5312/13/5317 5340/33/5337 5339/34/5338 5313/15/5319
f 5313/15/5319 5339/34/5338 5338/35/5339 5314/17/5321
f 5314/17/5321 5338/35/5339 5337/36/5340 5315/19/5323
f 5315/19/5323 5337/36/5340 5336/37/5341 5316/21/5325
f 5316/21/5325 5336/37/5341 5335/38/5342 5317/23/5327
f 5317/23/5327 5335/38/5342 5334/39/5343 5318/25/5329
f 5318/25/5329 5334/39/5343 5333/27/5331 5319/1/5305
f 5358/1/5344 5345/2/5345 5347/3/5346 5359/4/5347
f 5344/5/5348 5348/6/5349 5369/7/5350 5346/8/5351
f 5348/6/5349 5349/9/5352 5368/10/5353 5369/7/5350
f 5349/9/5352 5350/11/5354 5367/12/5355 5368/10/5353
f 5350/11/5354 5351/13/5356 5366/14/5357 5367/12/5355
f 5351/13/5356 5352/15/5358 5365/16/5359 5366/14/5357
f 5352/15/5358 5353/17/5360 5364/18/5361 5365/16/5359
f 5353/17/5360 5354/19/5362 5363/20/5363 5364/18/5361
f 5354/19/5362 5355/21/5364 5362/22/5365 5363/20/5363
f 5355/21/5364 5356/23/5366 5361/24/5367 5362/22/5365
f 5356/23/5366 5357/25/5368 5360/26/5369 5361/24/5367
f 5357/25/5368 5358/1/5344 5359/4/5347 5360/26/5369
f 5358/1/5344 5372/27/5370 5371/28/5371 5345/2/5345
f 5344/5/5348 5370/29/5372 5382/30/5373 5348/6/5349
f 5348/6/5349 5382/30/5373 5381/31/5374 5349/9/5352
f 5349/9/5352 5381/31/5374 5380/32/5375 5350/11/5354
f 5350/11/5354 5380/32/5375 5379/33/5376 5351/13/5356
f 5351/13/5356 5379/33/5376 5378/34/5377 5352/15/5358
f 5352/15/5358 5378/34/5377 5377/35/5378 5353/17/5360
f 5353/17/5360 5377/35/5378 5376/36/5379 5354/19/5362
f 5354/19/5362 5376/36/5379 5375/37/5380 5355/21/5364
f 5355/21/5364 5375/37/5380 5374/38/5381 5356/23/5366
f 5356/23/5366 5374/38/5381 5373/39/5382 5357/25/5368
f 5357/25/5368 5373/39/5382 5372/27/5370 5358/1/5344
f 5397/1/5383 5384/2/5384 5386/3/5385 5398/4/5386
f 5383/5/5387 5387/6/5388 5408/7/5389 5385/8/5390
f 5387/6/5388 5388/9/5391 5407/10/5392 5408/7/5389
f 5388/9/5391 5389/11/5393 5406/12/5394 5407/10/5392
f 5389/11/5393 5390/13/5395 5405/14/5396 5406/12/5394
f 5390/13/5395 5391/15/5397 5404/16/5398 5405/14/5396
f 5391/15/5397 5392/17/5399 5403/18/5400 5404/16/5398
f 5392/17/5399 5393/19/5401 5402/20/5402 5403/18/5400
f 5393/19/5401 5394/21/5403 5401/22/5404 5402/20/5402
f 5394/21/5403 5395/23/5405 5400/24/5406 5401/22/5404
f 5395/23/5405 5396/25/5407 5399/26/5408 5400/24/5406
f 5396/25/5407 5397/1/5383 5398/4/5386 5399/26/5408
f 5397/1/5383 5411/27/5409 5410/28/5410 5384/2/5384
f 5383/5/5387 5409/29/5411 5421/30/5412 5387/6/5388
f 5387/6/5388 5421/30/5412 5420/31/5413 5388/9/5391
f 5388/9/5391 5420/31/5413 5419/32/5414 5389/11/5393
f 5389/11/5393 5419/32/5414 5418/33/5415 5390/13/5395
f 5390/13/5395 5418/33/5415 5417/34/5416 5391/15/5397
f 5391/15/5397 5417/34/5416 5416/35/5417 5392/17/5399
f 5392/17/5399 5416/35/5417 5415/36/5418 5393/19/5401
f 5393/19/5401 5415/36/5418 5414/37/5419 5394/21/5403
f 5394/21/5403 5414/37/5419 5413/38/5420 5395/23/5405
f 5395/23/5405 5413/38/5420 5412/39/5421 5396/25/5407
f 5396/25/5407 5412/39/5421 5411/27/5409 5397/1/5383
f 5436/1/5422 5423/2/5423 5425/3/5424 5437/4/5425
f 5422/5/5426 5426/6/5427 5447/7/5428 5424/8/5429
f 5426/6/5427 5427/9/5430 5446/10/5431 5447/7/5428
f 5427/9/5430 5428/11/5432 5445/12/5433 5446/10/5431
f 5428/11/5432 5429/13/5434 5444/14/5435 5445/12/5433
f 5429/13/5434 5430/15/5436 5443/16/5437 5444/14/5435
f 5430/15/5436 5431/17/5438 5442/18/5439 5443/16/5437
f 5431/17/5438 5432/19/5440 5441/20/5441 5442/18/5439
f 5432/19/5440 5433/21/5442 5440/22/5443 5441/20/5441
f 5433/21/5442 5434/23/5444 5439/24/5445 5440/22/5443
f 5434/23/5444 5435/25/5446 5438/26/5447 5439/24/5445
f 5435/25/5446 5436/1/5422 5437/4/5425 5438/26/5447
f 5436/1/5422 5450/27/5448 5449/28/5449 5423/2/5423
f 5422/5/5426 5448/29/5450 5460/30/5451 5426/6/5427
f 5426/6/5427 5460/30/5451 5459/31/5452 5427/9/5430
f 5427/9/5430 5459/31/5452 5458/32/5453 5428/11/5432
f 5428/11/5432 5458/32/5453 5457/33/5454 5429/13/5434
f 5429/13/5434 5457/33/5454 5456/34/5455 5430/15/5436
f 5430/15/5436 5456/34/5455 5455/35/5456 5431/17/5438
f 5431/17/5438 5455/35/5456 5454/36/5457 5432/19/5440
f 5432/19/5440 5454/36/5457 5453/37/5458 5433/21/5442
f 5433/21/5442 5453/37/5458 5452/38/5459 5434/23/5444
f 5434/23/5444 5452/38/5459 5451/39/5460 5435/25/5446
f 5435/25/5446 5451/39/5460 5450/27/5448 5436/1/5422
f 5475/1/5461 5462/2/5462 5464/3/5463 5476/4/5464
f 5461/5/5465 5465/6/5466 5486/7/5467 5463/8/5468
f 5465/6/5466 5466/9/5469 5485/10/5470 5486/7/5467
f 5466/9/5469 5467/11/5471 5484/12/5472 5485/10/5470
f 5467/11/5471 5468/13/5473 5483/14/5474 5484/12/5472
f 5468/13/5473 5469/15/5475 5482/16/5476 5483/14/5474
f 5469/15/5475 5470/17/5477 5481/18/5478 5482/16/5476
f 5470/17/5477 5471/19/5479 5480/20/5480 5481/18/5478
f 5471/19/5479 5472/21/5481 5479/22/5482 5480/20/5480
f 5472/21/5481 5473/23/5483 5478/24/5484 5479/22/5482
f 5473/23/5483 5474/25/5485 5477/26/5486 5478/24/5484
f 5474/25/5485 5475/1/5461 5476/4/5464 5477/26/5486
f 5475/1/5461 5489/27/5487 5488/28/5488 5462/2/5462
f 5461/5/5465 5487/29/5489 5499/30/5490 5465/6/5466
f 5465/6/5466 5499/30/5490 5498/31/5491 5466/9/5469
f 5466/9/5469 5498/31/5491 5497/32/5492 5467/11/5471
f 5467/11/5471 5497/32/5492 5496/33/5493 5468/13/5473
f 5468/13/5473 5496/33/5493 5495/34/5494 5469/15/5475
f 5469/15/5475 5495/34/5494 5494/35/5495 5470/17/5477
f 5470/17/5477 5494/35/5495 5493/36/5496 5471/19/5479
f 5471/19/5479 5493/36/5496 5492/37/5497 5472/21/5481
f 5472/21/5481 5492/37/5497 5491/38/5498 5473/23/5483
f 5473/23/5483 5491/38/5498 5490/39/5499 5474/25/5485
f 5474/25/5485 5490/39/5499 5489/27/5487 5475/1/5461
f 5514/1/5500 5501/2/5501 5503/3/5502 5515/4/5503
f 5500/5/5504 5504/6/5505 5525/7/5506 5502/8/5507
f 5504/6/5505 5505/9/5508 5524/10/5509 5525/7/5506
f 5505/9/5508 5506/11/5510 5523/12/5511 5524/10/5509
f 5506/11/5510 5507/13/5512 5522/14/5513 5523/12/5511
f 5507/13/5512 5508/15/5514 5521/16/5515 5522/14/5513
f 5508/15/5514 5509/17/5516 5520/18/5517 5521/16/5515
f 5509/17/5516 5510/19/5518 5519/20/5519 5520/18/5517
f 5510/19/5518 5511/21/5520 5518/22/5521 5519/20/5519
f 5511/21/5520 5512/23/5522 5517/24/5523 5518/22/5521
f 5512/23/5522 5513/25/5524 5516/26/5525 5517/24/5523
f 5513/25/5524 5514/1/5500 5515/4/5503 5516/26/5525
f 5514/1/5500 5528/27/5526 5527/28/5527 5501/2/5501
f 5500/5/5504 5526/29/5528 5538/30/5529 5504/6/5505
f 5504/6/5505 5538/30/5529 5537/31/5530 5505/9/5508
f 5505/9/5508 5537/31/5530 5536/32/5531 5506/11/5510
f 5506/11/5510 5536/32/5531 5535/33/5532 5507/13/5512
f 5507/13/5512 5535/33/5532 5534/34/5533 5508/15/5514
f 5508/15/5514 5534/34/5533 5533/35/5534 5509/17/5516
f 5509/17/5516 5533/35/5534 5532/36/5535 5510/19/5518
f 5510/19/5518 5532/36/5535 5531/37/5536 5511/21/5520
f 5511/21/5520 5531/37/5536 5530/38/5537 5512/23/5522
f 5512/23/5522 5530/38/5537 5529/39/5538 5513/25/5524
f 5513/25/5524 5529/39/5538 5528/27/5526 5514/1/5500
f 5553/1/5539 5540/2/5540 5542/3/5541 5554/4/5542
f 5539/5/5543 5543/6/5544 5564/7/5545 5541/8/5546
f 5543/6/5544 5544/9/5547 5563/10/5548 5564/7/5545
f 5544/9/5547 5545/11/5549 5562/12/5550 5563/10/5548
f 5545/11/5549 5546/13/5551 5561/14/5552 5562/12/5550
f 5546/13/5551 5547/15/5553 5560/16/5554 5561/14/5552
f 5547/15/5553 5548/17/5555 5559/18/5556 5560/16/5554
f 5548/17/5555 5549/19/5557 5558/20/5558 5559/18/5556
f 5549/19/5557 5550/21/5559 5557/22/5560 5558/20/5558
f 5550/21/5559 5551/23/5561 5556/24/5562 5557/22/5560
f 5551/23/5561 5552/25/5563 5555/26/5564 5556/24/5562
f 5552/25/5563 5553/1/5539 5554/4/5542 5555/26/5564
f 5553/1/5539 5567/27/5565 5566/28/5566 5540/2/5540
f 5539/5/5543 5565/29/5567 5577/30/5568 5543/6/5544
f 5543/6/5544 5577/30/5568 5576/31/5569 5544/9/5547
f 5544/9/5547 5576/31/5569 5575/32/5570 5545/11/5549
f 5545/11/5549 5575/32/5570 5574/33/5571 5546/13/5551
f 5546/13/5551 5574/33/5571 5573/34/5572 5547/15/5553
f 5547/15/5553 5573/34/5572 5572/35/5573 5548/17/5555
f 5548/17/5555 5572/35/5573 5571/36/5574 5549/19/5557
f 5549/19/5557 5571/36/5574 5570/37/5575 5550/21/5559
f 5550/21/5559 5570/37/5575 5569/38/5576 5551/23/5561
f 5551/23/5561 5569/38/5576 5568/39/5577 5552/25/5563
f 5552/25/5563 5568/39/5577 5567/27/5565 5553/1/5539
f 5592/1/5578 5579/2/5579 5581/3/5580 5593/4/5581
f 5578/5/5582 5582/6/5583 5603/7/5584 5580/8/5585
f 5582/6/5583 5583/9/5586 5602/10/5587 5603/7/5584
f 5583/9/5586 5584/11/5588 5601/12/5589 5602/10/5587
f 5584/11/5588 5585/13/5590 5600/14/5591 5601/12/5589
f 5585/13/5590 5586/15/5592 5599/16/5593 5600/14/5591
f 5586/15/5592 5587/17/5594 5598/18/5595 5599/16/5593
f 5587/17/5594 5588/19/5596 5597/20/5597 5598/18/5595
f 5588/19/5596 5589/21/5598 5596/22/5599 5597/20/5597
f 5589/21/5598 5590/23/5600 5595/24/5601 5596/22/5599
f 5590/23/5600 5591/25/5602 5594/26/5603 5595/24/5601
f 5591/25/5602 5592/1/5578 5593/4/5581 5594/26/5603
f 5592/1/5578 5606/27/5604 5605/28/5605 5579/2/5579
f 5578/5/5582 5604/29/5606 5616/30/5607 5582/6/5583
f 5582/6/5583 5616/30/5607 5615/31/5608 5583/9/5586
f 5583/9/5586 5615/31/5608 5614/32/5609 5584/11/5588
f 5584/11/5588 5614/32/5609 5613/33/5610 5585/13/5590
f 5585/13/5590 5613/33/5610 5612/34/5611 5586/15/5592
f 5586/15/5592 5612/34/5611 5611/35/5612 5587/17/5594
f 5587/17/5594 5611/35/5612 5610/36/5613 5588/19/5596
f 5588/19/5596 5610/36/5613 5609/37/5614 5589/21/5598
f 5589/21/5598 5609/37/5614 5608/38/5615 5590/23/5600
f 5590/23/5600 5608/38/5615 5607/39/5616 5591/25/5602
f 5591/25/5602 5607/39/5616 5606/27/5604 5592/1/5578
f 5631/1/5617 5618/2/5618 5620/3/5619 5632/4/5620
f 5617/5/5621 5621/6/5622 5642/7/5623 5619/8/5624
f 5621/6/5622 5622/9/5625 5641/10/5626 5642/7/5623
f 5622/9/5625 5623/11/5627 5640/12/5628 5641/10/5626
f 5623/11/5627 5624/13/5629 5639/14/5630 5640/12/5628
f 5624/13/5629 5625/15/5631 5638/16/5632 5639/14/5630
f 5625/15/5631 5626/17/5633 5637/18/5634 5638/16/5632
f 5626/17/5633 5627/19/5635 5636/20/5636 5637/18/5634
f 5627/19/5635 5628/21/5637 5635/22/5638 5636/20/5636
f 5628/21/5637 5629/23/5639 5634/24/5640 5635/22/5638
f 5629/23/5639 5630/25/5641 5633/26/5642 5634/24/5640
f 5630/25/5641 5631/1/5617 5632/4/5620 5633/26/5642
f 5631/1/5617 5645/27/5643 5644/28/5644 5618/2/5618
f 5617/5/5621 5643/29/5645 5655/30/5646 5621/6/5622
f 5621/6/5622 5655/30/5646 5654/31/5647 5622/9/5625
f 5622/9/5625 5654/31/5647 5653/32/5648 5623/11/5627
f 5623/11/5627 5653/32/5648 5652/33/5649 5624/13/5629
f 5624/13/5629 5652/33/5649 5651/34/5650 5625/15/5631
f 5625/15/5631 5651/34/5650 5650/35/5651 5626/17/5633
f 5626/17/5633 5650/35/5651 5649/36/5652 5627/19/5635
f 5627/19/5635 5649/36/5652 5648/37/5653 5628/21/5637
f 5628/21/5637 5648/37/5653 5647/38/5654 5629/23/5639
f 5629/23/5639 5647/38/5654 5646/39/5655 5630/25/5641
f 5630/25/5641 5646/39/5655 5645/27/5643 5631/1/5617
f 5670/1/5656 5657/2/5657 5659/3/5658 5671/4/5659
f 5656/5/5660 5660/6/5661 5681/7/5662 5658/8/5663
f 5660/6/5661 5661/9/5664 5680/10/5665 5681/7/5662
f 5661/9/5664 5662/11/5666 5679/12/5667 5680/10/5665
f 5662/11/5666 5663/13/5668 5678/14/5669 5679/12/5667
f 5663/13/5668 5664/15/5670 5677/16/5671 5678/14/5669
f 5664/15/5670 5665/17/5672 5676/18/5673 5677/16/5671
f 5665/17/5672 5666/19/5674 5675/20/5675 5676/18/5673
f 5666/19/5674 5667/21/5676 5674/22/5677 5675/20/5675
f 5667/21/5676 5668/23/5678 5673/24/5679 5674/22/5677
f 5668/23/5678 5669/25/5680 5672/26/5681 5673/24/5679
f 5669/25/5680 5670/1/5656 5671/4/5659 5672/26/5681
f 5670/1/5656 5684/27/5682 5683/28/5683 5657/2/5657
f 5656/5/5660 5682/29/5684 5694/30/5685 5660/6/5661
f 5660/6/5661 5694/30/5685 5693/31/5686 5661/9/5664
f 5661/9/5664 5693/31/5686 5692/32/5687 5662/11/5666
f 5662/11/5666 5692/32/5687 5691/33/5688 5663/13/5668
f 5663/13/5668 5691/33/5688 5690/34/5689 5664/15/5670
f 5664/15/5670 5690/34/5689 5689/35/5690 5665/17/5672
f 5665/17/5672 5689/35/5690 5688/36/5691 5666/19/5674
f 5666/19/5674 5688/36/5691 5687/37/5692 5667/21/5676
f 5667/21/5676 5687/37/5692 5686/38/5693 5668/23/5678
f 5668/23/5678 5686/38/5693 5685/39/5694 5669/25/5680
f 5669/25/5680 5685/39/5694 5684/27/5682 5670/1/5656
f 5709/1/5695 5696/2/5696 5698/3/5697 5710/4/5698
f 5695/5/5699 5699/6/5700 5720/7/5701 5697/8/5702
f 5699/6/5700 5700/9/5703 5719/10/5704 5720/7/5701
f 5700/9/5703 5701/11/5705 5718/12/5706 5719/10/5704
f 5701/11/5705 5702/13/5707 5717/14/5708 5718/12/5706
f 5702/13/5707 5703/15/5709 5716/16/5710 5717/14/5708
f 5703/15/5709 5704/17/5711 5715/18/5712 5716/16/5710
f 5704/17/5711 5705/19/5713 5714/20/5714 5715/18/5712
f 5705/19/5713 5706/21/5715 5713/22/5716 5714/20/5714
f 5706/21/5715 5707/23/5717 5712/24/5718 5713/22/5716
f 5707/23/5717 5708/25/5719 5711/26/5720 5712/24/5718
f 5708/25/5719 5709/1/5695 5710/4/5698 5711/26/5720
f 5709/1/5695 5723/27/5721 5722/28/5722 5696/2/5696
f 5695/5/5699 5721/29/5723 5733/30/5724 5699/6/5700
f 5699/6/5700 5733/30/5724 5732/31/5725 5700/9/5703
f 5700/9/5703 5732/31/5725 5731/32/5726 5701/11/5705
f 5701/11/5705 5731/32/5726 5730/33/5727 5702/13/5707
f 5702/13/5707 5730/33/5727 5729/34/5728 5703/15/5709
f 5703/15/5709 5729/34/5728 5728/35/5729 5704/17/5711
f 5704/17/5711 5728/35/5729 5727/36/5730 5705/19/5713
f 5705/19/5713 5727/36/5730 5726/37/5731 5706/21/5715
f 5706/21/5715 5726/37/5731 5725/38/5732 5707/23/5717
f 5707/23/5717 5725/38/5732 5724/39/5733 5708/25/5719
f 5708/25/5719 5724/39/5733 5723/27/5721 5709/1/5695
f 5748/1/5734 5735/2/5735 5737/3/5736 5749/4/5737
f 5734/5/5738 5738/6/5739 5759/7/5740 5736/8/5741
f 5738/6/5739 5739/9/5742 5758/10/5743 5759/7/5740
f 5739/9/5742 5740/11/5744 5757/12/5745 5758/10/5743
f 5740/11/5744 5741/13/5746 5756/14/5747 5757/12/5745
f 5741/13/5746 5742/15/5748 5755/16/5749 5756/14/5747
f 5742/15/5748 5743/17/5750 5754/18/5751 5755/16/5749
f 5743/17/5750 5744/19/5752 5753/20/5753 5754/18/5751
f 5744/19/5752 5745/21/5754 5752/22/5755 5753/20/5753
f 5745/21/5754 5746/23/5756 5751/24/5757 5752/22/5755
f 5746/23/5756 5747/25/5758 5750/26/5759 5751/24/5757
f 5747/25/5758 5748/1/5734 5749/4/5737 5750/26/5759
f 5748/1/5734 5762/27/5760 5761/28/5761 5735/2/5735
f 5734/5/5738 5760/29/5762 5772/30/5763 5738/6/5739
f 5738/6/5739 5772/30/5763 5771/31/5764 5739/9/5742
f 5739/9/5742 5771/31/5764 5770/32/5765 5740/11/5744
f 5740/11/5744 5770/32/5765 5769/33/5766 5741/13/5746
f 5741/13/5746 5769/33/5766 5768/34/5767 5742/15/5748
f 5742/15/5748 5768/34/5767 5767/35/5768 5743/17/5750
f 5743/17/5750 5767/35/5768 5766/36/5769 5744/19/5752
f 5744/19/5752 5766/36/5769 5765/37/5770 5745/21/5754
f 5745/21/5754 5765/37/5770 5764/38/5771 5746/23/5756
f 5746/23/5756 5764/38/5771 5763/39/5772 5747/25/5758
f 5747/25/5758 5763/39/5772 5762/27/5760 5748/1/5734
f 5787/1/5773 5774/2/5774 5776/3/5775 5788/4/5776
f 5773/5/5777 5777/6/5778 5798/7/5779 5775/8/5780
f 5777/6/5778 5778/9/5781 5797/10/5782 5798/7/5779
f 5778/9/5781 5779/11/5783 5796/12/5784 5797/10/5782
f 5779/11/5783 5780/13/5785 5795/14/5786 5796/12/5784
f 5780/13/5785 5781/15/5787 5794/16/5788 5795/14/5786
f 5781/15/5787 5782/17/5789 5793/18/5790 5794/16/5788
f 5782/17/5789 5783/19/5791 5792/20/5792 5793/18/5790
f 5783/19/5791 5784/21/5793 5791/22/5794 5792/20/5792
f 5784/21/5793 5785/23/5795 5790/24/5796 5791/22/5794
f 5785/23/5795 5786/25/5797 5789/26/5798 5790/24/5796
f 5786/25/5797 5787/1/5773 5788/4/5776 5789/26/5798
f 5787/1/5773 5801/27/5799 5800/28/5800 5774/2/5774
f 5773/5/5777 5799/29/5801 5811/30/5802 5777/6/5778
f 5777/6/5778 5811/30/5802 5810/31/5803 5778/9/5781
f 5778/9/5781 5810/31/5803 5809/32/5804 5779/11/5783
f 5779/11/5783 5809/32/5804 5808/33/5805 5780/13/5785
f 5780/13/5785 5808/33/5805 5807/34/5806 5781/15/5787
f 5781/15/5787 5807/34/5806 5806/35/5807 5782/17/5789
f 5782/17/5789 5806/35/5807 5805/36/5808 5783/19/5791
f 5783/19/5791 5805/36/5808 5804/37/5809 5784/21/5793
f 5784/21/5793 5804/37/5809 5803/38/5810 5785/23/5795
f 5785/23/5795 5803/38/5810 5802/39/5811 5786/25/5797
f 5786/25/5797 5802/39/5811 5801/27/5799 5787/1/5773
f 5826/1/5812 5813/2/5813 5815/3/5814 5827/4/5815
f 5812/5/5816 5816/6/5817 5837/7/5818 5814/8/5819
f 5816/6/5817 5817/9/5820 5836/10/5821 5837/7/5818
f 5817/9/5820 5818/11/5822 5835/12/5823 5836/10/5821
f 5818/11/5822 5819/13/5824 5834/14/5825 5835/12/5823
f 5819/13/5824 5820/15/5826 5833/16/5827 5834/14/5825
f 5820/15/5826 5821/17/5828 5832/18/5829 5833/16/5827
f 5821/17/5828 5822/19/5830 5831/20/5831 5832/18/5829
f 5822/19/5830 5823/21/5832 5830/22/5833 5831/20/5831
f 5823/21/5832 5824/23/5834 5829/24/5835 5830/22/5833
f 5824/23/5834 5825/25/5836 5828/26/5837 5829/24/5835
f 5825/25/5836 5826/1/5812 5827/4/5815 5828/26/5837
f 5826/1/5812 5840/27/5838 5839/28/5839 5813/2/5813
f 5812/5/5816 5838/29/5840 5850/30/5841 5816/6/5817
f 5816/6/5817 5850/30/5841 5849/31/5842 5817/9/5820
f 5817/9/5820 5849/31/5842 5848/32/5843 5818/11/5822
f 5818/11/5822 5848/32/5843 5847/33/5844 5819/13/5824
f 5819/13/5824 5847/33/5844 5846/34/5845 5820/15/5826
f 5820/15/5826 5846/34/5845 5845/35/5846 5821/17/5828
f 5821/17/5828 5845/35/5846 5844/36/5847 5822/19/5830
f 5822/19/5830 5844/36/5847 5843/37/5848 5823/21/5832
f 5823/21/5832 5843/37/5848 5842/38/5849 5824/23/5834
f 5824/23/5834 5842/38/5849 5841/39/5850 5825/25/5836
f 5825/25/5836 5841/39/5850 5840/27/5838 5826/1/5812
f 5865/1/5851 5852/2/5852 5854/3/5853 5866/4/5854
f 5851/5/5855 5855/6/5856 5876/7/5857 5853/8/5858
f 5855/6/5856 5856/9/5859 5875/10/5860 5876/7/5857
f 5856/9/5859 5857/11/5861 5874/12/5862 5875/10/5860
f 5857/11/5861 5858/13/5863 5873/14/5864 5874/12/5862
f 5858/13/5863 5859/15/5865 5872/16/5866 5873/14/5864
f 5859/15/5865 5860/17/5867 5871/18/5868 5872/16/5866
f 5860/17/5867 5861/19/5869 5870/20/5870 5871/18/5868
f 5861/19/5869 5862/21/5871 5869/22/5872 5870/20/5870
f 5862/21/5871 5863/23/5873 5868/24/5874 5869/22/5872
f 5863/23/5873 5864/25/5875 5867/26/5876 5868/24/5874
f 5864/25/5875 5865/1/5851 5866/4/5854 5867/26/5876
f 5865/1/5851 5879/27/5877 5878/28/5878 5852/2/5852
f 5851/5/5855 5877/29/5879 5889/30/5880 5855/6/5856
f 5855/6/5856 5889/30/5880 5888/31/5881 5856/9/5859
f 5856/9/5859 5888/31/5881 5887/32/5882 5857/11/5861
f 5857/11/5861 5887/32/5882 5886/33/5883 5858/13/5863
f 5858/13/5863 5886/33/5883 5885/34/5884 5859/15/5865
f 5859/15/5865 5885/34/5884 5884/35/5885 5860/17/5867
f 5860/17/5867 5884/35/5885 5883/36/5886 5861/19/5869
f 5861/19/5869 5883/36/5886 5882/37/5887 5862/21/5871
f 5862/21/5871 5882/37/5887 5881/38/5888 5863/23/5873
f 5863/23/5873 5881/38/5888 5880/39/5889 5864/25/5875
f 5864/25/5875 5880/39/5889 5879/27/5877 5865/1/5851
f 5904/1/5890 5891/2/5891 5893/3/5892 5905/4/5893
f 5890/5/5894 5894/6/5895 5915/7/5896 5892/8/5897
f 5894/6/5895 5895/9/5898 5914/10/5899 5915/7/5896
f 5895/9/5898 5896/11/5900 5913/12/5901 5914/10/5899
f 5896/11/5900 5897/13/5902 5912/14/5903 5913/12/5901
f 5897/13/5902 5898/15/5904 5911/16/5905 5912/14/5903
f 5898/15/5904 5899/17/5906 5910/18/5907 5911/16/5905
f 5899/17/5906 5900/19/5908 5909/20/5909 5910/18/5907
f 5900/19/5908 5901/21/5910 5908/22/5911 5909/20/5909
f 5901/21/5910 5902/23/5912 5907/24/5913 5908/22/5911
f 5902/23/5912 5903/25/5914 5906/26/5915 5907/24/5913
f 5903/25/5914 5904/1/5890 5905/4/5893 5906/26/5915
f 5904/1/5890 5918/27/5916 5917/28/5917 5891/2/5891
f 5890/5/5894 5916/29/5918 5928/30/5919 5894/6/5895
f 5894/6/5895 5928/30/5919 5927/31/5920 5895/9/5898
f 5895/9/5898 5927/31/5920 5926/32/5921 5896/11/5900
f 5896/11/5900 5926/32/5921 5925/33/5922 5897/13/5902
f 5897/13/5902 5925/33/5922 5924/34/5923 5898/15/5904
f 5898/15/5904 5924/34/5923 5923/35/5924 5899/17/5906
f 5899/17/5906 5923/35/5924 5922/36/5925 5900/19/5908
f 5900/19/5908 5922/36/5925 5921/37/5926 5901/21/5910
f 5901/21/5910 5921/37/5926 5920/38/5927 5902/23/5912
f 5902/23/5912 5920/38/5927 5919/39/5928 5903/25/5914
f 5903/25/5914 5919/39/5928 5918/27/5916 5904/1/5890
f 5943/1/5929 5930/2/5930 5932/3/5931 5944/4/5932
f 5929/5/5933 5933/6/5934 5954/7/5935 5931/8/5936
f 5933/6/5934 5934/9/5937 5953/10/5938 5954/7/5935
f 5934/9/5937 5935/11/5939 5952/12/5940 5953/10/5938
f 5935/11/5939 5936/13/5941 5951/14/5942 5952/12/5940
f 5936/13/5941 5937/15/5943 5950/16/5944 5951/14/5942
f 5937/15/5943 5938/17/5945 5949/18/5946 5950/16/5944
f 5938/17/5945 5939/19/5947 5948/20/5948 5949/18/5946
f 5939/19/5947 5940/21/5949 5947/22/5950 5948/20/5948
f 5940/21/5949 5941/23/5951 5946/24/5952 5947/22/5950
f 5941/23/5951 5942/25/5953 5945/26/5954 5946/24/5952
f 5942/25/5953 5943/1/5929 5944/4/5932 5945/26/5954
f 5943/1/5929 5957/27/5955 5956/28/5956 5930/2/5930
f 5929/5/5933 5955/29/5957 5967/30/5958 5933/6/5934
f 5933/6/5934 5967/30/5958 5966/31/5959 5934/9/5937
f 5934/9/5937 5966/31/5959 5965/32/5960 5935/11/5939
f 5935/11/5939 5965/32/5960 5964/33/5961 5936/13/5941
f 5936/13/5941 5964/33/5961 5963/34/5962 5937/15/5943
f 5937/15/5943 5963/34/5962 5962/35/5963 5938/17/5945
f 5938/17/5945 5962/35/5963 5961/36/5964 5939/19/5947
f 5939/19/5947 5961/36/5964 5960/37/5965 5940/21/5949
f 5940/21/5949 5960/37/5965 5959/38/5966 5941/23/5951
f 5941/23/5951 5959/38/5966 5958/39/5967 5942/25/5953
f 5942/25/5953 5958/39/5967 5957/27/5955 5943/1/5929
f 5982/1/5968 5969/2/5969 5971/3/5970 5983/4/5971
f 5968/5/5972 5972/6/5973 5993/7/5974 5970/8/5975
f 5972/6/5973 5973/9/5976 5992/10/5977 5993/7/5974
f 5973/9/5976 5974/11/5978 5991/12/5979 5992/10/5977
f 5974/11/5978 5975/13/5980 5990/14/5981 5991/12/5979
f 5975/13/5980 5976/15/5982 5989/16/5983 5990/14/5981
f 5976/15/5982 5977/17/5984 5988/18/5985 5989/16/5983
f 5977/17/5984 5978/19/5986 5987/20/5987 5988/18/5985
f 5978/19/5986 5979/21/5988 5986/22/5989 5987/20/5987
f 5979/21/5988 5980/23/5990 5985/24/5991 5986/22/5989
f 5980/23/5990 5981/25/5992 5984/26/5993 5985/24/5991
f 5981/25/5992 5982/1/5968 5983/4/5971 5984/26/5993
f 5982/1/5968 5996/27/5994 5995/28/5995 5969/2/5969
f 5968/5/5972 5994/29/5996 6006/30/5997 5972/6/5973
f 5972/6/5973 6006/30/5997 6005/31/5998 5973/9/5976
f 5973/9/5976 6005/31/5998 6004/32/5999 5974/11/5978
f 5974/11/5978 6004/32/5999 6003/33/6000 5975/13/5980
f 5975/13/5980 6003/33/6000 6002/34/6001 5976/15/5982
f 5976/15/5982 6002/34/6001 6001/35/6002 5977/17/5984
f 5977/17/5984 6001/35/6002 6000/36/6003 5978/19/5986
f 5978/19/5986 6000/36/6003 5999/37/6004 5979/21/5988
f 5979/21/5988 5999/37/6004 5998/38/6005 5980/23/5990
f 5980/23/5990 5998/38/6005 5997/39/6006 5981/25/5992
f 5981/25/5992 5997/39/6006 5996/27/5994 5982/1/5968
f 6021/1/6007 6008/2/6008 6010/3/6009 6022/4/6010
f 6007/5/6011 6011/6/6012 6032/7/6013 6009/8/6014
f 6011/6/6012 6012/9/6015 6031/10/6016 6032/7/6013
f 6012/9/6015 6013/11/6017 6030/12/6018 6031/10/6016
f 6013/11/6017 6014/13/6019 6029/14/6020 6030/12/6018
f 6014/13/6019 6015/15/6021 6028/16/6022 6029/14/6020
f 6015/15/6021 6016/17/6023 6027/18/6024 6028/16/6022
f 6016/17/6023 6017/19/6025 6026/20/6026 6027/18/6024
f 6017/19/6025 6018/21/6027 6025/22/6028 6026/20/6026
f 6018/21/6027 6019/23/6029 6024/24/6030 6025/22/6028
f 6019/23/6029 6020/25/6031 6023/26/6032 6024/24/6030
f 6020/25/6031 6021/1/6007 6022/4/6010 6023/26/6032
f 6021/1/6007 6035/27/6033 6034/28/6034 6008/2/6008
f 6007/5/6011 6033/29/6035 6045/30/6036 6011/6/6012
f 6011/6/6012 6045/30/6036 6044/31/6037 6012/9/6015
f 6012/9/6015 6044/31/6037 6043/32/6038 6013/11/6017
f 6013/11/6017 6043/32/6038 6042/33/6039 6014/13/6019
f 6014/13/6019 6042/33/6039 6041/34/6040 6015/15/6021
f 6015/15/6021 6041/34/6040 6040/35/6041 6016/17/6023
f 6016/17/6023 6040/35/6041 6039/36/6042 6017/19/6025
f 6017/19/6025 6039/36/6042 6038/37/6043 6018/21/6027
f 6018/21/6027 6038/37/6043 6037/38/6044 6019/23/6029
f 6019/23/6029 6037/38/6044 6036/39/6045 6020/25/6031
f 6020/25/6031 6036/39/6045 6035/27/6033 6021/1/6007
f 6060/1/6046 6047/2/6047 6049/3/6048 6061/4/6049
f 6046/5/6050 6050/6/6051 6071/7/6052 6048/8/6053
f 6050/6/6051 6051/9/6054 6070/10/6055 6071/7/6052
f 6051/9/6054 6052/11/6056 6069/12/6057 6070/10/6055
f 6052/11/6056 6053/13/6058 6068/14/6059 6069/12/6057
f 6053/13/6058 6054/15/6060 6067/16/6061 6068/14/6059
f 6054/15/6060 6055/17/6062 6066/18/6063 6067/16/6061
f 6055/17/6062 6056/19/6064 6065/20/6065 6066/18/6063
f 6056/19/6064 6057/21/6066 6064/22/6067 6065/20/6065
f 6057/21/6066 6058/23/6068 6063/24/6069 6064/22/6067
f 6058/23/6068 6059/25/6070 6062/26/6071 6063/24/6069
f 6059/25/6070 6060/1/6046 6061/4/6049 6062/26/6071
f 6060/1/6046 6074/27/6072 6073/28/6073 6047/2/6047
f 6046/5/6050 6072/29/6074 6084/30/6075 6050/6/6051
f 6050/6/6051 6084/30/6075 6083/31/6076 6051/9/6054
f 6051/9/6054 6083/31/6076 6082/32/6077 6052/11/6056
f 6052/11/6056 6082/32/6077 6081/33/6078 6053/13/6058
f 6053/13/6058 6081/33/6078 6080/34/6079 6054/15/6060
f 6054/15/6060 6080/34/6079 6079/35/6080 6055/17/6062
f 6055/17/6062 6079/35/6080 6078/36/6081 6056/19/6064
f 6056/19/6064 6078/36/6081 6077/37/6082 6057/21/6066
f 6057/21/6066 6077/37/6082 6076/38/6083 6058/23/6068
f 6058/23/6068 6076/38/6083 6075/39/6084 6059/25/6070
f 6059/25/6070 6075/39/6084 6074/27/6072 6060/1/6046
f 6099/1/6085 6086/2/6086 6088/3/6087 6100/4/6088
f 6085/5/6089 6089/6/6090 6110/7/6091 6087/8/6092
f 6089/6/6090 6090/9/6093 6109/10/6094 6110/7/6091
f 6090/9/6093 6091/11/6095 6108/12/6096 6109/10/6094
f 6091/11/6095 6092/13/6097 6107/14/6098 6108/12/6096
f 6092/13/6097 6093/15/6099 6106/16/6100 6107/14/6098
f 6093/15/6099 6094/17/6101 6105/18/6102 6106/16/6100
f 6094/17/6101 6095/19/6103 6104/20/6104 6105/18/6102
f 6095/19/6103 6096/21/6105 6103/22/6106 6104/20/6104
f 6096/21/6105 6097/23/6107 6102/24/6108 6103/22/6106
f 6097/23/6107 6098/25/6109 6101/26/6110 6102/24/6108
f 6098/25/6109 6099/1/6085 6100/4/6088 6101/26/6110
f 6099/1/6085 6113/27/6111 6112/28/6112 6086/2/6086
f 6085/5/6089 6111/29/6113 6123/30/6114 6089/6/6090
f 6089/6/6090 6123/30/6114 6122/31/6115 6090/9/6093
f 6090/9/6093 6122/31/6115 6121/32/6116 6091/11/6095
f 6091/11/6095 6121/32/6116 6120/33/6117 6092/13/6097
f 6092/13/6097 6120/33/6117 6119/34/6118 6093/15/6099
f 6093/15/6099 6119/34/6118 6118/35/6119 6094/17/6101
f 6094/17/6101 6118/35/6119 6117/36/6120 6095/19/6103
f 6095/19/6103 6117/36/6120 6116/37/6121 6096/21/6105
f 6096/21/6105 6116/37/6121 6115/38/6122 6097/23/6107
f 6097/23/6107 6115/38/6122 6114/39/6123 6098/25/6109
f 6098/25/6109 6114/39/6123 6113/27/6111 6099/1/6085
f 6138/1/6124 6125/2/6125 6127/3/6126 6139/4/6127
f 6124/5/6128 6128/6/6129 6149/7/6130 6126/8/6131
f 6128/6/6129 6129/9/6132 6148/10/6133 6149/7/6130
f 6129/9/6132 6130/11/6134 6147/12/6135 6148/10/6133
f 6130/11/6134 6131/13/6136 6146/14/6137 6147/12/6135
f 6131/13/6136 6132/15/6138 6145/16/6139 6146/14/6137
f 6132/15/6138 6133/17/6140 6144/18/6141 6145/16/6139
f 6133/17/6140 6134/19/6142 6143/20/6143 6144/18/6141
f 6134/19/6142 6135/21/6144 6142/22/6145 6143/20/6143
f 6135/21/6144 6136/23/6146 6141/24/6147 6142/22/6145
f 6136/23/6146 6137/25/6148 6140/26/6149 6141/24/6147
f 6137/25/6148 6138/1/6124 6139/4/6127 6140/26/6149
f 6138/1/6124 6152/27/6150 6151/28/6151 6125/2/6125
f 6124/5/6128 6150/29/6152 6162/30/6153 6128/6/6129
f 6128/6/6129 6162/30/6153 6161/31/6154 6129/9/6132
f 6129/9/6132 6161/31/6154 6160/32/6155 6130/11/6134
f 6130/11/6134 6160/32/6155 6159/33/6156 6131/13/6136
f 6131/13/6136 6159/33/6156 6158/34/6157 6132/15/6138
f 6132/15/6138 6158/34/6157 6157/35/6158 6133/17/6140
f 6133/17/6140 6157/35/6158 6156/36/6159 6134/19/6142
f 6134/19/6142 6156/36/6159 6155/37/6160 6135/21/6144
f 6135/21/6144 6155/37/6160 6154/38/6161 6136/23/6146
f 6136/23/6146 6154/38/6161 6153/39/6162 6137/25/6148
f 6137/25/6148 6153/39/6162 6152/27/6150 6138/1/6124
f 6177/1/6163 6164/2/6164 6166/3/6165 6178/4/6166
f 6163/5/6167 6167/6/6168 6188/7/6169 6165/8/6170
f 6167/6/6168 6168/9/6171 6187/10/6172 6188/7/6169
f 6168/9/6171 6169/11/6173 6186/12/6174 6187/10/6172
f 6169/11/6173 6170/13/6175 6185/14/6176 6186/12/6174
f 6170/13/6175 6171/15/6177 6184/16/6178 6185/14/6176
f 6171/15/6177 6172/17/6179 6183/18/6180 6184/16/6178
f 6172/17/6179 6173/19/6181 6182/20/6182 6183/18/6180
f 6173/19/6181 6174/21/6183 6181/22/6184 6182/20/6182
f 6174/21/6183 6175/23/6185 6180/24/6186 6181/22/6184
f 6175/23/6185 6176/25/6187 6179/26/6188 6180/24/6186
f 6176/25/6187 6177/1/6163 6178/4/6166 6179/26/6188
f 6177/1/6163 6191/27/6189 6190/28/6190 6164/2/6164
f 6163/5/6167 6189/29/6191 6201/30/6192 6167/6/6168
f 6167/6/6168 6201/30/6192 6200/31/6193 6168/9/6171
f 6168/9/6171 6200/31/6193 6199/32/6194 6169/11/6173
f 6169/11/6173 6199/32/6194 6198/33/6195 6170/13/6175
f 6170/13/6175 6198/33/6195 6197/34/6196 6171/15/6177
f 6171/15/6177 6197/34/6196 6196/35/6197 6172/17/6179
f 6172/17/6179 6196/35/6197 6195/36/6198 6173/19/6181
f 6173/19/6181 6195/36/6198 6194/37/6199 6174/21/6183
f 6174/21/6183 6194/37/6199 6193/38/6200 6175/23/6185
f 6175/23/6185 6193/38/6200 6192/39/6201 6176/25/6187
f 6176/25/6187 6192/39/6201 6191/27/6189 6177/1/6163
f 6216/1/6202 6203/2/6203 6205/3/6204 6217/4/6205
f 6202/5/6206 6206/6/6207 6227/7/6208 6204/8/6209
f 6206/6/6207 6207/9/6210 6226/10/6211 6227/7/6208
f 6207/9/6210 6208/11/6212 6225/12/6213 6226/10/6211
f 6208/11/6212 6209/13/6214 6224/14/6215 6225/12/6213
f 6209/13/6214 6210/15/6216 6223/16/6217 6224/14/6215
f 6210/15/6216 6211/17/6218 6222/18/6219 6223/16/6217
f 6211/17/6218 6212/19/6220 6221/20/6221 6222/18/6219
f 6212/19/6220 6213/21/6222 6220/22/6223 6221/20/6221
f 6213/21/6222 6214/23/6224 6219/24/6225 6220/22/6223
f 6214/23/6224 6215/25/6226 6218/26/6227 6219/24/6225
f 6215/25/6226 6216/1/6202 6217/4/6205 6218/26/6227
f 6216/1/6202 6230/27/6228 6229/28/6229 6203/2/6203
f 6202/5/6206 6228/29/6230 6240/30/6231 6206/6/6207
f 6206/6/6207 6240/30/6231 6239/31/6232 6207/9/6210
f 6207/9/6210 6239/31/6232 6238/32/6233 6208/11/6212
f 6208/11/6212 6238/32/6233 6237/33/6234 6209/13/6214
f 6209/13/6214 6237/33/6234 6236/34/6235 6210/15/6216
f 6210/15/6216 6236/34/6235 6235/35/6236 6211/17/6218
f 6211/17/6218 6235/35/6236 6234/36/6237 6212/19/6220
f 6212/19/6220 6234/36/6237 6233/37/6238 6213/21/6222
f 6213/21/6222 6233/37/6238 6232/38/6239 6214/23/6224
f 6214/23/6224 6232/38/6239 6231/39/6240 6215/25/6226
f 6215/25/6226 6231/39/6240 6230/27/6228 6216/1/6202
f 6255/1/6241 6242/2/6242 6244/3/6243 6256/4/6244
f 6241/5/6245 6245/6/6246 6266/7/6247 6243/8/6248
f 6245/6/6246 6246/9/6249 6265/10/6250 6266/7/6247
f 6246/9/6249 6247/11/6251 6264/12/6252 6265/10/6250
f 6247/11/6251 6248/13/6253 6263/14/6254 6264/12/6252
f 6248/13/6253 6249/15/6255 6262/16/6256 6263/14/6254
f 6249/15/6255 6250/17/6257 6261/18/6258 6262/16/6256
f 6250/17/6257 6251/19/6259 6260/20/6260 6261/18/6258
f 6251/19/6259 6252/21/6261 6259/22/6262 6260/20/6260
f 6252/21/6261 6253/23/6263 6258/24/6264 6259/22/6262
f 6253/23/6263 6254/25/6265 6257/26/6266 6258/24/6264
f 6254/25/6265 6255/1/6241 6256/4/6244 6257/26/6266
f 6255/1/6241 6269/27/6267 6268/28/6268 6242/2/6242
f 6241/5/6245 6267/29/6269 6279/30/6270 6245/6/6246
f 6245/6/6246 6279/30/6270 6278/31/6271 6246/9/6249
f 6246/9/6249 6278/31/6271 6277/32/6272 6247/11/6251
f 6247/11/6251 6277/32/6272 6276/33/6273 6248/13/6253
f 6248/13/6253 6276/33/6273 6275/34/6274 6249/15/6255
f 6249/15/6255 6275/34/6274 6274/35/6275 6250/17/6257
f 6250/17/6257 6274/35/6275 6273/36/6276 6251/19/6259
f 6251/19/6259 6273/36/6276 6272/37/6277 6252/21/6261
f 6252/21/6261 6272/37/6277 6271/38/6278 6253/23/6263
f 6253/23/6263 6271/38/6278 6270/39/6279 6254/25/6265
f 6254/25/6265 6270/39/6279 6269/27/6267 6255/1/6241
f 6294/1/6280 6281/2/6281 6283/3/6282 6295/4/6283
f 6280/5/6284 6284/6/6285 6305/7/6286 6282/8/6287
f 6284/6/6285 6285/9/6288 6304/10/6289 6305/7/6286
f 6285/9/6288 6286/11/6290 6303/12/6291 6304/10/6289
f 6286/11/6290 6287/13/6292 6302/14/6293 6303/12/6291
f 6287/13/6292 6288/15/6294 6301/16/6295 6302/14/6293
f 6288/15/6294 6289/17/6296 6300/18/6297 6301/16/6295
f 6289/17/6296 6290/19/6298 6299/20/6299 6300/18/6297
f 6290/19/6298 6291/21/6300 6298/22/6301 6299/20/6299
f 6291/21/6300 6292/23/6302 6297/24/6303 6298/22/6301
f 6292/23/6302 6293/25/6304 6296/26/6305 6297/24/6303
f 6293/25/6304 6294/1/6280 6295/4/6283 6296/26/6305
f 6294/1/6280 6308/27/6306 6307/28/6307 6281/2/6281
f 6280/5/6284 6306/29/6308 6318/30/6309 6284/6/6285
f 6284/6/6285 6318/30/6309 6317/31/6310 6285/9/6288
f 6285/9/6288 6317/31/6310 6316/32/6311 6286/11/6290
f 6286/11/6290 6316/32/6311 6315/33/6312 6287/13/6292
f 6287/13/6292 6315/33/6312 6314/34/6313 6288/15/6294
f 6288/15/6294 6314/34/6313 6313/35/6314 6289/17/6296
f 6289/17/6296 6313/35/6314 6312/36/6315 6290/19/6298
f 6290/19/6298 6312/36/6315 6311/37/6316 6291/21/6300
f 6291/21/6300 6311/37/6316 6310/38/6317 6292/23/6302
f 6292/23/6302 6310/38/6317 6309/39/6318 6293/25/6304
f 6293/25/6304 6309/39/6318 6308/27/6306 6294/1/6280
f 6333/1/6319 6320/2/6320 6322/3/6321 6334/4/6322
f 6319/5/6323 6323/6/6324 6344/7/6325 6321/8/6326
f 6323/6/6324 6324/9/6327 6343/10/6328 6344/7/6325
f 6324/9/6327 6325/11/6329 6342/12/6330 6343/10/6328
f 6325/11/6329 6326/13/6331 6341/14/6332 6342/12/6330
f 6326/13/6331 6327/15/6333 6340/16/6334 6341/14/6332
f 6327/15/6333 6328/17/6335 6339/18/6336 6340/16/6334
f 6328/17/6335 6329/19/6337 6338/20/6338 6339/18/6336
f 6329/19/6337 6330/21/6339 6337/22/6340 6338/20/6338
f 6330/21/6339 6331/23/6341 6336/24/6342 6337/22/6340
f 6331/23/6341 6332/25/6343 6335/26/6344 6336/24/6342
f 6332/25/6343 6333/1/6319 6334/4/6322 6335/26/6344
f 6333/1/6319 6347/27/6345 6346/28/6346 6320/2/6320
f 6319/5/6323 6345/29/6347 6357/30/6348 6323/6/6324
f 6323/6/6324 6357/30/6348 6356/31/6349 6324/9/6327
f 6324/9/6327 6356/31/6349 6355/32/6350 6325/11/6329
f 6325/11/6329 6355/32/6350 6354/33/6351 6326/13/6331
f 6326/13/6331 6354/33/6351 6353/34/6352 6327/15/6333
f 6327/15/6333 6353/34/6352 6352/35/6353 6328/17/6335
f 6328/17/6335 6352/35/6353 6351/36/6354 6329/19/6337
f 6329/19/6337 6351/36/6354 6350/37/6355 6330/21/6339
f 6330/21/6339 6350/37/6355 6349/38/6356 6331/23/6341
f 6331/23/6341 6349/38/6356 6348/39/6357 6332/25/6343
f 6332/25/6343 6348/39/6357 6347/27/6345 6333/1/6319
f 6372/1/6358 6359/2/6359 6361/3/6360 6373/4/6361
f 6358/5/6362 6362/6/6363 6383/7/6364 6360/8/6365
f 6362/6/6363 6363/9/6366 6382/10/6367 6383/7/6364
f 6363/9/6366 6364/11/6368 6381/12/6369 6382/10/6367
f 6364/11/6368 6365/13/6370 6380/14/6371 6381/12/6369
f 6365/13/6370 6366/15/6372 6379/16/6373 6380/14/6371
f 6366/15/6372 6367/17/6374 6378/18/6375 6379/16/6373
f 6367/17/6374 6368/19/6376 6377/20/6377 6378/18/6375
f 6368/19/6376 6369/21/6378 6376/22/6379 6377/20/6377
f 6369/21/6378 6370/23/6380 6375/24/6381 6376/22/6379
f 6370/23/6380 6371/25/6382 6374/26/6383 6375/24/6381
f 6371/25/6382 6372/1/6358 6373/4/6361 6374/26/6383
f 6372/1/6358 6386/27/6384 6385/28/6385 6359/2/6359
f 6358/5/6362 6384/29/6386 6396/30/6387 6362/6/6363
f 6362/6/6363 6396/30/6387 6395/31/6388 6363/9/6366
f 6363/9/6366 6395/31/6388 6394/32/6389 6364/11/6368
f 6364/11/6368 6394/32/6389 6393/33/6390 6365/13/6370
f 6365/13/6370 6393/33/6390 6392/34/6391 6366/15/6372
f 6366/15/6372 6392/34/6391 6391/35/6392 6367/17/6374
f 6367/17/6374 6391/35/6392 6390/36/6393 6368/19/6376
f 6368/19/6376 6390/36/6393 6389/37/6394 6369/21/6378
f 6369/21/6378 6389/37/6394 6388/38/6395 6370/23/6380
f 6370/23/6380 6388/38/6395 6387/39/6396 6371/25/6382
f 6371/25/6382 6387/39/6396 6386/27/6384 6372/1/6358
f 6411/1/6397 6398/2/6398 6400/3/6399 6412/4/6400
f 6397/5/6401 6401/6/6402 6422/7/6403 6399/8/6404
f 6401/6/6402 6402/9/6405 6421/10/6406 6422/7/6403
f 6402/9/6405 6403/11/6407 6420/12/6408 6421/10/6406
f 6403/11/6407 6404/13/6409 6419/14/6410 6420/12/6408
f 6404/13/6409 6405/15/6411 6418/16/6412 6419/14/6410
f 6405/15/6411 6406/17/6413 6417/18/6414 6418/16/6412
f 6406/17/6413 6407/19/6415 6416/20/6416 6417/18/6414
f 6407/19/6415 6408/21/6417 6415/22/6418 6416/20/6416
f 6408/21/6417 6409/23/6419 6414/24/6420 6415/22/6418
f 6409/23/6419 6410/25/6421 6413/26/6422 6414/24/6420
f 6410/25/6421 6411/1/6397 6412/4/6400 6413/26/6422
f 6411/1/6397 6425/27/6423 6424/28/6424 6398/2/6398
f 6397/5/6401 6423/29/6425 6435/30/6426 6401/6/6402
f 6401/6/6402 6435/30/6426 6434/31/6427 6402/9/6405
f 6402/9/6405 6434/31/6427 6433/32/6428 6403/11/6407
f 6403/11/6407 6433/32/6428 6432/33/6429 6404/13/6409
f 6404/13/6409 6432/33/6429 6431/34/6430 6405/15/6411
f 6405/15/6411 6431/34/6430 6430/35/6431 6406/17/6413
f 6406/17/6413 6430/35/6431 6429/36/6432 6407/19/6415
f 6407/19/6415 6429/36/6432 6428/37/6433 6408/21/6417
f 6408/21/6417 6428/37/6433 6427/38/6434 6409/23/6419
f 6409/23/6419 6427/38/6434 6426/39/6435 6410/25/6421
f 6410/25/6421 6426/39/6435 6425/27/6423 6411/1/6397
f 6450/1/6436 6437/2/6437 6439/3/6438 6451/4/6439
f 6436/5/6440 6440/6/6441 6461/7/6442 6438/8/6443
f 6440/6/6441 6441/9/6444 6460/10/6445 6461/7/6442
f 6441/9/6444 6442/11/6446 6459/12/6447 6460/10/6445
f 6442/11/6446 6443/13/6448 6458/14/6449 6459/12/6447
f 6443/13/6448 6444/15/6450 6457/16/6451 6458/14/6449
f 6444/15/6450 6445/17/6452 6456/18/6453 6457/16/6451
f 6445/17/6452 6446/19/6454 6455/20/6455 6456/18/6453
f 6446/19/6454 6447/21/6456 6454/22/6457 6455/20/6455
f 6447/21/6456 6448/23/6458 6453/24/6459 6454/22/6457
f 6448/23/6458 6449/25/6460 6452/26/6461 6453/24/6459
f 6449/25/6460 6450/1/6436 6451/4/6439 6452/26/6461
f 6450/1/6436 6464/27/6462 6463/28/6463 6437/2/6437
f 6436/5/6440 6462/29/6464 6474/30/6465 6440/6/6441
f 6440/6/6441 6474/30/6465 6473/31/6466 6441/9/6444
f 6441/9/6444 6473/31/6466 6472/32/6467 6442/11/6446
f 6442/11/6446 6472/32/6467 6471/33/6468 6443/13/6448
f 6443/13/6448 6471/33/6468 6470/34/6469 6444/15/6450
f 6444/15/6450 6470/34/6469 6469/35/6470 6445/17/6452
f 6445/17/6452 6469/35/6470 6468/36/6471 6446/19/6454
f 6446/19/6454 6468/36/6471 6467/37/6472 6447/21/6456
f 6447/21/6456 6467/37/6472 6466/38/6473 6448/23/6458
f 6448/23/6458 6466/38/6473 6465/39/6474 6449/25/6460
f 6449/25/6460 6465/39/6474 6464/27/6462 6450/1/6436
f 6489/1/6475 6476/2/6476 6478/3/6477 6490/4/6478
f 6475/5/6479 6479/6/6480 6500/7/6481 6477/8/6482
f 6479/6/6480 6480/9/6483 6499/10/6484 6500/7/6481
f 6480/9/6483 6481/11/6485 6498/12/6486 6499/10/6484
f 6481/11/6485 6482/13/6487 6497/14/6488 6498/12/6486
f 6482/13/6487 6483/15/6489 6496/16/6490 6497/14/6488
f 6483/15/6489 6484/17/6491 6495/18/6492 6496/16/6490
f 6484/17/6491 6485/19/6493 6494/20/6494 6495/18/6492
f 6485/19/6493 6486/21/6495 6493/22/6496 6494/20/6494
f 6486/21/6495 6487/23/6497 6492/24/6498 6493/22/6496
f 6487/23/6497 6488/25/6499 6491/26/6500 6492/24/6498
f 6488/25/6499 6489/1/6475 6490/4/6478 6491/26/6500
f 6489/1/6475 6503/27/6501 6502/28/6502 6476/2/6476
f 6475/5/6479 6501/29/6503 6513/30/6504 6479/6/6480
f 6479/6/6480 6513/30/6504 6512/31/6505 6480/9/6483
f 6480/9/6483 6512/31/6505 6511/32/6506 6481/11/6485
f 6481/11/6485 6511/32/6506 6510/33/6507 6482/13/6487
f 6482/13/6487 6510/33/6507 6509/34/6508 6483/15/6489
f 6483/15/6489 6509/34/6508 6508/35/6509 6484/17/6491
f 6484/17/6491 6508/35/6509 6507/36/6510 6485/19/6493
f 6485/19/6493 6507/36/6510 6506/37/6511 6486/21/6495
f 6486/21/6495 6506/37/6511 6505/38/6512 6487/23/6497
f 6487/23/6497 6505/38/6512 6504/39/6513 6488/25/6499
f 6488/25/6499 6504/39/6513 6503/27/6501 6489/1/6475
f 6528/1/6514 6515/2/6515 6517/3/6516 6529/4/6517
f 6514/5/6518 6518/6/6519 6539/7/6520 6516/8/6521
f 6518/6/6519 6519/9/6522 6538/10/6523 6539/7/6520
f 6519/9/6522 6520/11/6524 6537/12/6525 6538/10/6523
f 6520/11/6524 6521/13/6526 6536/14/6527 6537/12/6525
f 6521/13/6526 6522/15/6528 6535/16/6529 6536/14/6527
f 6522/15/6528 6523/17/6530 6534/18/6531 6535/16/6529
f 6523/17/6530 6524/19/6532 6533/20/6533 6534/18/6531
f 6524/19/6532 6525/21/6534 6532/22/6535 6533/20/6533
f 6525/21/6534 6526/23/6536 6531/24/6537 6532/22/6535
f 6526/23/6536 6527/25/6538 6530/26/6539 6531/24/6537
f 6527/25/6538 6528/1/6514 6529/4/6517 6530/26/6539
f 6528/1/6514 6542/27/6540 6541/28/6541 6515/2/6515
f 6514/5/6518 6540/29/6542 6552/30/6543 6518/6/6519
f 6518/6/6519 6552/30/6543 6551/31/6544 6519/9/6522
f 6519/9/6522 6551/31/6544 6550/32/6545 6520/11/6524
f 6520/11/6524 6550/32/6545 6549/33/6546 6521/13/6526
f 6521/13/6526 6549/33/6546 6548/34/6547 6522/15/6528
f 6522/15/6528 6548/34/6547 6547/35/6548 6523/17/6530
f 6523/17/6530 6547/35/6548 6546/36/6549 6524/19/6532
f 6524/19/6532 6546/36/6549 6545/37/6550 6525/21/6534
f 6525/21/6534 6545/37/6550 6544/38/6551 6526/23/6536
f 6526/23/6536 6544/38/6551 6543/39/6552 6527/25/6538
f 6527/25/6538 6543/39/6552 6542/27/6540 6528/1/6514
f 6567/1/6553 6554/2/6554 6556/3/6555 6568/4/6556
f 6553/5/6557 6557/6/6558 6578/7/6559 6555/8/6560
f 6557/6/6558 6558/9/6561 6577/10/6562 6578/7/6559
f 6558/9/6561 6559/11/6563 6576/12/6564 6577/10/6562
f 6559/11/6563 6560/13/6565 6575/14/6566 6576/12/6564
f 6560/13/6565 6561/15/6567 6574/16/6568 6575/14/6566
f 6561/15/6567 6562/17/6569 6573/18/6570 6574/16/6568
f 6562/17/6569 6563/19/6571 6572/20/6572 6573/18/6570
f 6563/19/6571 6564/21/6573 6571/22/6574 6572/20/6572
f 6564/21/6573 6565/23/6575 6570/24/6576 6571/22/6574
f 6565/23/6575 6566/25/6577 6569/26/6578 6570/24/6576
f 6566/25/6577 6567/1/6553 6568/4/6556 6569/26/6578
f 6567/1/6553 6581/27/6579 6580/28/6580 6554/2/6554
f 6553/5/6557 6579/29/6581 6591/30/6582 6557/6/6558
f 6557/6/6558 6591/30/6582 6590/31/6583 6558/9/6561
f 6558/9/6561 6590/31/6583 6589/32/6584 6559/11/6563
f 6559/11/6563 6589/32/6584 6588/33/6585 6560/13/6565
f 6560/13/6565 6588/33/6585 6587/34/6586 6561/15/6567
f 6561/15/6567 6587/34/6586 6586/35/6587 6562/17/6569
f 6562/17/6569 6586/35/6587 6585/36/6588 6563/19/6571
f 6563/19/6571 6585/36/6588 6584/37/6589 6564/21/6573
f 6564/21/6573 6584/37/6589 6583/38/6590 6565/23/6575
f 6565/23/6575 6583/38/6590 6582/39/6591 6566/25/6577
f 6566/25/6577 6582/39/6591 6581/27/6579 6567/1/6553
f 6606/1/6592 6593/2/6593 6595/3/6594 6607/4/6595
f 6592/5/6596 6596/6/6597 6617/7/6598 6594/8/6599
f 6596/6/6597 6597/9/6600 6616/10/6601 6617/7/6598
f 6597/9/6600 6598/11/6602 6615/12/6603 6616/10/6601
f 6598/11/6602 6599/13/6604 6614/14/6605 6615/12/6603
f 6599/13/6604 6600/15/6606 6613/16/6607 6614/14/6605
f 6600/15/6606 6601/17/6608 6612/18/6609 6613/16/6607
f 6601/17/6608 6602/19/6610 6611/20/6611 6612/18/6609
f 6602/19/6610 6603/21/6612 6610/22/6613 6611/20/6611
f 6603/21/6612 6604/23/6614 6609/24/6615 6610/22/6613
f 6604/23/6614 6605/25/6616 6608/26/6617 6609/24/6615
f 6605/25/6616 6606/1/6592 6607/4/6595 6608/26/6617
f 6606/1/6592 6620/27/6618 6619/28/6619 6593/2/6593
f 6592/5/6596 6618/29/6620 6630/30/6621 6596/6/6597
f 6596/6/6597 6630/30/6621 6629/31/6622 6597/9/6600
f 6597/9/6600 6629/31/6622 6628/32/6623 6598/11/6602
f 6598/11/6602 6628/32/6623 6627/33/6624 6599/13/6604
f 6599/13/6604 6627/33/6624 6626/34/6625 6600/15/6606
f 6600/15/6606 6626/34/6625 6625/35/6626 6601/17/6608
f 6601/17/6608 6625/35/6626 6624/36/6627 6602/19/6610
f 6602/19/6610 6624/36/6627 6623/37/6628 6603/21/6612
f 6603/21/6612 6623/37/6628 6622/38/6629 6604/23/6614
f 6604/23/6614 6622/38/6629 6621/39/6630 6605/25/6616
f 6605/25/6616 6621/39/6630 6620/27/6618 6606/1/6592
f 6645/1/6631 6632/2/6632 6634/3/6633 6646/4/6634
f 6631/5/6635 6635/6/6636 6656/7/6637 6633/8/6638
f 6635/6/6636 6636/9/6639 6655/10/6640 6656/7/6637
f 6636/9/6639 6637/11/6641 6654/12/6642 6655/10/6640
f 6637/11/6641 6638/13/6643 6653/14/6644 6654/12/6642
f 6638/13/6643 6639/15/6645 6652/16/6646 6653/14/6644
f 6639/15/6645 6640/17/6647 6651/18/6648 6652/16/6646
f 6640/17/6647 6641/19/6649 6650/20/6650 6651/18/6648
f 6641/19/6649 6642/21/6651 6649/22/6652 6650/20/6650
f 6642/21/6651 6643/23/6653 6648/24/6654 6649/22/6652
f 6643/23/6653 6644/25/6655 6647/26/6656 6648/24/6654
f 6644/25/6655 6645/1/6631 6646/4/6634 6647/26/6656
f 6645/1/6631 6659/27/6657 6658/28/6658 6632/2/6632
f 6631/5/6635 6657/29/6659 6669/30/6660 6635/6/6636
f 6635/6/6636 6669/30/6660 6668/31/6661 6636/9/6639
f 6636/9/6639 6668/31/6661 6667/32/6662 6637/11/6641
f 6637/11/6641 6667/32/6662 6666/33/6663 6638/13/6643
f 6638/13/6643 6666/33/6663 6665/34/6664 6639/15/6645
f 6639/15/6645 6665/34/6664 6664/35/6665 6640/17/6647
f 6640/17/6647 6664/35/6665 6663/36/6666 6641/19/6649
f 6641/19/6649 6663/36/6666 6662/37/6667 6642/21/6651
f 6642/21/6651 6662/37/6667 6661/38/6668 6643/23/6653
f 6643/23/6653 6661/38/6668 6660/39/6669 6644/25/6655
f 6644/25/6655 6660/39/6669 6659/27/6657 6645/1/6631
f 6684/1/6670 6671/2/6671 6673/3/6672 6685/4/6673
f 6670/5/6674 6674/6/6675 6695/7/6676 6672/8/6677
f 6674/6/6675 6675/9/6678 6694/10/6679 6695/7/6676
f 6675/9/6678 6676/11/6680 6693/12/6681 6694/10/6679
f 6676/11/6680 6677/13/6682 6692/14/6683 6693/12/6681
f 6677/13/6682 6678/15/6684 6691/16/6685 6692/14/6683
f 6678/15/6684 6679/17/6686 6690/18/6687 6691/16/6685
f 6679/17/6686 6680/19/6688 6689/20/6689 6690/18/6687
f 6680/19/6688 6681/21/6690 6688/22/6691 6689/20/6689
f 6681/21/6690 6682/23/6692 6687/24/6693 6688/22/6691
f 6682/23/6692 6683/25/6694 6686/26/6695 6687/24/6693
f 6683/25/6694 6684/1/6670 6685/4/6673 6686/26/6695
f 6684/1/6670 6698/27/6696 6697/28/6697 6671/2/6671
f 6670/5/6674 6696/29/6698 6708/30/6699 6674/6/6675
f 6674/6/6675 6708/30/6699 6707/31/6700 6675/9/6678
f 6675/9/6678 6707/31/6700 6706/32/6701 6676/11/6680
f 6676/11/6680 6706/32/6701 6705/33/6702 6677/13/6682
f 6677/13/6682 6705/33/6702 6704/34/6703 6678/15/6684
f 6678/15/6684 6704/34/6703 6703/35/6704 6679/17/6686
f 6679/17/6686 6703/35/6704 6702/36/6705 6680/19/6688
f 6680/19/6688 6702/36/6705 6701/37/6706 6681/21/6690
f 6681/21/6690 6701/37/6706 6700/38/6707 6682/23/6692
f 6682/23/6692 6700/38/6707 6699/39/6708 6683/25/6694
f 6683/25/6694 6699/39/6708 6698/27/6696 6684/1/6670
f 6723/1/6709 6710/2/6710 6712/3/6711 6724/4/6712
f 6709/5/6713 6713/6/6714 6734/7/6715 6711/8/6716
f 6713/6/6714 6714/9/6717 6733/10/6718 6734/7/6715
f 6714/9/6717 6715/11/6719 6732/12/6720 6733/10/6718
f 6715/11/6719 6716/13/6721 6731/14/6722 6732/12/6720
f 6716/13/6721 6717/15/6723 6730/16/6724 6731/14/6722
f 6717/15/6723 6718/17/6725 6729/18/6726 6730/16/6724
f 6718/17/6725 6719/19/6727 6728/20/6728 6729/18/6726
f 6719/19/6727 6720/21/6729 6727/22/6730 6728/20/6728
f 6720/21/6729 6721/23/6731 6726/24/6732 6727/22/6730
f 6721/23/6731 6722/25/6733 6725/26/6734 6726/24/6732
f 6722/25/6733 6723/1/6709 6724/4/6712 6725/26/6734
f 6723/1/6709 6737/27/6735 6736/28/6736 6710/2/6710
f 6709/5/6713 6735/29/6737 6747/30/6738 6713/6/6714
f 6713/6/6714 6747/30/6738 6746/31/6739 6714/9/6717
f 6714/9/6717 6746/31/6739 6745/32/6740 6715/11/6719
f 6715/11/6719 6745/32/6740 6744/33/6741 6716/13/6721
f 6716/13/6721 6744/33/6741 6743/34/6742 6717/15/6723
f 6717/15/6723 6743/34/6742 6742/35/6743 6718/17/6725
f 6718/17/6725 6742/35/6743 6741/36/6744 6719/19/6727
f 6719/19/6727 6741/36/6744 6740/37/6745 6720/21/6729
f 6720/21/6729 6740/37/6745 6739/38/6746 6721/23/6731
f 6721/23/6731 6739/38/6746 6738/39/6747 6722/25/6733
f 6722/25/6733 6738/39/6747 6737/27/6735 6723/1/6709
f 6762/1/6748 6749/2/6749 6751/3/6750 6763/4/6751
f 6748/5/6752 6752/6/6753 6773/7/6754 6750/8/6755
f 6752/6/6753 6753/9/6756 6772/10/6757 6773/7/6754
f 6753/9/6756 6754/11/6758 6771/12/6759 6772/10/6757
f 6754/11/6758 6755/13/6760 6770/14/6761 6771/12/6759
f 6755/13/6760 6756/15/6762 6769/16/6763 6770/14/6761
f 6756/15/6762 6757/17/6764 6768/18/6765 6769/16/6763
f 6757/17/6764 6758/19/6766 6767/20/6767 6768/18/6765
f 6758/19/6766 6759/21/6768 6766/22/6769 6767/20/6767
f 6759/21/6768 6760/23/6770 6765/24/6771 6766/22/6769
f 6760/23/6770 6761/25/6772 6764/26/6773 6765/24/6771
f 6761/25/6772 6762/1/6748 6763/4/6751 6764/26/6773
f 6762/1/6748 6776/27/6774 6775/28/6775 6749/2/6749
f 6748/5/6752 6774/29/6776 6786/30/6777 6752/6/6753
f 6752/6/6753 6786/30/6777 6785/31/6778 6753/9/6756
f 6753/9/6756 6785/31/6778 6784/32/6779 6754/11/6758
f 6754/11/6758 6784/32/6779 6783/33/6780 6755/13/6760
f 6755/13/6760 6783/33/6780 6782/34/6781 6756/15/6762
f 6756/15/6762 6782/34/6781 6781/35/6782 6757/17/6764
f 6757/17/6764 6781/35/6782 6780/36/6783 6758/19/6766
f 6758/19/6766 6780/36/6783 6779/37/6784 6759/21/6768
f 6759/21/6768 6779/37/6784 6778/38/6785 6760/23/6770
f 6760/23/6770 6778/38/6785 6777/39/6786 6761/25/6772
f 6761/25/6772 6777/39/6786 6776/27/6774 6762/1/6748
f 6801/1/6787 6788/2/6788 6790/3/6789 6802/4/6790
f 6787/5/6791 6791/6/6792 6812/7/6793 6789/8/6794
f 6791/6/6792 6792/9/6795 6811/10/6796 6812/7/6793
f 6792/9/6795 6793/11/6797 6810/12/6798 6811/10/6796
f 6793/11/6797 6794/13/6799 6809/14/6800 6810/12/6798
f 6794/13/6799 6795/15/6801 6808/16/6802 6809/14/6800
f 6795/15/6801 6796/17/6803 6807/18/6804 6808/16/6802
f 6796/17/6803 6797/19/6805 6806/20/6806 6807/18/6804
f 6797/19/6805 6798/21/6807 6805/22/6808 6806/20/6806
f 6798/21/6807 6799/23/6809 6804/24/6810 6805/22/6808
f 6799/23/6809 6800/25/6811 6803/26/6812 6804/24/6810
f 6800/25/6811 6801/1/6787 6802/4/6790 6803/26/6812
f 6801/1/6787 6815/27/6813 6814/28/6814 6788/2/6788
f 6787/5/6791 6813/29/6815 6825/30/6816 6791/6/6792
f 6791/6/6792 6825/30/6816 6824/31/6817 6792/9/6795
f 6792/9/6795 6824/31/6817 6823/32/6818 6793/11/6797
f 6793/11/6797 6823/32/6818 6822/33/6819 6794/13/6799
f 6794/13/6799 6822/33/6819 6821/34/6820 6795/15/6801
f 6795/15/6801 6821/34/6820 6820/35/6821 6796/17/6803
f 6796/17/6803 6820/35/6821 6819/36/6822 6797/19/6805
f 6797/19/6805 6819/36/6822 6818/37/6823 6798/21/6807
f 6798/21/6807 6818/37/6823 6817/38/6824 6799/23/6809
f 6799/23/6809 6817/38/6824 6816/39/6825 6800/25/6811
f 6800/25/6811 6816/39/6825 6815/27/6813 6801/1/6787
f 6840/1/6826 6827/2/6827 6829/3/6828 6841/4/6829
f 6826/5/6830 6830/6/6831 6851/7/6832 6828/8/6833
f 6830/6/6831 6831/9/6834 6850/10/6835 6851/7/6832
f 6831/9/6834 6832/11/6836 6849/12/6837 6850/10/6835
f 6832/11/6836 6833/13/6838 6848/14/6839 6849/12/6837
f 6833/13/6838 6834/15/6840 6847/16/6841 6848/14/6839
f 6834/15/6840 6835/17/6842 6846/18/6843 6847/16/6841
f 6835/17/6842 6836/19/6844 6845/20/6845 6846/18/6843
f 6836/19/6844 6837/21/6846 6844/22/6847 6845/20/6845
f 6837/21/6846 6838/23/6848 6843/24/6849 6844/22/6847
f 6838/23/6848 6839/25/6850 6842/26/6851 6843/24/6849
f 6839/25/6850 6840/1/6826 6841/4/6829 6842/26/6851
f 6840/1/6826 6854/27/6852 6853/28/6853 6827/2/6827
f 6826/5/6830 6852/29/6854 6864/30/6855 6830/6/6831
f 6830/6/6831 6864/30/6855 6863/31/6856 6831/9/6834
f 6831/9/6834 6863/31/6856 6862/32/6857 6832/11/6836
f 6832/11/6836 6862/32/6857 6861/33/6858 6833/13/6838
f 6833/13/6838 6861/33/6858 6860/34/6859 6834/15/6840
f 6834/15/6840 6860/34/6859 6859/35/6860 6835/17/6842
f 6835/17/6842 6859/35/6860 6858/36/6861 6836/19/6844
f 6836/19/6844 6858/36/6861 6857/37/6862 6837/21/6846
f 6837/21/6846 6857/37/6862 6856/38/6863 6838/23/6848
f 6838/23/6848 6856/38/6863 6855/39/6864 6839/25/6850
f 6839/25/6850 6855/39/6864 6854/27/6852 6840/1/6826
f 6879/1/6865 6866/2/6866 6868/3/6867 6880/4/6868
f 6865/5/6869 6869/6/6870 6890/7/6871 6867/8/6872
f 6869/6/6870 6870/9/6873 6889/10/6874 6890/7/6871
f 6870/9/6873 6871/11/6875 6888/12/6876 6889/10/6874
f 6871/11/6875 6872/13/6877 6887/14/6878 6888/12/6876
f 6872/13/6877 6873/15/6879 6886/16/6880 6887/14/6878
f 6873/15/6879 6874/17/6881 6885/18/6882 6886/16/6880
f 6874/17/6881 6875/19/6883 6884/20/6884 6885/18/6882
f 6875/19/6883 6876/21/6885 6883/22/6886 6884/20/6884
f 6876/21/6885 6877/23/6887 6882/24/6888 6883/22/6886
f 6877/23/6887 6878/25/6889 6881/26/6890 6882/24/6888
f 6878/25/6889 6879/1/6865 6880/4/6868 6881/26/6890
f 6879/1/6865 6893/27/6891 6892/28/6892 6866/2/6866
f 6865/5/6869 6891/29/6893 6903/30/6894 6869/6/6870
f 6869/6/6870 6903/30/6894 6902/31/6895 6870/9/6873
f 6870/9/6873 6902/31/6895 6901/32/6896 6871/11/6875
f 6871/11/6875 6901/32/6896 6900/33/6897 6872/13/6877
f 6872/13/6877 6900/33/6897 6899/34/6898 6873/15/6879
f 6873/15/6879 6899/34/6898 6898/35/6899 6874/17/6881
f 6874/17/6881 6898/35/6899 6897/36/6900 6875/19/6883
f 6875/19/6883 6897/36/6900 6896/37/6901 6876/21/6885
f 6876/21/6885 6896/37/6901 6895/38/6902 6877/23/6887
f 6877/23/6887 6895/38/6902 6894/39/6903 6878/25/6889
f 6878/25/6889 6894/39/6903 6893/27/6891 6879/1/6865
f 6918/1/6904 6905/2/6905 6907/3/6906 6919/4/6907
f 6904/5/6908 6908/6/6909 6929/7/6910 6906/8/6911
f 6908/6/6909 6909/9/6912 6928/10/6913 6929/7/6910
f 6909/9/6912 6910/11/6914 6927/12/6915 6928/10/6913
f 6910/11/6914 6911/13/6916 6926/14/6917 6927/12/6915
f 6911/13/6916 6912/15/6918 6925/16/6919 6926/14/6917
f 6912/15/6918 6913/17/6920 6924/18/6921 6925/16/6919
f 6913/17/6920 6914/19/6922 6923/20/6923 6924/18/6921
f 6914/19/6922 6915/21/6924 6922/22/6925 6923/20/6923
f 6915/21/6924 6916/23/6926 6921/24/6927 6922/22/6925
f 6916/23/6926 6917/25/6928 6920/26/6929 6921/24/6927
f 6917/25/6928 6918/1/6904 6919/4/6907 6920/26/6929
f 6918/1/6904 6932/27/6930 6931/28/6931 6905/2/6905
f 6904/5/6908 6930/29/6932 6942/30/6933 6908/6/6909
f 6908/6/6909 6942/30/6933 6941/31/6934 6909/9/6912
f 6909/9/6912 6941/31/6934 6940/32/6935 6910/11/6914
f 6910/11/6914 6940/32/6935 6939/33/6936 6911/13/6916
f 6911/13/6916 6939/33/6936 6938/34/6937 6912/15/6918
f 6912/15/6918 6938/34/6937 6937/35/6938 6913/17/6920
f 6913/17/6920 6937/35/6938 6936/36/6939 6914/19/6922
f 6914/19/6922 6936/36/6939 6935/37/6940 6915/21/6924
f 6915/21/6924 6935/37/6940 6934/38/6941 6916/23/6926
f 6916/23/6926 6934/38/6941 6933/39/6942 6917/25/6928
f 6917/25/6928 6933/39/6942 6932/27/6930 6918/1/6904
f 6957/1/6943 6944/2/6944 6946/3/6945 6958/4/6946
f 6943/5/6947 6947/6/6948 6968/7/6949 6945/8/6950
f 6947/6/6948 6948/9/6951 6967/10/6952 6968/7/6949
f 6948/9/6951 6949/11/6953 6966/12/6954 6967/10/6952
f 6949/11/6953 6950/13/6955 6965/14/6956 6966/12/6954
f 6950/13/6955 6951/15/6957 6964/16/6958 6965/14/6956
f 6951/15/6957 6952/17/6959 6963/18/6960 6964/16/6958
f 6952/17/6959 6953/19/6961 6962/20/6962 6963/18/6960
f 6953/19/6961 6954/21/6963 6961/22/6964 6962/20/6962
f 6954/21/6963 6955/23/6965 6960/24/6966 6961/22/6964
f 6955/23/6965 6956/25/6967 6959/26/6968 6960/24/6966
f 6956/25/6967 6957/1/6943 6958/4/6946 6959/26/6968
f 6957/1/6943 6971/27/6969 6970/28/6970 6944/2/6944
f 6943/5/6947 6969/29/6971 6981/30/6972 6947/6/6948
f 6947/6/6948 6981/30/6972 6980/31/6973 6948/9/6951
f 6948/9/6951 6980/31/6973 6979/32/6974 6949/11/6953
f 6949/11/6953 6979/32/6974 6978/33/6975 6950/13/6955
f 6950/13/6955 6978/33/6975 6977/34/6976 6951/15/6957
f 6951/15/6957 6977/34/6976 6976/35/6977 6952/17/6959
f 6952/17/6959 6976/35/6977 6975/36/6978 6953/19/6961
f 6953/19/6961 6975/36/6978 6974/37/6979 6954/21/6963
f 6954/21/6963 6974/37/6979 6973/38/6980 6955/23/6965
f 6955/23/6965 6973/38/6980 6972/39/6981 6956/25/6967
f 6956/25/6967 6972/39/6981 6971/27/6969 6957/1/6943
f 6996/1/6982 6983/2/6983 6985/3/6984 6997/4/6985
f 6982/5/6986 6986/6/6987 7007/7/6988 6984/8/6989
f 6986/6/6987 6987/9/6990 7006/10/6991 7007/7/6988
f 6987/9/6990 6988/11/6992 7005/12/6993 7006/10/6991
f 6988/11/6992 6989/13/6994 7004/14/6995 7005/12/6993
f 6989/13/6994 6990/15/6996 7003/16/6997 7004/14/6995
f 6990/15/6996 6991/17/6998 7002/18/6999 7003/16/6997
f 6991/17/6998 6992/19/7000 7001/20/7001 7002/18/6999
f 6992/19/7000 6993/21/7002 7000/22/7003 7001/20/7001
f 6993/21/7002 6994/23/7004 6999/24/7005 7000/22/7003
f 6994/23/7004 6995/25/7006 6998/26/7007 6999/24/7005
f 6995/25/7006 6996/1/6982 6997/4/6985 6998/26/7007
f 6996/1/6982 7010/27/7008 7009/28/7009 6983/2/6983
f 6982/5/6986 7008/29/7010 7020/30/7011 6986/6/6987
f 6986/6/6987 7020/30/7011 7019/31/7012 6987/9/6990
f 6987/9/6990 7019/31/7012 7018/32/7013 6988/11/6992
f 6988/11/6992 7018/32/7013 7017/33/7014 6989/13/6994
f 6989/13/6994 7017/33/7014 7016/34/7015 6990/15/6996
f 6990/15/6996 7016/34/7015 7015/35/7016 6991/17/6998
f 6991/17/6998 7015/35/7016 7014/36/7017 6992/19/7000
f 6992/19/7000 7014/36/7017 7013/37/7018 6993/21/7002
f 6993/21/7002 7013/37/7018 7012/38/7019 6994/23/7004
f 6994/23/7004 7012/38/7019 7011/39/7020 6995/25/7006
f 6995/25/7006 7011/39/7020 7010/27/7008 6996/1/6982
f 7035/1/7021 7022/2/7022 7024/3/7023 7036/4/7024
f 7021/5/7025 7025/6/7026 7046/7/7027 7023/8/7028
f 7025/6/7026 7026/9/7029 7045/10/7030 7046/7/7027
f 7026/9/7029 7027/11/7031 7044/12/7032 7045/10/7030
f 7027/11/7031 7028/13/7033 7043/14/7034 7044/12/7032
f 7028/13/7033 7029/15/7035 7042/16/7036 7043/14/7034
f 7029/15/7035 7030/17/7037 7041/18/7038 7042/16/7036
f 7030/17/7037 7031/19/7039 7040/20/7040 7041/18/7038
f 7031/19/7039 7032/21/7041 7039/22/7042 7040/20/7040
f 7032/21/7041 7033/23/7043 7038/24/7044 7039/22/7042
f 7033/23/7043 7034/25/7045 7037/26/7046 7038/24/7044
f 7034/25/7045 7035/1/7021 7036/4/7024 7037/26/7046
f 7035/1/7021 7049/27/7047 7048/28/7048 7022/2/7022
f 7021/5/7025 7047/29/7049 7059/30/7050 7025/6/7026
f 7025/6/7026 7059/30/7050 7058/31/7051 7026/9/7029
f 7026/9/7029 7058/31/7051 7057/32/7052 7027/11/7031
f 7027/11/7031 7057/32/7052 7056/33/7053 7028/13/7033
f 7028/13/7033 7056/33/7053 7055/34/7054 7029/15/7035
f 7029/15/7035 7055/34/7054 7054/35/7055 7030/17/7037
f 7030/17/7037 7054/35/7055 7053/36/7056 7031/19/7039
f 7031/19/7039 7053/36/7056 7052/37/7057 7032/21/7041
f 7032/21/7041 7052/37/7057 7051/38/7058 7033/23/7043
f 7033/23/7043 7051/38/7058 7050/39/7059 7034/25/7045
f 7034/25/7045 7050/39/7059 7049/27/7047 7035/1/7021
f 7074/1/7060 7061/2/7061 7063/3/7062 7075/4/7063
f 7060/5/7064 7064/6/7065 7085/7/7066 7062/8/7067
f 7064/6/7065 7065/9/7068 7084/10/7069 7085/7/7066
f 7065/9/7068 7066/11/7070 7083/12/7071 7084/10/7069
f 7066/11/7070 7067/13/7072 7082/14/7073 7083/12/7071
f 7067/13/7072 7068/15/7074 7081/16/7075 7082/14/7073
f 7068/15/7074 7069/17/7076 7080/18/7077 7081/16/7075
f 7069/17/7076 7070/19/7078 7079/20/7079 7080/18/7077
f 7070/19/7078 7071/21/7080 7078/22/7081 7079/20/7079
f 7071/21/7080 7072/23/7082 7077/24/7083 7078/22/7081
f 7072/23/7082 7073/25/7084 7076/26/7085 7077/24/7083
f 7073/25/7084 7074/1/7060 7075/4/7063 7076/26/7085
f 7074/1/7060 7088/27/7086 7087/28/7087 7061/2/7061
f 7060/5/7064 7086/29/7088 7098/30/7089 7064/6/7065
f 7064/6/7065 7098/30/7089 7097/31/7090 7065/9/7068
f 7065/9/7068 7097/31/7090 7096/32/7091 7066/11/7070
f 7066/11/7070 7096/32/7091 7095/33/7092 7067/13/7072
f 7067/13/7072 7095/33/7092 7094/34/7093 7068/15/7074
f 7068/15/7074 7094/34/7093 7093/35/7094 7069/17/7076
f 7069/17/7076 7093/35/7094 7092/36/7095 7070/19/7078
f 7070/19/7078 7092/36/7095 7091/37/7096 7071/21/7080
f 7071/21/7080 7091/37/7096 7090/38/7097 7072/23/7082
f 7072/23/7082 7090/38/7097 7089/39/7098 7073/25/7084
f 7073/25/7084 7089/39/7098 7088/27/7086 7074/1/7060
f 7113/1/7099 7100/2/7100 7102/3/7101 7114/4/7102
f 7099/5/7103 7103/6/7104 7124/7/7105 7101/8/7106
f 7103/6/7104 7104/9/7107 7123/10/7108 7124/7/7105
f 7104/9/7107 7105/11/7109 7122/12/7110 7123/10/7108
f 7105/11/7109 7106/13/7111 7121/14/7112 7122/12/7110
f 7106/13/7111 7107/15/7113 7120/16/7114 7121/14/7112
f 7107/15/7113 7108/17/7115 7119/18/7116 7120/16/7114
f 7108/17/7115 7109/19/7117 7118/20/7118 7119/18/7116
f 7109/19/7117 7110/21/7119 7117/22/7120 7118/20/7118
f 7110/21/7119 7111/23/7121 7116/24/7122 7117/22/7120
f 7111/23/7121 7112/25/7123 7115/26/7124 7116/24/7122
f 7112/25/7123 7113/1/7099 7114/4/7102 7115/26/7124
f 7113/1/7099 7127/27/7125 7126/28/7126 7100/2/7100
f 7099/5/7103 7125/29/7127 7137/30/7128 7103/6/7104
f 7103/6/7104 7137/30/7128 7136/31/7129 7104/9/7107
f 7104/9/7107 7136/31/7129 7135/32/7130 7105/11/7109
f 7105/11/7109 7135/32/7130 7134/33/7131 7106/13/7111
f 7106/13/7111 7134/33/7131 7133/34/7132 7107/15/7113
f 7107/15/7113 7133/34/7132 7132/35/7133 7108/17/7115
f 7108/17/7115 7132/35/7133 7131/36/7134 7109/19/7117
f 7109/19/7117 7131/36/7134 7130/37/7135 7110/21/7119
f 7110/21/7119 7130/37/7135 7129/38/7136 7111/23/7121
f 7111/23/7121 7129/38/7136 7128/39/7137 7112/25/7123
f 7112/25/7123 7128/39/7137 7127/27/7125 7113/1/7099
f 7152/1/7138 7139/2/7139 7141/3/7140 7153/4/7141
f 7138/5/7142 7142/6/7143 7163/7/7144 7140/8/7145
f 7142/6/7143 7143/9/7146 7162/10/7147 7163/7/7144
f 7143/9/7146 7144/11/7148 7161/12/7149 7162/10/7147
f 7144/11/7148 7145/13/7150 7160/14/7151 7161/12/7149
f 7145/13/7150 7146/15/7152 7159/16/7153 7160/14/7151
f 7146/15/7152 7147/17/7154 7158/18/7155 7159/16/7153
f 7147/17/7154 7148/19/7156 7157/20/7157 7158/18/7155
f 7148/19/7156 7149/21/7158 7156/22/7159 7157/20/7157
f 7149/21/7158 7150/23/7160 7155/24/7161 7156/22/7159
f 7150/23/7160 7151/25/7162 7154/26/7163 7155/24/7161
f 7151/25/7162 7152/1/7138 7153/4/7141 7154/26/7163
f 7152/1/7138 7166/27/7164 7165/28/7165 7139/2/7139
f 7138/5/7142 7164/29/7166 7176/30/7167 7142/6/7143
f 7142/6/7143 7176/30/7167 7175/31/7168 7143/9/7146
f 7143/9/7146 7175/31/7168 7174/32/7169 7144/11/7148
f 7144/11/7148 7174/32/7169 7173/33/7170 7145/13/7150
f 7145/13/7150 7173/33/7170 7172/34/7171 7146/15/7152
f 7146/15/7152 7172/34/7171 7171/35/7172 7147/17/7154
f 7147/17/7154 7171/35/7172 7170/36/7173 7148/19/7156
f 7148/19/7156 7170/36/7173 7169/37/7174 7149/21/7158
f 7149/21/7158 7169/37/7174 7168/38/7175 7150/23/7160
f 7150/23/7160 7168/38/7175 7167/39/7176 7151/25/7162
f 7151/25/7162 7167/39/7176 7166/27/7164 7152/1/7138
f 7191/1/7177 7178/2/7178 7180/3/7179 7192/4/7180
f 7177/5/7181 7181/6/7182 7202/7/7183 7179/8/7184
f 7181/6/7182 7182/9/7185 7201/10/7186 7202/7/7183
f 7182/9/7185 7183/11/7187 7200/12/7188 7201/10/7186
f 7183/11/7187 7184/13/7189 7199/14/7190 7200/12/7188
f 7184/13/7189 7185/15/7191 7198/16/7192 7199/14/7190
f 7185/15/7191 7186/17/7193 7197/18/7194 7198/16/7192
f 7186/17/7193 7187/19/7195 7196/20/7196 7197/18/7194
f 7187/19/7195 7188/21/7197 7195/22/7198 7196/20/7196
f 7188/21/7197 7189/23/7199 7194/24/7200 7195/22/7198
f 7189/23/7199 7190/25/7201 7193/26/7202 7194/24/7200
f 7190/25/7201 7191/1/7177 7192/4/7180 7193/26/7202
f 7191/1/7177 7205/27/7203 7204/28/7204 7178/2/7178
f 7177/5/7181 7203/29/7205 7215/30/7206 7181/6/7182
f 7181/6/7182 7215/30/7206 7214/31/7207 7182/9/7185
f 7182/9/7185 7214/31/7207 7213/32/7208 7183/11/7187
f 7183/11/7187 7213/32/7208 7212/33/7209 7184/13/7189
f 7184/13/7189 7212/33/7209 7211/34/7210 7185/15/7191
f 7185/15/7191 7211/34/7210 7210/35/7211 7186/17/7193
f 7186/17/7193 7210/35/7211 7209/36/7212 7187/19/7195
f 7187/19/7195 7209/36/7212 7208/37/7213 7188/21/7197
f 7188/21/7197 7208/37/7213 7207/38/7214 7189/23/7199
f 7189/23/7199 7207/38/7214 7206/39/7215 7190/25/7201
f 7190/25/7201 7206/39/7215 7205/27/7203 7191/1/7177
f 7230/1/7216 7217/2/7217 7219/3/7218 7231/4/7219
f 7216/5/7220 7220/6/7221 7241/7/7222 7218/8/7223
f 7220/6/7221 7221/9/7224 7240/10/7225 7241/7/7222
f 7221/9/7224 7222/11/7226 7239/12/7227 7240/10/7225
f 7222/11/7226 7223/13/7228 7238/14/7229 7239/12/7227
f 7223/13/7228 7224/15/7230 7237/16/7231 7238/14/7229
f 7224/15/7230 7225/17/7232 7236/18/7233 7237/16/7231
f 7225/17/7232 7226/19/7234 7235/20/7235 7236/18/7233
f 7226/19/7234 7227/21/7236 7234/22/7237 7235/20/7235
f 7227/21/7236 7228/23/7238 7233/24/7239 7234/22/7237
f 7228/23/7238 7229/25/7240 7232/26/7241 7233/24/7239
f 7229/25/7240 7230/1/7216 7231/4/7219 7232/26/7241
f 7230/1/7216 7244/27/7242 7243/28/7243 7217/2/7217
f 7216/5/7220 7242/29/7244 7254/30/7245 7220/6/7221
f 7220/6/7221 7254/30/7245 7253/31/7246 7221/9/7224
f 7221/9/7224 7253/31/7246 7252/32/7247 7222/11/7226
f 7222/11/7226 7252/32/7247 7251/33/7248 7223/13/7228
f 7223/13/7228 7251/33/7248 7250/34/7249 7224/15/7230
f 7224/15/7230 7250/34/7249 7249/35/7250 7225/17/7232
f 7225/17/7232 7249/35/7250 7248/36/7251 7226/19/7234
f 7226/19/7234 7248/36/7251 7247/37/7252 7227/21/7236
f 7227/21/7236 7247/37/7252 7246/38/7253 7228/23/7238
f 7228/23/7238 7246/38/7253 7245/39/7254 7229/25/7240
f 7229/25/7240 7245/39/7254 7244/27/7242 7230/1/7216
f 7269/1/7255 7256/2/7256 7258/3/7257 7270/4/7258
f 7255/5/7259 7259/6/7260 7280/7/7261 7257/8/7262
f 7259/6/7260 7260/9/7263 7279/10/7264 7280/7/7261
f 7260/9/7263 7261/11/7265 7278/12/7266 7279/10/7264
f 7261/11/7265 7262/13/7267 7277/14/7268 7278/12/7266
f 7262/13/7267 7263/15/7269 7276/16/7270 7277/14/7268
f 7263/15/7269 7264/17/7271 7275/18/7272 7276/16/7270
f 7264/17/7271 7265/19/7273 7274/20/7274 7275/18/7272
f 7265/19/7273 7266/21/7275 7273/22/7276 7274/20/7274
f 7266/21/7275 7267/23/7277 7272/24/7278 7273/22/7276
f 7267/23/7277 7268/25/7279 7271/26/7280 7272/24/7278
f 7268/25/7279 7269/1/7255 7270/4/7258 7271/26/7280
f 7269/1/7255 7283/27/7281 7282/28/7282 7256/2/7256
f 7255/5/7259 7281/29/7283 7293/30/7284 7259/6/7260
f 7259/6/7260 7293/30/7284 7292/31/7285 7260/9/7263
f 7260/9/7263 7292/31/7285 7291/32/7286 7261/11/7265
f 7261/11/7265 7291/32/7286 7290/33/7287 7262/13/7267
f 7262/13/7267 7290/33/7287 7289/34/7288 7263/15/7269
f 7263/15/7269 7289/34/7288 7288/35/7289 7264/17/7271
f 7264/17/7271 7288/35/7289 7287/36/7290 7265/19/7273
f 7265/19/7273 7287/36/7290 7286/37/7291 7266/21/7275
f 7266/21/7275 7286/37/7291 7285/38/7292 7267/23/7277
f 7267/23/7277 7285/38/7292 7284/39/7293 7268/25/7279
f 7268/25/7279 7284/39/7293 7283/27/7281 7269/1/7255
f 7308/1/7294 7295/2/7295 7297/3/7296 7309/4/7297
f 7294/5/7298 7298/6/7299 7319/7/7300 7296/8/7301
f 7298/6/7299 7299/9/7302 7318/10/7303 7319/7/7300
f 7299/9/7302 7300/11/7304 7317/12/7305 7318/10/7303
f 7300/11/7304 7301/13/7306 7316/14/7307 7317/12/7305
f 7301/13/7306 7302/15/7308 7315/16/7309 7316/14/7307
f 7302/15/7308 7303/17/7310 7314/18/7311 7315/16/7309
f 7303/17/7310 7304/19/7312 7313/20/7313 7314/18/7311
f 7304/19/7312 7305/21/7314 7312/22/7315 7313/20/7313
f 7305/21/7314 7306/23/7316 7311/24/7317 7312/22/7315
f 7306/23/7316 7307/25/7318 7310/26/7319 7311/24/7317
f 7307/25/7318 7308/1/7294 7309/4/7297 7310/26/7319
f 7308/1/7294 7322/27/7320 7321/28/7321 7295/2/7295
f 7294/5/7298 7320/29/7322 7332/30/7323 7298/6/7299
f 7298/6/7299 7332/30/7323 7331/31/7324 7299/9/7302
f 7299/9/7302 7331/31/7324 7330/32/7325 7300/11/7304
f 7300/11/7304 7330/32/7325 7329/33/7326 7301/13/7306
f 7301/13/7306 7329/33/7326 7328/34/7327 7302/15/7308
f 7302/15/7308 7328/34/7327 7327/35/7328 7303/17/7310
f 7303/17/7310 7327/35/7328 7326/36/7329 7304/19/7312
f 7304/19/7312 7326/36/7329 7325/37/7330 7305/21/7314
f 7305/21/7314 7325/37/7330 7324/38/7331 7306/23/7316
f 7306/23/7316 7324/38/7331 7323/39/7332 7307/25/7318
f 7307/25/7318 7323/39/7332 7322/27/7320 7308/1/7294
f 7347/1/7333 7334/2/7334 7336/3/7335 7348/4/7336
f 7333/5/7337 7337/6/7338 7358/7/7339 7335/8/7340
f 7337/6/7338 7338/9/7341 7357/10/7342 7358/7/7339
f 7338/9/7341 7339/11/7343 7356/12/7344 7357/10/7342
f 7339/11/7343 7340/13/7345 7355/14/7346 7356/12/7344
f 7340/13/7345 7341/15/7347 7354/16/7348 7355/14/7346
f 7341/15/7347 7342/17/7349 7353/18/7350 7354/16/7348
f 7342/17/7349 7343/19/7351 7352/20/7352 7353/18/7350
f 7343/19/7351 7344/21/7353 7351/22/7354 7352/20/7352
f 7344/21/7353 7345/23/7355 7350/24/7356 7351/22/7354
f 7345/23/7355 7346/25/7357 7349/26/7358 7350/24/7356
f 7346/25/7357 7347/1/7333 7348/4/7336 7349/26/7358
f 7347/1/7333 7361/27/7359 7360/28/7360 7334/2/7334
f 7333/5/7337 7359/29/7361 7371/30/7362 7337/6/7338
f 7337/6/7338 7371/30/7362 7370/31/7363 7338/9/7341
f 7338/9/7341 7370/31/7363 7369/32/7364 7339/11/7343
f 7339/11/7343 7369/32/7364 7368/33/7365 7340/13/7345
f 7340/13/7345 7368/33/7365 7367/34/7366 7341/15/7347
f 7341/15/7347 7367/34/7366 7366/35/7367 7342/17/7349
f 7342/17/7349 7366/35/7367 7365/36/7368 7343/19/7351
f 7343/19/7351 7365/36/7368 7364/37/7369 7344/21/7353
f 7344/21/7353 7364/37/7369 7363/38/7370 7345/23/7355
f 7345/23/7355 7363/38/7370 7362/39/7371 7346/25/7357
f 7346/25/7357 7362/39/7371 7361/27/7359 7347/1/7333
f 7386/1/7372 7373/2/7373 7375/3/7374 7387/4/7375
f 7372/5/7376 7376/6/7377 7397/7/7378 7374/8/7379
f 7376/6/7377 7377/9/7380 7396/10/7381 7397/7/7378
f 7377/9/7380 7378/11/7382 7395/12/7383 7396/10/7381
f 7378/11/7382 7379/13/7384 7394/14/7385 7395/12/7383
f 7379/13/7384 7380/15/7386 7393/16/7387 7394/14/7385
f 7380/15/7386 7381/17/7388 7392/18/7389 7393/16/7387
f 7381/17/7388 7382/19/7390 7391/20/7391 7392/18/7389
f 7382/19/7390 7383/21/7392 7390/22/7393 7391/20/7391
f 7383/21/7392 7384/23/7394 7389/24/7395 7390/22/7393
f 7384/23/7394 7385/25/7396 7388/26/7397 7389/24/7395
f 7385/25/7396 7386/1/7372 7387/4/7375 7388/26/7397
f 7386/1/7372 7400/27/7398 7399/28/7399 7373/2/7373
f 7372/5/7376 7398/29/7400 7410/30/7401 7376/6/7377
f 7376/6/7377 7410/30/7401 7409/31/7402 7377/9/7380
f 7377/9/7380 7409/31/7402 7408/32/7403 7378/11/7382
f 7378/11/7382 7408/32/7403 7407/33/7404 7379/13/7384
f 7379/13/7384 7407/33/7404 7406/34/7405 7380/15/7386
f 7380/15/7386 7406/34/7405 7405/35/7406 7381/17/7388
f 7381/17/7388 7405/35/7406 7404/36/7407 7382/19/7390
f 7382/19/7390 7404/36/7407 7403/37/7408 7383/21/7392
f 7383/21/7392 7403/37/7408 7402/38/7409 7384/23/7394
f 7384/23/7394 7402/38/7409 7401/39/7410 7385/25/7396
f 7385/25/7396 7401/39/7410 7400/27/7398 7386/1/7372
f 7425/1/7411 7412/2/7412 7414/3/7413 7426/4/7414
f 7411/5/7415 7415/6/7416 7436/7/7417 7413/8/7418
f 7415/6/7416 7416/9/7419 7435/10/7420 7436/7/7417
f 7416/9/7419 7417/11/7421 7434/12/7422 7435/10/7420
f 7417/11/7421 7418/13/7423 7433/14/7424 7434/12/7422
f 7418/13/7423 7419/15/7425 7432/16/7426 7433/14/7424
f 7419/15/7425 7420/17/7427 7431/18/7428 7432/16/7426
f 7420/17/7427 7421/19/7429 7430/20/7430 7431/18/7428
f 7421/19/7429 7422/21/7431 7429/22/7432 7430/20/7430
f 7422/21/7431 7423/23/7433 7428/24/7434 7429/22/7432
f 7423/23/7433 7424/25/7435 7427/26/7436 7428/24/7434
f 7424/25/7435 7425/1/7411 7426/4/7414 7427/26/7436
f 7425/1/7411 7439/27/7437 7438/28/7438 7412/2/7412
f 7411/5/7415 7437/29/7439 7449/30/7440 7415/6/7416
f 7415/6/7416 7449/30/7440 7448/31/7441 7416/9/7419
f 7416/9/7419 7448/31/7441 7447/32/7442 7417/11/7421
f 7417/11/7421 7447/32/7442 7446/33/7443 7418/13/7423
f 7418/13/7423 7446/33/7443 7445/34/7444 7419/15/7425
f 7419/15/7425 7445/34/7444 7444/35/7445 7420/17/7427
f 7420/17/7427 7444/35/7445 7443/36/7446 7421/19/7429
f 7421/19/7429 7443/36/7446 7442/37/7447 7422/21/7431
f 7422/21/7431 7442/37/7447 7441/38/7448 7423/23/7433
f 7423/23/7433 7441/38/7448 7440/39/7449 7424/25/7435
f 7424/25/7435 7440/39/7449 7439/27/7437 7425/1/7411
f 7464/1/7450 7451/2/7451 7453/3/7452 7465/4/7453
f 7450/5/7454 7454/6/7455 7475/7/7456 7452/8/7457
f 7454/6/7455 7455/9/7458 7474/10/7459 7475/7/7456
f 7455/9/7458 7456/11/7460 7473/12/7461 7474/10/7459
f 7456/11/7460 7457/13/7462 7472/14/7463 7473/12/7461
f 7457/13/7462 7458/15/7464 7471/16/7465 7472/14/7463
f 7458/15/7464 7459/17/7466 7470/18/7467 7471/16/7465
f 7459/17/7466 7460/19/7468 7469/20/7469 7470/18/7467
f 7460/19/7468 7461/21/7470 7468/22/7471 7469/20/7469
f 7461/21/7470 7462/23/7472 7467/24/7473 7468/22/7471
f 7462/23/7472 7463/25/7474 7466/26/7475 7467/24/7473
f 7463/25/7474 7464/1/7450 7465/4/7453 7466/26/7475
f 7464/1/7450 7478/27/7476 7477/28/7477 7451/2/7451
f 7450/5/7454 7476/29/7478 7488/30/7479 7454/6/7455
f 7454/6/7455 7488/30/7479 7487/31/7480 7455/9/7458
f 7455/9/7458 7487/31/7480 7486/32/7481 7456/11/7460
f 7456/11/7460 7486/32/7481 7485/33/7482 7457/13/7462
f 7457/13/7462 7485/33/7482 7484/34/7483 7458/15/7464
f 7458/15/7464 7484/34/7483 7483/35/7484 7459/17/7466
f 7459/17/7466 7483/35/7484 7482/36/7485 7460/19/7468
f 7460/19/7468 7482/36/7485 7481/37/7486 7461/21/7470
f 7461/21/7470 7481/37/7486 7480/38/7487 7462/23/7472
f 7462/23/7472 7480/38/7487 7479/39/7488 7463/25/7474
f 7463/25/7474 7479/39/7488 7478/27/7476 7464/1/7450
f 7503/1/7489 7490/2/7490 7492/3/7491 7504/4/7492
f 7489/5/7493 7493/6/7494 7514/7/7495 7491/8/7496
f 7493/6/7494 7494/9/7497 7513/10/7498 7514/7/7495
f 7494/9/7497 7495/11/7499 7512/12/7500 7513/10/7498
f 7495/11/7499 7496/13/7501 7511/14/7502 7512/12/7500
f 7496/13/7501 7497/15/7503 7510/16/7504 7511/14/7502
f 7497/15/7503 7498/17/7505 7509/18/7506 7510/16/7504
f 7498/17/7505 7499/19/7507 7508/20/7508 7509/18/7506
f 7499/19/7507 7500/21/7509 7507/22/7510 7508/20/7508
f 7500/21/7509 7501/23/7511 7506/24/7512 7507/22/7510
f 7501/23/7511 7502/25/7513 7505/26/7514 7506/24/7512
f 7502/25/7513 7503/1/7489 7504/4/7492 7505/26/7514
f 7503/1/7489 7517/27/7515 7516/28/7516 7490/2/7490
f 7489/5/7493 7515/29/7517 7527/30/7518 7493/6/7494
f 7493/6/7494 7527/30/7518 7526/31/7519 7494/9/7497
f 7494/9/7497 7526/31/7519 7525/32/7520 7495/11/7499
f 7495/11/7499 7525/32/7520 7524/33/7521 7496/13/7501
f 7496/13/7501 7524/33/7521 7523/34/7522 7497/15/7503
f 7497/15/7503 7523/34/7522 7522/35/7523 7498/17/7505
f 7498/17/7505 7522/35/7523 7521/36/7524 7499/19/7507
f 7499/19/7507 7521/36/7524 7520/37/7525 7500/21/7509
f 7500/21/7509 7520/37/7525 7519/38/7526 7501/23/7511
f 7501/23/7511 7519/38/7526 7518/39/7527 7502/25/7513
f 7502/25/7513 7518/39/7527 7517/27/7515 7503/1/7489
f 7542/1/7528 7529/2/7529 7531/3/7530 7543/4/7531
f 7528/5/7532 7532/6/7533 7553/7/7534 7530/8/7535
f 7532/6/7533 7533/9/7536 7552/10/7537 7553/7/7534
f 7533/9/7536 7534/11/7538 7551/12/7539 7552/10/7537
f 7534/11/7538 7535/13/7540 7550/14/7541 7551/12/7539
f 7535/13/7540 7536/15/7542 7549/16/7543 7550/14/7541
f 7536/15/7542 7537/17/7544 7548/18/7545 7549/16/7543
f 7537/17/7544 7538/19/7546 7547/20/7547 7548/18/7545
f 7538/19/7546 7539/21/7548 7546/22/7549 7547/20/7547
f 7539/21/7548 7540/23/7550 7545/24/7551 7546/22/7549
f 7540/23/7550 7541/25/7552 7544/26/7553 7545/24/7551
f 7541/25/7552 7542/1/7528 7543/4/7531 7544/26/7553
f 7542/1/7528 7556/27/7554 7555/28/7555 7529/2/7529
f 7528/5/7532 7554/29/7556 7566/30/7557 7532/6/7533
f 7532/6/7533 7566/30/7557 7565/31/7558 7533/9/7536
f 7533/9/7536 7565/31/7558 7564/32/7559 7534/11/7538
f 7534/11/7538 7564/32/7559 7563/33/7560 7535/13/7540
f 7535/13/7540 7563/33/7560 7562/34/7561 7536/15/7542
f 7536/15/7542 7562/34/7561 7561/35/7562 7537/17/7544
f 7537/17/7544 7561/35/7562 7560/36/7563 7538/19/7546
f 7538/19/7546 7560/36/7563 7559/37/7564 7539/21/7548
f 7539/21/7548 7559/37/7564 7558/38/7565 7540/23/7550
f 7540/23/7550 7558/38/7565 7557/39/7566 7541/25/7552
f 7541/25/7552 7557/39/7566 7556/27/7554 7542/1/7528
f 7581/1/7567 7568/2/7568 7570/3/7569 7582/4/7570
f 7567/5/7571 7571/6/7572 7592/7/7573 7569/8/7574
f 7571/6/7572 7572/9/7575 7591/10/7576 7592/7/7573
f 7572/9/7575 7573/11/7577 7590/12/7578 7591/10/7576
f 7573/11/7577 7574/13/7579 7589/14/7580 7590/12/7578
f 7574/13/7579 7575/15/7581 7588/16/7582 7589/14/7580
f 7575/15/7581 7576/17/7583 7587/18/7584 7588/16/7582
f 7576/17/7583 7577/19/7585 7586/20/7586 7587/18/7584
f 7577/19/7585 7578/21/7587 7585/22/7588 7586/20/7586
f 7578/21/7587 7579/23/7589 7584/24/7590 7585/22/7588
f 7579/23/7589 7580/25/7591 7583/26/7592 7584/24/7590
f 7580/25/7591 7581/1/7567 7582/4/7570 7583/26/7592
f 7581/1/7567 7595/27/7593 7594/28/7594 7568/2/7568
f 7567/5/7571 7593/29/7595 7605/30/7596 7571/6/7572
f 7571/6/7572 7605/30/7596 7604/31/7597 7572/9/7575
f 7572/9/7575 7604/31/7597 7603/32/7598 7573/11/7577
f 7573/11/7577 7603/32/7598 7602/33/7599 7574/13/7579
f 7574/13/7579 7602/33/7599 7601/34/7600 7575/15/7581
f 7575/15/7581 7601/34/7600 7600/35/7601 7576/17/7583
f 7576/17/7583 7600/35/7601 7599/36/7602 7577/19/7585
f 7577/19/7585 7599/36/7602 7598/37/7603 7578/21/7587
f 7578/21/7587 7598/37/7603 7597/38/7604 7579/23/7589
f 7579/23/7589 7597/38/7604 7596/39/7605 7580/25/7591
f 7580/25/7591 7596/39/7605 7595/27/7593 7581/1/7567
f 7620/1/7606 7607/2/7607 7609/3/7608 7621/4/7609
f 7606/5/7610 7610/6/7611 7631/7/7612 7608/8/7613
f 7610/6/7611 7611/9/7614 7630/10/7615 7631/7/7612
f 7611/9/7614 7612/11/7616 7629/12/7617 7630/10/7615
f 7612/11/7616 7613/13/7618 7628/14/7619 7629/12/7617
f 7613/13/7618 7614/15/7620 7627/16/7621 7628/14/7619
f 7614/15/7620 7615/17/7622 7626/18/7623 7627/16/7621
f 7615/17/7622 7616/19/7624 7625/20/7625 7626/18/7623
f 7616/19/7624 7617/21/7626 7624/22/7627 7625/20/7625
f 7617/21/7626 7618/23/7628 7623/24/7629 7624/22/7627
f 7618/23/7628 7619/25/7630 7622/26/7631 7623/24/7629
f 7619/25/7630 7620/1/7606 7621/4/7609 7622/26/7631
f 7620/1/7606 7634/27/7632 7633/28/7633 7607/2/7607
f 7606/5/7610 7632/29/7634 7644/30/7635 7610/6/7611
f 7610/6/7611 7644/30/7635 7643/31/7636 7611/9/7614
f 7611/9/7614 7643/31/7636 7642/32/7637 7612/11/7616
f 7612/11/7616 7642/32/7637 7641/33/7638 7613/13/7618
f 7613/13/7618 7641/33/7638 7640/34/7639 7614/15/7620
f 7614/15/7620 7640/34/7639 7639/35/7640 7615/17/7622
f 7615/17/7622 7639/35/7640 7638/36/7641 7616/19/7624
f 7616/19/7624 7638/36/7641 7637/37/7642 7617/21/7626
f 7617/21/7626 7637/37/7642 7636/38/7643 7618/23/7628
f 7618/23/7628 7636/38/7643 7635/39/7644 7619/25/7630
f 7619/25/7630 7635/39/7644 7634/27/7632 7620/1/7606
f 7659/1/7645 7646/2/7646 7648/3/7647 7660/4/7648
f 7645/5/7649 7649/6/7650 7670/7/7651 7647/8/7652
f 7649/6/7650 7650/9/7653 7669/10/7654 7670/7/7651
f 7650/9/7653 7651/11/7655 7668/12/7656 7669/10/7654
f 7651/11/7655 7652/13/7657 7667/14/7658 7668/12/7656
f 7652/13/7657 7653/15/7659 7666/16/7660 7667/14/7658
f 7653/15/7659 7654/17/7661 7665/18/7662 7666/16/7660
f 7654/17/7661 7655/19/7663 7664/20/7664 7665/18/7662
f 7655/19/7663 7656/21/7665 7663/22/7666 7664/20/7664
f 7656/21/7665 7657/23/7667 7662/24/7668 7663/22/7666
f 7657/23/7667 7658/25/7669 7661/26/7670 7662/24/7668
f 7658/25/7669 7659/1/7645 7660/4/7648 7661/26/7670
f 7659/1/7645 7673/27/7671 7672/28/7672 7646/2/7646
f 7645/5/7649 7671/29/7673 7683/30/7674 7649/6/7650
f 7649/6/7650 7683/30/7674 7682/31/7675 7650/9/7653
f 7650/9/7653 7682/31/7675 7681/32/7676 7651/11/7655
f 7651/11/7655 7681/32/7676 7680/33/7677 7652/13/7657
f 7652/13/7657 7680/33/7677 7679/34/7678 7653/15/7659
f 7653/15/7659 7679/34/7678 7678/35/7679 7654/17/7661
f 7654/17/7661 7678/35/7679 7677/36/7680 7655/19/7663
f 7655/19/7663 7677/36/7680 7676/37/7681 7656/21/7665
f 7656/21/7665 7676/37/7681 7675/38/7682 7657/23/7667
f 7657/23/7667 7675/38/7682 7674/39/7683 7658/25/7669
f 7658/25/7669 7674/39/7683 7673/27/7671 7659/1/7645
f 7698/1/7684 7685/2/7685 7687/3/7686 7699/4/7687
f 7684/5/7688 7688/6/7689 7709/7/7690 7686/8/7691
f 7688/6/7689 7689/9/7692 7708/10/7693 7709/7/7690
f 7689/9/7692 7690/11/7694 7707/12/7695 7708/10/7693
f 7690/11/7694 7691/13/7696 7706/14/7697 7707/12/7695
f 7691/13/7696 7692/15/7698 7705/16/7699 7706/14/7697
f 7692/15/7698 7693/17/7700 7704/18/7701 7705/16/7699
f 7693/17/7700 7694/19/7702 7703/20/7703 7704/18/7701
f 7694/19/7702 7695/21/7704 7702/22/7705 7703/20/7703
f 7695/21/7704 7696/23/7706 7701/24/7707 7702/22/7705
f 7696/23/7706 7697/25/7708 7700/26/7709 7701/24/7707
f 7697/25/7708 7698/1/7684 7699/4/7687 7700/26/7709
f 7698/1/7684 7712/27/7710 7711/28/7711 7685/2/7685
f 7684/5/7688 7710/29/7712 7722/30/7713 7688/6/7689
f 7688/6/7689 7722/30/7713 7721/31/7714 7689/9/7692
f 7689/9/7692 7721/31/7714 7720/32/7715 7690/11/7694
f 7690/11/7694 7720/32/7715 7719/33/7716 7691/13/7696
f 7691/13/7696 7719/33/7716 7718/34/7717 7692/15/7698
f 7692/15/7698 7718/34/7717 7717/35/7718 7693/17/7700
f 7693/17/7700 7717/35/7718 7716/36/7719 7694/19/7702
f 7694/19/7702 7716/36/7719 7715/37/7720 7695/21/7704
f 7695/21/7704 7715/37/7720 7714/38/7721 7696/23/7706
f 7696/23/7706 7714/38/7721 7713/39/7722 7697/25/7708
f 7697/25/7708 7713/39/7722 7712/27/7710 7698/1/7684
f 7737/1/7723 7724/2/7724 7726/3/7725 7738/4/7726
f 7723/5/7727 7727/6/7728 7748/7/7729 7725/8/7730
f 7727/6/7728 7728/9/7731 7747/10/7732 7748/7/7729
f 7728/9/7731 7729/11/7733 7746/12/7734 7747/10/7732
f 7729/11/7733 7730/13/7735 7745/14/7736 7746/12/7734
f 7730/13/7735 7731/15/7737 7744/16/7738 7745/14/7736
f 7731/15/7737 7732/17/7739 7743/18/7740 7744/16/7738
f 7732/17/7739 7733/19/7741 7742/20/7742 7743/18/7740
f 7733/19/7741 7734/21/7743 7741/22/7744 7742/20/7742
f 7734/21/7743 7735/23/7745 7740/24/7746 7741/22/7744
f 7735/23/7745 7736/25/7747 7739/26/7748 7740/24/7746
f 7736/25/7747 7737/1/7723 7738/4/7726 7739/26/7748
f 7737/1/7723 7751/27/7749 7750/28/7750 7724/2/7724
f 7723/5/7727 7749/29/7751 7761/30/7752 7727/6/7728
f 7727/6/7728 7761/30/7752 7760/31/7753 7728/9/7731
f 7728/9/7731 7760/31/7753 7759/32/7754 7729/11/7733
f 7729/11/7733 7759/32/7754 7758/33/7755 7730/13/7735
f 7730/13/7735 7758/33/7755 7757/34/7756 7731/15/7737
f 7731/15/7737 7757/34/7756 7756/35/7757 7732/17/7739
f 7732/17/7739 7756/35/7757 7755/36/7758 7733/19/7741
f 7733/19/7741 7755/36/7758 7754/37/7759 7734/21/7743
f 7734/21/7743 7754/37/7759 7753/38/7760 7735/23/7745
f 7735/23/7745 7753/38/7760 7752/39/7761 7736/25/7747
f 7736/25/7747 7752/39/7761 7751/27/7749 7737/1/7723
f 7776/1/7762 7763/2/7763 7765/3/7764 7777/4/7765
f 7762/5/7766 7766/6/7767 7787/7/7768 7764/8/7769
f 7766/6/7767 7767/9/7770 7786/10/7771 7787/7/7768
f 7767/9/7770 7768/11/7772 7785/12/7773 7786/10/7771
f 7768/11/7772 7769/13/7774 7784/14/7775 7785/12/7773
f 7769/13/7774 7770/15/7776 7783/16/7777 7784/14/7775
f 7770/15/7776 7771/17/7778 7782/18/7779 7783/16/7777
f 7771/17/7778 7772/19/7780 7781/20/7781 7782/18/7779
f 7772/19/7780 7773/21/7782 7780/22/7783 7781/20/7781
f 7773/21/7782 7774/23/7784 7779/24/7785 7780/22/7783
f 7774/23/7784 7775/25/7786 7778/26/7787 7779/24/7785
f 7775/25/7786 7776/1/7762 7777/4/7765 7778/26/7787
f 7776/1/7762 7790/27/7788 7789/28/7789 7763/2/7763
f 7762/5/7766 7788/29/7790 7800/30/7791 7766/6/7767
f 7766/6/7767 7800/30/7791 7799/31/7792 7767/9/7770
f 7767/9/7770 7799/31/7792 7798/32/7793 7768/11/7772
f 7768/11/7772 7798/32/7793 7797/33/7794 7769/13/7774
f 7769/13/7774 7797/33/7794 7796/34/7795 7770/15/7776
f 7770/15/7776 7796/34/7795 7795/35/7796 7771/17/7778
f 7771/17/7778 7795/35/7796 7794/36/7797 7772/19/7780
f 7772/19/7780 7794/36/7797 7793/37/7798 7773/21/7782
f 7773/21/7782 7793/37/7798 7792/38/7799 7774/23/7784
f 7774/23/7784 7792/38/7799 7791/39/7800 7775/25/7786
f 7775/25/7786 7791/39/7800 7790/27/7788 7776/1/7762
f 7815/1/7801 7802/2/7802 7804/3/7803 7816/4/7804
f 7801/5/7805 7805/6/7806 7826/7/7807 7803/8/7808
f 7805/6/7806 7806/9/7809 7825/10/7810 7826/7/7807
f 7806/9/7809 7807/11/7811 7824/12/7812 7825/10/7810
f 7807/11/7811 7808/13/7813 7823/14/7814 7824/12/7812
f 7808/13/7813 7809/15/7815 7822/16/7816 7823/14/7814
f 7809/15/7815 7810/17/7817 7821/18/7818 7822/16/7816
f 7810/17/7817 7811/19/7819 7820/20/7820 7821/18/7818
f 7811/19/7819 7812/21/7821 7819/22/7822 7820/20/7820
f 7812/21/7821 7813/23/7823 7818/24/7824 7819/22/7822
f 7813/23/7823 7814/25/7825 7817/26/7826 7818/24/7824
f 7814/25/7825 7815/1/7801 7816/4/7804 7817/26/7826
f 7815/1/7801 7829/27/7827 7828/28/7828 7802/2/7802
f 7801/5/7805 7827/29/7829 7839/30/7830 7805/6/7806
f 7805/6/7806 7839/30/7830 7838/31/7831 7806/9/7809
f 7806/9/7809 7838/31/7831 7837/32/7832 7807/11/7811
f 7807/11/7811 7837/32/7832 7836/33/7833 7808/13/7813
f 7808/13/7813 7836/33/7833 7835/34/7834 7809/15/7815
f 7809/15/7815 7835/34/7834 7834/35/7835 7810/17/7817
f 7810/17/7817 7834/35/7835 7833/36/7836 7811/19/7819
f 7811/19/7819 7833/36/7836 7832/37/7837 7812/21/7821
f 7812/21/7821 7832/37/7837 7831/38/7838 7813/23/7823
f 7813/23/7823 7831/38/7838 7830/39/7839 7814/25/7825
f 7814/25/7825 7830/39/7839 7829/27/7827 7815/1/7801
f 7854/1/7840 7841/2/7841 7843/3/7842 7855/4/7843
f 7840/5/7844 7844/6/7845 7865/7/7846 7842/8/7847
f 7844/6/7845 7845/9/7848 7864/10/7849 7865/7/7846
f 7845/9/7848 7846/11/7850 7863/12/7851 7864/10/7849
f 7846/11/7850 7847/13/7852 7862/14/7853 7863/12/7851
f 7847/13/7852 7848/15/7854 7861/16/7855 7862/14/7853
f 7848/15/7854 7849/17/7856 7860/18/7857 7861/16/7855
f 7849/17/7856 7850/19/7858 7859/20/7859 7860/18/7857
f 7850/19/7858 7851/21/7860 7858/22/7861 7859/20/7859
f 7851/21/7860 7852/23/7862 7857/24/7863 7858/22/7861
f 7852/23/7862 7853/25/7864 7856/26/7865 7857/24/7863
f 7853/25/7864 7854/1/7840 7855/4/7843 7856/26/7865
f 7854/1/7840 7868/27/7866 7867/28/7867 7841/2/7841
f 7840/5/7844 7866/29/7868 7878/30/7869 7844/6/7845
f 7844/6/7845 7878/30/7869 7877/31/7870 7845/9/7848
f 7845/9/7848 7877/31/7870 7876/32/7871 7846/11/7850
f 7846/11/7850 7876/32/7871 7875/33/7872 7847/13/7852
f 7847/13/7852 7875/33/7872 7874/34/7873 7848/15/7854
f 7848/15/7854 7874/34/7873 7873/35/7874 7849/17/7856
f 7849/17/7856 7873/35/7874 7872/36/7875 7850/19/7858
f 7850/19/7858 7872/36/7875 7871/37/7876 7851/21/7860
f 7851/21/7860 7871/37/7876 7870/38/7877 7852/23/7862
f 7852/23/7862 7870/38/7877 7869/39/7878 7853/25/7864
f 7853/25/7864 7869/39/7878 7868/27/7866 7854/1/7840
f 7893/1/7879 7880/2/7880 7882/3/7881 7894/4/7882
f 7879/5/7883 7883/6/7884 7904/7/7885 7881/8/7886
f 7883/6/7884 7884/9/7887 7903/10/7888 7904/7/7885
f 7884/9/7887 7885/11/7889 7902/12/7890 7903/10/7888
f 7885/11/7889 7886/13/7891 7901/14/7892 7902/12/7890
f 7886/13/7891 7887/15/7893 7900/16/7894 7901/14/7892
f 7887/15/7893 7888/17/7895 7899/18/7896 7900/16/7894
f 7888/17/7895 7889/19/7897 7898/20/7898 7899/18/7896
f 7889/19/7897 7890/21/7899 7897/22/7900 7898/20/7898
f 7890/21/7899 7891/23/7901 7896/24/7902 7897/22/7900
f 7891/23/7901 7892/25/7903 7895/26/7904 7896/24/7902
f 7892/25/7903 7893/1/7879 7894/4/7882 7895/26/7904
f 7893/1/7879 7907/27/7905 7906/28/7906 7880/2/7880
f 7879/5/7883 7905/29/7907 7917/30/7908 7883/6/7884
f 7883/6/7884 7917/30/7908 7916/31/7909 7884/9/7887
f 7884/9/7887 7916/31/7909 7915/32/7910 7885/11/7889
f 7885/11/7889 7915/32/7910 7914/33/7911 7886/13/7891
f 7886/13/7891 7914/33/7911 7913/34/7912 7887/15/7893
f 7887/15/7893 7913/34/7912 7912/35/7913 7888/17/7895
f 7888/17/7895 7912/35/7913 7911/36/7914 7889/19/7897
f 7889/19/7897 7911/36/7914 7910/37/7915 7890/21/7899
f 7890/21/7899 7910/37/7915 7909/38/7916 7891/23/7901
f 7891/23/7901 7909/38/7916 7908/39/7917 7892/25/7903
f 7892/25/7903 7908/39/7917 7907/27/7905 7893/1/7879
f 7932/1/7918 7919/2/7919 7921/3/7920 7933/4/7921
f 7918/5/7922 7922/6/7923 7943/7/7924 7920/8/7925
f 7922/6/7923 7923/9/7926 7942/10/7927 7943/7/7924
f 7923/9/7926 7924/11/7928 7941/12/7929 7942/10/7927
f 7924/11/7928 7925/13/7930 7940/14/7931 7941/12/7929
f 7925/13/7930 7926/15/7932 7939/16/7933 7940/14/7931
f 7926/15/7932 7927/17/7934 7938/18/7935 7939/16/7933
f 7927/17/7934 7928/19/7936 7937/20/7937 7938/18/7935
f 7928/19/7936 7929/21/7938 7936/22/7939 7937/20/7937
f 7929/21/7938 7930/23/7940 7935/24/7941 7936/22/7939
f 7930/23/7940 7931/25/7942 7934/26/7943 7935/24/7941
f 7931/25/7942 7932/1/7918 7933/4/7921 7934/26/7943
f 7932/1/7918 7946/27/7944 7945/28/7945 7919/2/7919
f 7918/5/7922 7944/29/7946 7956/30/7947 7922/6/7923
f 7922/6/7923 7956/30/7947 7955/31/7948 7923/9/7926
f 7923/9/7926 7955/31/7948 7954/32/7949 7924/11/7928
f 7924/11/7928 7954/32/7949 7953/33/7950 7925/13/7930
f 7925/13/7930 7953/33/7950 7952/34/7951 7926/15/7932
f 7926/15/7932 7952/34/7951 7951/35/7952 7927/17/7934
f 7927/17/7934 7951/35/7952 7950/36/7953 7928/19/7936
f 7928/19/7936 7950/36/7953 7949/37/7954 7929/21/7938
f 7929/21/7938 7949/37/7954 7948/38/7955 7930/23/7940
f 7930/23/7940 7948/38/7955 7947/39/7956 7931/25/7942
f 7931/25/7942 7947/39/7956 7946/27/7944 7932/1/7918
f 7971/1/7957 7958/2/7958 7960/3/7959 7972/4/7960
f 7957/5/7961 7961/6/7962 7982/7/7963 7959/8/7964
f 7961/6/7962 7962/9/7965 7981/10/7966 7982/7/7963
f 7962/9/7965 7963/11/7967 7980/12/7968 7981/10/7966
f 7963/11/7967 7964/13/7969 7979/14/7970 7980/12/7968
f 7964/13/7969 7965/15/7971 7978/16/7972 7979/14/7970
f 7965/15/7971 7966/17/7973 7977/18/7974 7978/16/7972
f 7966/17/7973 7967/19/7975 7976/20/7976 7977/18/7974
f 7967/19/7975 7968/21/7977 7975/22/7978 7976/20/7976
f 7968/21/7977 7969/23/7979 7974/24/7980 7975/22/7978
f 7969/23/7979 7970/25/7981 7973/26/7982 7974/24/7980
f 7970/25/7981 7971/1/7957 7972/4/7960 7973/26/7982
f 7971/1/7957 7985/27/7983 7984/28/7984 7958/2/7958
f 7957/5/7961 7983/29/7985 7995/30/7986 7961/6/7962
f 7961/6/7962 7995/30/7986 7994/31/7987 7962/9/7965
f 7962/9/7965 7994/31/7987 7993/32/7988 7963/11/7967
f 7963/11/7967 7993/32/7988 7992/33/7989 7964/13/7969
f 7964/13/7969 7992/33/7989 7991/34/7990 7965/15/7971
f 7965/15/7971 7991/34/7990 7990/35/7991 7966/17/7973
f 7966/17/7973 7990/35/7991 7989/36/7992 7967/19/7975
f 7967/19/7975 7989/36/7992 7988/37/7993 7968/21/7977
f 7968/21/7977 7988/37/7993 7987/38/7994 7969/23/7979
f 7969/23/7979 7987/38/7994 7986/39/7995 7970/25/7981
f 7970/25/7981 7986/39/7995 7985/27/7983 7971/1/7957
f 8010/1/7996 7997/2/7997 7999/3/7998 8011/4/7999
f 7996/5/8000 8000/6/8001 8021/7/8002 7998/8/8003
f 8000/6/8001 8001/9/8004 8020/10/8005 8021/7/8002
f 8001/9/8004 8002/11/8006 8019/12/8007 8020/10/8005
f 8002/11/8006 8003/13/8008 8018/14/8009 8019/12/8007
f 8003/13/8008 8004/15/8010 8017/16/8011 8018/14/8009
f 8004/15/8010 8005/17/8012 8016/18/8013 8017/16/8011
f 8005/17/8012 8006/19/8014 8015/20/8015 8016/18/8013
f 8006/19/8014 8007/21/8016 8014/22/8017 8015/20/8015
f 8007/21/8016 8008/23/8018 8013/24/8019 8014/22/8017
f 8008/23/8018 8009/25/8020 8012/26/8021 8013/24/8019
f 8009/25/8020 8010/1/7996 8011/4/7999 8012/26/8021
f 8010/1/7996 8024/27/8022 8023/28/8023 7997/2/7997
f 7996/5/8000 8022/29/8024 8034/30/8025 8000/6/8001
f 8000/6/8001 8034/30/8025 8033/31/8026 8001/9/8004
f 8001/9/8004 8033/31/8026 8032/32/8027 8002/11/8006
f 8002/11/8006 8032/32/8027 8031/33/8028 8003/13/8008
f 8003/13/8008 8031/33/8028 8030/34/8029 8004/15/8010
f 8004/15/8010 8030/34/8029 8029/35/8030 8005/17/8012
f 8005/17/8012 8029/35/8030 8028/36/8031 8006/19/8014
f 8006/19/8014 8028/36/8031 8027/37/8032 8007/21/8016
f 8007/21/8016 8027/37/8032 8026/38/8033 8008/23/8018
f 8008/23/8018 8026/38/8033 8025/39/8034 8009/25/8020
f 8009/25/8020 8025/39/8034 8024/27/8022 8010/1/7996
f 8049/1/8035 8036/2/8036 8038/3/8037 8050/4/8038
f 8035/5/8039 8039/6/8040 8060/7/8041 8037/8/8042
f 8039/6/8040 8040/9/8043 8059/10/8044 8060/7/8041
f 8040/9/8043 8041/11/8045 8058/12/8046 8059/10/8044
f 8041/11/8045 8042/13/8047 8057/14/8048 8058/12/8046
f 8042/13/8047 8043/15/8049 8056/16/8050 8057/14/8048
f 8043/15/8049 8044/17/8051 8055/18/8052 8056/16/8050
f 8044/17/8051 8045/19/8053 8054/20/8054 8055/18/8052
f 8045/19/8053 8046/21/8055 8053/22/8056 8054/20/8054
f 8046/21/8055 8047/23/8057 8052/24/8058 8053/22/8056
f 8047/23/8057 8048/25/8059 8051/26/8060 8052/24/8058
f 8048/25/8059 8049/1/8035 8050/4/8038 8051/26/8060
f 8049/1/8035 8063/27/8061 8062/28/8062 8036/2/8036
f 8035/5/8039 8061/29/8063 8073/30/8064 8039/6/8040
f 8039/6/8040 8073/30/8064 8072/31/8065 8040/9/8043
f 8040/9/8043 8072/31/8065 8071/32/8066 8041/11/8045
f 8041/11/8045 8071/32/8066 8070/33/8067 8042/13/8047
f 8042/13/8047 8070/33/8067 8069/34/8068 8043/15/8049
f 8043/15/8049 8069/34/8068 8068/35/8069 8044/17/8051
f 8044/17/8051 8068/35/8069 8067/36/8070 8045/19/8053
f 8045/19/8053 8067/36/8070 8066/37/8071 8046/21/8055
f 8046/21/8055 8066/37/8071 8065/38/8072 8047/23/8057
f 8047/23/8057 8065/38/8072 8064/39/8073 8048/25/8059
f 8048/25/8059 8064/39/8073 8063/27/8061 8049/1/8035
f 8088/1/8074 8075/2/8075 8077/3/8076 8089/4/8077
f 8074/5/8078 8078/6/8079 8099/7/8080 8076/8/8081
f 8078/6/8079 8079/9/8082 8098/10/8083 8099/7/8080
f 8079/9/8082 8080/11/8084 8097/12/8085 8098/10/8083
f 8080/11/8084 8081/13/8086 8096/14/8087 8097/12/8085
f 8081/13/8086 8082/15/8088 8095/16/8089 8096/14/8087
f 8082/15/8088 8083/17/8090 8094/18/8091 8095/16/8089
f 8083/17/8090 8084/19/8092 8093/20/8093 8094/18/8091
f 8084/19/8092 8085/21/8094 8092/22/8095 8093/20/8093
f 8085/21/8094 8086/23/8096 8091/24/8097 8092/22/8095
f 8086/23/8096 8087/25/8098 8090/26/8099 8091/24/8097
f 8087/25/8098 8088/1/8074 8089/4/8077 8090/26/8099
f 8088/1/8074 8102/27/8100 8101/28/8101 8075/2/8075
f 8074/5/8078 8100/29/8102 8112/30/8103 8078/6/8079
f 8078/6/8079 8112/30/8103 8111/31/8104 8079/9/8082
f 8079/9/8082 8111/31/8104 8110/32/8105 8080/11/8084
f 8080/11/8084 8110/32/8105 8109/33/8106 8081/13/8086
f 8081/13/8086 8109/33/8106 8108/34/8107 8082/15/8088
f 8082/15/8088 8108/34/8107 8107/35/8108 8083/17/8090
f 8083/17/8090 8107/35/8108 8106/36/8109 8084/19/8092
f 8084/19/8092 8106/36/8109 8105/37/8110 8085/21/8094
f 8085/21/8094 8105/37/8110 8104/38/8111 8086/23/8096
f 8086/23/8096 8104/38/8111 8103/39/8112 8087/25/8098
f 8087/25/8098 8103/39/8112 8102/27/8100 8088/1/8074
f 8127/1/8113 8114/2/8114 8116/3/8115 8128/4/8116
f 8113/5/8117 8117/6/8118 8138/7/8119 8115/8/8120
f 8117/6/8118 8118/9/8121 8137/10/8122 8138/7/8119
f 8118/9/8121 8119/11/8123 8136/12/8124 8137/10/8122
f 8119/11/8123 8120/13/8125 8135/14/8126 8136/12/8124
f 8120/13/8125 8121/15/8127 8134/16/8128 8135/14/8126
f 8121/15/8127 8122/17/8129 8133/18/8130 8134/16/8128
f 8122/17/8129 8123/19/8131 8132/20/8132 8133/18/8130
f 8123/19/8131 8124/21/8133 8131/22/8134 8132/20/8132
f 8124/21/8133 8125/23/8135 8130/24/8136 8131/22/8134
f 8125/23/8135 8126/25/8137 8129/26/8138 8130/24/8136
f 8126/25/8137 8127/1/8113 8128/4/8116 8129/26/8138
f 8127/1/8113 8141/27/8139 8140/28/8140 8114/2/8114
f 8113/5/8117 8139/29/8141 8151/30/8142 8117/6/8118
f 8117/6/8118 8151/30/8142 8150/31/8143 8118/9/8121
f 8118/9/8121 8150/31/8143 8149/32/8144 8119/11/8123
f 8119/11/8123 8149/32/8144 8148/33/8145 8120/13/8125
f 8120/13/8125 8148/33/8145 8147/34/8146 8121/15/8127
f 8121/15/8127 8147/34/8146 8146/35/8147 8122/17/8129
f 8122/17/8129 8146/35/8147 8145/36/8148 8123/19/8131
f 8123/19/8131 8145/36/8148 8144/37/8149 8124/21/8133
f 8124/21/8133 8144/37/8149 8143/38/8150 8125/23/8135
f 8125/23/8135 8143/38/8150 8142/39/8151 8126/25/8137
f 8126/25/8137 8142/39/8151 8141/27/8139 8127/1/8113
f 8166/1/8152 8153/2/8153 8155/3/8154 8167/4/8155
f 8152/5/8156 8156/6/8157 8177/7/8158 8154/8/8159
f 8156/6/8157 8157/9/8160 8176/10/8161 8177/7/8158
f 8157/9/8160 8158/11/8162 8175/12/8163 8176/10/8161
f 8158/11/8162 8159/13/8164 8174/14/8165 8175/12/8163
f 8159/13/8164 8160/15/8166 8173/16/8167 8174/14/8165
f 8160/15/8166 8161/17/8168 8172/18/8169 8173/16/8167
f 8161/17/8168 8162/19/8170 8171/20/8171 8172/18/8169
f 8162/19/8170 8163/21/8172 8170/22/8173 8171/20/8171
f 8163/21/8172 8164/23/8174 8169/24/8175 8170/22/8173
f 8164/23/8174 8165/25/8176 8168/26/8177 8169/24/8175
f 8165/25/8176 8166/1/8152 8167/4/8155 8168/26/8177
f 8166/1/8152 8180/27/8178 8179/28/8179 8153/2/8153
f 8152/5/8156 8178/29/8180 8190/30/8181 8156/6/8157
f 8156/6/8157 8190/30/8181 8189/31/8182 8157/9/8160
f 8157/9/8160 8189/31/8182 8188/32/8183 8158/11/8162
f 8158/11/8162 8188/32/8183 8187/33/8184 8159/13/8164
f 8159/13/8164 8187/33/8184 8186/34/8185 8160/15/8166
f 8160/15/8166 8186/34/8185 8185/35/8186 8161/17/8168
f 8161/17/8168 8185/35/8186 8184/36/8187 8162/19/8170
f 8162/19/8170 8184/36/8187 8183/37/8188 8163/21/8172
f 8163/21/8172 8183/37/8188 8182/38/8189 8164/23/8174
f 8164/23/8174 8182/38/8189 8181/39/8190 8165/25/8176
f 8165/25/8176 8181/39/8190 8180/27/8178 8166/1/8152
f 8205/1/8191 8192/2/8192 8194/3/8193 8206/4/8194
f 8191/5/8195 8195/6/8196 8216/7/8197 8193/8/8198
f 8195/6/8196 8196/9/8199 8215/10/8200 8216/7/8197
f 8196/9/8199 8197/11/8201 8214/12/8202 8215/10/8200
f 8197/11/8201 8198/13/8203 8213/14/8204 8214/12/8202
f 8198/13/8203 8199/15/8205 8212/16/8206 8213/14/8204
f 8199/15/8205 8200/17/8207 8211/18/8208 8212/16/8206
f 8200/17/8207 8201/19/8209 8210/20/8210 8211/18/8208
f 8201/19/8209 8202/21/8211 8209/22/8212 8210/20/8210
f 8202/21/8211 8203/23/8213 8208/24/8214 8209/22/8212
f 8203/23/8213 8204/25/8215 8207/26/8216 8208/24/8214
f 8204/25/8215 8205/1/8191 8206/4/8194 8207/26/8216
f 8205/1/8191 8219/27/8217 8218/28/8218 8192/2/8192
f 8191/5/8195 8217/29/8219 8229/30/8220 8195/6/8196
f 8195/6/8196 8229/30/8220 8228/31/8221 8196/9/8199
f 8196/9/8199 8228/31/8221 8227/32/8222 8197/11/8201
f 8197/11/8201 8227/32/8222 8226/33/8223 8198/13/8203
f 8198/13/8203 8226/33/8223 8225/34/8224 8199/15/8205
f 8199/15/8205 8225/34/8224 8224/35/8225 8200/17/8207
f 8200/17/8207 8224/35/8225 8223/36/8226 8201/19/8209
f 8201/19/8209 8223/36/8226 8222/37/8227 8202/21/8211
f 8202/21/8211 8222/37/8227 8221/38/8228 8203/23/8213
f 8203/23/8213 8221/38/8228 8220/39/8229 8204/25/8215
f 8204/25/8215 8220/39/8229 8219/27/8217 8205/1/8191
f 8244/1/8230 8231/2/8231 8233/3/8232 8245/4/8233
f 8230/5/8234 8234/6/8235 8255/7/8236 8232/8/8237
f 8234/6/8235 8235/9/8238 8254/10/8239 8255/7/8236
f 8235/9/8238 8236/11/8240 8253/12/8241 8254/10/8239
f 8236/11/8240 8237/13/8242 8252/14/8243 8253/12/8241
f 8237/13/8242 8238/15/8244 8251/16/8245 8252/14/8243
f 8238/15/8244 8239/17/8246 8250/18/8247 8251/16/8245
f 8239/17/8246 8240/19/8248 8249/20/8249 8250/18/8247
f 8240/19/8248 8241/21/8250 8248/22/8251 8249/20/8249
f 8241/21/8250 8242/23/8252 8247/24/8253 8248/22/8251
f 8242/23/8252 8243/25/8254 8246/26/8255 8247/24/8253
f 8243/25/8254 8244/1/8230 8245/4/8233 8246/26/8255
f 8244/1/8230 8258/27/8256 8257/28/8257 8231/2/8231
f 8230/5/8234 8256/29/8258 8268/30/8259 8234/6/8235
f 8234/6/8235 8268/30/8259 8267/31/8260 8235/9/8238
f 8235/9/8238 8267/31/8260 8266/32/8261 8236/11/8240
f 8236/11/8240 8266/32/8261 8265/33/8262 8237/13/8242
f 8237/13/8242 8265/33/8262 8264/34/8263 8238/15/8244
f 8238/15/8244 8264/34/8263 8263/35/8264 8239/17/8246
f 8239/17/8246 8263/35/8264 8262/36/8265 8240/19/8248
f 8240/19/8248 8262/36/8265 8261/37/8266 8241/21/8250
f 8241/21/8250 8261/37/8266 8260/38/8267 8242/23/8252
f 8242/23/8252 8260/38/8267 8259/39/8268 8243/25/8254
f 8243/25/8254 8259/39/8268 8258/27/8256 8244/1/8230
f 8283/1/8269 8270/2/8270 8272/3/8271 8284/4/8272
f 8269/5/8273 8273/6/8274 8294/7/8275 8271/8/8276
f 8273/6/8274 8274/9/8277 8293/10/8278 8294/7/8275
f 8274/9/8277 8275/11/8279 8292/12/8280 8293/10/8278
f 8275/11/8279 8276/13/8281 8291/14/8282 8292/12/8280
f 8276/13/8281 8277/15/8283 8290/16/8284 8291/14/8282
f 8277/15/8283 8278/17/8285 8289/18/8286 8290/16/8284
f 8278/17/8285 8279/19/8287 8288/20/8288 8289/18/8286
f 8279/19/8287 8280/21/8289 8287/22/8290 8288/20/8288
f 8280/21/8289 8281/23/8291 8286/24/8292 8287/22/8290
f 8281/23/8291 8282/25/8293 8285/26/8294 8286/24/8292
f 8282/25/8293 8283/1/8269 8284/4/8272 8285/26/8294
f 8283/1/8269 8297/27/8295 8296/28/8296 8270/2/8270
f 8269/5/8273 8295/29/8297 8307/30/8298 8273/6/8274
f 8273/6/8274 8307/30/8298 8306/31/8299 8274/9/8277
f 8274/9/8277 8306/31/8299 8305/32/8300 8275/11/8279
f 8275/11/8279 8305/32/8300 8304/33/8301 8276/13/8281
f 8276/13/8281 8304/33/8301 8303/34/8302 8277/15/8283
f 8277/15/8283 8303/34/8302 8302/35/8303 8278/17/8285
f 8278/17/8285 8302/35/8303 8301/36/8304 8279/19/8287
f 8279/19/8287 8301/36/8304 8300/37/8305 8280/21/8289
f 8280/21/8289 8300/37/8305 8299/38/8306 8281/23/8291
f 8281/23/8291 8299/38/8306 8298/39/8307 8282/25/8293
f 8282/25/8293 8298/39/8307 8297/27/8295 8283/1/8269
f 8322/1/8308 8309/2/8309 8311/3/8310 8323/4/8311
f 8308/5/8312 8312/6/8313 8333/7/8314 8310/8/8315
f 8312/6/8313 8313/9/8316 8332/10/8317 8333/7/8314
f 8313/9/8316 8314/11/8318 8331/12/8319 8332/10/8317
f 8314/11/8318 8315/13/8320 8330/14/8321 8331/12/8319
f 8315/13/8320 8316/15/8322 8329/16/8323 8330/14/8321
f 8316/15/8322 8317/17/8324 8328/18/8325 8329/16/8323
f 8317/17/8324 8318/19/8326 8327/20/8327 8328/18/8325
f 8318/19/8326 8319/21/8328 8326/22/8329 8327/20/8327
f 8319/21/8328 8320/23/8330 8325/24/8331 8326/22/8329
f 8320/23/8330 8321/25/8332 8324/26/8333 8325/24/8331
f 8321/25/8332 8322/1/8308 8323/4/8311 8324/26/8333
f 8322/1/8308 8336/27/8334 8335/28/8335 8309/2/8309
f 8308/5/8312 8334/29/8336 8346/30/8337 8312/6/8313
f 8312/6/8313 8346/30/8337 8345/31/8338 8313/9/8316
f 8313/9/8316 8345/31/8338 8344/32/8339 8314/11/8318
f 8314/11/8318 8344/32/8339 8343/33/8340 8315/13/8320
f 8315/13/8320 8343/33/8340 8342/34/8341 8316/15/8322
f 8316/15/8322 8342/34/8341 8341/35/8342 8317/17/8324
f 8317/17/8324 8341/35/8342 8340/36/8343 8318/19/8326
f 8318/19/8326 8340/36/8343 8339/37/8344 8319/21/8328
f 8319/21/8328 8339/37/8344 8338/38/8345 8320/23/8330
f 8320/23/8330 8338/38/8345 8337/39/8346 8321/25/8332
f 8321/25/8332 8337/39/8346 8336/27/8334 8322/1/8308
f 8361/1/8347 8348/2/8348 8350/3/8349 8362/4/8350
f 8347/5/8351 8351/6/8352 8372/7/8353 8349/8/8354
f 8351/6/8352 8352/9/8355 8371/10/8356 8372/7/8353
f 8352/9/8355 8353/11/8357 8370/12/8358 8371/10/8356
f 8353/11/8357 8354/13/8359 8369/14/8360 8370/12/8358
f 8354/13/8359 8355/15/8361 8368/16/8362 8369/14/8360
f 8355/15/8361 8356/17/8363 8367/18/8364 8368/16/8362
f 8356/17/8363 8357/19/8365 8366/20/8366 8367/18/8364
f 8357/19/8365 8358/21/8367 8365/22/8368 8366/20/8366
f 8358/21/8367 8359/23/8369 8364/24/8370 8365/22/8368
f 8359/23/8369 8360/25/8371 8363/26/8372 8364/24/8370
f 8360/25/8371 8361/1/8347 8362/4/8350 8363/26/8372
f 8361/1/8347 8375/27/8373 8374/28/8374 8348/2/8348
f 8347/5/8351 8373/29/8375 8385/30/8376 8351/6/8352
f 8351/6/8352 8385/30/8376 8384/31/8377 8352/9/8355
f 8352/9/8355 8384/31/8377 8383/32/8378 8353/11/8357
f 8353/11/8357 8383/32/8378 8382/33/8379 8354/13/8359
f 8354/13/8359 8382/33/8379 8381/34/8380 8355/15/8361
f 8355/15/8361 8381/34/8380 8380/35/8381 8356/17/8363
f 8356/17/8363 8380/35/8381 8379/36/8382 8357/19/8365
f 8357/19/8365 8379/36/8382 8378/37/8383 8358/21/8367
f 8358/21/8367 8378/37/8383 8377/38/8384 8359/23/8369
f 8359/23/8369 8377/38/8384 8376/39/8385 8360/25/8371
f 8360/25/8371 8376/39/8385 8375/27/8373 8361/1/8347
f 8400/1/8386 8387/2/8387 8389/3/8388 8401/4/8389
f 8386/5/8390 8390/6/8391 8411/7/8392 8388/8/8393
f 8390/6/8391 8391/9/8394 8410/10/8395 8411/7/8392
f 8391/9/8394 8392/11/8396 8409/12/8397 8410/10/8395
f 8392/11/8396 8393/13/8398 8408/14/8399 8409/12/8397
f 8393/13/8398 8394/15/8400 8407/16/8401 8408/14/8399
f 8394/15/8400 8395/17/8402 8406/18/8403 8407/16/8401
f 8395/17/8402 8396/19/8404 8405/20/8405 8406/18/8403
f 8396/19/8404 8397/21/8406 8404/22/8407 8405/20/8405
f 8397/21/8406 8398/23/8408 8403/24/8409 8404/22/8407
f 8398/23/8408 8399/25/8410 8402/26/8411 8403/24/8409
f 8399/25/8410 8400/1/8386 8401/4/8389 8402/26/8411
f 8400/1/8386 8414/27/8412 8413/28/8413 8387/2/8387
f 8386/5/8390 8412/29/8414 8424/30/8415 8390/6/8391
f 8390/6/8391 8424/30/8415 8423/31/8416 8391/9/8394
f 8391/9/8394 8423/31/8416 8422/32/8417 8392/11/8396
f 8392/11/8396 8422/32/8417 8421/33/8418 8393/13/8398
f 8393/13/8398 8421/33/8418 8420/34/8419 8394/15/8400
f 8394/15/8400 8420/34/8419 8419/35/8420 8395/17/8402
f 8395/17/8402 8419/35/8420 8418/36/8421 8396/19/8404
f 8396/19/8404 8418/36/8421 8417/37/8422 8397/21/8406
f 8397/21/8406 8417/37/8422 8416/38/8423 8398/23/8408
f 8398/23/8408 8416/38/8423 8415/39/8424 8399/25/8410
f 8399/25/8410 8415/39/8424 8414/27/8412 8400/1/8386
f 8439/1/8425 8426/2/8426 8428/3/8427 8440/4/8428
f 8425/5/8429 8429/6/8430 8450/7/8431 8427/8/8432
f 8429/6/8430 8430/9/8433 8449/10/8434 8450/7/8431
f 8430/9/8433 8431/11/8435 8448/12/8436 8449/10/8434
f 8431/11/8435 8432/13/8437 8447/14/8438 8448/12/8436
f 8432/13/8437 8433/15/8439 8446/16/8440 8447/14/8438
f 8433/15/8439 8434/17/8441 8445/18/8442 8446/16/8440
f 8434/17/8441 8435/19/8443 8444/20/8444 8445/18/8442
f 8435/19/8443 8436/21/8445 8443/22/8446 8444/20/8444
f 8436/21/8445 8437/23/8447 8442/24/8448 8443/22/8446
f 8437/23/8447 8438/25/8449 8441/26/8450 8442/24/8448
f 8438/25/8449 8439/1/8425 8440/4/8428 8441/26/8450
f 8439/1/8425 8453/27/8451 8452/28/8452 8426/2/8426
f 8425/5/8429 8451/29/8453 8463/30/8454 8429/6/8430
f 8429/6/8430 8463/30/8454 8462/31/8455 8430/9/8433
f 8430/9/8433 8462/31/8455 8461/32/8456 8431/11/8435
f 8431/11/8435 8461/32/8456 8460/33/8457 8432/13/8437
f 8432/13/8437 8460/33/8457 8459/34/8458 8433/15/8439
f 8433/15/8439 8459/34/8458 8458/35/8459 8434/17/8441
f 8434/17/8441 8458/35/8459 8457/36/8460 8435/19/8443
f 8435/19/8443 8457/36/8460 8456/37/8461 8436/21/8445
f 8436/21/8445 8456/37/8461 8455/38/8462 8437/23/8447
f 8437/23/8447 8455/38/8462 8454/39/8463 8438/25/8449
f 8438/25/8449 8454/39/8463 8453/27/8451 8439/1/8425
f 8478/1/8464 8465/2/8465 8467/3/8466 8479/4/8467
f 8464/5/8468 8468/6/8469 8489/7/8470 8466/8/8471
f 8468/6/8469 8469/9/8472 8488/10/8473 8489/7/8470
f 8469/9/8472 8470/11/8474 8487/12/8475 8488/10/8473
f 8470/11/8474 8471/13/8476 8486/14/8477 8487/12/8475
f 8471/13/8476 8472/15/8478 8485/16/8479 8486/14/8477
f 8472/15/8478 8473/17/8480 8484/18/8481 8485/16/8479
f 8473/17/8480 8474/19/8482 8483/20/8483 8484/18/8481
f 8474/19/8482 8475/21/8484 8482/22/8485 8483/20/8483
f 8475/21/8484 8476/23/8486 8481/24/8487 8482/22/8485
f 8476/23/8486 8477/25/8488 8480/26/8489 8481/24/8487
f 8477/25/8488 8478/1/8464 8479/4/8467 8480/26/8489
f 8478/1/8464 8492/27/8490 8491/28/8491 8465/2/8465
f 8464/5/8468 8490/29/8492 8502/30/8493 8468/6/8469
f 8468/6/8469 8502/30/8493 8501/31/8494 8469/9/8472
f 8469/9/8472 8501/31/8494 8500/32/8495 8470/11/8474
f 8470/11/8474 8500/32/8495 8499/33/8496 8471/13/8476
f 8471/13/8476 8499/33/8496 8498/34/8497 8472/15/8478
f 8472/15/8478 8498/34/8497 8497/35/8498 8473/17/8480
f 8473/17/8480 8497/35/8498 8496/36/8499 8474/19/8482
f 8474/19/8482 8496/36/8499 8495/37/8500 8475/21/8484
f 8475/21/8484 8495/37/8500 8494/38/8501 8476/23/8486
f 8476/23/8486 8494/38/8501 8493/39/8502 8477/25/8488
f 8477/25/8488 8493/39/8502 8492/27/8490 8478/1/8464
f 8517/1/8503 8504/2/8504 8506/3/8505 8518/4/8506
f 8503/5/8507 8507/6/8508 8528/7/8509 8505/8/8510
f 8507/6/8508 8508/9/8511 8527/10/8512 8528/7/8509
f 8508/9/8511 8509/11/8513 8526/12/8514 8527/10/8512
f 8509/11/8513 8510/13/8515 8525/14/8516 8526/12/8514
f 8510/13/8515 8511/15/8517 8524/16/8518 8525/14/8516
f 8511/15/8517 8512/17/8519 8523/18/8520 8524/16/8518
f 8512/17/8519 8513/19/8521 8522/20/8522 8523/18/8520
f 8513/19/8521 8514/21/8523 8521/22/8524 8522/20/8522
f 8514/21/8523 8515/23/8525 8520/24/8526 8521/22/8524
f 8515/23/8525 8516/25/8527 8519/26/8528 8520/24/8526
f 8516/25/8527 8517/1/8503 8518/4/8506 8519/26/8528
f 8517/1/8503 8531/27/8529 8530/28/8530 8504/2/8504
f 8503/5/8507 8529/29/8531 8541/30/8532 8507/6/8508
f 8507/6/8508 8541/30/8532 8540/31/8533 8508/9/8511
f 8508/9/8511 8540/31/8533 8539/32/8534 8509/11/8513
f 8509/11/8513 8539/32/8534 8538/33/8535 8510/13/8515
f 8510/13/8515 8538/33/8535 8537/34/8536 8511/15/8517
f 8511/15/8517 8537/34/8536 8536/35/8537 8512/17/8519
f 8512/17/8519 8536/35/8537 8535/36/8538 8513/19/8521
f 8513/19/8521 8535/36/8538 8534/37/8539 8514/21/8523
f 8514/21/8523 8534/37/8539 8533/38/8540 8515/23/8525
f 8515/23/8525 8533/38/8540 8532/39/8541 8516/25/8527
f 8516/25/8527 8532/39/8541 8531/27/8529 8517/1/8503
f 8556/1/8542 8543/2/8543 8545/3/8544 8557/4/8545
f 8542/5/8546 8546/6/8547 8567/7/8548 8544/8/8549
f 8546/6/8547 8547/9/8550 8566/10/8551 8567/7/8548
f 8547/9/8550 8548/11/8552 8565/12/8553 8566/10/8551
f 8548/11/8552 8549/13/8554 8564/14/8555 8565/12/8553
f 8549/13/8554 8550/15/8556 8563/16/8557 8564/14/8555
f 8550/15/8556 8551/17/8558 8562/18/8559 8563/16/8557
f 8551/17/8558 8552/19/8560 8561/20/8561 8562/18/8559
f 8552/19/8560 8553/21/8562 8560/22/8563 8561/20/8561
f 8553/21/8562 8554/23/8564 8559/24/8565 8560/22/8563
f 8554/23/8564 8555/25/8566 8558/26/8567 8559/24/8565
f 8555/25/8566 8556/1/8542 8557/4/8545 8558/26/8567
f 8556/1/8542 8570/27/8568 8569/28/8569 8543/2/8543
f 8542/5/8546 8568/29/8570 8580/30/8571 8546/6/8547
f 8546/6/8547 8580/30/8571 8579/31/8572 8547/9/8550
f 8547/9/8550 8579/31/8572 8578/32/8573 8548/11/8552
f 8548/11/8552 8578/32/8573 8577/33/8574 8549/13/8554
f 8549/13/8554 8577/33/8574 8576/34/8575 8550/15/8556
f 8550/15/8556 8576/34/8575 8575/35/8576 8551/17/8558
f 8551/17/8558 8575/35/8576 8574/36/8577 8552/19/8560
f 8552/19/8560 8574/36/8577 8573/37/8578 8553/21/8562
f 8553/21/8562 8573/37/8578 8572/38/8579 8554/23/8564
f 8554/23/8564 8572/38/8579 8571/39/8580 8555/25/8566
f 8555/25/8566 8571/39/8580 8570/27/8568 8556/1/8542
f 8595/1/8581 8582/2/8582 8584/3/8583 8596/4/8584
f 8581/5/8585 8585/6/8586 8606/7/8587 8583/8/8588
f 8585/6/8586 8586/9/8589 8605/10/8590 8606/7/8587
f 8586/9/8589 8587/11/8591 8604/12/8592 8605/10/8590
f 8587/11/8591 8588/13/8593 8603/14/8594 8604/12/8592
f 8588/13/8593 8589/15/8595 8602/16/8596 8603/14/8594
f 8589/15/8595 8590/17/8597 8601/18/8598 8602/16/8596
f 8590/17/8597 8591/19/8599 8600/20/8600 8601/18/8598
f 8591/19/8599 8592/21/8601 8599/22/8602 8600/20/8600
f 8592/21/8601 8593/23/8603 8598/24/8604 8599/22/8602
f 8593/23/8603 8594/25/8605 8597/26/8606 8598/24/8604
f 8594/25/8605 8595/1/8581 8596/4/8584 8597/26/8606
f 8595/1/8581 8609/27/8607 8608/28/8608 8582/2/8582
f 8581/5/8585 8607/29/8609 8619/30/8610 8585/6/8586
f 8585/6/8586 8619/30/8610 8618/31/8611 8586/9/8589
f 8586/9/8589 8618/31/8611 8617/32/8612 8587/11/8591
f 8587/11/8591 8617/32/8612 8616/33/8613 8588/13/8593
f 8588/13/8593 8616/33/8613 8615/34/8614 8589/15/8595
f 8589/15/8595 8615/34/8614 8614/35/8615 8590/17/8597
f 8590/17/8597 8614/35/8615 8613/36/8616 8591/19/8599
f 8591/19/8599 8613/36/8616 8612/37/8617 8592/21/8601
f 8592/21/8601 8612/37/8617 8611/38/8618 8593/23/8603
f 8593/23/8603 8611/38/8618 8610/39/8619 8594/25/8605
f 8594/25/8605 8610/39/8619 8609/27/8607 8595/1/8581
f 8634/1/8620 8621/2/8621 8623/3/8622 8635/4/8623
f 8620/5/8624 8624/6/8625 8645/7/8626 8622/8/8627
f 8624/6/8625 8625/9/8628 8644/10/8629 8645/7/8626
f 8625/9/8628 8626/11/8630 8643/12/8631 8644/10/8629
f 8626/11/8630 8627/13/8632 8642/14/8633 8643/12/8631
f 8627/13/8632 8628/15/8634 8641/16/8635 8642/14/8633
f 8628/15/8634 8629/17/8636 8640/18/8637 8641/16/8635
f 8629/17/8636 8630/19/8638 8639/20/8639 8640/18/8637
f 8630/19/8638 8631/21/8640 8638/22/8641 8639/20/8639
f 8631/21/8640 8632/23/8642 8637/24/8643 8638/22/8641
f 8632/23/8642 8633/25/8644 8636/26/8645 8637/24/8643
f 8633/25/8644 8634/1/8620 8635/4/8623 8636/26/8645
f 8634/1/8620 8648/27/8646 8647/28/8647 8621/2/8621
f 8620/5/8624 8646/29/8648 8658/30/8649 8624/6/8625
f 8624/6/8625 8658/30/8649 8657/31/8650 8625/9/8628
f 8625/9/8628 8657/31/8650 8656/32/8651 8626/11/8630
f 8626/11/8630 8656/32/8651 8655/33/8652 8627/13/8632
f 8627/13/8632 8655/33/8652 8654/34/8653 8628/15/8634
f 8628/15/8634 8654/34/8653 8653/35/8654 8629/17/8636
f 8629/17/8636 8653/35/8654 8652/36/8655 8630/19/8638
f 8630/19/8638 8652/36/8655 8651/37/8656 8631/21/8640
f 8631/21/8640 8651/37/8656 8650/38/8657 8632/23/8642
f 8632/23/8642 8650/38/8657 8649/39/8658 8633/25/8644
f 8633/25/8644 8649/39/8658 8648/27/8646 8634/1/8620
f 8673/1/8659 8660/2/8660 8662/3/8661 8674/4/8662
f 8659/5/8663 8663/6/8664 8684/7/8665 8661/8/8666
f 8663/6/8664 8664/9/8667 8683/10/8668 8684/7/8665
f 8664/9/8667 8665/11/8669 8682/12/8670 8683/10/8668
f 8665/11/8669 8666/13/8671 8681/14/8672 8682/12/8670
f 8666/13/8671 8667/15/8673 8680/16/8674 8681/14/8672
f 8667/15/8673 8668/17/8675 8679/18/8676 8680/16/8674
f 8668/17/8675 8669/19/8677 8678/20/8678 8679/18/8676
f 8669/19/8677 8670/21/8679 8677/22/8680 8678/20/8678
f 8670/21/8679 8671/23/8681 8676/24/8682 8677/22/8680
f 8671/23/8681 8672/25/8683 8675/26/8684 8676/24/8682
f 8672/25/8683 8673/1/8659 8674/4/8662 8675/26/8684
f 8673/1/8659 8687/27/8685 8686/28/8686 8660/2/8660
f 8659/5/8663 8685/29/8687 8697/30/8688 8663/6/8664
f 8663/6/8664 8697/30/8688 8696/31/8689 8664/9/8667
f 8664/9/8667 8696/31/8689 8695/32/8690 8665/11/8669
f 8665/11/8669 8695/32/8690 8694/33/8691 8666/13/8671
f 8666/13/8671 8694/33/8691 8693/34/8692 8667/15/8673
f 8667/15/8673 8693/34/8692 8692/35/8693 8668/17/8675
f 8668/17/8675 8692/35/8693 8691/36/8694 8669/19/8677
f 8669/19/8677 8691/36/8694 8690/37/8695 8670/21/8679
f 8670/21/8679 8690/37/8695 8689/38/8696 8671/23/8681
f 8671/23/8681 8689/38/8696 8688/39/8697 8672/25/8683
f 8672/25/8683 8688/39/8697 8687/27/8685 8673/1/8659
f 8712/1/8698 8699/2/8699 8701/3/8700 8713/4/8701
f 8698/5/8702 8702/6/8703 8723/7/8704 8700/8/8705
f 8702/6/8703 8703/9/8706 8722/10/8707 8723/7/8704
f 8703/9/8706 8704/11/8708 8721/12/8709 8722/10/8707
f 8704/11/8708 8705/13/8710 8720/14/8711 8721/12/8709
f 8705/13/8710 8706/15/8712 8719/16/8713 8720/14/8711
f 8706/15/8712 8707/17/8714 8718/18/8715 8719/16/8713
f 8707/17/8714 8708/19/8716 8717/20/8717 8718/18/8715
f 8708/19/8716 8709/21/8718 8716/22/8719 8717/20/8717
f 8709/21/8718 8710/23/8720 8715/24/8721 8716/22/8719
f 8710/23/8720 8711/25/8722 8714/26/8723 8715/24/8721
f 8711/25/8722 8712/1/8698 8713/4/8701 8714/26/8723
f 8712/1/8698 8726/27/8724 8725/28/8725 8699/2/8699
f 8698/5/8702 8724/29/8726 8736/30/8727 8702/6/8703
f 8702/6/8703 8736/30/8727 8735/31/8728 8703/9/8706
f 8703/9/8706 8735/31/8728 8734/32/8729 8704/11/8708
f 8704/11/8708 8734/32/8729 8733/33/8730 8705/13/8710
f 8705/13/8710 8733/33/8730 8732/34/8731 8706/15/8712
f 8706/15/8712 8732/34/8731 8731/35/8732 8707/17/8714
f 8707/17/8714 8731/35/8732 8730/36/8733 8708/19/8716
f 8708/19/8716 8730/36/8733 8729/37/8734 8709/21/8718
f 8709/21/8718 8729/37/8734 8728/38/8735 8710/23/8720
f 8710/23/8720 8728/38/8735 8727/39/8736 8711/25/8722
f 8711/25/8722 8727/39/8736 8726/27/8724 8712/1/8698
f 8751/1/8737 8738/2/8738 8740/3/8739 8752/4/8740
f 8737/5/8741 8741/6/8742 8762/7/8743 8739/8/8744
f 8741/6/8742 8742/9/8745 8761/10/8746 8762/7/8743
f 8742/9/8745 8743/11/8747 8760/12/8748 8761/10/8746
f 8743/11/8747 8744/13/8749 8759/14/8750 8760/12/8748
f 8744/13/8749 8745/15/8751 8758/16/8752 8759/14/8750
f 8745/15/8751 8746/17/8753 8757/18/8754 8758/16/8752
f 8746/17/8753 8747/19/8755 8756/20/8756 8757/18/8754
f 8747/19/8755 8748/21/8757 8755/22/8758 8756/20/8756
f 8748/21/8757 8749/23/8759 8754/24/8760 8755/22/8758
f 8749/23/8759 8750/25/8761 8753/26/8762 8754/24/8760
f 8750/25/8761 8751/1/8737 8752/4/8740 8753/26/8762
f 8751/1/8737 8765/27/8763 8764/28/8764 8738/2/8738
f 8737/5/8741 8763/29/8765 8775/30/8766 8741/6/8742
f 8741/6/8742 8775/30/8766 8774/31/8767 8742/9/8745
f 8742/9/8745 8774/31/8767 8773/32/8768 8743/11/8747
f 8743/11/8747 8773/32/8768 8772/33/8769 8744/13/8749
f 8744/13/8749 8772/33/8769 8771/34/8770 8745/15/8751
f 8745/15/8751 8771/34/8770 8770/35/8771 8746/17/8753
f 8746/17/8753 8770/35/8771 8769/36/8772 8747/19/8755
f 8747/19/8755 8769/36/8772 8768/37/8773 8748/21/8757
f 8748/21/8757 8768/37/8773 8767/38/8774 8749/23/8759
f 8749/23/8759 8767/38/8774 8766/39/8775 8750/25/8761
f 8750/25/8761 8766/39/8775 8765/27/8763 8751/1/8737
f 8790/1/8776 8777/2/8777 8779/3/8778 8791/4/8779
f 8776/5/8780 8780/6/8781 8801/7/8782 8778/8/8783
f 8780/6/8781 8781/9/8784 8800/10/8785 8801/7/8782
f 8781/9/8784 8782/11/8786 8799/12/8787 8800/10/8785
f 8782/11/8786 8783/13/8788 8798/14/8789 8799/12/8787
f 8783/13/8788 8784/15/8790 8797/16/8791 8798/14/8789
f 8784/15/8790 8785/17/8792 8796/18/8793 8797/16/8791
f 8785/17/8792 8786/19/8794 8795/20/8795 8796/18/8793
f 8786/19/8794 8787/21/8796 8794/22/8797 8795/20/8795
f 8787/21/8796 8788/23/8798 8793/24/8799 8794/22/8797
f 8788/23/8798 8789/25/8800 8792/26/8801 8793/24/8799
f 8789/25/8800 8790/1/8776 8791/4/8779 8792/26/8801
f 8790/1/8776 8804/27/8802 8803/28/8803 8777/2/8777
f 8776/5/8780 8802/29/8804 8814/30/8805 8780/6/8781
f 8780/6/8781 8814/30/8805 8813/31/8806 8781/9/8784
f 8781/9/8784 8813/31/8806 8812/32/8807 8782/11/8786
f 8782/11/8786 8812/32/8807 8811/33/8808 8783/13/8788
f 8783/13/8788 8811/33/8808 8810/34/8809 8784/15/8790
f 8784/15/8790 8810/34/8809 8809/35/8810 8785/17/8792
f 8785/17/8792 8809/35/8810 8808/36/8811 8786/19/8794
f 8786/19/8794 8808/36/8811 8807/37/8812 8787/21/8796
f 8787/21/8796 8807/37/8812 8806/38/8813 8788/23/8798
f 8788/23/8798 8806/38/8813 8805/39/8814 8789/25/8800
f 8789/25/8800 8805/39/8814 8804/27/8802 8790/1/8776
f 8829/1/8815 8816/2/8816 8818/3/8817 8830/4/8818
f 8815/5/8819 8819/6/8820 8840/7/8821 8817/8/8822
f 8819/6/8820 8820/9/8823 8839/10/8824 8840/7/8821
f 8820/9/8823 8821/11/8825 8838/12/8826 8839/10/8824
f 8821/11/8825 8822/13/8827 8837/14/8828 8838/12/8826
f 8822/13/8827 8823/15/8829 8836/16/8830 8837/14/8828
f 8823/15/8829 8824/17/8831 8835/18/8832 8836/16/8830
f 8824/17/8831 8825/19/8833 8834/20/8834 8835/18/8832
f 8825/19/8833 8826/21/8835 8833/22/8836 8834/20/8834
f 8826/21/8835 8827/23/8837 8832/24/8838 8833/22/8836
f 8827/23/8837 8828/25/8839 8831/26/8840 8832/24/8838
f 8828/25/8839 8829/1/8815 8830/4/8818 8831/26/8840
f 8829/1/8815 8843/27/8841 8842/28/8842 8816/2/8816
f 8815/5/8819 8841/29/8843 8853/30/8844 8819/6/8820
f 8819/6/8820 8853/30/8844 8852/31/8845 8820/9/8823
f 8820/9/8823 8852/31/8845 8851/32/8846 8821/11/8825
f 8821/11/8825 8851/32/8846 8850/33/8847 8822/13/8827
f 8822/13/8827 8850/33/8847 8849/34/8848 8823/15/8829
f 8823/15/8829 8849/34/8848 8848/35/8849 8824/17/8831
f 8824/17/8831 8848/35/8849 8847/36/8850 8825/19/8833
f 8825/19/8833 8847/36/8850 8846/37/8851 8826/21/8835
f 8826/21/8835 8846/37/8851 8845/38/8852 8827/23/8837
f 8827/23/8837 8845/38/8852 8844/39/8853 8828/25/8839
f 8828/25/8839 8844/39/8853 8843/27/8841 8829/1/8815
f 8868/1/8854 8855/2/8855 8857/3/8856 8869/4/8857
f 8854/5/8858 8858/6/8859 8879/7/8860 8856/8/8861
f 8858/6/8859 8859/9/8862 8878/10/8863 8879/7/8860
f 8859/9/8862 8860/11/8864 8877/12/8865 8878/10/8863
f 8860/11/8864 8861/13/8866 8876/14/8867 8877/12/8865
f 8861/13/8866 8862/15/8868 8875/16/8869 8876/14/8867
f 8862/15/8868 8863/17/8870 8874/18/8871 8875/16/8869
f 8863/17/8870 8864/19/8872 8873/20/8873 8874/18/8871
f 8864/19/8872 8865/21/8874 8872/22/8875 8873/20/8873
f 8865/21/8874 8866/23/8876 8871/24/8877 8872/22/8875
f 8866/23/8876 8867/25/8878 8870/26/8879 8871/24/8877
f 8867/25/8878 8868/1/8854 8869/4/8857 8870/26/8879
f 8868/1/8854 8882/27/8880 8881/28/8881 8855/2/8855
f 8854/5/8858 8880/29/8882 8892/30/8883 8858/6/8859
f 8858/6/8859 8892/30/8883 8891/31/8884 8859/9/8862
f 8859/9/8862 8891/31/8884 8890/32/8885 8860/11/8864
f 8860/11/8864 8890/32/8885 8889/33/8886 8861/13/8866
f 8861/13/8866 8889/33/8886 8888/34/8887 8862/15/8868
f 8862/15/8868 8888/34/8887 8887/35/8888 8863/17/8870
f 8863/17/8870 8887/35/8888 8886/36/8889 8864/19/8872
f 8864/19/8872 8886/36/8889 8885/37/8890 8865/21/8874
f 8865/21/8874 8885/37/8890 8884/38/8891 8866/23/8876
f 8866/23/8876 8884/38/8891 8883/39/8892 8867/25/8878
f 8867/25/8878 8883/39/8892 8882/27/8880 8868/1/8854
f 8907/1/8893 8894/2/8894 8896/3/8895 8908/4/8896
f 8893/5/8897 8897/6/8898 8918/7/8899 8895/8/8900
f 8897/6/8898 8898/9/8901 8917/10/8902 8918/7/8899
f 8898/9/8901 8899/11/8903 8916/12/8904 8917/10/8902
f 8899/11/8903 8900/13/8905 8915/14/8906 8916/12/8904
f 8900/13/8905 8901/15/8907 8914/16/8908 8915/14/8906
f 8901/15/8907 8902/17/8909 8913/18/8910 8914/16/8908
f 8902/17/8909 8903/19/8911 8912/20/8912 8913/18/8910
f 8903/19/8911 8904/21/8913 8911/22/8914 8912/20/8912
f 8904/21/8913 8905/23/8915 8910/24/8916 8911/22/8914
f 8905/23/8915 8906/25/8917 8909/26/8918 8910/24/8916
f 8906/25/8917 8907/1/8893 8908/4/8896 8909/26/8918
f 8907/1/8893 8921/27/8919 8920/28/8920 8894/2/8894
f 8893/5/8897 8919/29/8921 8931/30/8922 8897/6/8898
f 8897/6/8898 8931/30/8922 8930/31/8923 8898/9/8901
f 8898/9/8901 8930/31/8923 8929/32/8924 8899/11/8903
f 8899/11/8903 8929/32/8924 8928/33/8925 8900/13/8905
f 8900/13/8905 8928/33/8925 8927/34/8926 8901/15/8907
f 8901/15/8907 8927/34/8926 8926/35/8927 8902/17/8909
f 8902/17/8909 8926/35/8927 8925/36/8928 8903/19/8911
f 8903/19/8911 8925/36/8928 8924/37/8929 8904/21/8913
f 8904/21/8913 8924/37/8929 8923/38/8930 8905/23/8915
f 8905/23/8915 8923/38/8930 8922/39/8931 8906/25/8917
f 8906/25/8917 8922/39/8931 8921/27/8919 8907/1/8893
f 8946/1/8932 8933/2/8933 8935/3/8934 8947/4/8935
f 8932/5/8936 8936/6/8937 8957/7/8938 8934/8/8939
f 8936/6/8937 8937/9/8940 8956/10/8941 8957/7/8938
f 8937/9/8940 8938/11/8942 8955/12/8943 8956/10/8941
f 8938/11/8942 8939/13/8944 8954/14/8945 8955/12/8943
f 8939/13/8944 8940/15/8946 8953/16/8947 8954/14/8945
f 8940/15/8946 8941/17/8948 8952/18/8949 8953/16/8947
f 8941/17/8948 8942/19/8950 8951/20/8951 8952/18/8949
f 8942/19/8950 8943/21/8952 8950/22/8953 8951/20/8951
f 8943/21/8952 8944/23/8954 8949/24/8955 8950/22/8953
f 8944/23/8954 8945/25/8956 8948/26/8957 8949/24/8955
f 8945/25/8956 8946/1/8932 8947/4/8935 8948/26/8957
f 8946/1/8932 8960/27/8958 8959/28/8959 8933/2/8933
f 8932/5/8936 8958/29/8960 8970/30/8961 8936/6/8937
f 8936/6/8937 8970/30/8961 8969/31/8962 8937/9/8940
f 8937/9/8940 8969/31/8962 8968/32/8963 8938/11/8942
f 8938/11/8942 8968/32/8963 8967/33/8964 8939/13/8944
f 8939/13/8944 8967/33/8964 8966/34/8965 8940/15/8946
f 8940/15/8946 8966/34/8965 8965/35/8966 8941/17/8948
f 8941/17/8948 8965/35/8966 8964/36/8967 8942/19/8950
f 8942/19/8950 8964/36/8967 8963/37/8968 8943/21/8952
f 8943/21/8952 8963/37/8968 8962/38/8969 8944/23/8954
f 8944/23/8954 8962/38/8969 8961/39/8970 8945/25/8956
f 8945/25/8956 8961/39/8970 8960/27/8958 8946/1/8932
f 8985/1/8971 8972/2/8972 8974/3/8973 8986/4/8974
f 8971/5/8975 8975/6/8976 8996/7/8977 8973/8/8978
f 8975/6/8976 8976/9/8979 8995/10/8980 8996/7/8977
f 8976/9/8979 8977/11/8981 8994/12/8982 8995/10/8980
f 8977/11/8981 8978/13/8983 8993/14/8984 8994/12/8982
f 8978/13/8983 8979/15/8985 8992/16/8986 8993/14/8984
f 8979/15/8985 8980/17/8987 8991/18/8988 8992/16/8986
f 8980/17/8987 8981/19/8989 8990/20/8990 8991/18/8988
f 8981/19/8989 8982/21/8991 8989/22/8992 8990/20/8990
f 8982/21/8991 8983/23/8993 8988/24/8994 8989/22/8992
f 8983/23/8993 8984/25/8995 8987/26/8996 8988/24/8994
f 8984/25/8995 8985/1/8971 8986/4/8974 8987/26/8996
f 8985/1/8971 8999/27/8997 8998/28/8998 8972/2/8972
f 8971/5/8975 8997/29/8999 9009/30/9000 8975/6/8976
f 8975/6/8976 9009/30/9000 9008/31/9001 8976/9/8979
f 8976/9/8979 9008/31/9001 9007/32/9002 8977/11/8981
f 8977/11/8981 9007/32/9002 9006/33/9003 8978/13/8983
f 8978/13/8983 9006/33/9003 9005/34/9004 8979/15/8985
f 8979/15/8985 9005/34/9004 9004/35/9005 8980/17/8987
f 8980/17/8987 9004/35/9005 9003/36/9006 8981/19/8989
f 8981/19/8989 9003/36/9006 9002/37/9007 8982/21/8991
f 8982/21/8991 9002/37/9007 9001/38/9008 8983/23/8993
f 8983/23/8993 9001/38/9008 9000/39/9009 8984/25/8995
f 8984/25/8995 9000/39/9009 8999/27/8997 8985/1/8971
f 9024/1/9010 9011/2/9011 9013/3/9012 9025/4/9013
f 9010/5/9014 9014/6/9015 9035/7/9016 9012/8/9017
f 9014/6/9015 9015/9/9018 9034/10/9019 9035/7/9016
f 9015/9/9018 9016/11/9020 9033/12/9021 9034/10/9019
f 9016/11/9020 9017/13/9022 9032/14/9023 9033/12/9021
f 9017/13/9022 9018/15/9024 9031/16/9025 9032/14/9023
f 9018/15/9024 9019/17/9026 9030/18/9027 9031/16/9025
f 9019/17/9026 9020/19/9028 9029/20/9029 9030/18/9027
f 9020/19/9028 9021/21/9030 9028/22/9031 9029/20/9029
f 9021/21/9030 9022/23/9032 9027/24/9033 9028/22/9031
f 9022/23/9032 9023/25/9034 9026/26/9035 9027/24/9033
f 9023/25/9034 9024/1/9010 9025/4/9013 9026/26/9035
f 9024/1/9010 9038/27/9036 9037/28/9037 9011/2/9011
f 9010/5/9014 9036/29/9038 9048/30/9039 9014/6/9015
f 9014/6/9015 9048/30/9039 9047/31/9040 9015/9/9018
f 9015/9/9018 9047/31/9040 9046/32/9041 9016/11/9020
f 9016/11/9020 9046/32/9041 9045/33/9042 9017/13/9022
f 9017/13/9022 9045/33/9042 9044/34/9043 9018/15/9024
f 9018/15/9024 9044/34/9043 9043/35/9044 9019/17/9026
f 9019/17/9026 9043/35/9044 9042/36/9045 9020/19/9028
f 9020/19/9028 9042/36/9045 9041/37/9046 9021/21/9030
f 9021/21/9030 9041/37/9046 9040/38/9047 9022/23/9032
f 9022/23/9032 9040/38/9047 9039/39/9048 9023/25/9034
f 9023/25/9034 9039/39/9048 9038/27/9036 9024/1/9010
f 9063/1/9049 9050/2/9050 9052/3/9051 9064/4/9052
f 9049/5/9053 9053/6/9054 9074/7/9055 9051/8/9056
f 9053/6/9054 9054/9/9057 9073/10/9058 9074/7/9055
f 9054/9/9057 9055/11/9059 9072/12/9060 9073/10/9058
f 9055/11/9059 9056/13/9061 9071/14/9062 9072/12/9060
f 9056/13/9061 9057/15/9063 9070/16/9064 9071/14/9062
f 9057/15/9063 9058/17/9065 9069/18/9066 9070/16/9064
f 9058/17/9065 9059/19/9067 9068/20/9068 9069/18/9066
f 9059/19/9067 9060/21/9069 9067/22/9070 9068/20/9068
f 9060/21/9069 9061/23/9071 9066/24/9072 9067/22/9070
f 9061/23/9071 9062/25/9073 9065/26/9074 9066/24/9072
f 9062/25/9073 9063/1/9049 9064/4/9052 9065/26/9074
f 9063/1/9049 9077/27/9075 9076/28/9076 9050/2/9050
f 9049/5/9053 9075/29/9077 9087/30/9078 9053/6/9054
f 9053/6/9054 9087/30/9078 9086/31/9079 9054/9/9057
f 9054/9/9057 9086/31/9079 9085/32/9080 9055/11/9059
f 9055/11/9059 9085/32/9080 9084/33/9081 9056/13/9061
f 9056/13/9061 9084/33/9081 9083/34/9082 9057/15/9063
f 9057/15/9063 9083/34/9082 9082/35/9083 9058/17/9065
f 9058/17/9065 9082/35/9083 9081/36/9084 9059/19/9067
f 9059/19/9067 9081/36/9084 9080/37/9085 9060/21/9069
f 9060/21/9069 9080/37/9085 9079/38/9086 9061/23/9071
f 9061/23/9071 9079/38/9086 9078/39/9087 9062/25/9073
f 9062/25/9073 9078/39/9087 9077/27/9075 9063/1/9049
f 9102/1/9088 9089/2/9089 9091/3/9090 9103/4/9091
f 9088/5/9092 9092/6/9093 9113/7/9094 9090/8/9095
f 9092/6/9093 9093/9/9096 9112/10/9097 9113/7/9094
f 9093/9/9096 9094/11/9098 9111/12/9099 9112/10/9097
f 9094/11/9098 9095/13/9100 9110/14/9101 9111/12/9099
f 9095/13/9100 9096/15/9102 9109/16/9103 9110/14/9101
f 9096/15/9102 9097/17/9104 9108/18/9105 9109/16/9103
f 9097/17/9104 9098/19/9106 9107/20/9107 9108/18/9105
f 9098/19/9106 9099/21/9108 9106/22/9109 9107/20/9107
f 9099/21/9108 9100/23/9110 9105/24/9111 9106/22/9109
f 9100/23/9110 9101/25/9112 9104/26/9113 9105/24/9111
f 9101/25/9112 9102/1/9088 9103/4/9091 9104/26/9113
f 9102/1/9088 9116/27/9114 9115/28/9115 9089/2/9089
f 9088/5/9092 9114/29/9116 9126/30/9117 9092/6/9093
f 9092/6/9093 9126/30/9117 9125/31/9118 9093/9/9096
f 9093/9/9096 9125/31/9118 9124/32/9119 9094/11/9098
f 9094/11/9098 9124/32/9119 9123/33/9120 9095/13/9100
f 9095/13/9100 9123/33/9120 9122/34/9121 9096/15/9102
f 9096/15/9102 9122/34/9121 9121/35/9122 9097/17/9104
f 9097/17/9104 9121/35/9122 9120/36/9123 9098/19/9106
f 9098/19/9106 9120/36/9123 9119/37/9124 9099/21/9108
f 9099/21/9108 9119/37/9124 9118/38/9125 9100/23/9110
f 9100/23/9110 9118/38/9125 9117/39/9126 9101/25/9112
f 9101/25/9112 9117/39/9126 9116/27/9114 9102/1/9088
f 9141/1/9127 9128/2/9128 9130/3/9129 9142/4/9130
f 9127/5/9131 9131/6/9132 9152/7/9133 9129/8/9134
f 9131/6/9132 9132/9/9135 9151/10/9136 9152/7/9133
f 9132/9/9135 9133/11/9137 9150/12/9138 9151/10/9136
f 9133/11/9137 9134/13/9139 9149/14/9140 9150/12/9138
f 9134/13/9139 9135/15/9141 9148/16/9142 9149/14/9140
f 9135/15/9141 9136/17/9143 9147/18/9144 9148/16/9142
f 9136/17/9143 9137/19/9145 9146/20/9146 9147/18/9144
f 9137/19/9145 9138/21/9147 9145/22/9148 9146/20/9146
f 9138/21/9147 9139/23/9149 9144/24/9150 9145/22/9148
f 9139/23/9149 9140/25/9151 9143/26/9152 9144/24/9150
f 9140/25/9151 9141/1/9127 9142/4/9130 9143/26/9152
f 9141/1/9127 9155/27/9153 9154/28/9154 9128/2/9128
f 9127/5/9131 9153/29/9155 9165/30/9156 9131/6/9132
f 9131/6/9132 9165/30/9156 9164/31/9157 9132/9/9135
f 9132/9/9135 9164/31/9157 9163/32/9158 9133/11/9137
f 9133/11/9137 9163/32/9158 9162/33/9159 9134/13/9139
f 9134/13/9139 9162/33/9159 9161/34/9160 9135/15/9141
f 9135/15/9141 9161/34/9160 9160/35/9161 9136/17/9143
f 9136/17/9143 9160/35/9161 9159/36/9162 9137/19/9145
f 9137/19/9145 9159/36/9162 9158/37/9163 9138/21/9147
f 9138/21/9147 9158/37/9163 9157/38/9164 9139/23/9149
f 9139/23/9149 9157/38/9164 9156/39/9165 9140/25/9151
f 9140/25/9151 9156/39/9165 9155/27/9153 9141/1/9127
f 9180/1/9166 9167/2/9167 9169/3/9168 9181/4/9169
f 9166/5/9170 9170/6/9171 9191/7/9172 9168/8/9173
f 9170/6/9171 9171/9/9174 9190/10/9175 9191/7/9172
f 9171/9/9174 9172/11/9176 9189/12/9177 9190/10/9175
f 9172/11/9176 9173/13/9178 9188/14/9179 9189/12/9177
f 9173/13/9178 9174/15/9180 9187/16/9181 9188/14/9179
f 9174/15/9180 9175/17/9182 9186/18/9183 9187/16/9181
f 9175/17/9182 9176/19/9184 9185/20/9185 9186/18/9183
f 9176/19/9184 9177/21/9186 9184/22/9187 9185/20/9185
f 9177/21/9186 9178/23/9188 9183/24/9189 9184/22/9187
f 9178/23/9188 9179/25/9190 9182/26/9191 9183/24/9189
f 9179/25/9190 9180/1/9166 9181/4/9169 9182/26/9191
f 9180/1/9166 9194/27/9192 9193/28/9193 9167/2/9167
f 9166/5/9170 9192/29/9194 9204/30/9195 9170/6/9171
f 9170/6/9171 9204/30/9195 9203/31/9196 9171/9/9174
f 9171/9/9174 9203/31/9196 9202/32/9197 9172/11/9176
f 9172/11/9176 9202/32/9197 9201/33/9198 9173/13/9178
f 9173/13/9178 9201/33/9198 9200/34/9199 9174/15/9180
f 9174/15/9180 9200/34/9199 9199/35/9200 9175/17/9182
f 9175/17/9182 9199/35/9200 9198/36/9201 9176/19/9184
f 9176/19/9184 9198/36/9201 9197/37/9202 9177/21/9186
f 9177/21/9186 9197/37/9202 9196/38/9203 9178/23/9188
f 9178/23/9188 9196/38/9203 9195/39/9204 9179/25/9190
f 9179/25/9190 9195/39/9204 9194/27/9192 9180/1/9166
f 9219/1/9205 9206/2/9206 9208/3/9207 9220/4/9208
f 9205/5/9209 9209/6/9210 9230/7/9211 9207/8/9212
f 9209/6/9210 9210/9/9213 9229/10/9214 9230/7/9211
f 9210/9/9213 9211/11/9215 9228/12/9216 9229/10/9214
f 9211/11/9215 9212/13/9217 9227/14/9218 9228/12/9216
f 9212/13/9217 9213/15/9219 9226/16/9220 9227/14/9218
f 9213/15/9219 9214/17/9221 9225/18/9222 9226/16/9220
f 9214/17/9221 9215/19/9223 9224/20/9224 9225/18/9222
f 9215/19/9223 9216/21/9225 9223/22/9226 9224/20/9224
f 9216/21/9225 9217/23/9227 9222/24/9228 9223/22/9226
f 9217/23/9227 9218/25/9229 9221/26/9230 9222/24/9228
f 9218/25/9229 9219/1/9205 9220/4/9208 9221/26/9230
f 9219/1/9205 9233/27/9231 9232/28/9232 9206/2/9206
f 9205/5/9209 9231/29/9233 9243/30/9234 9209/6/9210
f 9209/6/9210 9243/30/9234 9242/31/9235 9210/9/9213
f 9210/9/9213 9242/31/9235 9241/32/9236 9211/11/9215
f 9211/11/9215 9241/32/9236 9240/33/9237 9212/13/9217
f 9212/13/9217 9240/33/9237 9239/34/9238 9213/15/9219
f 9213/15/9219 9239/34/9238 9238/35/9239 9214/17/9221
f 9214/17/9221 9238/35/9239 9237/36/9240 9215/19/9223
f 9215/19/9223 9237/36/9240 9236/37/9241 9216/21/9225
f 9216/21/9225 9236/37/9241 9235/38/9242 9217/23/9227
f 9217/23/9227 9235/38/9242 9234/39/9243 9218/25/9229
f 9218/25/9229 9234/39/9243 9233/27/9231 9219/1/9205
f 9258/1/9244 9245/2/9245 9247/3/9246 9259/4/9247
f 9244/5/9248 9248/6/9249 9269/7/9250 9246/8/9251
f 9248/6/9249 9249/9/9252 9268/10/9253 9269/7/9250
f 9249/9/9252 9250/11/9254 9267/12/9255 9268/10/9253
f 9250/11/9254 9251/13/9256 9266/14/9257 9267/12/9255
f 9251/13/9256 9252/15/9258 9265/16/9259 9266/14/9257
f 9252/15/9258 9253/17/9260 9264/18/9261 9265/16/9259
f 9253/17/9260 9254/19/9262 9263/20/9263 9264/18/9261
f 9254/19/9262 9255/21/9264 9262/22/9265 9263/20/9263
f 9255/21/9264 9256/23/9266 9261/24/9267 9262/22/9265
f 9256/23/9266 9257/25/9268 9260/26/9269 9261/24/9267
f 9257/25/9268 9258/1/9244 9259/4/9247 9260/26/9269
f 9258/1/9244 9272/27/9270 9271/28/9271 9245/2/9245
f 9244/5/9248 9270/29/9272 9282/30/9273 9248/6/9249
f 9248/6/9249 9282/30/9273 9281/31/9274 9249/9/9252
f 9249/9/9252 9281/31/9274 9280/32/9275 9250/11/9254
f 9250/11/9254 9280/32/9275 9279/33/9276 9251/13/9256
f 9251/13/9256 9279/33/9276 9278/34/9277 9252/15/9258
f 9252/15/9258 9278/34/9277 9277/35/9278 9253/17/9260
f 9253/17/9260 9277/35/9278 9276/36/9279 9254/19/9262
f 9254/19/9262 9276/36/9279 9275/37/9280 9255/21/9264
f 9255/21/9264 9275/37/9280 9274/38/9281 9256/23/9266
f 9256/23/9266 9274/38/9281 9273/39/9282 9257/25/9268
f 9257/25/9268 9273/39/9282 9272/27/9270 9258/1/9244
f 9297/1/9283 9284/2/9284 9286/3/9285 9298/4/9286
f 9283/5/9287 9287/6/9288 9308/7/9289 9285/8/9290
f 9287/6/9288 9288/9/9291 9307/10/9292 9308/7/9289
f 9288/9/9291 9289/11/9293 9306/12/9294 9307/10/9292
f 9289/11/9293 9290/13/9295 9305/14/9296 9306/12/9294
f 9290/13/9295 9291/15/9297 9304/16/9298 9305/14/9296
f 9291/15/9297 9292/17/9299 9303/18/9300 9304/16/9298
f 9292/17/9299 9293/19/9301 9302/20/9302 9303/18/9300
f 9293/19/9301 9294/21/9303 9301/22/9304 9302/20/9302
f 9294/21/9303 9295/23/9305 9300/24/9306 9301/22/9304
f 9295/23/9305 9296/25/9307 9299/26/9308 9300/24/9306
f 9296/25/9307 9297/1/9283 9298/4/9286 9299/26/9308
f 9297/1/9283 9311/27/9309 9310/28/9310 9284/2/9284
f 9283/5/9287 9309/29/9311 9321/30/9312 9287/6/9288
f 9287/6/9288 9321/30/9312 9320/31/9313 9288/9/9291
f 9288/9/9291 9320/31/9313 9319/32/9314 9289/11/9293
f 9289/11/9293 9319/32/9314 9318/33/9315 9290/13/9295
f 9290/13/9295 9318/33/9315 9317/34/9316 9291/15/9297
f 9291/15/9297 9317/34/9316 9316/35/9317 9292/17/9299
f 9292/17/9299 9316/35/9317 9315/36/9318 9293/19/9301
f 9293/19/9301 9315/36/9318 9314/37/9319 9294/21/9303
f 9294/21/9303 9314/37/9319 9313/38/9320 9295/23/9305
f 9295/23/9305 9313/38/9320 9312/39/9321 9296/25/9307
f 9296/25/9307 9312/39/9321 9311/27/9309 9297/1/9283
f 9336/1/9322 9323/2/9323 9325/3/9324 9337/4/9325
f 9322/5/9326 9326/6/9327 9347/7/9328 9324/8/9329
f 9326/6/9327 9327/9/9330 9346/10/9331 9347/7/9328
f 9327/9/9330 9328/11/9332 9345/12/9333 9346/10/9331
f 9328/11/9332 9329/13/9334 9344/14/9335 9345/12/9333
f 9329/13/9334 9330/15/9336 9343/16/9337 9344/14/9335
f 9330/15/9336 9331/17/9338 9342/18/9339 9343/16/9337
f 9331/17/9338 9332/19/9340 9341/20/9341 9342/18/9339
f 9332/19/9340 9333/21/9342 9340/22/9343 9341/20/9341
f 9333/21/9342 9334/23/9344 9339/24/9345 9340/22/9343
f 9334/23/9344 9335/25/9346 9338/26/9347 9339/24/9345
f 9335/25/9346 9336/1/9322 9337/4/9325 9338/26/9347
f 9336/1/9322 9350/27/9348 9349/28/9349 9323/2/9323
f 9322/5/9326 9348/29/9350 9360/30/9351 9326/6/9327
f 9326/6/9327 9360/30/9351 9359/31/9352 9327/9/9330
f 9327/9/9330 9359/31/9352 9358/32/9353 9328/11/9332
f 9328/11/9332 9358/32/9353 9357/33/9354 9329/13/9334
f 9329/13/9334 9357/33/9354 9356/34/9355 9330/15/9336
f 9330/15/9336 9356/34/9355 9355/35/9356 9331/17/9338
f 9331/17/9338 9355/35/9356 9354/36/9357 9332/19/9340
f 9332/19/9340 9354/36/9357 9353/37/9358 9333/21/9342
f 9333/21/9342 9353/37/9358 9352/38/9359 9334/23/9344
f 9334/23/9344 9352/38/9359 9351/39/9360 9335/25/9346
f 9335/25/9346 9351/39/9360 9350/27/9348 9336/1/9322
f 9375/1/9361 9362/2/9362 9364/3/9363 9376/4/9364
f 9361/5/9365 9365/6/9366 9386/7/9367 9363/8/9368
f 9365/6/9366 9366/9/9369 9385/10/9370 9386/7/9367
f 9366/9/9369 9367/11/9371 9384/12/9372 9385/10/9370
f 9367/11/9371 9368/13/9373 9383/14/9374 9384/12/9372
f 9368/13/9373 9369/15/9375 9382/16/9376 9383/14/9374
f 9369/15/9375 9370/17/9377 9381/18/9378 9382/16/9376
f 9370/17/9377 9371/19/9379 9380/20/9380 9381/18/9378
f 9371/19/9379 9372/21/9381 9379/22/9382 9380/20/9380
f 9372/21/9381 9373/23/9383 9378/24/9384 9379/22/9382
f 9373/23/9383 9374/25/9385 9377/26/9386 9378/24/9384
f 9374/25/9385 9375/1/9361 9376/4/9364 9377/26/9386
f 9375/1/9361 9389/27/9387 9388/28/9388 9362/2/9362
f 9361/5/9365 9387/29/9389 9399/30/9390 9365/6/9366
f 9365/6/9366 9399/30/9390 9398/31/9391 9366/9/9369
f 9366/9/9369 9398/31/9391 9397/32/9392 9367/11/9371
f 9367/11/9371 9397/32/9392 9396/33/9393 9368/13/9373
f 9368/13/9373 9396/33/9393 9395/34/9394 9369/15/9375
f 9369/15/9375 9395/34/9394 9394/35/9395 9370/17/9377
f 9370/17/9377 9394/35/9395 9393/36/9396 9371/19/9379
f 9371/19/9379 9393/36/9396 9392/37/9397 9372/21/9381
f 9372/21/9381 9392/37/9397 9391/38/9398 9373/23/9383
f 9373/23/9383 9391/38/9398 9390/39/9399 9374/25/9385
f 9374/25/9385 9390/39/9399 9389/27/9387 9375/1/9361
f 9414/1/9400 9401/2/9401 9403/3/9402 9415/4/9403
f 9400/5/9404 9404/6/9405 9425/7/9406 9402/8/9407
f 9404/6/9405 9405/9/9408 9424/10/9409 9425/7/9406
f 9405/9/9408 9406/11/9410 9423/12/9411 9424/10/9409
f 9406/11/9410 9407/13/9412 9422/14/9413 9423/12/9411
f 9407/13/9412 9408/15/9414 9421/16/9415 9422/14/9413
f 9408/15/9414 9409/17/9416 9420/18/9417 9421/16/9415
f 9409/17/9416 9410/19/9418 9419/20/9419 9420/18/9417
f 9410/19/9418 9411/21/9420 9418/22/9421 9419/20/9419
f 9411/21/9420 9412/23/9422 9417/24/9423 9418/22/9421
f 9412/23/9422 9413/25/9424 9416/26/9425 9417/24/9423
f 9413/25/9424 9414/1/9400 9415/4/9403 9416/26/9425
f 9414/1/9400 9428/27/9426 9427/28/9427 9401/2/9401
f 9400/5/9404 9426/29/9428 9438/30/9429 9404/6/9405
f 9404/6/9405 9438/30/9429 9437/31/9430 9405/9/9408
f 9405/9/9408 9437/31/9430 9436/32/9431 9406/11/9410
f 9406/11/9410 9436/32/9431 9435/33/9432 9407/13/9412
f 9407/13/9412 9435/33/9432 9434/34/9433 9408/15/9414
f 9408/15/9414 9434/34/9433 9433/35/9434 9409/17/9416
f 9409/17/9416 9433/35/9434 9432/36/9435 9410/19/9418
f 9410/19/9418 9432/36/9435 9431/37/9436 9411/21/9420
f 9411/21/9420 9431/37/9436 9430/38/9437 9412/23/9422
f 9412/23/9422 9430/38/9437 9429/39/9438 9413/25/9424
f 9413/25/9424 9429/39/9438 9428/27/9426 9414/1/9400
f 9453/1/9439 9440/2/9440 9442/3/9441 9454/4/9442
f 9439/5/9443 9443/6/9444 9464/7/9445 9441/8/9446
f 9443/6/9444 9444/9/9447 9463/10/9448 9464/7/9445
f 9444/9/9447 9445/11/9449 9462/12/9450 9463/10/9448
f 9445/11/9449 9446/13/9451 9461/14/9452 9462/12/9450
f 9446/13/9451 9447/15/9453 9460/16/9454 9461/14/9452
f 9447/15/9453 9448/17/9455 9459/18/9456 9460/16/9454
f 9448/17/9455 9449/19/9457 9458/20/9458 9459/18/9456
f 9449/19/9457 9450/21/9459 9457/22/9460 9458/20/9458
f 9450/21/9459 9451/23/9461 9456/24/9462 9457/22/9460
f 9451/23/9461 9452/25/9463 9455/26/9464 9456/24/9462
f 9452/25/9463 9453/1/9439 9454/4/9442 9455/26/9464
f 9453/1/9439 9467/27/9465 9466/28/9466 9440/2/9440
f 9439/5/9443 9465/29/9467 9477/30/9468 9443/6/9444
f 9443/6/9444 9477/30/9468 9476/31/9469 9444/9/9447
f 9444/9/9447 9476/31/9469 9475/32/9470 9445/11/9449
f 9445/11/9449 9475/32/9470 9474/33/9471 9446/13/9451
f 9446/13/9451 9474/33/9471 9473/34/9472 9447/15/9453
f 9447/15/9453 9473/34/9472 9472/35/9473 9448/17/9455
f 9448/17/9455 9472/35/9473 9471/36/9474 9449/19/9457
f 9449/19/9457 9471/36/9474 9470/37/9475 9450/21/9459
f 9450/21/9459 9470/37/9475 9469/38/9476 9451/23/9461
f 9451/23/9461 9469/38/9476 9468/39/9477 9452/25/9463
f 9452/25/9463 9468/39/9477 9467/27/9465 9453/1/9439
f 9492/1/9478 9479/2/9479 9481/3/9480 9493/4/9481
f 9478/5/9482 9482/6/9483 9503/7/9484 9480/8/9485
f 9482/6/9483 9483/9/9486 9502/10/9487 9503/7/9484
f 9483/9/9486 9484/11/9488 9501/12/9489 9502/10/9487
f 9484/11/9488 9485/13/9490 9500/14/9491 9501/12/9489
f 9485/13/9490 9486/15/9492 9499/16/9493 9500/14/9491
f 9486/15/9492 9487/17/9494 9498/18/9495 9499/16/9493
f 9487/17/9494 9488/19/9496 9497/20/9497 9498/18/9495
f 9488/19/9496 9489/21/9498 9496/22/9499 9497/20/9497
f 9489/21/9498 9490/23/9500 9495/24/9501 9496/22/9499
f 9490/23/9500 9491/25/9502 9494/26/9503 9495/24/9501
f 9491/25/9502 9492/1/9478 9493/4/9481 9494/26/9503
f 9492/1/9478 9506/27/9504 9505/28/9505 9479/2/9479
f 9478/5/9482 9504/29/9506 9516/30/9507 9482/6/9483
f 9482/6/9483 9516/30/9507 9515/31/9508 9483/9/9486
f 9483/9/9486 9515/31/9508 9514/32/9509 9484/11/9488
f 9484/11/9488 9514/32/9509 9513/33/9510 9485/13/9490
f 9485/13/9490 9513/33/9510 9512/34/9511 9486/15/9492
f 9486/15/9492 9512/34/9511 9511/35/9512 9487/17/9494
f 9487/17/9494 9511/35/9512 9510/36/9513 9488/19/9496
f 9488/19/9496 9510/36/9513 9509/37/9514 9489/21/9498
f 9489/21/9498 9509/37/9514 9508/38/9515 9490/23/9500
f 9490/23/9500 9508/38/9515 9507/39/9516 9491/25/9502
f 9491/25/9502 9507/39/9516 9506/27/9504 9492/1/9478
f 9531/1/9517 9518/2/9518 9520/3/9519 9532/4/9520
f 9517/5/9521 9521/6/9522 9542/7/9523 9519/8/9524
f 9521/6/9522 9522/9/9525 9541/10/9526 9542/7/9523
f 9522/9/9525 9523/11/9527 9540/12/9528 9541/10/9526
f 9523/11/9527 9524/13/9529 9539/14/9530 9540/12/9528
f 9524/13/9529 9525/15/9531 9538/16/9532 9539/14/9530
f 9525/15/9531 9526/17/9533 9537/18/9534 9538/16/9532
f 9526/17/9533 9527/19/9535 9536/20/9536 9537/18/9534
f 9527/19/9535 9528/21/9537 9535/22/9538 9536/20/9536
f 9528/21/9537 9529/23/9539 9534/24/9540 9535/22/9538
f 9529/23/9539 9530/25/9541 9533/26/9542 9534/24/9540
f 9530/25/9541 9531/1/9517 9532/4/9520 9533/26/9542
f 9531/1/9517 9545/27/9543 9544/28/9544 9518/2/9518
f 9517/5/9521 9543/29/9545 9555/30/9546 9521/6/9522
f 9521/6/9522 9555/30/9546 9554/31/9547 9522/9/9525
f 9522/9/9525 9554/31/9547 9553/32/9548 9523/11/9527
f 9523/11/9527 9553/32/9548 9552/33/9549 9524/13/9529
f 9524/13/9529 9552/33/9549 9551/34/9550 9525/15/9531
f 9525/15/9531 9551/34/9550 9550/35/9551 9526/17/9533
f 9526/17/9533 9550/35/9551 9549/36/9552 9527/19/9535
f 9527/19/9535 9549/36/9552 9548/37/9553 9528/21/9537
f 9528/21/9537 9548/37/9553 9547/38/9554 9529/23/9539
f 9529/23/9539 9547/38/9554 9546/39/9555 9530/25/9541
f 9530/25/9541 9546/39/9555 9545/27/9543 9531/1/9517
f 9570/1/9556 9557/2/9557 9559/3/9558 9571/4/9559
f 9556/5/9560 9560/6/9561 9581/7/9562 9558/8/9563
f 9560/6/9561 9561/9/9564 9580/10/9565 9581/7/9562
f 9561/9/9564 9562/11/9566 9579/12/9567 9580/10/9565
f 9562/11/9566 9563/13/9568 9578/14/9569 9579/12/9567
f 9563/13/9568 9564/15/9570 9577/16/9571 9578/14/9569
f 9564/15/9570 9565/17/9572 9576/18/9573 9577/16/9571
f 9565/17/9572 9566/19/9574 9575/20/9575 9576/18/9573
f 9566/19/9574 9567/21/9576 9574/22/9577 9575/20/9575
f 9567/21/9576 9568/23/9578 9573/24/9579 9574/22/9577
f 9568/23/9578 9569/25/9580 9572/26/9581 9573/24/9579
f 9569/25/9580 9570/1/9556 9571/4/9559 9572/26/9581
f 9570/1/9556 9584/27/9582 9583/28/9583 9557/2/9557
f 9556/5/9560 9582/29/9584 9594/30/9585 9560/6/9561
f 9560/6/9561 9594/30/9585 9593/31/9586 9561/9/9564
f 9561/9/9564 9593/31/9586 9592/32/9587 9562/11/9566
f 9562/11/9566 9592/32/9587 9591/33/9588 9563/13/9568
f 9563/13/9568 9591/33/9588 9590/34/9589 9564/15/9570
f 9564/15/9570 9590/34/9589 9589/35/9590 9565/17/9572
f 9565/17/9572 9589/35/9590 9588/36/9591 9566/19/9574
f 9566/19/9574 9588/36/9591 9587/37/9592 9567/21/9576
f 9567/21/9576 9587/37/9592 9586/38/9593 9568/23/9578
f 9568/23/9578 9586/38/9593 9585/39/9594 9569/25/9580
f 9569/25/9580 9585/39/9594 9584/27/9582 9570/1/9556
f 9609/1/9595 9596/2/9596 9598/3/9597 9610/4/9598
f 9595/5/9599 9599/6/9600 9620/7/9601 9597/8/9602
f 9599/6/9600 9600/9/9603 9619/10/9604 9620/7/9601
f 9600/9/9603 9601/11/9605 9618/12/9606 9619/10/9604
f 9601/11/9605 9602/13/9607 9617/14/9608 9618/12/9606
f 9602/13/9607 9603/15/9609 9616/16/9610 9617/14/9608
f 9603/15/9609 9604/17/9611 9615/18/9612 9616/16/9610
f 9604/17/9611 9605/19/9613 9614/20/9614 9615/18/9612
f 9605/19/9613 9606/21/9615 9613/22/9616 9614/20/9614
f 9606/21/9615 9607/23/9617 9612/24/9618 9613/22/9616
f 9607/23/9617 9608/25/9619 9611/26/9620 9612/24/9618
f 9608/25/9619 9609/1/9595 9610/4/9598 9611/26/9620
f 9609/1/9595 9623/27/9621 9622/28/9622 9596/2/9596
f 9595/5/9599 9621/29/9623 9633/30/9624 9599/6/9600
f 9599/6/9600 9633/30/9624 9632/31/9625 9600/9/9603
f 9600/9/9603 9632/31/9625 9631/32/9626 9601/11/9605
f 9601/11/9605 9631/32/9626 9630/33/9627 9602/13/9607
f 9602/13/9607 9630/33/9627 9629/34/9628 9603/15/9609
f 9603/15/9609 9629/34/9628 9628/35/9629 9604/17/9611
f 9604/17/9611 9628/35/9629 9627/36/9630 9605/19/9613
f 9605/19/9613 9627/36/9630 9626/37/9631 9606/21/9615
f 9606/21/9615 9626/37/9631 9625/38/9632 9607/23/9617
f 9607/23/9617 9625/38/9632 9624/39/9633 9608/25/9619
f 9608/25/9619 9624/39/9633 9623/27/9621 9609/1/9595
f 9648/1/9634 9635/2/9635 9637/3/9636 9649/4/9637
f 9634/5/9638 9638/6/9639 9659/7/9640 9636/8/9641
f 9638/6/9639 9639/9/9642 9658/10/9643 9659/7/9640
f 9639/9/9642 9640/11/9644 9657/12/9645 9658/10/9643
f 9640/11/9644 9641/13/9646 9656/14/9647 9657/12/9645
f 9641/13/9646 9642/15/9648 9655/16/9649 9656/14/9647
f 9642/15/9648 9643/17/9650 9654/18/9651 9655/16/9649
f 9643/17/9650 9644/19/9652 9653/20/9653 9654/18/9651
f 9644/19/9652 9645/21/9654 9652/22/9655 9653/20/9653
f 9645/21/9654 9646/23/9656 9651/24/9657 9652/22/9655
f 9646/23/9656 9647/25/9658 9650/26/9659 9651/24/9657
f 9647/25/9658 9648/1/9634 9649/4/9637 9650/26/9659
f 9648/1/9634 9662/27/9660 9661/28/9661 9635/2/9635
f 9634/5/9638 9660/29/9662 9672/30/9663 9638/6/9639
f 9638/6/9639 9672/30/9663 9671/31/9664 9639/9/9642
f 9639/9/9642 9671/31/9664 9670/32/9665 9640/11/9644
f 9640/11/9644 9670/32/9665 9669/33/9666 9641/13/9646
f 9641/13/9646 9669/33/9666 9668/34/9667 9642/15/9648
f 9642/15/9648 9668/34/9667 9667/35/9668 9643/17/9650
f 9643/17/9650 9667/35/9668 9666/36/9669 9644/19/9652
f 9644/19/9652 9666/36/9669 9665/37/9670 9645/21/9654
f 9645/21/9654 9665/37/9670 9664/38/9671 9646/23/9656
f 9646/23/9656 9664/38/9671 9663/39/9672 9647/25/9658
f 9647/25/9658 9663/39/9672 9662/27/9660 9648/1/9634
